name,type,split,count,pose_path,sequence_path,status,frames_total,frames_valid,valid_ratio,mean_conf,message
train3344.mp4,sit_up,test,14,/content/drive/MyDrive/FinalProjectCV/CV_Image_pose_detection/Data/LLSP/annotation_cleaned/pose_features/train3344.npy,/content/drive/MyDrive/FinalProjectCV/CV_Image_pose_detection/Data/LLSP/annotation_cleaned/pose_sequences/train3344_sequence.npy,ok,237,117,0.4936708860759494,0.34234729409217834,
stu8_42.mp4,push_up,test,6,/content/drive/MyDrive/FinalProjectCV/CV_Image_pose_detection/Data/LLSP/annotation_cleaned/pose_features/stu8_42.npy,/content/drive/MyDrive/FinalProjectCV/CV_Image_pose_detection/Data/LLSP/annotation_cleaned/pose_sequences/stu8_42_sequence.npy,ok,450,373,0.8288888888888889,0.6459589004516602,
stu2_39.mp4,pull_up,test,6,/content/drive/MyDrive/FinalProjectCV/CV_Image_pose_detection/Data/LLSP/annotation_cleaned/pose_features/stu2_39.npy,/content/drive/MyDrive/FinalProjectCV/CV_Image_pose_detection/Data/LLSP/annotation_cleaned/pose_sequences/stu2_39_sequence.npy,ok,540,497,0.9203703703703704,0.641656219959259,
train151.mp4,bench_pressing,test,3,/content/drive/MyDrive/FinalProjectCV/CV_Image_pose_detection/Data/LLSP/annotation_cleaned/pose_features/train151.npy,/content/drive/MyDrive/FinalProjectCV/CV_Image_pose_detection/Data/LLSP/annotation_cleaned/pose_sequences/train151_sequence.npy,ok,36,18,0.5,0.42532891035079956,
train1615.mp4,jump_jacks,test,10,/content/drive/MyDrive/FinalProjectCV/CV_Image_pose_detection/Data/LLSP/annotation_cleaned/pose_features/train1615.npy,/content/drive/MyDrive/FinalProjectCV/CV_Image_pose_detection/Data/LLSP/annotation_cleaned/pose_sequences/train1615_sequence.npy,ok,300,300,1.0,0.9153931140899658,
train2737.mp4,push_up,test,3,/content/drive/MyDrive/FinalProjectCV/CV_Image_pose_detection/Data/LLSP/annotation_cleaned/pose_features/train2737.npy,/content/drive/MyDrive/FinalProjectCV/CV_Image_pose_detection/Data/LLSP/annotation_cleaned/pose_sequences/train2737_sequence.npy,ok,300,300,1.0,0.7730938792228699,
stu3_53.mp4,sit_up,test,11,/content/drive/MyDrive/FinalProjectCV/CV_Image_pose_detection/Data/LLSP/annotation_cleaned/pose_features/stu3_53.npy,/content/drive/MyDrive/FinalProjectCV/CV_Image_pose_detection/Data/LLSP/annotation_cleaned/pose_sequences/stu3_53_sequence.npy,ok,975,974,0.9989743589743589,0.7030014991760254,
stu5_23.mp4,jump_jacks,test,52,/content/drive/MyDrive/FinalProjectCV/CV_Image_pose_detection/Data/LLSP/annotation_cleaned/pose_features/stu5_23.npy,/content/drive/MyDrive/FinalProjectCV/CV_Image_pose_detection/Data/LLSP/annotation_cleaned/pose_sequences/stu5_23_sequence.npy,ok,1499,1499,1.0,0.968299388885498,
val1244.mp4,squat,test,1,/content/drive/MyDrive/FinalProjectCV/CV_Image_pose_detection/Data/LLSP/annotation_cleaned/pose_features/val1244.npy,/content/drive/MyDrive/FinalProjectCV/CV_Image_pose_detection/Data/LLSP/annotation_cleaned/pose_sequences/val1244_sequence.npy,ok,250,250,1.0,0.772099494934082,
train143.mp4,bench_pressing,test,0,/content/drive/MyDrive/FinalProjectCV/CV_Image_pose_detection/Data/LLSP/annotation_cleaned/pose_features/train143.npy,/content/drive/MyDrive/FinalProjectCV/CV_Image_pose_detection/Data/LLSP/annotation_cleaned/pose_sequences/train143_sequence.npy,ok,300,300,1.0,0.7064031958580017,
stu9_57.mp4,sit_up,test,43,/content/drive/MyDrive/FinalProjectCV/CV_Image_pose_detection/Data/LLSP/annotation_cleaned/pose_features/stu9_57.npy,/content/drive/MyDrive/FinalProjectCV/CV_Image_pose_detection/Data/LLSP/annotation_cleaned/pose_sequences/stu9_57_sequence.npy,ok,799,698,0.8735919899874843,0.7196645140647888,
val1257.mp4,squat,test,2,/content/drive/MyDrive/FinalProjectCV/CV_Image_pose_detection/Data/LLSP/annotation_cleaned/pose_features/val1257.npy,/content/drive/MyDrive/FinalProjectCV/CV_Image_pose_detection/Data/LLSP/annotation_cleaned/pose_sequences/val1257_sequence.npy,ok,300,300,1.0,0.7094466090202332,
stu4_5.mp4,bench_pressing,test,51,/content/drive/MyDrive/FinalProjectCV/CV_Image_pose_detection/Data/LLSP/annotation_cleaned/pose_features/stu4_5.npy,/content/drive/MyDrive/FinalProjectCV/CV_Image_pose_detection/Data/LLSP/annotation_cleaned/pose_sequences/stu4_5_sequence.npy,ok,778,478,0.6143958868894601,0.3792264461517334,
stu10_17.mp4,front_raise,test,11,/content/drive/MyDrive/FinalProjectCV/CV_Image_pose_detection/Data/LLSP/annotation_cleaned/pose_features/stu10_17.npy,/content/drive/MyDrive/FinalProjectCV/CV_Image_pose_detection/Data/LLSP/annotation_cleaned/pose_sequences/stu10_17_sequence.npy,ok,900,900,1.0,0.691089391708374,
stu4_27.mp4,jump_jacks,test,56,/content/drive/MyDrive/FinalProjectCV/CV_Image_pose_detection/Data/LLSP/annotation_cleaned/pose_features/stu4_27.npy,/content/drive/MyDrive/FinalProjectCV/CV_Image_pose_detection/Data/LLSP/annotation_cleaned/pose_sequences/stu4_27_sequence.npy,ok,1798,1798,1.0,0.9446216225624084,
test135.mp4,bench_pressing,test,4,/content/drive/MyDrive/FinalProjectCV/CV_Image_pose_detection/Data/LLSP/annotation_cleaned/pose_features/test135.npy,/content/drive/MyDrive/FinalProjectCV/CV_Image_pose_detection/Data/LLSP/annotation_cleaned/pose_sequences/test135_sequence.npy,ok,248,147,0.592741935483871,0.3996891975402832,
stu7_4.mp4,bench_pressing,test,8,/content/drive/MyDrive/FinalProjectCV/CV_Image_pose_detection/Data/LLSP/annotation_cleaned/pose_features/stu7_4.npy,/content/drive/MyDrive/FinalProjectCV/CV_Image_pose_detection/Data/LLSP/annotation_cleaned/pose_sequences/stu7_4_sequence.npy,ok,425,399,0.9388235294117647,0.6465387344360352,
stu7_45.mp4,push_up,test,3,/content/drive/MyDrive/FinalProjectCV/CV_Image_pose_detection/Data/LLSP/annotation_cleaned/pose_features/stu7_45.npy,/content/drive/MyDrive/FinalProjectCV/CV_Image_pose_detection/Data/LLSP/annotation_cleaned/pose_sequences/stu7_45_sequence.npy,ok,750,748,0.9973333333333333,0.8363341093063354,
stu9_64.mp4,squat,test,14,/content/drive/MyDrive/FinalProjectCV/CV_Image_pose_detection/Data/LLSP/annotation_cleaned/pose_features/stu9_64.npy,/content/drive/MyDrive/FinalProjectCV/CV_Image_pose_detection/Data/LLSP/annotation_cleaned/pose_sequences/stu9_64_sequence.npy,ok,1230,1230,1.0,0.9528006911277771,
stu9_52.mp4,push_up,test,57,/content/drive/MyDrive/FinalProjectCV/CV_Image_pose_detection/Data/LLSP/annotation_cleaned/pose_features/stu9_52.npy,/content/drive/MyDrive/FinalProjectCV/CV_Image_pose_detection/Data/LLSP/annotation_cleaned/pose_sequences/stu9_52_sequence.npy,ok,965,401,0.4155440414507772,0.2955583333969116,
stu1_27.mp4,jump_jacks,test,7,/content/drive/MyDrive/FinalProjectCV/CV_Image_pose_detection/Data/LLSP/annotation_cleaned/pose_features/stu1_27.npy,/content/drive/MyDrive/FinalProjectCV/CV_Image_pose_detection/Data/LLSP/annotation_cleaned/pose_sequences/stu1_27_sequence.npy,ok,300,300,1.0,0.9628073573112488,
stu10_24.mp4,front_raise,test,14,/content/drive/MyDrive/FinalProjectCV/CV_Image_pose_detection/Data/LLSP/annotation_cleaned/pose_features/stu10_24.npy,/content/drive/MyDrive/FinalProjectCV/CV_Image_pose_detection/Data/LLSP/annotation_cleaned/pose_sequences/stu10_24_sequence.npy,ok,1019,995,0.9764474975466143,0.7061864733695984,
stu10_25.mp4,jump_jacks,test,7,/content/drive/MyDrive/FinalProjectCV/CV_Image_pose_detection/Data/LLSP/annotation_cleaned/pose_features/stu10_25.npy,/content/drive/MyDrive/FinalProjectCV/CV_Image_pose_detection/Data/LLSP/annotation_cleaned/pose_sequences/stu10_25_sequence.npy,ok,509,509,1.0,0.9464854001998901,
stu9_48.mp4,push_up,test,27,/content/drive/MyDrive/FinalProjectCV/CV_Image_pose_detection/Data/LLSP/annotation_cleaned/pose_features/stu9_48.npy,/content/drive/MyDrive/FinalProjectCV/CV_Image_pose_detection/Data/LLSP/annotation_cleaned/pose_sequences/stu9_48_sequence.npy,ok,1770,1769,0.9994350282485875,0.8723722100257874,
stu10_48.mp4,push_up,test,5,/content/drive/MyDrive/FinalProjectCV/CV_Image_pose_detection/Data/LLSP/annotation_cleaned/pose_features/stu10_48.npy,/content/drive/MyDrive/FinalProjectCV/CV_Image_pose_detection/Data/LLSP/annotation_cleaned/pose_sequences/stu10_48_sequence.npy,ok,899,882,0.9810901001112347,0.8194727897644043,
train2508.mp4,pull_up,test,4,/content/drive/MyDrive/FinalProjectCV/CV_Image_pose_detection/Data/LLSP/annotation_cleaned/pose_features/train2508.npy,/content/drive/MyDrive/FinalProjectCV/CV_Image_pose_detection/Data/LLSP/annotation_cleaned/pose_sequences/train2508_sequence.npy,ok,300,297,0.99,0.7449840903282166,
stu10_36.mp4,pull_up,test,29,/content/drive/MyDrive/FinalProjectCV/CV_Image_pose_detection/Data/LLSP/annotation_cleaned/pose_features/stu10_36.npy,/content/drive/MyDrive/FinalProjectCV/CV_Image_pose_detection/Data/LLSP/annotation_cleaned/pose_sequences/stu10_36_sequence.npy,ok,1683,1683,1.0,0.7705357074737549,
stu6_63.mp4,squat,test,17,/content/drive/MyDrive/FinalProjectCV/CV_Image_pose_detection/Data/LLSP/annotation_cleaned/pose_features/stu6_63.npy,/content/drive/MyDrive/FinalProjectCV/CV_Image_pose_detection/Data/LLSP/annotation_cleaned/pose_sequences/stu6_63_sequence.npy,ok,1109,1109,1.0,0.9281286597251892,
stu4_69.mp4,squat,test,2,/content/drive/MyDrive/FinalProjectCV/CV_Image_pose_detection/Data/LLSP/annotation_cleaned/pose_features/stu4_69.npy,/content/drive/MyDrive/FinalProjectCV/CV_Image_pose_detection/Data/LLSP/annotation_cleaned/pose_sequences/stu4_69_sequence.npy,ok,300,300,1.0,0.7053950428962708,
stu3_31.mp4,jump_jacks,test,92,/content/drive/MyDrive/FinalProjectCV/CV_Image_pose_detection/Data/LLSP/annotation_cleaned/pose_features/stu3_31.npy,/content/drive/MyDrive/FinalProjectCV/CV_Image_pose_detection/Data/LLSP/annotation_cleaned/pose_sequences/stu3_31_sequence.npy,ok,1230,1230,1.0,0.8157597184181213,
stu10_5.mp4,bench_pressing,test,16,/content/drive/MyDrive/FinalProjectCV/CV_Image_pose_detection/Data/LLSP/annotation_cleaned/pose_features/stu10_5.npy,/content/drive/MyDrive/FinalProjectCV/CV_Image_pose_detection/Data/LLSP/annotation_cleaned/pose_sequences/stu10_5_sequence.npy,ok,1375,1344,0.9774545454545455,0.6836795806884766,
stu5_47.mp4,push_up,test,30,/content/drive/MyDrive/FinalProjectCV/CV_Image_pose_detection/Data/LLSP/annotation_cleaned/pose_features/stu5_47.npy,/content/drive/MyDrive/FinalProjectCV/CV_Image_pose_detection/Data/LLSP/annotation_cleaned/pose_sequences/stu5_47_sequence.npy,ok,1797,1448,0.8057874234835838,0.621782660484314,
stu6_15.mp4,jump_jacks,test,12,/content/drive/MyDrive/FinalProjectCV/CV_Image_pose_detection/Data/LLSP/annotation_cleaned/pose_features/stu6_15.npy,/content/drive/MyDrive/FinalProjectCV/CV_Image_pose_detection/Data/LLSP/annotation_cleaned/pose_sequences/stu6_15_sequence.npy,ok,360,346,0.9611111111111111,0.8533003926277161,
stu8_70.mp4,squat,test,4,/content/drive/MyDrive/FinalProjectCV/CV_Image_pose_detection/Data/LLSP/annotation_cleaned/pose_features/stu8_70.npy,/content/drive/MyDrive/FinalProjectCV/CV_Image_pose_detection/Data/LLSP/annotation_cleaned/pose_sequences/stu8_70_sequence.npy,ok,1488,1430,0.9610215053763441,0.6009958982467651,
stu8_38.mp4,pull_up,test,16,/content/drive/MyDrive/FinalProjectCV/CV_Image_pose_detection/Data/LLSP/annotation_cleaned/pose_features/stu8_38.npy,/content/drive/MyDrive/FinalProjectCV/CV_Image_pose_detection/Data/LLSP/annotation_cleaned/pose_sequences/stu8_38_sequence.npy,ok,1798,1798,1.0,0.89405357837677,
stu4_64.mp4,squat,test,14,/content/drive/MyDrive/FinalProjectCV/CV_Image_pose_detection/Data/LLSP/annotation_cleaned/pose_features/stu4_64.npy,/content/drive/MyDrive/FinalProjectCV/CV_Image_pose_detection/Data/LLSP/annotation_cleaned/pose_sequences/stu4_64_sequence.npy,ok,1110,1110,1.0,0.9131295084953308,
stu5_62.mp4,squat,test,32,/content/drive/MyDrive/FinalProjectCV/CV_Image_pose_detection/Data/LLSP/annotation_cleaned/pose_features/stu5_62.npy,/content/drive/MyDrive/FinalProjectCV/CV_Image_pose_detection/Data/LLSP/annotation_cleaned/pose_sequences/stu5_62_sequence.npy,ok,1560,1560,1.0,0.8785971999168396,
stu10_1.mp4,bench_pressing,test,2,/content/drive/MyDrive/FinalProjectCV/CV_Image_pose_detection/Data/LLSP/annotation_cleaned/pose_features/stu10_1.npy,/content/drive/MyDrive/FinalProjectCV/CV_Image_pose_detection/Data/LLSP/annotation_cleaned/pose_sequences/stu10_1_sequence.npy,ok,820,597,0.7280487804878049,0.49172160029411316,
stu7_35.mp4,pull_up,test,22,/content/drive/MyDrive/FinalProjectCV/CV_Image_pose_detection/Data/LLSP/annotation_cleaned/pose_features/stu7_35.npy,/content/drive/MyDrive/FinalProjectCV/CV_Image_pose_detection/Data/LLSP/annotation_cleaned/pose_sequences/stu7_35_sequence.npy,ok,697,697,1.0,0.8093975782394409,
stu2_55.mp4,sit_up,test,30,/content/drive/MyDrive/FinalProjectCV/CV_Image_pose_detection/Data/LLSP/annotation_cleaned/pose_features/stu2_55.npy,/content/drive/MyDrive/FinalProjectCV/CV_Image_pose_detection/Data/LLSP/annotation_cleaned/pose_sequences/stu2_55_sequence.npy,ok,1020,1020,1.0,0.7624441981315613,
stu2_25.mp4,jump_jacks,test,58,/content/drive/MyDrive/FinalProjectCV/CV_Image_pose_detection/Data/LLSP/annotation_cleaned/pose_features/stu2_25.npy,/content/drive/MyDrive/FinalProjectCV/CV_Image_pose_detection/Data/LLSP/annotation_cleaned/pose_sequences/stu2_25_sequence.npy,ok,1350,1350,1.0,0.8576428890228271,
stu6_30.mp4,pull_up,test,2,/content/drive/MyDrive/FinalProjectCV/CV_Image_pose_detection/Data/LLSP/annotation_cleaned/pose_features/stu6_30.npy,/content/drive/MyDrive/FinalProjectCV/CV_Image_pose_detection/Data/LLSP/annotation_cleaned/pose_sequences/stu6_30_sequence.npy,ok,1229,719,0.5850284784377543,0.6163840889930725,
stu8_9.mp4,bench_pressing,test,28,/content/drive/MyDrive/FinalProjectCV/CV_Image_pose_detection/Data/LLSP/annotation_cleaned/pose_features/stu8_9.npy,/content/drive/MyDrive/FinalProjectCV/CV_Image_pose_detection/Data/LLSP/annotation_cleaned/pose_sequences/stu8_9_sequence.npy,ok,378,323,0.8544973544973545,0.5827990770339966,
stu8_12.mp4,bench_pressing,test,3,/content/drive/MyDrive/FinalProjectCV/CV_Image_pose_detection/Data/LLSP/annotation_cleaned/pose_features/stu8_12.npy,/content/drive/MyDrive/FinalProjectCV/CV_Image_pose_detection/Data/LLSP/annotation_cleaned/pose_sequences/stu8_12_sequence.npy,ok,900,828,0.92,0.7398424744606018,
test538.mp4,front_raise,test,5,/content/drive/MyDrive/FinalProjectCV/CV_Image_pose_detection/Data/LLSP/annotation_cleaned/pose_features/test538.npy,/content/drive/MyDrive/FinalProjectCV/CV_Image_pose_detection/Data/LLSP/annotation_cleaned/pose_sequences/test538_sequence.npy,ok,300,300,1.0,0.728807270526886,
stu5_18.mp4,jump_jacks,test,34,/content/drive/MyDrive/FinalProjectCV/CV_Image_pose_detection/Data/LLSP/annotation_cleaned/pose_features/stu5_18.npy,/content/drive/MyDrive/FinalProjectCV/CV_Image_pose_detection/Data/LLSP/annotation_cleaned/pose_sequences/stu5_18_sequence.npy,ok,767,767,1.0,0.9509319067001343,
stu5_27.mp4,jump_jacks,test,14,/content/drive/MyDrive/FinalProjectCV/CV_Image_pose_detection/Data/LLSP/annotation_cleaned/pose_features/stu5_27.npy,/content/drive/MyDrive/FinalProjectCV/CV_Image_pose_detection/Data/LLSP/annotation_cleaned/pose_sequences/stu5_27_sequence.npy,ok,630,630,1.0,0.9392653703689575,
stu7_8.mp4,bench_pressing,test,8,/content/drive/MyDrive/FinalProjectCV/CV_Image_pose_detection/Data/LLSP/annotation_cleaned/pose_features/stu7_8.npy,/content/drive/MyDrive/FinalProjectCV/CV_Image_pose_detection/Data/LLSP/annotation_cleaned/pose_sequences/stu7_8_sequence.npy,ok,1140,1079,0.9464912280701754,0.5539180636405945,
stu9_36.mp4,pull_up,test,11,/content/drive/MyDrive/FinalProjectCV/CV_Image_pose_detection/Data/LLSP/annotation_cleaned/pose_features/stu9_36.npy,/content/drive/MyDrive/FinalProjectCV/CV_Image_pose_detection/Data/LLSP/annotation_cleaned/pose_sequences/stu9_36_sequence.npy,ok,750,743,0.9906666666666667,0.777979850769043,
stu1_40.mp4,pull_up,test,8,/content/drive/MyDrive/FinalProjectCV/CV_Image_pose_detection/Data/LLSP/annotation_cleaned/pose_features/stu1_40.npy,/content/drive/MyDrive/FinalProjectCV/CV_Image_pose_detection/Data/LLSP/annotation_cleaned/pose_sequences/stu1_40_sequence.npy,ok,336,336,1.0,0.7425578236579895,
test536.mp4,front_raise,test,6,/content/drive/MyDrive/FinalProjectCV/CV_Image_pose_detection/Data/LLSP/annotation_cleaned/pose_features/test536.npy,/content/drive/MyDrive/FinalProjectCV/CV_Image_pose_detection/Data/LLSP/annotation_cleaned/pose_sequences/test536_sequence.npy,ok,300,300,1.0,0.7156934142112732,
stu4_63.mp4,squat,test,14,/content/drive/MyDrive/FinalProjectCV/CV_Image_pose_detection/Data/LLSP/annotation_cleaned/pose_features/stu4_63.npy,/content/drive/MyDrive/FinalProjectCV/CV_Image_pose_detection/Data/LLSP/annotation_cleaned/pose_sequences/stu4_63_sequence.npy,ok,1050,1050,1.0,0.892057478427887,
stu4_46.mp4,push_up,test,45,/content/drive/MyDrive/FinalProjectCV/CV_Image_pose_detection/Data/LLSP/annotation_cleaned/pose_features/stu4_46.npy,/content/drive/MyDrive/FinalProjectCV/CV_Image_pose_detection/Data/LLSP/annotation_cleaned/pose_sequences/stu4_46_sequence.npy,ok,1800,1604,0.8911111111111111,0.6160380840301514,
stu3_58.mp4,sit_up,test,42,/content/drive/MyDrive/FinalProjectCV/CV_Image_pose_detection/Data/LLSP/annotation_cleaned/pose_features/stu3_58.npy,/content/drive/MyDrive/FinalProjectCV/CV_Image_pose_detection/Data/LLSP/annotation_cleaned/pose_sequences/stu3_58_sequence.npy,ok,1740,1731,0.9948275862068966,0.7442722916603088,
stu7_30.mp4,jump_jacks,test,15,/content/drive/MyDrive/FinalProjectCV/CV_Image_pose_detection/Data/LLSP/annotation_cleaned/pose_features/stu7_30.npy,/content/drive/MyDrive/FinalProjectCV/CV_Image_pose_detection/Data/LLSP/annotation_cleaned/pose_sequences/stu7_30_sequence.npy,ok,416,416,1.0,0.8705807328224182,
stu8_10.mp4,bench_pressing,test,11,/content/drive/MyDrive/FinalProjectCV/CV_Image_pose_detection/Data/LLSP/annotation_cleaned/pose_features/stu8_10.npy,/content/drive/MyDrive/FinalProjectCV/CV_Image_pose_detection/Data/LLSP/annotation_cleaned/pose_sequences/stu8_10_sequence.npy,ok,1200,1193,0.9941666666666666,0.72993403673172,
stu5_12.mp4,front_raise,test,5,/content/drive/MyDrive/FinalProjectCV/CV_Image_pose_detection/Data/LLSP/annotation_cleaned/pose_features/stu5_12.npy,/content/drive/MyDrive/FinalProjectCV/CV_Image_pose_detection/Data/LLSP/annotation_cleaned/pose_sequences/stu5_12_sequence.npy,ok,659,659,1.0,0.8105803728103638,
stu9_17.mp4,front_raise,test,15,/content/drive/MyDrive/FinalProjectCV/CV_Image_pose_detection/Data/LLSP/annotation_cleaned/pose_features/stu9_17.npy,/content/drive/MyDrive/FinalProjectCV/CV_Image_pose_detection/Data/LLSP/annotation_cleaned/pose_sequences/stu9_17_sequence.npy,ok,1250,1250,1.0,0.5251972675323486,
train1665.mp4,jump_jacks,test,3,/content/drive/MyDrive/FinalProjectCV/CV_Image_pose_detection/Data/LLSP/annotation_cleaned/pose_features/train1665.npy,/content/drive/MyDrive/FinalProjectCV/CV_Image_pose_detection/Data/LLSP/annotation_cleaned/pose_sequences/train1665_sequence.npy,ok,300,300,1.0,0.9560436010360718,
stu1_59.mp4,sit_up,test,18,/content/drive/MyDrive/FinalProjectCV/CV_Image_pose_detection/Data/LLSP/annotation_cleaned/pose_features/stu1_59.npy,/content/drive/MyDrive/FinalProjectCV/CV_Image_pose_detection/Data/LLSP/annotation_cleaned/pose_sequences/stu1_59_sequence.npy,ok,1737,995,0.5728267127230858,0.3880845010280609,
test2025.mp4,sit_up,test,5,/content/drive/MyDrive/FinalProjectCV/CV_Image_pose_detection/Data/LLSP/annotation_cleaned/pose_features/test2025.npy,/content/drive/MyDrive/FinalProjectCV/CV_Image_pose_detection/Data/LLSP/annotation_cleaned/pose_sequences/test2025_sequence.npy,ok,284,168,0.5915492957746479,0.36522725224494934,
stu10_6.mp4,bench_pressing,test,4,/content/drive/MyDrive/FinalProjectCV/CV_Image_pose_detection/Data/LLSP/annotation_cleaned/pose_features/stu10_6.npy,/content/drive/MyDrive/FinalProjectCV/CV_Image_pose_detection/Data/LLSP/annotation_cleaned/pose_sequences/stu10_6_sequence.npy,ok,913,887,0.9715224534501643,0.6893115639686584,
stu8_71.mp4,squat,test,4,/content/drive/MyDrive/FinalProjectCV/CV_Image_pose_detection/Data/LLSP/annotation_cleaned/pose_features/stu8_71.npy,/content/drive/MyDrive/FinalProjectCV/CV_Image_pose_detection/Data/LLSP/annotation_cleaned/pose_sequences/stu8_71_sequence.npy,ok,300,300,1.0,0.8380716443061829,
stu7_52.mp4,sit_up,test,10,/content/drive/MyDrive/FinalProjectCV/CV_Image_pose_detection/Data/LLSP/annotation_cleaned/pose_features/stu7_52.npy,/content/drive/MyDrive/FinalProjectCV/CV_Image_pose_detection/Data/LLSP/annotation_cleaned/pose_sequences/stu7_52_sequence.npy,ok,767,764,0.9960886571056062,0.7752905488014221,
stu4_19.mp4,jump_jacks,test,32,/content/drive/MyDrive/FinalProjectCV/CV_Image_pose_detection/Data/LLSP/annotation_cleaned/pose_features/stu4_19.npy,/content/drive/MyDrive/FinalProjectCV/CV_Image_pose_detection/Data/LLSP/annotation_cleaned/pose_sequences/stu4_19_sequence.npy,ok,750,750,1.0,0.9611387848854065,
stu3_10.mp4,front_raise,test,5,/content/drive/MyDrive/FinalProjectCV/CV_Image_pose_detection/Data/LLSP/annotation_cleaned/pose_features/stu3_10.npy,/content/drive/MyDrive/FinalProjectCV/CV_Image_pose_detection/Data/LLSP/annotation_cleaned/pose_sequences/stu3_10_sequence.npy,ok,393,368,0.9363867684478372,0.8500671982765198,
test2315.mp4,squat,test,3,/content/drive/MyDrive/FinalProjectCV/CV_Image_pose_detection/Data/LLSP/annotation_cleaned/pose_features/test2315.npy,/content/drive/MyDrive/FinalProjectCV/CV_Image_pose_detection/Data/LLSP/annotation_cleaned/pose_sequences/test2315_sequence.npy,ok,298,196,0.6577181208053692,0.4642651677131653,
stu8_45.mp4,push_up,test,11,/content/drive/MyDrive/FinalProjectCV/CV_Image_pose_detection/Data/LLSP/annotation_cleaned/pose_features/stu8_45.npy,/content/drive/MyDrive/FinalProjectCV/CV_Image_pose_detection/Data/LLSP/annotation_cleaned/pose_sequences/stu8_45_sequence.npy,ok,688,680,0.9883720930232558,0.7941231727600098,
test2320.mp4,squat,test,4,/content/drive/MyDrive/FinalProjectCV/CV_Image_pose_detection/Data/LLSP/annotation_cleaned/pose_features/test2320.npy,/content/drive/MyDrive/FinalProjectCV/CV_Image_pose_detection/Data/LLSP/annotation_cleaned/pose_sequences/test2320_sequence.npy,ok,4,4,1.0,0.5356815457344055,
stu4_29.mp4,pull_up,test,5,/content/drive/MyDrive/FinalProjectCV/CV_Image_pose_detection/Data/LLSP/annotation_cleaned/pose_features/stu4_29.npy,/content/drive/MyDrive/FinalProjectCV/CV_Image_pose_detection/Data/LLSP/annotation_cleaned/pose_sequences/stu4_29_sequence.npy,ok,1109,1093,0.9855725879170424,0.660264253616333,
stu9_47.mp4,push_up,test,2,/content/drive/MyDrive/FinalProjectCV/CV_Image_pose_detection/Data/LLSP/annotation_cleaned/pose_features/stu9_47.npy,/content/drive/MyDrive/FinalProjectCV/CV_Image_pose_detection/Data/LLSP/annotation_cleaned/pose_sequences/stu9_47_sequence.npy,ok,800,800,1.0,0.8403664231300354,
val579.mp4,jump_jacks,test,3,/content/drive/MyDrive/FinalProjectCV/CV_Image_pose_detection/Data/LLSP/annotation_cleaned/pose_features/val579.npy,/content/drive/MyDrive/FinalProjectCV/CV_Image_pose_detection/Data/LLSP/annotation_cleaned/pose_sequences/val579_sequence.npy,ok,300,300,1.0,0.7828333973884583,
stu2_62.mp4,sit_up,test,19,/content/drive/MyDrive/FinalProjectCV/CV_Image_pose_detection/Data/LLSP/annotation_cleaned/pose_features/stu2_62.npy,/content/drive/MyDrive/FinalProjectCV/CV_Image_pose_detection/Data/LLSP/annotation_cleaned/pose_sequences/stu2_62_sequence.npy,ok,1830,1830,1.0,0.8163722157478333,
stu6_68.mp4,squat,test,6,/content/drive/MyDrive/FinalProjectCV/CV_Image_pose_detection/Data/LLSP/annotation_cleaned/pose_features/stu6_68.npy,/content/drive/MyDrive/FinalProjectCV/CV_Image_pose_detection/Data/LLSP/annotation_cleaned/pose_sequences/stu6_68_sequence.npy,ok,840,840,1.0,0.7764841318130493,
stu2_34.mp4,pull_up,test,17,/content/drive/MyDrive/FinalProjectCV/CV_Image_pose_detection/Data/LLSP/annotation_cleaned/pose_features/stu2_34.npy,/content/drive/MyDrive/FinalProjectCV/CV_Image_pose_detection/Data/LLSP/annotation_cleaned/pose_sequences/stu2_34_sequence.npy,ok,870,870,1.0,0.7497710585594177,
stu10_43.mp4,push_up,test,17,/content/drive/MyDrive/FinalProjectCV/CV_Image_pose_detection/Data/LLSP/annotation_cleaned/pose_features/stu10_43.npy,/content/drive/MyDrive/FinalProjectCV/CV_Image_pose_detection/Data/LLSP/annotation_cleaned/pose_sequences/stu10_43_sequence.npy,ok,1799,1799,1.0,0.8787062764167786,
test2021.mp4,sit_up,test,3,/content/drive/MyDrive/FinalProjectCV/CV_Image_pose_detection/Data/LLSP/annotation_cleaned/pose_features/test2021.npy,/content/drive/MyDrive/FinalProjectCV/CV_Image_pose_detection/Data/LLSP/annotation_cleaned/pose_sequences/test2021_sequence.npy,ok,140,137,0.9785714285714285,0.8430177569389343,
stu3_28.mp4,jump_jacks,test,30,/content/drive/MyDrive/FinalProjectCV/CV_Image_pose_detection/Data/LLSP/annotation_cleaned/pose_features/stu3_28.npy,/content/drive/MyDrive/FinalProjectCV/CV_Image_pose_detection/Data/LLSP/annotation_cleaned/pose_sequences/stu3_28_sequence.npy,ok,960,960,1.0,0.9519062042236328,
stu9_71.mp4,squat,test,1,/content/drive/MyDrive/FinalProjectCV/CV_Image_pose_detection/Data/LLSP/annotation_cleaned/pose_features/stu9_71.npy,/content/drive/MyDrive/FinalProjectCV/CV_Image_pose_detection/Data/LLSP/annotation_cleaned/pose_sequences/stu9_71_sequence.npy,ok,192,192,1.0,0.9530516266822815,
stu2_5.mp4,bench_pressing,test,3,/content/drive/MyDrive/FinalProjectCV/CV_Image_pose_detection/Data/LLSP/annotation_cleaned/pose_features/stu2_5.npy,/content/drive/MyDrive/FinalProjectCV/CV_Image_pose_detection/Data/LLSP/annotation_cleaned/pose_sequences/stu2_5_sequence.npy,ok,229,136,0.5938864628820961,0.3683169186115265,
stu9_45.mp4,pull_up,test,12,/content/drive/MyDrive/FinalProjectCV/CV_Image_pose_detection/Data/LLSP/annotation_cleaned/pose_features/stu9_45.npy,/content/drive/MyDrive/FinalProjectCV/CV_Image_pose_detection/Data/LLSP/annotation_cleaned/pose_sequences/stu9_45_sequence.npy,ok,990,988,0.997979797979798,0.894173800945282,
stu4_12.mp4,front_raise,test,4,/content/drive/MyDrive/FinalProjectCV/CV_Image_pose_detection/Data/LLSP/annotation_cleaned/pose_features/stu4_12.npy,/content/drive/MyDrive/FinalProjectCV/CV_Image_pose_detection/Data/LLSP/annotation_cleaned/pose_sequences/stu4_12_sequence.npy,ok,479,479,1.0,0.8065259456634521,
stu6_22.mp4,jump_jacks,test,64,/content/drive/MyDrive/FinalProjectCV/CV_Image_pose_detection/Data/LLSP/annotation_cleaned/pose_features/stu6_22.npy,/content/drive/MyDrive/FinalProjectCV/CV_Image_pose_detection/Data/LLSP/annotation_cleaned/pose_sequences/stu6_22_sequence.npy,ok,1768,1768,1.0,0.9564240574836731,
stu7_17.mp4,front_raise,test,5,/content/drive/MyDrive/FinalProjectCV/CV_Image_pose_detection/Data/LLSP/annotation_cleaned/pose_features/stu7_17.npy,/content/drive/MyDrive/FinalProjectCV/CV_Image_pose_detection/Data/LLSP/annotation_cleaned/pose_sequences/stu7_17_sequence.npy,ok,480,480,1.0,0.6657276749610901,
stu3_5.mp4,bench_pressing,test,33,/content/drive/MyDrive/FinalProjectCV/CV_Image_pose_detection/Data/LLSP/annotation_cleaned/pose_features/stu3_5.npy,/content/drive/MyDrive/FinalProjectCV/CV_Image_pose_detection/Data/LLSP/annotation_cleaned/pose_sequences/stu3_5_sequence.npy,ok,945,560,0.5925925925925926,0.4161921441555023,
stu5_32.mp4,pull_up,test,30,/content/drive/MyDrive/FinalProjectCV/CV_Image_pose_detection/Data/LLSP/annotation_cleaned/pose_features/stu5_32.npy,/content/drive/MyDrive/FinalProjectCV/CV_Image_pose_detection/Data/LLSP/annotation_cleaned/pose_sequences/stu5_32_sequence.npy,ok,1078,1078,1.0,0.8068744540214539,
stu9_31.mp4,jump_jacks,test,7,/content/drive/MyDrive/FinalProjectCV/CV_Image_pose_detection/Data/LLSP/annotation_cleaned/pose_features/stu9_31.npy,/content/drive/MyDrive/FinalProjectCV/CV_Image_pose_detection/Data/LLSP/annotation_cleaned/pose_sequences/stu9_31_sequence.npy,ok,275,275,1.0,0.9532448053359985,
stu6_42.mp4,push_up,test,8,/content/drive/MyDrive/FinalProjectCV/CV_Image_pose_detection/Data/LLSP/annotation_cleaned/pose_features/stu6_42.npy,/content/drive/MyDrive/FinalProjectCV/CV_Image_pose_detection/Data/LLSP/annotation_cleaned/pose_sequences/stu6_42_sequence.npy,ok,1709,1709,1.0,0.8580096364021301,
stu7_13.mp4,bench_pressing,test,11,/content/drive/MyDrive/FinalProjectCV/CV_Image_pose_detection/Data/LLSP/annotation_cleaned/pose_features/stu7_13.npy,/content/drive/MyDrive/FinalProjectCV/CV_Image_pose_detection/Data/LLSP/annotation_cleaned/pose_sequences/stu7_13_sequence.npy,ok,1768,1647,0.9315610859728507,0.5490952134132385,
stu6_65.mp4,squat,test,19,/content/drive/MyDrive/FinalProjectCV/CV_Image_pose_detection/Data/LLSP/annotation_cleaned/pose_features/stu6_65.npy,/content/drive/MyDrive/FinalProjectCV/CV_Image_pose_detection/Data/LLSP/annotation_cleaned/pose_sequences/stu6_65_sequence.npy,ok,990,990,1.0,0.9646816849708557,
stu3_20.mp4,jump_jacks,test,17,/content/drive/MyDrive/FinalProjectCV/CV_Image_pose_detection/Data/LLSP/annotation_cleaned/pose_features/stu3_20.npy,/content/drive/MyDrive/FinalProjectCV/CV_Image_pose_detection/Data/LLSP/annotation_cleaned/pose_sequences/stu3_20_sequence.npy,ok,628,623,0.9920382165605095,0.9491347670555115,
stu5_68.mp4,squat,test,20,/content/drive/MyDrive/FinalProjectCV/CV_Image_pose_detection/Data/LLSP/annotation_cleaned/pose_features/stu5_68.npy,/content/drive/MyDrive/FinalProjectCV/CV_Image_pose_detection/Data/LLSP/annotation_cleaned/pose_sequences/stu5_68_sequence.npy,ok,1378,1378,1.0,0.9262091517448425,
stu8_28.mp4,jump_jacks,test,7,/content/drive/MyDrive/FinalProjectCV/CV_Image_pose_detection/Data/LLSP/annotation_cleaned/pose_features/stu8_28.npy,/content/drive/MyDrive/FinalProjectCV/CV_Image_pose_detection/Data/LLSP/annotation_cleaned/pose_sequences/stu8_28_sequence.npy,ok,239,238,0.99581589958159,0.7455824017524719,
stu6_24.mp4,jump_jacks,test,26,/content/drive/MyDrive/FinalProjectCV/CV_Image_pose_detection/Data/LLSP/annotation_cleaned/pose_features/stu6_24.npy,/content/drive/MyDrive/FinalProjectCV/CV_Image_pose_detection/Data/LLSP/annotation_cleaned/pose_sequences/stu6_24_sequence.npy,ok,749,749,1.0,0.9403825402259827,
stu6_39.mp4,push_up,test,29,/content/drive/MyDrive/FinalProjectCV/CV_Image_pose_detection/Data/LLSP/annotation_cleaned/pose_features/stu6_39.npy,/content/drive/MyDrive/FinalProjectCV/CV_Image_pose_detection/Data/LLSP/annotation_cleaned/pose_sequences/stu6_39_sequence.npy,ok,1470,1442,0.9809523809523809,0.6416469812393188,
stu3_57.mp4,sit_up,test,19,/content/drive/MyDrive/FinalProjectCV/CV_Image_pose_detection/Data/LLSP/annotation_cleaned/pose_features/stu3_57.npy,/content/drive/MyDrive/FinalProjectCV/CV_Image_pose_detection/Data/LLSP/annotation_cleaned/pose_sequences/stu3_57_sequence.npy,ok,780,738,0.9461538461538461,0.6086723208427429,
train2659.mp4,push_up,test,4,/content/drive/MyDrive/FinalProjectCV/CV_Image_pose_detection/Data/LLSP/annotation_cleaned/pose_features/train2659.npy,/content/drive/MyDrive/FinalProjectCV/CV_Image_pose_detection/Data/LLSP/annotation_cleaned/pose_sequences/train2659_sequence.npy,ok,192,114,0.59375,0.32360130548477173,
stu8_11.mp4,bench_pressing,test,9,/content/drive/MyDrive/FinalProjectCV/CV_Image_pose_detection/Data/LLSP/annotation_cleaned/pose_features/stu8_11.npy,/content/drive/MyDrive/FinalProjectCV/CV_Image_pose_detection/Data/LLSP/annotation_cleaned/pose_sequences/stu8_11_sequence.npy,ok,950,199,0.2094736842105263,0.3542298674583435,
stu3_25.mp4,jump_jacks,test,45,/content/drive/MyDrive/FinalProjectCV/CV_Image_pose_detection/Data/LLSP/annotation_cleaned/pose_features/stu3_25.npy,/content/drive/MyDrive/FinalProjectCV/CV_Image_pose_detection/Data/LLSP/annotation_cleaned/pose_sequences/stu3_25_sequence.npy,ok,1320,1320,1.0,0.9269100427627563,
stu4_28.mp4,others,test,10,/content/drive/MyDrive/FinalProjectCV/CV_Image_pose_detection/Data/LLSP/annotation_cleaned/pose_features/stu4_28.npy,/content/drive/MyDrive/FinalProjectCV/CV_Image_pose_detection/Data/LLSP/annotation_cleaned/pose_sequences/stu4_28_sequence.npy,failed,0,0,0.0,0.0,[Errno 2] No such file or directory: '/content/drive/MyDrive/FinalProjectCV/CV_Image_pose_detection/Data/LLSP/annotation_cleaned/pose_features/stu4_28.npy'
stu10_19.mp4,front_raise,test,8,/content/drive/MyDrive/FinalProjectCV/CV_Image_pose_detection/Data/LLSP/annotation_cleaned/pose_features/stu10_19.npy,/content/drive/MyDrive/FinalProjectCV/CV_Image_pose_detection/Data/LLSP/annotation_cleaned/pose_sequences/stu10_19_sequence.npy,ok,625,625,1.0,0.9405763149261475,
stu8_25.mp4,jump_jacks,test,32,/content/drive/MyDrive/FinalProjectCV/CV_Image_pose_detection/Data/LLSP/annotation_cleaned/pose_features/stu8_25.npy,/content/drive/MyDrive/FinalProjectCV/CV_Image_pose_detection/Data/LLSP/annotation_cleaned/pose_sequences/stu8_25_sequence.npy,ok,959,959,1.0,0.9218591451644897,
stu3_39.mp4,pull_up,test,14,/content/drive/MyDrive/FinalProjectCV/CV_Image_pose_detection/Data/LLSP/annotation_cleaned/pose_features/stu3_39.npy,/content/drive/MyDrive/FinalProjectCV/CV_Image_pose_detection/Data/LLSP/annotation_cleaned/pose_sequences/stu3_39_sequence.npy,ok,1374,1363,0.9919941775836972,0.9113540649414062,
train2534.mp4,pull_up,test,2,/content/drive/MyDrive/FinalProjectCV/CV_Image_pose_detection/Data/LLSP/annotation_cleaned/pose_features/train2534.npy,/content/drive/MyDrive/FinalProjectCV/CV_Image_pose_detection/Data/LLSP/annotation_cleaned/pose_sequences/train2534_sequence.npy,ok,300,283,0.9433333333333334,0.6013063788414001,
stu1_30.mp4,pull_up,test,2,/content/drive/MyDrive/FinalProjectCV/CV_Image_pose_detection/Data/LLSP/annotation_cleaned/pose_features/stu1_30.npy,/content/drive/MyDrive/FinalProjectCV/CV_Image_pose_detection/Data/LLSP/annotation_cleaned/pose_sequences/stu1_30_sequence.npy,ok,360,360,1.0,0.7597094774246216,
stu2_65.mp4,sit_up,test,8,/content/drive/MyDrive/FinalProjectCV/CV_Image_pose_detection/Data/LLSP/annotation_cleaned/pose_features/stu2_65.npy,/content/drive/MyDrive/FinalProjectCV/CV_Image_pose_detection/Data/LLSP/annotation_cleaned/pose_sequences/stu2_65_sequence.npy,ok,1395,1395,1.0,0.8258591890335083,
train3335.mp4,sit_up,test,1,/content/drive/MyDrive/FinalProjectCV/CV_Image_pose_detection/Data/LLSP/annotation_cleaned/pose_features/train3335.npy,/content/drive/MyDrive/FinalProjectCV/CV_Image_pose_detection/Data/LLSP/annotation_cleaned/pose_sequences/train3335_sequence.npy,ok,300,300,1.0,0.6519516706466675,
stu1_60.mp4,sit_up,test,12,/content/drive/MyDrive/FinalProjectCV/CV_Image_pose_detection/Data/LLSP/annotation_cleaned/pose_features/stu1_60.npy,/content/drive/MyDrive/FinalProjectCV/CV_Image_pose_detection/Data/LLSP/annotation_cleaned/pose_sequences/stu1_60_sequence.npy,ok,780,779,0.9987179487179487,0.8166998028755188,
test534.mp4,front_raise,test,3,/content/drive/MyDrive/FinalProjectCV/CV_Image_pose_detection/Data/LLSP/annotation_cleaned/pose_features/test534.npy,/content/drive/MyDrive/FinalProjectCV/CV_Image_pose_detection/Data/LLSP/annotation_cleaned/pose_sequences/test534_sequence.npy,ok,149,147,0.9865771812080537,0.5891637802124023,
stu10_60.mp4,sit_up,test,6,/content/drive/MyDrive/FinalProjectCV/CV_Image_pose_detection/Data/LLSP/annotation_cleaned/pose_features/stu10_60.npy,/content/drive/MyDrive/FinalProjectCV/CV_Image_pose_detection/Data/LLSP/annotation_cleaned/pose_sequences/stu10_60_sequence.npy,ok,448,448,1.0,0.8915501236915588,
stu6_13.mp4,front_raise,test,9,/content/drive/MyDrive/FinalProjectCV/CV_Image_pose_detection/Data/LLSP/annotation_cleaned/pose_features/stu6_13.npy,/content/drive/MyDrive/FinalProjectCV/CV_Image_pose_detection/Data/LLSP/annotation_cleaned/pose_sequences/stu6_13_sequence.npy,ok,625,625,1.0,0.8641415238380432,
stu6_23.mp4,jump_jacks,test,34,/content/drive/MyDrive/FinalProjectCV/CV_Image_pose_detection/Data/LLSP/annotation_cleaned/pose_features/stu6_23.npy,/content/drive/MyDrive/FinalProjectCV/CV_Image_pose_detection/Data/LLSP/annotation_cleaned/pose_sequences/stu6_23_sequence.npy,ok,719,719,1.0,0.953505277633667,
stu8_23.mp4,front_raise,test,3,/content/drive/MyDrive/FinalProjectCV/CV_Image_pose_detection/Data/LLSP/annotation_cleaned/pose_features/stu8_23.npy,/content/drive/MyDrive/FinalProjectCV/CV_Image_pose_detection/Data/LLSP/annotation_cleaned/pose_sequences/stu8_23_sequence.npy,ok,288,288,1.0,0.7782253623008728,
stu4_68.mp4,squat,test,5,/content/drive/MyDrive/FinalProjectCV/CV_Image_pose_detection/Data/LLSP/annotation_cleaned/pose_features/stu4_68.npy,/content/drive/MyDrive/FinalProjectCV/CV_Image_pose_detection/Data/LLSP/annotation_cleaned/pose_sequences/stu4_68_sequence.npy,ok,1289,1237,0.9596586501163693,0.6382337808609009,
stu9_34.mp4,jump_jacks,test,8,/content/drive/MyDrive/FinalProjectCV/CV_Image_pose_detection/Data/LLSP/annotation_cleaned/pose_features/stu9_34.npy,/content/drive/MyDrive/FinalProjectCV/CV_Image_pose_detection/Data/LLSP/annotation_cleaned/pose_sequences/stu9_34_sequence.npy,ok,300,300,1.0,0.8484499454498291,
test1454.mp4,pull_up,test,6,/content/drive/MyDrive/FinalProjectCV/CV_Image_pose_detection/Data/LLSP/annotation_cleaned/pose_features/test1454.npy,/content/drive/MyDrive/FinalProjectCV/CV_Image_pose_detection/Data/LLSP/annotation_cleaned/pose_sequences/test1454_sequence.npy,ok,300,292,0.9733333333333334,0.5289445519447327,
stu3_55.mp4,sit_up,test,6,/content/drive/MyDrive/FinalProjectCV/CV_Image_pose_detection/Data/LLSP/annotation_cleaned/pose_features/stu3_55.npy,/content/drive/MyDrive/FinalProjectCV/CV_Image_pose_detection/Data/LLSP/annotation_cleaned/pose_sequences/stu3_55_sequence.npy,ok,1798,1798,1.0,0.8361373543739319,
stu5_55.mp4,sit_up,test,4,/content/drive/MyDrive/FinalProjectCV/CV_Image_pose_detection/Data/LLSP/annotation_cleaned/pose_features/stu5_55.npy,/content/drive/MyDrive/FinalProjectCV/CV_Image_pose_detection/Data/LLSP/annotation_cleaned/pose_sequences/stu5_55_sequence.npy,ok,690,624,0.9043478260869565,0.6104217171669006,
train3899.mp4,squat,test,2,/content/drive/MyDrive/FinalProjectCV/CV_Image_pose_detection/Data/LLSP/annotation_cleaned/pose_features/train3899.npy,/content/drive/MyDrive/FinalProjectCV/CV_Image_pose_detection/Data/LLSP/annotation_cleaned/pose_sequences/train3899_sequence.npy,ok,300,300,1.0,0.9250168800354004,
stu6_3.mp4,bench_pressing,test,13,/content/drive/MyDrive/FinalProjectCV/CV_Image_pose_detection/Data/LLSP/annotation_cleaned/pose_features/stu6_3.npy,/content/drive/MyDrive/FinalProjectCV/CV_Image_pose_detection/Data/LLSP/annotation_cleaned/pose_sequences/stu6_3_sequence.npy,ok,1498,1443,0.9632843791722296,0.6420078873634338,
test539.mp4,front_raise,test,2,/content/drive/MyDrive/FinalProjectCV/CV_Image_pose_detection/Data/LLSP/annotation_cleaned/pose_features/test539.npy,/content/drive/MyDrive/FinalProjectCV/CV_Image_pose_detection/Data/LLSP/annotation_cleaned/pose_sequences/test539_sequence.npy,ok,250,250,1.0,0.6865547299385071,
stu2_14.mp4,front_raise,test,7,/content/drive/MyDrive/FinalProjectCV/CV_Image_pose_detection/Data/LLSP/annotation_cleaned/pose_features/stu2_14.npy,/content/drive/MyDrive/FinalProjectCV/CV_Image_pose_detection/Data/LLSP/annotation_cleaned/pose_sequences/stu2_14_sequence.npy,ok,715,715,1.0,0.8526243567466736,
stu2_36.mp4,pull_up,test,5,/content/drive/MyDrive/FinalProjectCV/CV_Image_pose_detection/Data/LLSP/annotation_cleaned/pose_features/stu2_36.npy,/content/drive/MyDrive/FinalProjectCV/CV_Image_pose_detection/Data/LLSP/annotation_cleaned/pose_sequences/stu2_36_sequence.npy,ok,240,240,1.0,0.8028631210327148,
stu8_58.mp4,sit_up,test,3,/content/drive/MyDrive/FinalProjectCV/CV_Image_pose_detection/Data/LLSP/annotation_cleaned/pose_features/stu8_58.npy,/content/drive/MyDrive/FinalProjectCV/CV_Image_pose_detection/Data/LLSP/annotation_cleaned/pose_sequences/stu8_58_sequence.npy,ok,625,625,1.0,0.8383826017379761,
stu8_49.mp4,sit_up,test,9,/content/drive/MyDrive/FinalProjectCV/CV_Image_pose_detection/Data/LLSP/annotation_cleaned/pose_features/stu8_49.npy,/content/drive/MyDrive/FinalProjectCV/CV_Image_pose_detection/Data/LLSP/annotation_cleaned/pose_sequences/stu8_49_sequence.npy,ok,1800,1800,1.0,0.8577190637588501,
stu9_29.mp4,jump_jacks,test,43,/content/drive/MyDrive/FinalProjectCV/CV_Image_pose_detection/Data/LLSP/annotation_cleaned/pose_features/stu9_29.npy,/content/drive/MyDrive/FinalProjectCV/CV_Image_pose_detection/Data/LLSP/annotation_cleaned/pose_sequences/stu9_29_sequence.npy,ok,1075,1075,1.0,0.8808900713920593,
stu2_37.mp4,pull_up,test,17,/content/drive/MyDrive/FinalProjectCV/CV_Image_pose_detection/Data/LLSP/annotation_cleaned/pose_features/stu2_37.npy,/content/drive/MyDrive/FinalProjectCV/CV_Image_pose_detection/Data/LLSP/annotation_cleaned/pose_sequences/stu2_37_sequence.npy,ok,1783,1782,0.9994391475042064,0.6229771375656128,
stu7_10.mp4,bench_pressing,test,8,/content/drive/MyDrive/FinalProjectCV/CV_Image_pose_detection/Data/LLSP/annotation_cleaned/pose_features/stu7_10.npy,/content/drive/MyDrive/FinalProjectCV/CV_Image_pose_detection/Data/LLSP/annotation_cleaned/pose_sequences/stu7_10_sequence.npy,ok,612,523,0.8545751633986928,0.5872987508773804,
stu3_15.mp4,front_raise,test,4,/content/drive/MyDrive/FinalProjectCV/CV_Image_pose_detection/Data/LLSP/annotation_cleaned/pose_features/stu3_15.npy,/content/drive/MyDrive/FinalProjectCV/CV_Image_pose_detection/Data/LLSP/annotation_cleaned/pose_sequences/stu3_15_sequence.npy,ok,719,598,0.8317107093184979,0.6809795498847961,
stu3_18.mp4,front_raise,test,16,/content/drive/MyDrive/FinalProjectCV/CV_Image_pose_detection/Data/LLSP/annotation_cleaned/pose_features/stu3_18.npy,/content/drive/MyDrive/FinalProjectCV/CV_Image_pose_detection/Data/LLSP/annotation_cleaned/pose_sequences/stu3_18_sequence.npy,ok,1138,1138,1.0,0.8973640203475952,
stu5_16.mp4,front_raise,test,10,/content/drive/MyDrive/FinalProjectCV/CV_Image_pose_detection/Data/LLSP/annotation_cleaned/pose_features/stu5_16.npy,/content/drive/MyDrive/FinalProjectCV/CV_Image_pose_detection/Data/LLSP/annotation_cleaned/pose_sequences/stu5_16_sequence.npy,ok,779,777,0.9974326059050064,0.7504908442497253,
stu8_34.mp4,jump_jacks,test,5,/content/drive/MyDrive/FinalProjectCV/CV_Image_pose_detection/Data/LLSP/annotation_cleaned/pose_features/stu8_34.npy,/content/drive/MyDrive/FinalProjectCV/CV_Image_pose_detection/Data/LLSP/annotation_cleaned/pose_sequences/stu8_34_sequence.npy,ok,360,360,1.0,0.898518979549408,
stu8_57.mp4,sit_up,test,7,/content/drive/MyDrive/FinalProjectCV/CV_Image_pose_detection/Data/LLSP/annotation_cleaned/pose_features/stu8_57.npy,/content/drive/MyDrive/FinalProjectCV/CV_Image_pose_detection/Data/LLSP/annotation_cleaned/pose_sequences/stu8_57_sequence.npy,ok,389,384,0.987146529562982,0.7120794653892517,
stu8_46.mp4,push_up,test,19,/content/drive/MyDrive/FinalProjectCV/CV_Image_pose_detection/Data/LLSP/annotation_cleaned/pose_features/stu8_46.npy,/content/drive/MyDrive/FinalProjectCV/CV_Image_pose_detection/Data/LLSP/annotation_cleaned/pose_sequences/stu8_46_sequence.npy,ok,1050,1050,1.0,0.8958314061164856,
stu4_47.mp4,push_up,test,37,/content/drive/MyDrive/FinalProjectCV/CV_Image_pose_detection/Data/LLSP/annotation_cleaned/pose_features/stu4_47.npy,/content/drive/MyDrive/FinalProjectCV/CV_Image_pose_detection/Data/LLSP/annotation_cleaned/pose_sequences/stu4_47_sequence.npy,ok,1734,1108,0.6389850057670127,0.5337739586830139,
stu2_6.mp4,bench_pressing,test,4,/content/drive/MyDrive/FinalProjectCV/CV_Image_pose_detection/Data/LLSP/annotation_cleaned/pose_features/stu2_6.npy,/content/drive/MyDrive/FinalProjectCV/CV_Image_pose_detection/Data/LLSP/annotation_cleaned/pose_sequences/stu2_6_sequence.npy,ok,825,825,1.0,0.7996500134468079,
stu1_36.mp4,pull_up,test,9,/content/drive/MyDrive/FinalProjectCV/CV_Image_pose_detection/Data/LLSP/annotation_cleaned/pose_features/stu1_36.npy,/content/drive/MyDrive/FinalProjectCV/CV_Image_pose_detection/Data/LLSP/annotation_cleaned/pose_sequences/stu1_36_sequence.npy,ok,1079,1079,1.0,0.75165194272995,
stu13_30.mp4,pommelhorse,test,29,/content/drive/MyDrive/FinalProjectCV/CV_Image_pose_detection/Data/LLSP/annotation_cleaned/pose_features/stu13_30.npy,/content/drive/MyDrive/FinalProjectCV/CV_Image_pose_detection/Data/LLSP/annotation_cleaned/pose_sequences/stu13_30_sequence.npy,ok,800,799,0.99875,0.6455972790718079,
stu13_31.mp4,pommelhorse,test,41,/content/drive/MyDrive/FinalProjectCV/CV_Image_pose_detection/Data/LLSP/annotation_cleaned/pose_features/stu13_31.npy,/content/drive/MyDrive/FinalProjectCV/CV_Image_pose_detection/Data/LLSP/annotation_cleaned/pose_sequences/stu13_31_sequence.npy,ok,1125,1112,0.9884444444444445,0.6388317942619324,
stu13_32.mp4,pommelhorse,test,10,/content/drive/MyDrive/FinalProjectCV/CV_Image_pose_detection/Data/LLSP/annotation_cleaned/pose_features/stu13_32.npy,/content/drive/MyDrive/FinalProjectCV/CV_Image_pose_detection/Data/LLSP/annotation_cleaned/pose_sequences/stu13_32_sequence.npy,ok,360,357,0.9916666666666667,0.7213801145553589,
stu13_33.mp4,pommelhorse,test,33,/content/drive/MyDrive/FinalProjectCV/CV_Image_pose_detection/Data/LLSP/annotation_cleaned/pose_features/stu13_33.npy,/content/drive/MyDrive/FinalProjectCV/CV_Image_pose_detection/Data/LLSP/annotation_cleaned/pose_sequences/stu13_33_sequence.npy,ok,1013,927,0.9151036525172754,0.4984951615333557,
stu13_34.mp4,pommelhorse,test,13,/content/drive/MyDrive/FinalProjectCV/CV_Image_pose_detection/Data/LLSP/annotation_cleaned/pose_features/stu13_34.npy,/content/drive/MyDrive/FinalProjectCV/CV_Image_pose_detection/Data/LLSP/annotation_cleaned/pose_sequences/stu13_34_sequence.npy,ok,360,339,0.9416666666666667,0.5741126537322998,
stu13_35.mp4,pommelhorse,test,33,/content/drive/MyDrive/FinalProjectCV/CV_Image_pose_detection/Data/LLSP/annotation_cleaned/pose_features/stu13_35.npy,/content/drive/MyDrive/FinalProjectCV/CV_Image_pose_detection/Data/LLSP/annotation_cleaned/pose_sequences/stu13_35_sequence.npy,ok,834,828,0.9928057553956835,0.6732494235038757,
stu13_36.mp4,pommelhorse,test,31,/content/drive/MyDrive/FinalProjectCV/CV_Image_pose_detection/Data/LLSP/annotation_cleaned/pose_features/stu13_36.npy,/content/drive/MyDrive/FinalProjectCV/CV_Image_pose_detection/Data/LLSP/annotation_cleaned/pose_sequences/stu13_36_sequence.npy,ok,609,599,0.9835796387520526,0.6637626886367798,
stu13_37.mp4,pommelhorse,test,37,/content/drive/MyDrive/FinalProjectCV/CV_Image_pose_detection/Data/LLSP/annotation_cleaned/pose_features/stu13_37.npy,/content/drive/MyDrive/FinalProjectCV/CV_Image_pose_detection/Data/LLSP/annotation_cleaned/pose_sequences/stu13_37_sequence.npy,ok,882,865,0.9807256235827665,0.6771981716156006,
stu13_38.mp4,pommelhorse,test,34,/content/drive/MyDrive/FinalProjectCV/CV_Image_pose_detection/Data/LLSP/annotation_cleaned/pose_features/stu13_38.npy,/content/drive/MyDrive/FinalProjectCV/CV_Image_pose_detection/Data/LLSP/annotation_cleaned/pose_sequences/stu13_38_sequence.npy,ok,1079,1073,0.9944392956441149,0.7044149041175842,
stu13_39.mp4,pommelhorse,test,32,/content/drive/MyDrive/FinalProjectCV/CV_Image_pose_detection/Data/LLSP/annotation_cleaned/pose_features/stu13_39.npy,/content/drive/MyDrive/FinalProjectCV/CV_Image_pose_detection/Data/LLSP/annotation_cleaned/pose_sequences/stu13_39_sequence.npy,ok,721,713,0.9889042995839112,0.6462334990501404,
stu12_30.mp4,pommelhorse,test,25,/content/drive/MyDrive/FinalProjectCV/CV_Image_pose_detection/Data/LLSP/annotation_cleaned/pose_features/stu12_30.npy,/content/drive/MyDrive/FinalProjectCV/CV_Image_pose_detection/Data/LLSP/annotation_cleaned/pose_sequences/stu12_30_sequence.npy,ok,645,630,0.9767441860465116,0.6334625482559204,
stu12_31.mp4,pommelhorse,test,32,/content/drive/MyDrive/FinalProjectCV/CV_Image_pose_detection/Data/LLSP/annotation_cleaned/pose_features/stu12_31.npy,/content/drive/MyDrive/FinalProjectCV/CV_Image_pose_detection/Data/LLSP/annotation_cleaned/pose_sequences/stu12_31_sequence.npy,ok,929,692,0.7448869752421959,0.46535003185272217,
stu12_32.mp4,pommelhorse,test,35,/content/drive/MyDrive/FinalProjectCV/CV_Image_pose_detection/Data/LLSP/annotation_cleaned/pose_features/stu12_32.npy,/content/drive/MyDrive/FinalProjectCV/CV_Image_pose_detection/Data/LLSP/annotation_cleaned/pose_sequences/stu12_32_sequence.npy,ok,838,509,0.6073985680190931,0.47665223479270935,
stu12_33.mp4,pommelhorse,test,27,/content/drive/MyDrive/FinalProjectCV/CV_Image_pose_detection/Data/LLSP/annotation_cleaned/pose_features/stu12_33.npy,/content/drive/MyDrive/FinalProjectCV/CV_Image_pose_detection/Data/LLSP/annotation_cleaned/pose_sequences/stu12_33_sequence.npy,ok,792,785,0.9911616161616161,0.7176982760429382,
stu12_34.mp4,pommelhorse,test,26,/content/drive/MyDrive/FinalProjectCV/CV_Image_pose_detection/Data/LLSP/annotation_cleaned/pose_features/stu12_34.npy,/content/drive/MyDrive/FinalProjectCV/CV_Image_pose_detection/Data/LLSP/annotation_cleaned/pose_sequences/stu12_34_sequence.npy,ok,1120,1049,0.9366071428571429,0.6243510842323303,
train951.mp4,front_raise,train,4,/content/drive/MyDrive/FinalProjectCV/CV_Image_pose_detection/Data/LLSP/annotation_cleaned/pose_features/train951.npy,/content/drive/MyDrive/FinalProjectCV/CV_Image_pose_detection/Data/LLSP/annotation_cleaned/pose_sequences/train951_sequence.npy,ok,300,300,1.0,0.8291391134262085,
train952.mp4,front_raise,train,10,/content/drive/MyDrive/FinalProjectCV/CV_Image_pose_detection/Data/LLSP/annotation_cleaned/pose_features/train952.npy,/content/drive/MyDrive/FinalProjectCV/CV_Image_pose_detection/Data/LLSP/annotation_cleaned/pose_sequences/train952_sequence.npy,ok,300,271,0.9033333333333333,0.558772623538971,
test1463.mp4,pull_up,train,7,/content/drive/MyDrive/FinalProjectCV/CV_Image_pose_detection/Data/LLSP/annotation_cleaned/pose_features/test1463.npy,/content/drive/MyDrive/FinalProjectCV/CV_Image_pose_detection/Data/LLSP/annotation_cleaned/pose_sequences/test1463_sequence.npy,ok,300,300,1.0,0.78156977891922,
test2340.mp4,squat,train,4,/content/drive/MyDrive/FinalProjectCV/CV_Image_pose_detection/Data/LLSP/annotation_cleaned/pose_features/test2340.npy,/content/drive/MyDrive/FinalProjectCV/CV_Image_pose_detection/Data/LLSP/annotation_cleaned/pose_sequences/test2340_sequence.npy,ok,300,216,0.72,0.6383001804351807,
stu5_11.mp4,front_raise,train,6,/content/drive/MyDrive/FinalProjectCV/CV_Image_pose_detection/Data/LLSP/annotation_cleaned/pose_features/stu5_11.npy,/content/drive/MyDrive/FinalProjectCV/CV_Image_pose_detection/Data/LLSP/annotation_cleaned/pose_sequences/stu5_11_sequence.npy,ok,863,751,0.8702201622247973,0.7397972941398621,
stu9_2.mp4,bench_pressing,train,3,/content/drive/MyDrive/FinalProjectCV/CV_Image_pose_detection/Data/LLSP/annotation_cleaned/pose_features/stu9_2.npy,/content/drive/MyDrive/FinalProjectCV/CV_Image_pose_detection/Data/LLSP/annotation_cleaned/pose_sequences/stu9_2_sequence.npy,ok,1283,1250,0.9742790335151987,0.7721571326255798,
stu6_18.mp4,jump_jacks,train,11,/content/drive/MyDrive/FinalProjectCV/CV_Image_pose_detection/Data/LLSP/annotation_cleaned/pose_features/stu6_18.npy,/content/drive/MyDrive/FinalProjectCV/CV_Image_pose_detection/Data/LLSP/annotation_cleaned/pose_sequences/stu6_18_sequence.npy,ok,1311,1311,1.0,0.9101828932762146,
stu4_14.mp4,front_raise,train,5,/content/drive/MyDrive/FinalProjectCV/CV_Image_pose_detection/Data/LLSP/annotation_cleaned/pose_features/stu4_14.npy,/content/drive/MyDrive/FinalProjectCV/CV_Image_pose_detection/Data/LLSP/annotation_cleaned/pose_sequences/stu4_14_sequence.npy,ok,500,500,1.0,0.7271203398704529,
stu8_3.mp4,bench_pressing,train,9,/content/drive/MyDrive/FinalProjectCV/CV_Image_pose_detection/Data/LLSP/annotation_cleaned/pose_features/stu8_3.npy,/content/drive/MyDrive/FinalProjectCV/CV_Image_pose_detection/Data/LLSP/annotation_cleaned/pose_sequences/stu8_3_sequence.npy,ok,653,520,0.7963246554364471,0.5058218836784363,
stu4_54.mp4,sit_up,train,4,/content/drive/MyDrive/FinalProjectCV/CV_Image_pose_detection/Data/LLSP/annotation_cleaned/pose_features/stu4_54.npy,/content/drive/MyDrive/FinalProjectCV/CV_Image_pose_detection/Data/LLSP/annotation_cleaned/pose_sequences/stu4_54_sequence.npy,ok,1379,1375,0.9970993473531544,0.8437081575393677,
test128.mp4,bench_pressing,train,2,/content/drive/MyDrive/FinalProjectCV/CV_Image_pose_detection/Data/LLSP/annotation_cleaned/pose_features/test128.npy,/content/drive/MyDrive/FinalProjectCV/CV_Image_pose_detection/Data/LLSP/annotation_cleaned/pose_sequences/test128_sequence.npy,ok,160,49,0.30625,0.30304959416389465,
stu4_66.mp4,squat,train,27,/content/drive/MyDrive/FinalProjectCV/CV_Image_pose_detection/Data/LLSP/annotation_cleaned/pose_features/stu4_66.npy,/content/drive/MyDrive/FinalProjectCV/CV_Image_pose_detection/Data/LLSP/annotation_cleaned/pose_sequences/stu4_66_sequence.npy,ok,1125,950,0.8444444444444444,0.797760546207428,
stu5_61.mp4,sit_up,train,2,/content/drive/MyDrive/FinalProjectCV/CV_Image_pose_detection/Data/LLSP/annotation_cleaned/pose_features/stu5_61.npy,/content/drive/MyDrive/FinalProjectCV/CV_Image_pose_detection/Data/LLSP/annotation_cleaned/pose_sequences/stu5_61_sequence.npy,ok,208,198,0.9519230769230769,0.6746585369110107,
stu6_35.mp4,pull_up,train,5,/content/drive/MyDrive/FinalProjectCV/CV_Image_pose_detection/Data/LLSP/annotation_cleaned/pose_features/stu6_35.npy,/content/drive/MyDrive/FinalProjectCV/CV_Image_pose_detection/Data/LLSP/annotation_cleaned/pose_sequences/stu6_35_sequence.npy,ok,330,323,0.9787878787878788,0.48646172881126404,
val77.mp4,bench_pressing,train,3,/content/drive/MyDrive/FinalProjectCV/CV_Image_pose_detection/Data/LLSP/annotation_cleaned/pose_features/val77.npy,/content/drive/MyDrive/FinalProjectCV/CV_Image_pose_detection/Data/LLSP/annotation_cleaned/pose_sequences/val77_sequence.npy,ok,139,139,1.0,0.8339123725891113,
stu9_63.mp4,squat,train,20,/content/drive/MyDrive/FinalProjectCV/CV_Image_pose_detection/Data/LLSP/annotation_cleaned/pose_features/stu9_63.npy,/content/drive/MyDrive/FinalProjectCV/CV_Image_pose_detection/Data/LLSP/annotation_cleaned/pose_sequences/stu9_63_sequence.npy,ok,1350,1341,0.9933333333333333,0.9422809481620789,
stu5_52.mp4,sit_up,train,4,/content/drive/MyDrive/FinalProjectCV/CV_Image_pose_detection/Data/LLSP/annotation_cleaned/pose_features/stu5_52.npy,/content/drive/MyDrive/FinalProjectCV/CV_Image_pose_detection/Data/LLSP/annotation_cleaned/pose_sequences/stu5_52_sequence.npy,ok,1111,1110,0.9990999099909991,0.7722926139831543,
stu2_35.mp4,pull_up,train,6,/content/drive/MyDrive/FinalProjectCV/CV_Image_pose_detection/Data/LLSP/annotation_cleaned/pose_features/stu2_35.npy,/content/drive/MyDrive/FinalProjectCV/CV_Image_pose_detection/Data/LLSP/annotation_cleaned/pose_sequences/stu2_35_sequence.npy,ok,810,760,0.9382716049382716,0.48983466625213623,
stu6_1.mp4,bench_pressing,train,5,/content/drive/MyDrive/FinalProjectCV/CV_Image_pose_detection/Data/LLSP/annotation_cleaned/pose_features/stu6_1.npy,/content/drive/MyDrive/FinalProjectCV/CV_Image_pose_detection/Data/LLSP/annotation_cleaned/pose_sequences/stu6_1_sequence.npy,ok,960,535,0.5572916666666666,0.5887733697891235,
stu7_57.mp4,sit_up,train,43,/content/drive/MyDrive/FinalProjectCV/CV_Image_pose_detection/Data/LLSP/annotation_cleaned/pose_features/stu7_57.npy,/content/drive/MyDrive/FinalProjectCV/CV_Image_pose_detection/Data/LLSP/annotation_cleaned/pose_sequences/stu7_57_sequence.npy,ok,1707,117,0.06854130052724078,0.23666726052761078,
train133.mp4,bench_pressing,train,10,/content/drive/MyDrive/FinalProjectCV/CV_Image_pose_detection/Data/LLSP/annotation_cleaned/pose_features/train133.npy,/content/drive/MyDrive/FinalProjectCV/CV_Image_pose_detection/Data/LLSP/annotation_cleaned/pose_sequences/train133_sequence.npy,ok,298,253,0.8489932885906041,0.6087365746498108,
stu7_49.mp4,push_up,train,50,/content/drive/MyDrive/FinalProjectCV/CV_Image_pose_detection/Data/LLSP/annotation_cleaned/pose_features/stu7_49.npy,/content/drive/MyDrive/FinalProjectCV/CV_Image_pose_detection/Data/LLSP/annotation_cleaned/pose_sequences/stu7_49_sequence.npy,ok,1700,1644,0.9670588235294117,0.6873979568481445,
stu9_51.mp4,push_up,train,62,/content/drive/MyDrive/FinalProjectCV/CV_Image_pose_detection/Data/LLSP/annotation_cleaned/pose_features/stu9_51.npy,/content/drive/MyDrive/FinalProjectCV/CV_Image_pose_detection/Data/LLSP/annotation_cleaned/pose_sequences/stu9_51_sequence.npy,ok,1440,1439,0.9993055555555556,0.711107611656189,
train3301.mp4,sit_up,train,4,/content/drive/MyDrive/FinalProjectCV/CV_Image_pose_detection/Data/LLSP/annotation_cleaned/pose_features/train3301.npy,/content/drive/MyDrive/FinalProjectCV/CV_Image_pose_detection/Data/LLSP/annotation_cleaned/pose_sequences/train3301_sequence.npy,ok,84,62,0.7380952380952381,0.4506581723690033,
stu10_50.mp4,push_up,train,31,/content/drive/MyDrive/FinalProjectCV/CV_Image_pose_detection/Data/LLSP/annotation_cleaned/pose_features/stu10_50.npy,/content/drive/MyDrive/FinalProjectCV/CV_Image_pose_detection/Data/LLSP/annotation_cleaned/pose_sequences/stu10_50_sequence.npy,ok,775,759,0.9793548387096774,0.7516876459121704,
stu8_35.mp4,pull_up,train,11,/content/drive/MyDrive/FinalProjectCV/CV_Image_pose_detection/Data/LLSP/annotation_cleaned/pose_features/stu8_35.npy,/content/drive/MyDrive/FinalProjectCV/CV_Image_pose_detection/Data/LLSP/annotation_cleaned/pose_sequences/stu8_35_sequence.npy,ok,1500,1491,0.994,0.6257364153862,
stu1_68.mp4,squat,train,20,/content/drive/MyDrive/FinalProjectCV/CV_Image_pose_detection/Data/LLSP/annotation_cleaned/pose_features/stu1_68.npy,/content/drive/MyDrive/FinalProjectCV/CV_Image_pose_detection/Data/LLSP/annotation_cleaned/pose_sequences/stu1_68_sequence.npy,ok,936,936,1.0,0.955237865447998,
train1605.mp4,jump_jacks,train,5,/content/drive/MyDrive/FinalProjectCV/CV_Image_pose_detection/Data/LLSP/annotation_cleaned/pose_features/train1605.npy,/content/drive/MyDrive/FinalProjectCV/CV_Image_pose_detection/Data/LLSP/annotation_cleaned/pose_sequences/train1605_sequence.npy,ok,249,24,0.0963855421686747,0.29779738187789917,
train940.mp4,front_raise,train,5,/content/drive/MyDrive/FinalProjectCV/CV_Image_pose_detection/Data/LLSP/annotation_cleaned/pose_features/train940.npy,/content/drive/MyDrive/FinalProjectCV/CV_Image_pose_detection/Data/LLSP/annotation_cleaned/pose_sequences/train940_sequence.npy,ok,300,300,1.0,0.708003044128418,
stu7_34.mp4,jump_jacks,train,44,/content/drive/MyDrive/FinalProjectCV/CV_Image_pose_detection/Data/LLSP/annotation_cleaned/pose_features/stu7_34.npy,/content/drive/MyDrive/FinalProjectCV/CV_Image_pose_detection/Data/LLSP/annotation_cleaned/pose_sequences/stu7_34_sequence.npy,ok,1000,1000,1.0,0.9656955599784851,
stu2_58.mp4,sit_up,train,37,/content/drive/MyDrive/FinalProjectCV/CV_Image_pose_detection/Data/LLSP/annotation_cleaned/pose_features/stu2_58.npy,/content/drive/MyDrive/FinalProjectCV/CV_Image_pose_detection/Data/LLSP/annotation_cleaned/pose_sequences/stu2_58_sequence.npy,ok,1799,1792,0.9961089494163424,0.7911003232002258,
stu4_50.mp4,sit_up,train,3,/content/drive/MyDrive/FinalProjectCV/CV_Image_pose_detection/Data/LLSP/annotation_cleaned/pose_features/stu4_50.npy,/content/drive/MyDrive/FinalProjectCV/CV_Image_pose_detection/Data/LLSP/annotation_cleaned/pose_sequences/stu4_50_sequence.npy,ok,778,478,0.6143958868894601,0.3792264461517334,
stu1_33.mp4,pull_up,train,28,/content/drive/MyDrive/FinalProjectCV/CV_Image_pose_detection/Data/LLSP/annotation_cleaned/pose_features/stu1_33.npy,/content/drive/MyDrive/FinalProjectCV/CV_Image_pose_detection/Data/LLSP/annotation_cleaned/pose_sequences/stu1_33_sequence.npy,ok,2308,2307,0.9995667244367418,0.8902743458747864,
stu9_22.mp4,front_raise,train,6,/content/drive/MyDrive/FinalProjectCV/CV_Image_pose_detection/Data/LLSP/annotation_cleaned/pose_features/stu9_22.npy,/content/drive/MyDrive/FinalProjectCV/CV_Image_pose_detection/Data/LLSP/annotation_cleaned/pose_sequences/stu9_22_sequence.npy,ok,899,697,0.7753058954393771,0.5809636116027832,
stu7_3.mp4,bench_pressing,train,12,/content/drive/MyDrive/FinalProjectCV/CV_Image_pose_detection/Data/LLSP/annotation_cleaned/pose_features/stu7_3.npy,/content/drive/MyDrive/FinalProjectCV/CV_Image_pose_detection/Data/LLSP/annotation_cleaned/pose_sequences/stu7_3_sequence.npy,ok,930,930,1.0,0.7008844614028931,
stu1_14.mp4,front_raise,train,3,/content/drive/MyDrive/FinalProjectCV/CV_Image_pose_detection/Data/LLSP/annotation_cleaned/pose_features/stu1_14.npy,/content/drive/MyDrive/FinalProjectCV/CV_Image_pose_detection/Data/LLSP/annotation_cleaned/pose_sequences/stu1_14_sequence.npy,ok,671,671,1.0,0.9374964237213135,
stu3_42.mp4,push_up,train,10,/content/drive/MyDrive/FinalProjectCV/CV_Image_pose_detection/Data/LLSP/annotation_cleaned/pose_features/stu3_42.npy,/content/drive/MyDrive/FinalProjectCV/CV_Image_pose_detection/Data/LLSP/annotation_cleaned/pose_sequences/stu3_42_sequence.npy,ok,812,715,0.8805418719211823,0.6558211445808411,
stu4_15.mp4,jump_jacks,train,16,/content/drive/MyDrive/FinalProjectCV/CV_Image_pose_detection/Data/LLSP/annotation_cleaned/pose_features/stu4_15.npy,/content/drive/MyDrive/FinalProjectCV/CV_Image_pose_detection/Data/LLSP/annotation_cleaned/pose_sequences/stu4_15_sequence.npy,ok,480,480,1.0,0.9505524039268494,
stu6_62.mp4,squat,train,20,/content/drive/MyDrive/FinalProjectCV/CV_Image_pose_detection/Data/LLSP/annotation_cleaned/pose_features/stu6_62.npy,/content/drive/MyDrive/FinalProjectCV/CV_Image_pose_detection/Data/LLSP/annotation_cleaned/pose_sequences/stu6_62_sequence.npy,ok,749,748,0.9986648865153538,0.8387411236763,
train987.mp4,front_raise,train,7,/content/drive/MyDrive/FinalProjectCV/CV_Image_pose_detection/Data/LLSP/annotation_cleaned/pose_features/train987.npy,/content/drive/MyDrive/FinalProjectCV/CV_Image_pose_detection/Data/LLSP/annotation_cleaned/pose_sequences/train987_sequence.npy,ok,290,173,0.596551724137931,0.4118337035179138,
stu8_64.mp4,squat,train,3,/content/drive/MyDrive/FinalProjectCV/CV_Image_pose_detection/Data/LLSP/annotation_cleaned/pose_features/stu8_64.npy,/content/drive/MyDrive/FinalProjectCV/CV_Image_pose_detection/Data/LLSP/annotation_cleaned/pose_sequences/stu8_64_sequence.npy,ok,250,211,0.844,0.4487508535385132,
stu4_39.mp4,pull_up,train,1,/content/drive/MyDrive/FinalProjectCV/CV_Image_pose_detection/Data/LLSP/annotation_cleaned/pose_features/stu4_39.npy,/content/drive/MyDrive/FinalProjectCV/CV_Image_pose_detection/Data/LLSP/annotation_cleaned/pose_sequences/stu4_39_sequence.npy,ok,324,313,0.9660493827160493,0.7284347414970398,
stu2_40.mp4,pull_up,train,12,/content/drive/MyDrive/FinalProjectCV/CV_Image_pose_detection/Data/LLSP/annotation_cleaned/pose_features/stu2_40.npy,/content/drive/MyDrive/FinalProjectCV/CV_Image_pose_detection/Data/LLSP/annotation_cleaned/pose_sequences/stu2_40_sequence.npy,ok,960,960,1.0,0.7590758204460144,
stu7_18.mp4,front_raise,train,5,/content/drive/MyDrive/FinalProjectCV/CV_Image_pose_detection/Data/LLSP/annotation_cleaned/pose_features/stu7_18.npy,/content/drive/MyDrive/FinalProjectCV/CV_Image_pose_detection/Data/LLSP/annotation_cleaned/pose_sequences/stu7_18_sequence.npy,ok,750,750,1.0,0.8186452388763428,
train160.mp4,bench_pressing,train,7,/content/drive/MyDrive/FinalProjectCV/CV_Image_pose_detection/Data/LLSP/annotation_cleaned/pose_features/train160.npy,/content/drive/MyDrive/FinalProjectCV/CV_Image_pose_detection/Data/LLSP/annotation_cleaned/pose_sequences/train160_sequence.npy,ok,286,282,0.986013986013986,0.6234873533248901,
stu7_67.mp4,squat,train,29,/content/drive/MyDrive/FinalProjectCV/CV_Image_pose_detection/Data/LLSP/annotation_cleaned/pose_features/stu7_67.npy,/content/drive/MyDrive/FinalProjectCV/CV_Image_pose_detection/Data/LLSP/annotation_cleaned/pose_sequences/stu7_67_sequence.npy,ok,1601,1601,1.0,0.9632046818733215,
train180.mp4,bench_pressing,train,3,/content/drive/MyDrive/FinalProjectCV/CV_Image_pose_detection/Data/LLSP/annotation_cleaned/pose_features/train180.npy,/content/drive/MyDrive/FinalProjectCV/CV_Image_pose_detection/Data/LLSP/annotation_cleaned/pose_sequences/train180_sequence.npy,ok,250,250,1.0,0.7954059839248657,
stu6_29.mp4,pull_up,train,5,/content/drive/MyDrive/FinalProjectCV/CV_Image_pose_detection/Data/LLSP/annotation_cleaned/pose_features/stu6_29.npy,/content/drive/MyDrive/FinalProjectCV/CV_Image_pose_detection/Data/LLSP/annotation_cleaned/pose_sequences/stu6_29_sequence.npy,ok,275,275,1.0,0.9259742498397827,
stu10_46.mp4,push_up,train,11,/content/drive/MyDrive/FinalProjectCV/CV_Image_pose_detection/Data/LLSP/annotation_cleaned/pose_features/stu10_46.npy,/content/drive/MyDrive/FinalProjectCV/CV_Image_pose_detection/Data/LLSP/annotation_cleaned/pose_sequences/stu10_46_sequence.npy,ok,719,697,0.9694019471488178,0.673944354057312,
stu6_33.mp4,pull_up,train,6,/content/drive/MyDrive/FinalProjectCV/CV_Image_pose_detection/Data/LLSP/annotation_cleaned/pose_features/stu6_33.npy,/content/drive/MyDrive/FinalProjectCV/CV_Image_pose_detection/Data/LLSP/annotation_cleaned/pose_sequences/stu6_33_sequence.npy,ok,578,540,0.9342560553633218,0.7275335192680359,
stu4_33.mp4,pull_up,train,6,/content/drive/MyDrive/FinalProjectCV/CV_Image_pose_detection/Data/LLSP/annotation_cleaned/pose_features/stu4_33.npy,/content/drive/MyDrive/FinalProjectCV/CV_Image_pose_detection/Data/LLSP/annotation_cleaned/pose_sequences/stu4_33_sequence.npy,ok,479,465,0.9707724425887265,0.7815117835998535,
stu3_65.mp4,squat,train,6,/content/drive/MyDrive/FinalProjectCV/CV_Image_pose_detection/Data/LLSP/annotation_cleaned/pose_features/stu3_65.npy,/content/drive/MyDrive/FinalProjectCV/CV_Image_pose_detection/Data/LLSP/annotation_cleaned/pose_sequences/stu3_65_sequence.npy,ok,1109,1109,1.0,0.9516745209693909,
stu6_8.mp4,front_raise,train,6,/content/drive/MyDrive/FinalProjectCV/CV_Image_pose_detection/Data/LLSP/annotation_cleaned/pose_features/stu6_8.npy,/content/drive/MyDrive/FinalProjectCV/CV_Image_pose_detection/Data/LLSP/annotation_cleaned/pose_sequences/stu6_8_sequence.npy,ok,900,898,0.9977777777777778,0.8621803522109985,
stu1_41.mp4,pull_up,train,12,/content/drive/MyDrive/FinalProjectCV/CV_Image_pose_detection/Data/LLSP/annotation_cleaned/pose_features/stu1_41.npy,/content/drive/MyDrive/FinalProjectCV/CV_Image_pose_detection/Data/LLSP/annotation_cleaned/pose_sequences/stu1_41_sequence.npy,ok,1800,1756,0.9755555555555555,0.8466193079948425,
train2719.mp4,push_up,train,3,/content/drive/MyDrive/FinalProjectCV/CV_Image_pose_detection/Data/LLSP/annotation_cleaned/pose_features/train2719.npy,/content/drive/MyDrive/FinalProjectCV/CV_Image_pose_detection/Data/LLSP/annotation_cleaned/pose_sequences/train2719_sequence.npy,ok,289,226,0.7820069204152249,0.5458065867424011,
stu9_26.mp4,front_raise,train,3,/content/drive/MyDrive/FinalProjectCV/CV_Image_pose_detection/Data/LLSP/annotation_cleaned/pose_features/stu9_26.npy,/content/drive/MyDrive/FinalProjectCV/CV_Image_pose_detection/Data/LLSP/annotation_cleaned/pose_sequences/stu9_26_sequence.npy,ok,449,448,0.9977728285077951,0.8470417857170105,
stu7_60.mp4,sit_up,train,26,/content/drive/MyDrive/FinalProjectCV/CV_Image_pose_detection/Data/LLSP/annotation_cleaned/pose_features/stu7_60.npy,/content/drive/MyDrive/FinalProjectCV/CV_Image_pose_detection/Data/LLSP/annotation_cleaned/pose_sequences/stu7_60_sequence.npy,ok,1199,1199,1.0,0.9056425094604492,
stu2_51.mp4,push_up,train,19,/content/drive/MyDrive/FinalProjectCV/CV_Image_pose_detection/Data/LLSP/annotation_cleaned/pose_features/stu2_51.npy,/content/drive/MyDrive/FinalProjectCV/CV_Image_pose_detection/Data/LLSP/annotation_cleaned/pose_sequences/stu2_51_sequence.npy,ok,1171,1013,0.8650725875320239,0.6988743543624878,
stu8_1.mp4,bench_pressing,train,3,/content/drive/MyDrive/FinalProjectCV/CV_Image_pose_detection/Data/LLSP/annotation_cleaned/pose_features/stu8_1.npy,/content/drive/MyDrive/FinalProjectCV/CV_Image_pose_detection/Data/LLSP/annotation_cleaned/pose_sequences/stu8_1_sequence.npy,ok,581,528,0.9087779690189329,0.5520282983779907,
stu10_64.mp4,squat,train,2,/content/drive/MyDrive/FinalProjectCV/CV_Image_pose_detection/Data/LLSP/annotation_cleaned/pose_features/stu10_64.npy,/content/drive/MyDrive/FinalProjectCV/CV_Image_pose_detection/Data/LLSP/annotation_cleaned/pose_sequences/stu10_64_sequence.npy,ok,390,390,1.0,0.6777296662330627,
stu10_31.mp4,jump_jacks,train,10,/content/drive/MyDrive/FinalProjectCV/CV_Image_pose_detection/Data/LLSP/annotation_cleaned/pose_features/stu10_31.npy,/content/drive/MyDrive/FinalProjectCV/CV_Image_pose_detection/Data/LLSP/annotation_cleaned/pose_sequences/stu10_31_sequence.npy,ok,299,299,1.0,0.9721973538398743,
train2712.mp4,push_up,train,6,/content/drive/MyDrive/FinalProjectCV/CV_Image_pose_detection/Data/LLSP/annotation_cleaned/pose_features/train2712.npy,/content/drive/MyDrive/FinalProjectCV/CV_Image_pose_detection/Data/LLSP/annotation_cleaned/pose_sequences/train2712_sequence.npy,ok,300,300,1.0,0.8048299551010132,
stu1_22.mp4,jump_jacks,train,9,/content/drive/MyDrive/FinalProjectCV/CV_Image_pose_detection/Data/LLSP/annotation_cleaned/pose_features/stu1_22.npy,/content/drive/MyDrive/FinalProjectCV/CV_Image_pose_detection/Data/LLSP/annotation_cleaned/pose_sequences/stu1_22_sequence.npy,ok,216,216,1.0,0.9660465121269226,
stu4_25.mp4,jump_jacks,train,6,/content/drive/MyDrive/FinalProjectCV/CV_Image_pose_detection/Data/LLSP/annotation_cleaned/pose_features/stu4_25.npy,/content/drive/MyDrive/FinalProjectCV/CV_Image_pose_detection/Data/LLSP/annotation_cleaned/pose_sequences/stu4_25_sequence.npy,ok,598,519,0.8678929765886287,0.8444754481315613,
stu3_61.mp4,squat,train,19,/content/drive/MyDrive/FinalProjectCV/CV_Image_pose_detection/Data/LLSP/annotation_cleaned/pose_features/stu3_61.npy,/content/drive/MyDrive/FinalProjectCV/CV_Image_pose_detection/Data/LLSP/annotation_cleaned/pose_sequences/stu3_61_sequence.npy,ok,1349,1349,1.0,0.8113803863525391,
stu8_63.mp4,squat,train,26,/content/drive/MyDrive/FinalProjectCV/CV_Image_pose_detection/Data/LLSP/annotation_cleaned/pose_features/stu8_63.npy,/content/drive/MyDrive/FinalProjectCV/CV_Image_pose_detection/Data/LLSP/annotation_cleaned/pose_sequences/stu8_63_sequence.npy,ok,1800,1800,1.0,0.8630743026733398,
stu2_20.mp4,front_raise,train,13,/content/drive/MyDrive/FinalProjectCV/CV_Image_pose_detection/Data/LLSP/annotation_cleaned/pose_features/stu2_20.npy,/content/drive/MyDrive/FinalProjectCV/CV_Image_pose_detection/Data/LLSP/annotation_cleaned/pose_sequences/stu2_20_sequence.npy,ok,929,929,1.0,0.8340712189674377,
stu10_16.mp4,front_raise,train,6,/content/drive/MyDrive/FinalProjectCV/CV_Image_pose_detection/Data/LLSP/annotation_cleaned/pose_features/stu10_16.npy,/content/drive/MyDrive/FinalProjectCV/CV_Image_pose_detection/Data/LLSP/annotation_cleaned/pose_sequences/stu10_16_sequence.npy,ok,357,357,1.0,0.7931615114212036,
stu10_53.mp4,push_up,train,23,/content/drive/MyDrive/FinalProjectCV/CV_Image_pose_detection/Data/LLSP/annotation_cleaned/pose_features/stu10_53.npy,/content/drive/MyDrive/FinalProjectCV/CV_Image_pose_detection/Data/LLSP/annotation_cleaned/pose_sequences/stu10_53_sequence.npy,ok,690,690,1.0,0.7111538052558899,
val1089.mp4,sit_up,train,4,/content/drive/MyDrive/FinalProjectCV/CV_Image_pose_detection/Data/LLSP/annotation_cleaned/pose_features/val1089.npy,/content/drive/MyDrive/FinalProjectCV/CV_Image_pose_detection/Data/LLSP/annotation_cleaned/pose_sequences/val1089_sequence.npy,ok,200,182,0.91,0.5610460638999939,
stu3_62.mp4,squat,train,13,/content/drive/MyDrive/FinalProjectCV/CV_Image_pose_detection/Data/LLSP/annotation_cleaned/pose_features/stu3_62.npy,/content/drive/MyDrive/FinalProjectCV/CV_Image_pose_detection/Data/LLSP/annotation_cleaned/pose_sequences/stu3_62_sequence.npy,ok,1078,1078,1.0,0.8422657251358032,
stu8_56.mp4,sit_up,train,4,/content/drive/MyDrive/FinalProjectCV/CV_Image_pose_detection/Data/LLSP/annotation_cleaned/pose_features/stu8_56.npy,/content/drive/MyDrive/FinalProjectCV/CV_Image_pose_detection/Data/LLSP/annotation_cleaned/pose_sequences/stu8_56_sequence.npy,ok,364,364,1.0,0.8907182812690735,
stu10_51.mp4,push_up,train,54,/content/drive/MyDrive/FinalProjectCV/CV_Image_pose_detection/Data/LLSP/annotation_cleaned/pose_features/stu10_51.npy,/content/drive/MyDrive/FinalProjectCV/CV_Image_pose_detection/Data/LLSP/annotation_cleaned/pose_sequences/stu10_51_sequence.npy,ok,1800,1800,1.0,0.7805850505828857,
stu8_69.mp4,squat,train,19,/content/drive/MyDrive/FinalProjectCV/CV_Image_pose_detection/Data/LLSP/annotation_cleaned/pose_features/stu8_69.npy,/content/drive/MyDrive/FinalProjectCV/CV_Image_pose_detection/Data/LLSP/annotation_cleaned/pose_sequences/stu8_69_sequence.npy,ok,1229,1229,1.0,0.9698414206504822,
stu7_63.mp4,squat,train,12,/content/drive/MyDrive/FinalProjectCV/CV_Image_pose_detection/Data/LLSP/annotation_cleaned/pose_features/stu7_63.npy,/content/drive/MyDrive/FinalProjectCV/CV_Image_pose_detection/Data/LLSP/annotation_cleaned/pose_sequences/stu7_63_sequence.npy,ok,1558,1558,1.0,0.8254307508468628,
stu9_35.mp4,pull_up,train,5,/content/drive/MyDrive/FinalProjectCV/CV_Image_pose_detection/Data/LLSP/annotation_cleaned/pose_features/stu9_35.npy,/content/drive/MyDrive/FinalProjectCV/CV_Image_pose_detection/Data/LLSP/annotation_cleaned/pose_sequences/stu9_35_sequence.npy,ok,760,547,0.7197368421052631,0.4966585338115692,
stu8_44.mp4,push_up,train,22,/content/drive/MyDrive/FinalProjectCV/CV_Image_pose_detection/Data/LLSP/annotation_cleaned/pose_features/stu8_44.npy,/content/drive/MyDrive/FinalProjectCV/CV_Image_pose_detection/Data/LLSP/annotation_cleaned/pose_sequences/stu8_44_sequence.npy,ok,1789,1767,0.9877026271660145,0.6766484975814819,
train3319.mp4,sit_up,train,1,/content/drive/MyDrive/FinalProjectCV/CV_Image_pose_detection/Data/LLSP/annotation_cleaned/pose_features/train3319.npy,/content/drive/MyDrive/FinalProjectCV/CV_Image_pose_detection/Data/LLSP/annotation_cleaned/pose_sequences/train3319_sequence.npy,ok,250,196,0.784,0.6608731746673584,
stu8_4.mp4,bench_pressing,train,6,/content/drive/MyDrive/FinalProjectCV/CV_Image_pose_detection/Data/LLSP/annotation_cleaned/pose_features/stu8_4.npy,/content/drive/MyDrive/FinalProjectCV/CV_Image_pose_detection/Data/LLSP/annotation_cleaned/pose_sequences/stu8_4_sequence.npy,ok,954,952,0.9979035639412998,0.7775240540504456,
stu3_44.mp4,push_up,train,11,/content/drive/MyDrive/FinalProjectCV/CV_Image_pose_detection/Data/LLSP/annotation_cleaned/pose_features/stu3_44.npy,/content/drive/MyDrive/FinalProjectCV/CV_Image_pose_detection/Data/LLSP/annotation_cleaned/pose_sequences/stu3_44_sequence.npy,ok,637,637,1.0,0.8291659355163574,
stu7_64.mp4,squat,train,11,/content/drive/MyDrive/FinalProjectCV/CV_Image_pose_detection/Data/LLSP/annotation_cleaned/pose_features/stu7_64.npy,/content/drive/MyDrive/FinalProjectCV/CV_Image_pose_detection/Data/LLSP/annotation_cleaned/pose_sequences/stu7_64_sequence.npy,ok,1032,1032,1.0,0.9418092370033264,
train2568.mp4,pull_up,train,3,/content/drive/MyDrive/FinalProjectCV/CV_Image_pose_detection/Data/LLSP/annotation_cleaned/pose_features/train2568.npy,/content/drive/MyDrive/FinalProjectCV/CV_Image_pose_detection/Data/LLSP/annotation_cleaned/pose_sequences/train2568_sequence.npy,ok,250,231,0.924,0.6733826994895935,
train3386.mp4,sit_up,train,5,/content/drive/MyDrive/FinalProjectCV/CV_Image_pose_detection/Data/LLSP/annotation_cleaned/pose_features/train3386.npy,/content/drive/MyDrive/FinalProjectCV/CV_Image_pose_detection/Data/LLSP/annotation_cleaned/pose_sequences/train3386_sequence.npy,ok,300,292,0.9733333333333334,0.6792114973068237,
stu5_48.mp4,push_up,train,7,/content/drive/MyDrive/FinalProjectCV/CV_Image_pose_detection/Data/LLSP/annotation_cleaned/pose_features/stu5_48.npy,/content/drive/MyDrive/FinalProjectCV/CV_Image_pose_detection/Data/LLSP/annotation_cleaned/pose_sequences/stu5_48_sequence.npy,ok,1415,666,0.4706713780918728,0.406410813331604,
train2570.mp4,pull_up,train,4,/content/drive/MyDrive/FinalProjectCV/CV_Image_pose_detection/Data/LLSP/annotation_cleaned/pose_features/train2570.npy,/content/drive/MyDrive/FinalProjectCV/CV_Image_pose_detection/Data/LLSP/annotation_cleaned/pose_sequences/train2570_sequence.npy,ok,250,250,1.0,0.6517912745475769,
test586.mp4,front_raise,train,7,/content/drive/MyDrive/FinalProjectCV/CV_Image_pose_detection/Data/LLSP/annotation_cleaned/pose_features/test586.npy,/content/drive/MyDrive/FinalProjectCV/CV_Image_pose_detection/Data/LLSP/annotation_cleaned/pose_sequences/test586_sequence.npy,ok,300,300,1.0,0.7570218443870544,
stu2_38.mp4,pull_up,train,8,/content/drive/MyDrive/FinalProjectCV/CV_Image_pose_detection/Data/LLSP/annotation_cleaned/pose_features/stu2_38.npy,/content/drive/MyDrive/FinalProjectCV/CV_Image_pose_detection/Data/LLSP/annotation_cleaned/pose_sequences/stu2_38_sequence.npy,ok,879,812,0.9237770193401593,0.6338931322097778,
stu5_56.mp4,sit_up,train,29,/content/drive/MyDrive/FinalProjectCV/CV_Image_pose_detection/Data/LLSP/annotation_cleaned/pose_features/stu5_56.npy,/content/drive/MyDrive/FinalProjectCV/CV_Image_pose_detection/Data/LLSP/annotation_cleaned/pose_sequences/stu5_56_sequence.npy,ok,1560,1554,0.9961538461538462,0.6665864586830139,
train3948.mp4,squat,train,2,/content/drive/MyDrive/FinalProjectCV/CV_Image_pose_detection/Data/LLSP/annotation_cleaned/pose_features/train3948.npy,/content/drive/MyDrive/FinalProjectCV/CV_Image_pose_detection/Data/LLSP/annotation_cleaned/pose_sequences/train3948_sequence.npy,ok,204,203,0.9950980392156863,0.6117762923240662,
stu5_30.mp4,pull_up,train,4,/content/drive/MyDrive/FinalProjectCV/CV_Image_pose_detection/Data/LLSP/annotation_cleaned/pose_features/stu5_30.npy,/content/drive/MyDrive/FinalProjectCV/CV_Image_pose_detection/Data/LLSP/annotation_cleaned/pose_sequences/stu5_30_sequence.npy,ok,720,591,0.8208333333333333,0.4709008038043976,
stu9_58.mp4,sit_up,train,16,/content/drive/MyDrive/FinalProjectCV/CV_Image_pose_detection/Data/LLSP/annotation_cleaned/pose_features/stu9_58.npy,/content/drive/MyDrive/FinalProjectCV/CV_Image_pose_detection/Data/LLSP/annotation_cleaned/pose_sequences/stu9_58_sequence.npy,ok,825,817,0.9903030303030304,0.7882697582244873,
stu1_20.mp4,front_raise,train,3,/content/drive/MyDrive/FinalProjectCV/CV_Image_pose_detection/Data/LLSP/annotation_cleaned/pose_features/stu1_20.npy,/content/drive/MyDrive/FinalProjectCV/CV_Image_pose_detection/Data/LLSP/annotation_cleaned/pose_sequences/stu1_20_sequence.npy,ok,329,327,0.993920972644377,0.7656163573265076,
train3366.mp4,sit_up,train,2,/content/drive/MyDrive/FinalProjectCV/CV_Image_pose_detection/Data/LLSP/annotation_cleaned/pose_features/train3366.npy,/content/drive/MyDrive/FinalProjectCV/CV_Image_pose_detection/Data/LLSP/annotation_cleaned/pose_sequences/train3366_sequence.npy,ok,240,237,0.9875,0.6893764138221741,
train2501.mp4,pull_up,train,2,/content/drive/MyDrive/FinalProjectCV/CV_Image_pose_detection/Data/LLSP/annotation_cleaned/pose_features/train2501.npy,/content/drive/MyDrive/FinalProjectCV/CV_Image_pose_detection/Data/LLSP/annotation_cleaned/pose_sequences/train2501_sequence.npy,ok,300,300,1.0,0.7337747812271118,
stu1_55.mp4,sit_up,train,5,/content/drive/MyDrive/FinalProjectCV/CV_Image_pose_detection/Data/LLSP/annotation_cleaned/pose_features/stu1_55.npy,/content/drive/MyDrive/FinalProjectCV/CV_Image_pose_detection/Data/LLSP/annotation_cleaned/pose_sequences/stu1_55_sequence.npy,ok,1210,1170,0.9669421487603306,0.6974002122879028,
stu3_9.mp4,front_raise,train,12,/content/drive/MyDrive/FinalProjectCV/CV_Image_pose_detection/Data/LLSP/annotation_cleaned/pose_features/stu3_9.npy,/content/drive/MyDrive/FinalProjectCV/CV_Image_pose_detection/Data/LLSP/annotation_cleaned/pose_sequences/stu3_9_sequence.npy,ok,879,879,1.0,0.7542124390602112,
stu8_5.mp4,bench_pressing,train,47,/content/drive/MyDrive/FinalProjectCV/CV_Image_pose_detection/Data/LLSP/annotation_cleaned/pose_features/stu8_5.npy,/content/drive/MyDrive/FinalProjectCV/CV_Image_pose_detection/Data/LLSP/annotation_cleaned/pose_sequences/stu8_5_sequence.npy,ok,1439,1337,0.9291174426685198,0.5569798350334167,
stu4_61.mp4,squat,train,10,/content/drive/MyDrive/FinalProjectCV/CV_Image_pose_detection/Data/LLSP/annotation_cleaned/pose_features/stu4_61.npy,/content/drive/MyDrive/FinalProjectCV/CV_Image_pose_detection/Data/LLSP/annotation_cleaned/pose_sequences/stu4_61_sequence.npy,ok,1620,1620,1.0,0.9350914359092712,
stu6_28.mp4,pull_up,train,13,/content/drive/MyDrive/FinalProjectCV/CV_Image_pose_detection/Data/LLSP/annotation_cleaned/pose_features/stu6_28.npy,/content/drive/MyDrive/FinalProjectCV/CV_Image_pose_detection/Data/LLSP/annotation_cleaned/pose_sequences/stu6_28_sequence.npy,ok,1498,1498,1.0,0.8932787179946899,
val819.mp4,pull_up,train,6,/content/drive/MyDrive/FinalProjectCV/CV_Image_pose_detection/Data/LLSP/annotation_cleaned/pose_features/val819.npy,/content/drive/MyDrive/FinalProjectCV/CV_Image_pose_detection/Data/LLSP/annotation_cleaned/pose_sequences/val819_sequence.npy,ok,217,105,0.4838709677419355,0.3430984616279602,
stu5_50.mp4,sit_up,train,1,/content/drive/MyDrive/FinalProjectCV/CV_Image_pose_detection/Data/LLSP/annotation_cleaned/pose_features/stu5_50.npy,/content/drive/MyDrive/FinalProjectCV/CV_Image_pose_detection/Data/LLSP/annotation_cleaned/pose_sequences/stu5_50_sequence.npy,ok,900,848,0.9422222222222222,0.6876280903816223,
stu2_28.mp4,jump_jacks,train,31,/content/drive/MyDrive/FinalProjectCV/CV_Image_pose_detection/Data/LLSP/annotation_cleaned/pose_features/stu2_28.npy,/content/drive/MyDrive/FinalProjectCV/CV_Image_pose_detection/Data/LLSP/annotation_cleaned/pose_sequences/stu2_28_sequence.npy,ok,815,815,1.0,0.9619200825691223,
stu5_28.mp4,others,train,23,/content/drive/MyDrive/FinalProjectCV/CV_Image_pose_detection/Data/LLSP/annotation_cleaned/pose_features/stu5_28.npy,/content/drive/MyDrive/FinalProjectCV/CV_Image_pose_detection/Data/LLSP/annotation_cleaned/pose_sequences/stu5_28_sequence.npy,failed,0,0,0.0,0.0,[Errno 2] No such file or directory: '/content/drive/MyDrive/FinalProjectCV/CV_Image_pose_detection/Data/LLSP/annotation_cleaned/pose_features/stu5_28.npy'
stu1_9.mp4,bench_pressing,train,10,/content/drive/MyDrive/FinalProjectCV/CV_Image_pose_detection/Data/LLSP/annotation_cleaned/pose_features/stu1_9.npy,/content/drive/MyDrive/FinalProjectCV/CV_Image_pose_detection/Data/LLSP/annotation_cleaned/pose_sequences/stu1_9_sequence.npy,ok,1522,1493,0.980946123521682,0.5879102945327759,
stu8_59.mp4,squat,train,10,/content/drive/MyDrive/FinalProjectCV/CV_Image_pose_detection/Data/LLSP/annotation_cleaned/pose_features/stu8_59.npy,/content/drive/MyDrive/FinalProjectCV/CV_Image_pose_detection/Data/LLSP/annotation_cleaned/pose_sequences/stu8_59_sequence.npy,ok,1200,1200,1.0,0.9432583451271057,
stu1_32.mp4,pull_up,train,8,/content/drive/MyDrive/FinalProjectCV/CV_Image_pose_detection/Data/LLSP/annotation_cleaned/pose_features/stu1_32.npy,/content/drive/MyDrive/FinalProjectCV/CV_Image_pose_detection/Data/LLSP/annotation_cleaned/pose_sequences/stu1_32_sequence.npy,ok,570,565,0.9912280701754386,0.6973876357078552,
stu7_14.mp4,bench_pressing,train,29,/content/drive/MyDrive/FinalProjectCV/CV_Image_pose_detection/Data/LLSP/annotation_cleaned/pose_features/stu7_14.npy,/content/drive/MyDrive/FinalProjectCV/CV_Image_pose_detection/Data/LLSP/annotation_cleaned/pose_sequences/stu7_14_sequence.npy,ok,1440,762,0.5291666666666667,0.4356597363948822,
stu1_35.mp4,pull_up,train,35,/content/drive/MyDrive/FinalProjectCV/CV_Image_pose_detection/Data/LLSP/annotation_cleaned/pose_features/stu1_35.npy,/content/drive/MyDrive/FinalProjectCV/CV_Image_pose_detection/Data/LLSP/annotation_cleaned/pose_sequences/stu1_35_sequence.npy,ok,1800,1799,0.9994444444444445,0.7832109332084656,
stu1_0.mp4,battle_rope,train,4,/content/drive/MyDrive/FinalProjectCV/CV_Image_pose_detection/Data/LLSP/annotation_cleaned/pose_features/stu1_0.npy,/content/drive/MyDrive/FinalProjectCV/CV_Image_pose_detection/Data/LLSP/annotation_cleaned/pose_sequences/stu1_0_sequence.npy,ok,269,269,1.0,0.8918071985244751,
stu6_58.mp4,squat,train,5,/content/drive/MyDrive/FinalProjectCV/CV_Image_pose_detection/Data/LLSP/annotation_cleaned/pose_features/stu6_58.npy,/content/drive/MyDrive/FinalProjectCV/CV_Image_pose_detection/Data/LLSP/annotation_cleaned/pose_sequences/stu6_58_sequence.npy,ok,375,144,0.384,0.4117274880409241,
stu3_29.mp4,jump_jacks,train,28,/content/drive/MyDrive/FinalProjectCV/CV_Image_pose_detection/Data/LLSP/annotation_cleaned/pose_features/stu3_29.npy,/content/drive/MyDrive/FinalProjectCV/CV_Image_pose_detection/Data/LLSP/annotation_cleaned/pose_sequences/stu3_29_sequence.npy,ok,1330,921,0.6924812030075188,0.6906188726425171,
stu2_63.mp4,sit_up,train,11,/content/drive/MyDrive/FinalProjectCV/CV_Image_pose_detection/Data/LLSP/annotation_cleaned/pose_features/stu2_63.npy,/content/drive/MyDrive/FinalProjectCV/CV_Image_pose_detection/Data/LLSP/annotation_cleaned/pose_sequences/stu2_63_sequence.npy,ok,822,720,0.8759124087591241,0.7238434553146362,
stu3_38.mp4,pull_up,train,9,/content/drive/MyDrive/FinalProjectCV/CV_Image_pose_detection/Data/LLSP/annotation_cleaned/pose_features/stu3_38.npy,/content/drive/MyDrive/FinalProjectCV/CV_Image_pose_detection/Data/LLSP/annotation_cleaned/pose_sequences/stu3_38_sequence.npy,ok,1260,1260,1.0,0.9088642597198486,
stu8_40.mp4,push_up,train,4,/content/drive/MyDrive/FinalProjectCV/CV_Image_pose_detection/Data/LLSP/annotation_cleaned/pose_features/stu8_40.npy,/content/drive/MyDrive/FinalProjectCV/CV_Image_pose_detection/Data/LLSP/annotation_cleaned/pose_sequences/stu8_40_sequence.npy,ok,1772,1184,0.6681715575620768,0.4717245399951935,
stu5_20.mp4,jump_jacks,train,5,/content/drive/MyDrive/FinalProjectCV/CV_Image_pose_detection/Data/LLSP/annotation_cleaned/pose_features/stu5_20.npy,/content/drive/MyDrive/FinalProjectCV/CV_Image_pose_detection/Data/LLSP/annotation_cleaned/pose_sequences/stu5_20_sequence.npy,ok,481,365,0.7588357588357588,0.7377144694328308,
train156.mp4,bench_pressing,train,3,/content/drive/MyDrive/FinalProjectCV/CV_Image_pose_detection/Data/LLSP/annotation_cleaned/pose_features/train156.npy,/content/drive/MyDrive/FinalProjectCV/CV_Image_pose_detection/Data/LLSP/annotation_cleaned/pose_sequences/train156_sequence.npy,ok,300,137,0.45666666666666667,0.38948431611061096,
stu4_21.mp4,jump_jacks,train,2,/content/drive/MyDrive/FinalProjectCV/CV_Image_pose_detection/Data/LLSP/annotation_cleaned/pose_features/stu4_21.npy,/content/drive/MyDrive/FinalProjectCV/CV_Image_pose_detection/Data/LLSP/annotation_cleaned/pose_sequences/stu4_21_sequence.npy,ok,120,120,1.0,0.9709280729293823,
train2692.mp4,push_up,train,2,/content/drive/MyDrive/FinalProjectCV/CV_Image_pose_detection/Data/LLSP/annotation_cleaned/pose_features/train2692.npy,/content/drive/MyDrive/FinalProjectCV/CV_Image_pose_detection/Data/LLSP/annotation_cleaned/pose_sequences/train2692_sequence.npy,ok,300,300,1.0,0.8101585507392883,
stu10_49.mp4,push_up,train,21,/content/drive/MyDrive/FinalProjectCV/CV_Image_pose_detection/Data/LLSP/annotation_cleaned/pose_features/stu10_49.npy,/content/drive/MyDrive/FinalProjectCV/CV_Image_pose_detection/Data/LLSP/annotation_cleaned/pose_sequences/stu10_49_sequence.npy,ok,1440,1426,0.9902777777777778,0.7191888093948364,
stu6_6.mp4,front_raise,train,9,/content/drive/MyDrive/FinalProjectCV/CV_Image_pose_detection/Data/LLSP/annotation_cleaned/pose_features/stu6_6.npy,/content/drive/MyDrive/FinalProjectCV/CV_Image_pose_detection/Data/LLSP/annotation_cleaned/pose_sequences/stu6_6_sequence.npy,ok,1250,1139,0.9112,0.5730940699577332,
stu1_11.mp4,bench_pressing,train,12,/content/drive/MyDrive/FinalProjectCV/CV_Image_pose_detection/Data/LLSP/annotation_cleaned/pose_features/stu1_11.npy,/content/drive/MyDrive/FinalProjectCV/CV_Image_pose_detection/Data/LLSP/annotation_cleaned/pose_sequences/stu1_11_sequence.npy,ok,1176,964,0.8197278911564626,0.584247887134552,
stu10_65.mp4,squat,train,4,/content/drive/MyDrive/FinalProjectCV/CV_Image_pose_detection/Data/LLSP/annotation_cleaned/pose_features/stu10_65.npy,/content/drive/MyDrive/FinalProjectCV/CV_Image_pose_detection/Data/LLSP/annotation_cleaned/pose_sequences/stu10_65_sequence.npy,ok,672,672,1.0,0.8984256982803345,
stu7_40.mp4,pull_up,train,15,/content/drive/MyDrive/FinalProjectCV/CV_Image_pose_detection/Data/LLSP/annotation_cleaned/pose_features/stu7_40.npy,/content/drive/MyDrive/FinalProjectCV/CV_Image_pose_detection/Data/LLSP/annotation_cleaned/pose_sequences/stu7_40_sequence.npy,ok,1245,873,0.7012048192771084,0.4806741774082184,
stu1_72.mp4,squat,train,21,/content/drive/MyDrive/FinalProjectCV/CV_Image_pose_detection/Data/LLSP/annotation_cleaned/pose_features/stu1_72.npy,/content/drive/MyDrive/FinalProjectCV/CV_Image_pose_detection/Data/LLSP/annotation_cleaned/pose_sequences/stu1_72_sequence.npy,ok,1439,1438,0.9993050729673384,0.9152183532714844,
stu6_70.mp4,squat,train,26,/content/drive/MyDrive/FinalProjectCV/CV_Image_pose_detection/Data/LLSP/annotation_cleaned/pose_features/stu6_70.npy,/content/drive/MyDrive/FinalProjectCV/CV_Image_pose_detection/Data/LLSP/annotation_cleaned/pose_sequences/stu6_70_sequence.npy,ok,1199,1197,0.9983319432860718,0.7498288154602051,
stu1_54.mp4,sit_up,train,7,/content/drive/MyDrive/FinalProjectCV/CV_Image_pose_detection/Data/LLSP/annotation_cleaned/pose_features/stu1_54.npy,/content/drive/MyDrive/FinalProjectCV/CV_Image_pose_detection/Data/LLSP/annotation_cleaned/pose_sequences/stu1_54_sequence.npy,ok,1214,1214,1.0,0.7742127776145935,
stu2_43.mp4,pull_up,train,21,/content/drive/MyDrive/FinalProjectCV/CV_Image_pose_detection/Data/LLSP/annotation_cleaned/pose_features/stu2_43.npy,/content/drive/MyDrive/FinalProjectCV/CV_Image_pose_detection/Data/LLSP/annotation_cleaned/pose_sequences/stu2_43_sequence.npy,ok,1465,1458,0.995221843003413,0.6289104223251343,
stu4_57.mp4,sit_up,train,31,/content/drive/MyDrive/FinalProjectCV/CV_Image_pose_detection/Data/LLSP/annotation_cleaned/pose_features/stu4_57.npy,/content/drive/MyDrive/FinalProjectCV/CV_Image_pose_detection/Data/LLSP/annotation_cleaned/pose_sequences/stu4_57_sequence.npy,ok,1620,1517,0.9364197530864198,0.5989140868186951,
stu9_28.mp4,jump_jacks,train,4,/content/drive/MyDrive/FinalProjectCV/CV_Image_pose_detection/Data/LLSP/annotation_cleaned/pose_features/stu9_28.npy,/content/drive/MyDrive/FinalProjectCV/CV_Image_pose_detection/Data/LLSP/annotation_cleaned/pose_sequences/stu9_28_sequence.npy,ok,239,239,1.0,0.9598778486251831,
stu7_21.mp4,front_raise,train,7,/content/drive/MyDrive/FinalProjectCV/CV_Image_pose_detection/Data/LLSP/annotation_cleaned/pose_features/stu7_21.npy,/content/drive/MyDrive/FinalProjectCV/CV_Image_pose_detection/Data/LLSP/annotation_cleaned/pose_sequences/stu7_21_sequence.npy,ok,667,654,0.9805097451274363,0.7177711725234985,
stu8_41.mp4,push_up,train,22,/content/drive/MyDrive/FinalProjectCV/CV_Image_pose_detection/Data/LLSP/annotation_cleaned/pose_features/stu8_41.npy,/content/drive/MyDrive/FinalProjectCV/CV_Image_pose_detection/Data/LLSP/annotation_cleaned/pose_sequences/stu8_41_sequence.npy,ok,1110,1110,1.0,0.7142601609230042,
stu4_34.mp4,pull_up,train,17,/content/drive/MyDrive/FinalProjectCV/CV_Image_pose_detection/Data/LLSP/annotation_cleaned/pose_features/stu4_34.npy,/content/drive/MyDrive/FinalProjectCV/CV_Image_pose_detection/Data/LLSP/annotation_cleaned/pose_sequences/stu4_34_sequence.npy,ok,1975,1929,0.9767088607594937,0.8094178438186646,
stu10_23.mp4,front_raise,train,9,/content/drive/MyDrive/FinalProjectCV/CV_Image_pose_detection/Data/LLSP/annotation_cleaned/pose_features/stu10_23.npy,/content/drive/MyDrive/FinalProjectCV/CV_Image_pose_detection/Data/LLSP/annotation_cleaned/pose_sequences/stu10_23_sequence.npy,ok,651,651,1.0,0.8944726586341858,
stu10_58.mp4,sit_up,train,5,/content/drive/MyDrive/FinalProjectCV/CV_Image_pose_detection/Data/LLSP/annotation_cleaned/pose_features/stu10_58.npy,/content/drive/MyDrive/FinalProjectCV/CV_Image_pose_detection/Data/LLSP/annotation_cleaned/pose_sequences/stu10_58_sequence.npy,ok,528,528,1.0,0.823893129825592,
stu1_4.mp4,bench_pressing,train,3,/content/drive/MyDrive/FinalProjectCV/CV_Image_pose_detection/Data/LLSP/annotation_cleaned/pose_features/stu1_4.npy,/content/drive/MyDrive/FinalProjectCV/CV_Image_pose_detection/Data/LLSP/annotation_cleaned/pose_sequences/stu1_4_sequence.npy,ok,899,773,0.8598442714126807,0.5208025574684143,
val912.mp4,push_up,train,1,/content/drive/MyDrive/FinalProjectCV/CV_Image_pose_detection/Data/LLSP/annotation_cleaned/pose_features/val912.npy,/content/drive/MyDrive/FinalProjectCV/CV_Image_pose_detection/Data/LLSP/annotation_cleaned/pose_sequences/val912_sequence.npy,ok,250,250,1.0,0.8636696934700012,
stu6_38.mp4,push_up,train,16,/content/drive/MyDrive/FinalProjectCV/CV_Image_pose_detection/Data/LLSP/annotation_cleaned/pose_features/stu6_38.npy,/content/drive/MyDrive/FinalProjectCV/CV_Image_pose_detection/Data/LLSP/annotation_cleaned/pose_sequences/stu6_38_sequence.npy,ok,1003,697,0.6949152542372882,0.56683349609375,
stu1_66.mp4,sit_up,train,6,/content/drive/MyDrive/FinalProjectCV/CV_Image_pose_detection/Data/LLSP/annotation_cleaned/pose_features/stu1_66.npy,/content/drive/MyDrive/FinalProjectCV/CV_Image_pose_detection/Data/LLSP/annotation_cleaned/pose_sequences/stu1_66_sequence.npy,ok,1585,1468,0.9261829652996846,0.7139917016029358,
val826.mp4,pull_up,train,7,/content/drive/MyDrive/FinalProjectCV/CV_Image_pose_detection/Data/LLSP/annotation_cleaned/pose_features/val826.npy,/content/drive/MyDrive/FinalProjectCV/CV_Image_pose_detection/Data/LLSP/annotation_cleaned/pose_sequences/val826_sequence.npy,ok,149,144,0.9664429530201343,0.5671300888061523,
stu2_3.mp4,bench_pressing,train,16,/content/drive/MyDrive/FinalProjectCV/CV_Image_pose_detection/Data/LLSP/annotation_cleaned/pose_features/stu2_3.npy,/content/drive/MyDrive/FinalProjectCV/CV_Image_pose_detection/Data/LLSP/annotation_cleaned/pose_sequences/stu2_3_sequence.npy,ok,1258,1214,0.9650238473767886,0.8119999170303345,
stu2_16.mp4,front_raise,train,2,/content/drive/MyDrive/FinalProjectCV/CV_Image_pose_detection/Data/LLSP/annotation_cleaned/pose_features/stu2_16.npy,/content/drive/MyDrive/FinalProjectCV/CV_Image_pose_detection/Data/LLSP/annotation_cleaned/pose_sequences/stu2_16_sequence.npy,ok,744,729,0.9798387096774194,0.659936249256134,
stu9_3.mp4,bench_pressing,train,46,/content/drive/MyDrive/FinalProjectCV/CV_Image_pose_detection/Data/LLSP/annotation_cleaned/pose_features/stu9_3.npy,/content/drive/MyDrive/FinalProjectCV/CV_Image_pose_detection/Data/LLSP/annotation_cleaned/pose_sequences/stu9_3_sequence.npy,ok,1794,1611,0.8979933110367893,0.6452627182006836,
stu9_25.mp4,front_raise,train,1,/content/drive/MyDrive/FinalProjectCV/CV_Image_pose_detection/Data/LLSP/annotation_cleaned/pose_features/stu9_25.npy,/content/drive/MyDrive/FinalProjectCV/CV_Image_pose_detection/Data/LLSP/annotation_cleaned/pose_sequences/stu9_25_sequence.npy,ok,244,244,1.0,0.7436909675598145,
stu7_55.mp4,sit_up,train,19,/content/drive/MyDrive/FinalProjectCV/CV_Image_pose_detection/Data/LLSP/annotation_cleaned/pose_features/stu7_55.npy,/content/drive/MyDrive/FinalProjectCV/CV_Image_pose_detection/Data/LLSP/annotation_cleaned/pose_sequences/stu7_55_sequence.npy,ok,1799,1491,0.8287937743190662,0.5737083554267883,
train3327.mp4,sit_up,train,3,/content/drive/MyDrive/FinalProjectCV/CV_Image_pose_detection/Data/LLSP/annotation_cleaned/pose_features/train3327.npy,/content/drive/MyDrive/FinalProjectCV/CV_Image_pose_detection/Data/LLSP/annotation_cleaned/pose_sequences/train3327_sequence.npy,ok,300,300,1.0,0.8262151479721069,
stu4_24.mp4,jump_jacks,train,42,/content/drive/MyDrive/FinalProjectCV/CV_Image_pose_detection/Data/LLSP/annotation_cleaned/pose_features/stu4_24.npy,/content/drive/MyDrive/FinalProjectCV/CV_Image_pose_detection/Data/LLSP/annotation_cleaned/pose_sequences/stu4_24_sequence.npy,ok,1439,1439,1.0,0.9443758130073547,
stu5_4.mp4,bench_pressing,train,5,/content/drive/MyDrive/FinalProjectCV/CV_Image_pose_detection/Data/LLSP/annotation_cleaned/pose_features/stu5_4.npy,/content/drive/MyDrive/FinalProjectCV/CV_Image_pose_detection/Data/LLSP/annotation_cleaned/pose_sequences/stu5_4_sequence.npy,ok,301,205,0.6810631229235881,0.4332568645477295,
stu7_31.mp4,jump_jacks,train,42,/content/drive/MyDrive/FinalProjectCV/CV_Image_pose_detection/Data/LLSP/annotation_cleaned/pose_features/stu7_31.npy,/content/drive/MyDrive/FinalProjectCV/CV_Image_pose_detection/Data/LLSP/annotation_cleaned/pose_sequences/stu7_31_sequence.npy,ok,1320,1319,0.9992424242424243,0.6927918791770935,
train3309.mp4,sit_up,train,3,/content/drive/MyDrive/FinalProjectCV/CV_Image_pose_detection/Data/LLSP/annotation_cleaned/pose_features/train3309.npy,/content/drive/MyDrive/FinalProjectCV/CV_Image_pose_detection/Data/LLSP/annotation_cleaned/pose_sequences/train3309_sequence.npy,ok,242,215,0.8884297520661157,0.5728000998497009,
train954.mp4,front_raise,train,6,/content/drive/MyDrive/FinalProjectCV/CV_Image_pose_detection/Data/LLSP/annotation_cleaned/pose_features/train954.npy,/content/drive/MyDrive/FinalProjectCV/CV_Image_pose_detection/Data/LLSP/annotation_cleaned/pose_sequences/train954_sequence.npy,ok,300,300,1.0,0.866083025932312,
stu3_37.mp4,pull_up,train,8,/content/drive/MyDrive/FinalProjectCV/CV_Image_pose_detection/Data/LLSP/annotation_cleaned/pose_features/stu3_37.npy,/content/drive/MyDrive/FinalProjectCV/CV_Image_pose_detection/Data/LLSP/annotation_cleaned/pose_sequences/stu3_37_sequence.npy,ok,649,649,1.0,0.8825759291648865,
stu4_18.mp4,jump_jacks,train,10,/content/drive/MyDrive/FinalProjectCV/CV_Image_pose_detection/Data/LLSP/annotation_cleaned/pose_features/stu4_18.npy,/content/drive/MyDrive/FinalProjectCV/CV_Image_pose_detection/Data/LLSP/annotation_cleaned/pose_sequences/stu4_18_sequence.npy,ok,360,360,1.0,0.9661702513694763,
stu8_17.mp4,front_raise,train,23,/content/drive/MyDrive/FinalProjectCV/CV_Image_pose_detection/Data/LLSP/annotation_cleaned/pose_features/stu8_17.npy,/content/drive/MyDrive/FinalProjectCV/CV_Image_pose_detection/Data/LLSP/annotation_cleaned/pose_sequences/stu8_17_sequence.npy,ok,1200,1200,1.0,0.8420384526252747,
stu1_63.mp4,sit_up,train,33,/content/drive/MyDrive/FinalProjectCV/CV_Image_pose_detection/Data/LLSP/annotation_cleaned/pose_features/stu1_63.npy,/content/drive/MyDrive/FinalProjectCV/CV_Image_pose_detection/Data/LLSP/annotation_cleaned/pose_sequences/stu1_63_sequence.npy,ok,1019,997,0.9784102060843964,0.5461960434913635,
stu10_10.mp4,bench_pressing,train,16,/content/drive/MyDrive/FinalProjectCV/CV_Image_pose_detection/Data/LLSP/annotation_cleaned/pose_features/stu10_10.npy,/content/drive/MyDrive/FinalProjectCV/CV_Image_pose_detection/Data/LLSP/annotation_cleaned/pose_sequences/stu10_10_sequence.npy,ok,1648,1648,1.0,0.8147522211074829,
val824.mp4,pull_up,train,5,/content/drive/MyDrive/FinalProjectCV/CV_Image_pose_detection/Data/LLSP/annotation_cleaned/pose_features/val824.npy,/content/drive/MyDrive/FinalProjectCV/CV_Image_pose_detection/Data/LLSP/annotation_cleaned/pose_sequences/val824_sequence.npy,ok,300,300,1.0,0.6688421964645386,
stu7_54.mp4,sit_up,train,19,/content/drive/MyDrive/FinalProjectCV/CV_Image_pose_detection/Data/LLSP/annotation_cleaned/pose_features/stu7_54.npy,/content/drive/MyDrive/FinalProjectCV/CV_Image_pose_detection/Data/LLSP/annotation_cleaned/pose_sequences/stu7_54_sequence.npy,ok,779,742,0.9525032092426188,0.6098071932792664,
stu5_70.mp4,squat,train,6,/content/drive/MyDrive/FinalProjectCV/CV_Image_pose_detection/Data/LLSP/annotation_cleaned/pose_features/stu5_70.npy,/content/drive/MyDrive/FinalProjectCV/CV_Image_pose_detection/Data/LLSP/annotation_cleaned/pose_sequences/stu5_70_sequence.npy,ok,900,894,0.9933333333333333,0.7806638479232788,
val890.mp4,push_up,train,5,/content/drive/MyDrive/FinalProjectCV/CV_Image_pose_detection/Data/LLSP/annotation_cleaned/pose_features/val890.npy,/content/drive/MyDrive/FinalProjectCV/CV_Image_pose_detection/Data/LLSP/annotation_cleaned/pose_sequences/val890_sequence.npy,ok,300,213,0.71,0.537911057472229,
val1074.mp4,sit_up,train,4,/content/drive/MyDrive/FinalProjectCV/CV_Image_pose_detection/Data/LLSP/annotation_cleaned/pose_features/val1074.npy,/content/drive/MyDrive/FinalProjectCV/CV_Image_pose_detection/Data/LLSP/annotation_cleaned/pose_sequences/val1074_sequence.npy,ok,300,300,1.0,0.8931691646575928,
stu4_41.mp4,push_up,train,35,/content/drive/MyDrive/FinalProjectCV/CV_Image_pose_detection/Data/LLSP/annotation_cleaned/pose_features/stu4_41.npy,/content/drive/MyDrive/FinalProjectCV/CV_Image_pose_detection/Data/LLSP/annotation_cleaned/pose_sequences/stu4_41_sequence.npy,ok,990,990,1.0,0.7837013006210327,
stu3_64.mp4,squat,train,19,/content/drive/MyDrive/FinalProjectCV/CV_Image_pose_detection/Data/LLSP/annotation_cleaned/pose_features/stu3_64.npy,/content/drive/MyDrive/FinalProjectCV/CV_Image_pose_detection/Data/LLSP/annotation_cleaned/pose_sequences/stu3_64_sequence.npy,ok,1615,1595,0.9876160990712074,0.8526275157928467,
stu5_8.mp4,bench_pressing,train,1,/content/drive/MyDrive/FinalProjectCV/CV_Image_pose_detection/Data/LLSP/annotation_cleaned/pose_features/stu5_8.npy,/content/drive/MyDrive/FinalProjectCV/CV_Image_pose_detection/Data/LLSP/annotation_cleaned/pose_sequences/stu5_8_sequence.npy,ok,648,586,0.904320987654321,0.6715027689933777,
stu10_18.mp4,front_raise,train,4,/content/drive/MyDrive/FinalProjectCV/CV_Image_pose_detection/Data/LLSP/annotation_cleaned/pose_features/stu10_18.npy,/content/drive/MyDrive/FinalProjectCV/CV_Image_pose_detection/Data/LLSP/annotation_cleaned/pose_sequences/stu10_18_sequence.npy,ok,990,973,0.9828282828282828,0.7448110580444336,
stu6_10.mp4,front_raise,train,3,/content/drive/MyDrive/FinalProjectCV/CV_Image_pose_detection/Data/LLSP/annotation_cleaned/pose_features/stu6_10.npy,/content/drive/MyDrive/FinalProjectCV/CV_Image_pose_detection/Data/LLSP/annotation_cleaned/pose_sequences/stu6_10_sequence.npy,ok,431,431,1.0,0.7343621253967285,
stu5_66.mp4,squat,train,12,/content/drive/MyDrive/FinalProjectCV/CV_Image_pose_detection/Data/LLSP/annotation_cleaned/pose_features/stu5_66.npy,/content/drive/MyDrive/FinalProjectCV/CV_Image_pose_detection/Data/LLSP/annotation_cleaned/pose_sequences/stu5_66_sequence.npy,ok,990,990,1.0,0.6972370743751526,
train1005.mp4,front_raise,train,4,/content/drive/MyDrive/FinalProjectCV/CV_Image_pose_detection/Data/LLSP/annotation_cleaned/pose_features/train1005.npy,/content/drive/MyDrive/FinalProjectCV/CV_Image_pose_detection/Data/LLSP/annotation_cleaned/pose_sequences/train1005_sequence.npy,ok,300,300,1.0,0.7658523917198181,
val817.mp4,pull_up,train,4,/content/drive/MyDrive/FinalProjectCV/CV_Image_pose_detection/Data/LLSP/annotation_cleaned/pose_features/val817.npy,/content/drive/MyDrive/FinalProjectCV/CV_Image_pose_detection/Data/LLSP/annotation_cleaned/pose_sequences/val817_sequence.npy,ok,250,250,1.0,0.792289674282074,
stu2_49.mp4,push_up,train,18,/content/drive/MyDrive/FinalProjectCV/CV_Image_pose_detection/Data/LLSP/annotation_cleaned/pose_features/stu2_49.npy,/content/drive/MyDrive/FinalProjectCV/CV_Image_pose_detection/Data/LLSP/annotation_cleaned/pose_sequences/stu2_49_sequence.npy,ok,1368,1249,0.9130116959064327,0.7698755860328674,
stu9_20.mp4,front_raise,train,7,/content/drive/MyDrive/FinalProjectCV/CV_Image_pose_detection/Data/LLSP/annotation_cleaned/pose_features/stu9_20.npy,/content/drive/MyDrive/FinalProjectCV/CV_Image_pose_detection/Data/LLSP/annotation_cleaned/pose_sequences/stu9_20_sequence.npy,ok,779,779,1.0,0.7605249881744385,
val1235.mp4,squat,train,2,/content/drive/MyDrive/FinalProjectCV/CV_Image_pose_detection/Data/LLSP/annotation_cleaned/pose_features/val1235.npy,/content/drive/MyDrive/FinalProjectCV/CV_Image_pose_detection/Data/LLSP/annotation_cleaned/pose_sequences/val1235_sequence.npy,ok,300,300,1.0,0.7601222395896912,
train181.mp4,bench_pressing,train,2,/content/drive/MyDrive/FinalProjectCV/CV_Image_pose_detection/Data/LLSP/annotation_cleaned/pose_features/train181.npy,/content/drive/MyDrive/FinalProjectCV/CV_Image_pose_detection/Data/LLSP/annotation_cleaned/pose_sequences/train181_sequence.npy,ok,282,274,0.9716312056737588,0.5817837715148926,
train1617.mp4,jump_jacks,train,17,/content/drive/MyDrive/FinalProjectCV/CV_Image_pose_detection/Data/LLSP/annotation_cleaned/pose_features/train1617.npy,/content/drive/MyDrive/FinalProjectCV/CV_Image_pose_detection/Data/LLSP/annotation_cleaned/pose_sequences/train1617_sequence.npy,ok,295,285,0.9661016949152542,0.622384250164032,
stu2_46.mp4,push_up,train,21,/content/drive/MyDrive/FinalProjectCV/CV_Image_pose_detection/Data/LLSP/annotation_cleaned/pose_features/stu2_46.npy,/content/drive/MyDrive/FinalProjectCV/CV_Image_pose_detection/Data/LLSP/annotation_cleaned/pose_sequences/stu2_46_sequence.npy,ok,1259,1255,0.9968228752978554,0.813732922077179,
stu1_62.mp4,sit_up,train,19,/content/drive/MyDrive/FinalProjectCV/CV_Image_pose_detection/Data/LLSP/annotation_cleaned/pose_features/stu1_62.npy,/content/drive/MyDrive/FinalProjectCV/CV_Image_pose_detection/Data/LLSP/annotation_cleaned/pose_sequences/stu1_62_sequence.npy,ok,1078,1029,0.9545454545454546,0.7517366409301758,
stu4_13.mp4,front_raise,train,6,/content/drive/MyDrive/FinalProjectCV/CV_Image_pose_detection/Data/LLSP/annotation_cleaned/pose_features/stu4_13.npy,/content/drive/MyDrive/FinalProjectCV/CV_Image_pose_detection/Data/LLSP/annotation_cleaned/pose_sequences/stu4_13_sequence.npy,ok,445,445,1.0,0.935079038143158,
stu5_13.mp4,front_raise,train,4,/content/drive/MyDrive/FinalProjectCV/CV_Image_pose_detection/Data/LLSP/annotation_cleaned/pose_features/stu5_13.npy,/content/drive/MyDrive/FinalProjectCV/CV_Image_pose_detection/Data/LLSP/annotation_cleaned/pose_sequences/stu5_13_sequence.npy,ok,264,264,1.0,0.9423310160636902,
stu10_9.mp4,bench_pressing,train,9,/content/drive/MyDrive/FinalProjectCV/CV_Image_pose_detection/Data/LLSP/annotation_cleaned/pose_features/stu10_9.npy,/content/drive/MyDrive/FinalProjectCV/CV_Image_pose_detection/Data/LLSP/annotation_cleaned/pose_sequences/stu10_9_sequence.npy,ok,650,488,0.7507692307692307,0.5464776754379272,
stu10_15.mp4,front_raise,train,17,/content/drive/MyDrive/FinalProjectCV/CV_Image_pose_detection/Data/LLSP/annotation_cleaned/pose_features/stu10_15.npy,/content/drive/MyDrive/FinalProjectCV/CV_Image_pose_detection/Data/LLSP/annotation_cleaned/pose_sequences/stu10_15_sequence.npy,ok,899,899,1.0,0.6928871870040894,
stu5_31.mp4,pull_up,train,10,/content/drive/MyDrive/FinalProjectCV/CV_Image_pose_detection/Data/LLSP/annotation_cleaned/pose_features/stu5_31.npy,/content/drive/MyDrive/FinalProjectCV/CV_Image_pose_detection/Data/LLSP/annotation_cleaned/pose_sequences/stu5_31_sequence.npy,ok,780,780,1.0,0.8352262377738953,
stu4_23.mp4,jump_jacks,train,21,/content/drive/MyDrive/FinalProjectCV/CV_Image_pose_detection/Data/LLSP/annotation_cleaned/pose_features/stu4_23.npy,/content/drive/MyDrive/FinalProjectCV/CV_Image_pose_detection/Data/LLSP/annotation_cleaned/pose_sequences/stu4_23_sequence.npy,ok,1679,1657,0.9868969624776652,0.926639199256897,
stu5_43.mp4,push_up,train,14,/content/drive/MyDrive/FinalProjectCV/CV_Image_pose_detection/Data/LLSP/annotation_cleaned/pose_features/stu5_43.npy,/content/drive/MyDrive/FinalProjectCV/CV_Image_pose_detection/Data/LLSP/annotation_cleaned/pose_sequences/stu5_43_sequence.npy,ok,1019,1012,0.9931305201177625,0.7667585611343384,
train3959.mp4,squat,train,2,/content/drive/MyDrive/FinalProjectCV/CV_Image_pose_detection/Data/LLSP/annotation_cleaned/pose_features/train3959.npy,/content/drive/MyDrive/FinalProjectCV/CV_Image_pose_detection/Data/LLSP/annotation_cleaned/pose_sequences/train3959_sequence.npy,ok,300,297,0.99,0.6416367888450623,
stu3_59.mp4,squat,train,1,/content/drive/MyDrive/FinalProjectCV/CV_Image_pose_detection/Data/LLSP/annotation_cleaned/pose_features/stu3_59.npy,/content/drive/MyDrive/FinalProjectCV/CV_Image_pose_detection/Data/LLSP/annotation_cleaned/pose_sequences/stu3_59_sequence.npy,ok,180,180,1.0,0.8270710706710815,
train3323.mp4,sit_up,train,5,/content/drive/MyDrive/FinalProjectCV/CV_Image_pose_detection/Data/LLSP/annotation_cleaned/pose_features/train3323.npy,/content/drive/MyDrive/FinalProjectCV/CV_Image_pose_detection/Data/LLSP/annotation_cleaned/pose_sequences/train3323_sequence.npy,ok,288,114,0.3958333333333333,0.3047724962234497,
train1640.mp4,jump_jacks,train,10,/content/drive/MyDrive/FinalProjectCV/CV_Image_pose_detection/Data/LLSP/annotation_cleaned/pose_features/train1640.npy,/content/drive/MyDrive/FinalProjectCV/CV_Image_pose_detection/Data/LLSP/annotation_cleaned/pose_sequences/train1640_sequence.npy,ok,250,250,1.0,0.9462895393371582,
stu2_45.mp4,push_up,train,4,/content/drive/MyDrive/FinalProjectCV/CV_Image_pose_detection/Data/LLSP/annotation_cleaned/pose_features/stu2_45.npy,/content/drive/MyDrive/FinalProjectCV/CV_Image_pose_detection/Data/LLSP/annotation_cleaned/pose_sequences/stu2_45_sequence.npy,ok,299,299,1.0,0.7771928310394287,
stu10_3.mp4,bench_pressing,train,6,/content/drive/MyDrive/FinalProjectCV/CV_Image_pose_detection/Data/LLSP/annotation_cleaned/pose_features/stu10_3.npy,/content/drive/MyDrive/FinalProjectCV/CV_Image_pose_detection/Data/LLSP/annotation_cleaned/pose_sequences/stu10_3_sequence.npy,ok,895,803,0.8972067039106145,0.6566385626792908,
stu5_7.mp4,bench_pressing,train,25,/content/drive/MyDrive/FinalProjectCV/CV_Image_pose_detection/Data/LLSP/annotation_cleaned/pose_features/stu5_7.npy,/content/drive/MyDrive/FinalProjectCV/CV_Image_pose_detection/Data/LLSP/annotation_cleaned/pose_sequences/stu5_7_sequence.npy,ok,1800,1790,0.9944444444444445,0.6637171506881714,
stu4_52.mp4,sit_up,train,8,/content/drive/MyDrive/FinalProjectCV/CV_Image_pose_detection/Data/LLSP/annotation_cleaned/pose_features/stu4_52.npy,/content/drive/MyDrive/FinalProjectCV/CV_Image_pose_detection/Data/LLSP/annotation_cleaned/pose_sequences/stu4_52_sequence.npy,ok,958,947,0.988517745302714,0.848677933216095,
stu8_6.mp4,bench_pressing,train,8,/content/drive/MyDrive/FinalProjectCV/CV_Image_pose_detection/Data/LLSP/annotation_cleaned/pose_features/stu8_6.npy,/content/drive/MyDrive/FinalProjectCV/CV_Image_pose_detection/Data/LLSP/annotation_cleaned/pose_sequences/stu8_6_sequence.npy,ok,932,852,0.9141630901287554,0.5959558486938477,
stu9_41.mp4,pull_up,train,9,/content/drive/MyDrive/FinalProjectCV/CV_Image_pose_detection/Data/LLSP/annotation_cleaned/pose_features/stu9_41.npy,/content/drive/MyDrive/FinalProjectCV/CV_Image_pose_detection/Data/LLSP/annotation_cleaned/pose_sequences/stu9_41_sequence.npy,ok,1781,1770,0.9938236945536215,0.7740671634674072,
stu6_67.mp4,squat,train,20,/content/drive/MyDrive/FinalProjectCV/CV_Image_pose_detection/Data/LLSP/annotation_cleaned/pose_features/stu6_67.npy,/content/drive/MyDrive/FinalProjectCV/CV_Image_pose_detection/Data/LLSP/annotation_cleaned/pose_sequences/stu6_67_sequence.npy,ok,1275,1275,1.0,0.9372443556785583,
stu3_36.mp4,pull_up,train,8,/content/drive/MyDrive/FinalProjectCV/CV_Image_pose_detection/Data/LLSP/annotation_cleaned/pose_features/stu3_36.npy,/content/drive/MyDrive/FinalProjectCV/CV_Image_pose_detection/Data/LLSP/annotation_cleaned/pose_sequences/stu3_36_sequence.npy,ok,1050,1026,0.9771428571428571,0.5917723178863525,
stu1_65.mp4,sit_up,train,3,/content/drive/MyDrive/FinalProjectCV/CV_Image_pose_detection/Data/LLSP/annotation_cleaned/pose_features/stu1_65.npy,/content/drive/MyDrive/FinalProjectCV/CV_Image_pose_detection/Data/LLSP/annotation_cleaned/pose_sequences/stu1_65_sequence.npy,ok,292,158,0.541095890410959,0.33281365036964417,
test2319.mp4,squat,train,7,/content/drive/MyDrive/FinalProjectCV/CV_Image_pose_detection/Data/LLSP/annotation_cleaned/pose_features/test2319.npy,/content/drive/MyDrive/FinalProjectCV/CV_Image_pose_detection/Data/LLSP/annotation_cleaned/pose_sequences/test2319_sequence.npy,ok,232,151,0.6508620689655172,0.42635223269462585,
stu4_26.mp4,jump_jacks,train,20,/content/drive/MyDrive/FinalProjectCV/CV_Image_pose_detection/Data/LLSP/annotation_cleaned/pose_features/stu4_26.npy,/content/drive/MyDrive/FinalProjectCV/CV_Image_pose_detection/Data/LLSP/annotation_cleaned/pose_sequences/stu4_26_sequence.npy,ok,1782,1782,1.0,0.9560546278953552,
stu3_11.mp4,front_raise,train,3,/content/drive/MyDrive/FinalProjectCV/CV_Image_pose_detection/Data/LLSP/annotation_cleaned/pose_features/stu3_11.npy,/content/drive/MyDrive/FinalProjectCV/CV_Image_pose_detection/Data/LLSP/annotation_cleaned/pose_sequences/stu3_11_sequence.npy,ok,300,300,1.0,0.7616924047470093,
test1448.mp4,pull_up,train,7,/content/drive/MyDrive/FinalProjectCV/CV_Image_pose_detection/Data/LLSP/annotation_cleaned/pose_features/test1448.npy,/content/drive/MyDrive/FinalProjectCV/CV_Image_pose_detection/Data/LLSP/annotation_cleaned/pose_sequences/test1448_sequence.npy,ok,197,181,0.9187817258883249,0.5802971124649048,
stu5_1.mp4,battle_rope,train,17,/content/drive/MyDrive/FinalProjectCV/CV_Image_pose_detection/Data/LLSP/annotation_cleaned/pose_features/stu5_1.npy,/content/drive/MyDrive/FinalProjectCV/CV_Image_pose_detection/Data/LLSP/annotation_cleaned/pose_sequences/stu5_1_sequence.npy,ok,299,299,1.0,0.9347702264785767,
stu5_35.mp4,pull_up,train,11,/content/drive/MyDrive/FinalProjectCV/CV_Image_pose_detection/Data/LLSP/annotation_cleaned/pose_features/stu5_35.npy,/content/drive/MyDrive/FinalProjectCV/CV_Image_pose_detection/Data/LLSP/annotation_cleaned/pose_sequences/stu5_35_sequence.npy,ok,1200,1200,1.0,0.9474491477012634,
stu4_62.mp4,squat,train,14,/content/drive/MyDrive/FinalProjectCV/CV_Image_pose_detection/Data/LLSP/annotation_cleaned/pose_features/stu4_62.npy,/content/drive/MyDrive/FinalProjectCV/CV_Image_pose_detection/Data/LLSP/annotation_cleaned/pose_sequences/stu4_62_sequence.npy,ok,1619,1619,1.0,0.8243964910507202,
stu6_36.mp4,pull_up,train,5,/content/drive/MyDrive/FinalProjectCV/CV_Image_pose_detection/Data/LLSP/annotation_cleaned/pose_features/stu6_36.npy,/content/drive/MyDrive/FinalProjectCV/CV_Image_pose_detection/Data/LLSP/annotation_cleaned/pose_sequences/stu6_36_sequence.npy,ok,791,791,1.0,0.6475719809532166,
test531.mp4,front_raise,train,4,/content/drive/MyDrive/FinalProjectCV/CV_Image_pose_detection/Data/LLSP/annotation_cleaned/pose_features/test531.npy,/content/drive/MyDrive/FinalProjectCV/CV_Image_pose_detection/Data/LLSP/annotation_cleaned/pose_sequences/test531_sequence.npy,ok,300,300,1.0,0.7412309050559998,
stu9_42.mp4,pull_up,train,30,/content/drive/MyDrive/FinalProjectCV/CV_Image_pose_detection/Data/LLSP/annotation_cleaned/pose_features/stu9_42.npy,/content/drive/MyDrive/FinalProjectCV/CV_Image_pose_detection/Data/LLSP/annotation_cleaned/pose_sequences/stu9_42_sequence.npy,ok,1228,1206,0.9820846905537459,0.9102835059165955,
stu2_17.mp4,front_raise,train,5,/content/drive/MyDrive/FinalProjectCV/CV_Image_pose_detection/Data/LLSP/annotation_cleaned/pose_features/stu2_17.npy,/content/drive/MyDrive/FinalProjectCV/CV_Image_pose_detection/Data/LLSP/annotation_cleaned/pose_sequences/stu2_17_sequence.npy,ok,720,720,1.0,0.6964390277862549,
stu9_16.mp4,front_raise,train,6,/content/drive/MyDrive/FinalProjectCV/CV_Image_pose_detection/Data/LLSP/annotation_cleaned/pose_features/stu9_16.npy,/content/drive/MyDrive/FinalProjectCV/CV_Image_pose_detection/Data/LLSP/annotation_cleaned/pose_sequences/stu9_16_sequence.npy,ok,625,625,1.0,0.7817232608795166,
stu7_0.mp4,bench_pressing,train,1,/content/drive/MyDrive/FinalProjectCV/CV_Image_pose_detection/Data/LLSP/annotation_cleaned/pose_features/stu7_0.npy,/content/drive/MyDrive/FinalProjectCV/CV_Image_pose_detection/Data/LLSP/annotation_cleaned/pose_sequences/stu7_0_sequence.npy,ok,923,861,0.9328277356446371,0.6507253646850586,
stu1_15.mp4,front_raise,train,1,/content/drive/MyDrive/FinalProjectCV/CV_Image_pose_detection/Data/LLSP/annotation_cleaned/pose_features/stu1_15.npy,/content/drive/MyDrive/FinalProjectCV/CV_Image_pose_detection/Data/LLSP/annotation_cleaned/pose_sequences/stu1_15_sequence.npy,ok,295,295,1.0,0.8070182800292969,
stu7_23.mp4,front_raise,train,4,/content/drive/MyDrive/FinalProjectCV/CV_Image_pose_detection/Data/LLSP/annotation_cleaned/pose_features/stu7_23.npy,/content/drive/MyDrive/FinalProjectCV/CV_Image_pose_detection/Data/LLSP/annotation_cleaned/pose_sequences/stu7_23_sequence.npy,ok,448,448,1.0,0.8033986687660217,
stu1_28.mp4,others,train,11,/content/drive/MyDrive/FinalProjectCV/CV_Image_pose_detection/Data/LLSP/annotation_cleaned/pose_features/stu1_28.npy,/content/drive/MyDrive/FinalProjectCV/CV_Image_pose_detection/Data/LLSP/annotation_cleaned/pose_sequences/stu1_28_sequence.npy,failed,0,0,0.0,0.0,[Errno 2] No such file or directory: '/content/drive/MyDrive/FinalProjectCV/CV_Image_pose_detection/Data/LLSP/annotation_cleaned/pose_features/stu1_28.npy'
stu8_30.mp4,jump_jacks,train,58,/content/drive/MyDrive/FinalProjectCV/CV_Image_pose_detection/Data/LLSP/annotation_cleaned/pose_features/stu8_30.npy,/content/drive/MyDrive/FinalProjectCV/CV_Image_pose_detection/Data/LLSP/annotation_cleaned/pose_sequences/stu8_30_sequence.npy,ok,1590,1590,1.0,0.9604422450065613,
stu9_5.mp4,bench_pressing,train,13,/content/drive/MyDrive/FinalProjectCV/CV_Image_pose_detection/Data/LLSP/annotation_cleaned/pose_features/stu9_5.npy,/content/drive/MyDrive/FinalProjectCV/CV_Image_pose_detection/Data/LLSP/annotation_cleaned/pose_sequences/stu9_5_sequence.npy,ok,1150,1030,0.8956521739130435,0.6707475781440735,
stu2_72.mp4,squat,train,12,/content/drive/MyDrive/FinalProjectCV/CV_Image_pose_detection/Data/LLSP/annotation_cleaned/pose_features/stu2_72.npy,/content/drive/MyDrive/FinalProjectCV/CV_Image_pose_detection/Data/LLSP/annotation_cleaned/pose_sequences/stu2_72_sequence.npy,ok,779,779,1.0,0.9606977105140686,
stu6_5.mp4,bench_pressing,train,12,/content/drive/MyDrive/FinalProjectCV/CV_Image_pose_detection/Data/LLSP/annotation_cleaned/pose_features/stu6_5.npy,/content/drive/MyDrive/FinalProjectCV/CV_Image_pose_detection/Data/LLSP/annotation_cleaned/pose_sequences/stu6_5_sequence.npy,ok,1649,1643,0.9963614311704063,0.7172426581382751,
stu9_10.mp4,bench_pressing,train,16,/content/drive/MyDrive/FinalProjectCV/CV_Image_pose_detection/Data/LLSP/annotation_cleaned/pose_features/stu9_10.npy,/content/drive/MyDrive/FinalProjectCV/CV_Image_pose_detection/Data/LLSP/annotation_cleaned/pose_sequences/stu9_10_sequence.npy,ok,1439,1351,0.9388464211257818,0.8186179995536804,
stu10_59.mp4,sit_up,train,9,/content/drive/MyDrive/FinalProjectCV/CV_Image_pose_detection/Data/LLSP/annotation_cleaned/pose_features/stu10_59.npy,/content/drive/MyDrive/FinalProjectCV/CV_Image_pose_detection/Data/LLSP/annotation_cleaned/pose_sequences/stu10_59_sequence.npy,ok,900,900,1.0,0.7947137355804443,
test1465.mp4,pull_up,train,6,/content/drive/MyDrive/FinalProjectCV/CV_Image_pose_detection/Data/LLSP/annotation_cleaned/pose_features/test1465.npy,/content/drive/MyDrive/FinalProjectCV/CV_Image_pose_detection/Data/LLSP/annotation_cleaned/pose_sequences/test1465_sequence.npy,ok,204,123,0.6029411764705882,0.3892504870891571,
stu7_38.mp4,pull_up,train,20,/content/drive/MyDrive/FinalProjectCV/CV_Image_pose_detection/Data/LLSP/annotation_cleaned/pose_features/stu7_38.npy,/content/drive/MyDrive/FinalProjectCV/CV_Image_pose_detection/Data/LLSP/annotation_cleaned/pose_sequences/stu7_38_sequence.npy,ok,1824,1822,0.9989035087719298,0.7193965911865234,
stu9_61.mp4,sit_up,train,5,/content/drive/MyDrive/FinalProjectCV/CV_Image_pose_detection/Data/LLSP/annotation_cleaned/pose_features/stu9_61.npy,/content/drive/MyDrive/FinalProjectCV/CV_Image_pose_detection/Data/LLSP/annotation_cleaned/pose_sequences/stu9_61_sequence.npy,ok,359,359,1.0,0.7014831304550171,
train3944.mp4,squat,train,2,/content/drive/MyDrive/FinalProjectCV/CV_Image_pose_detection/Data/LLSP/annotation_cleaned/pose_features/train3944.npy,/content/drive/MyDrive/FinalProjectCV/CV_Image_pose_detection/Data/LLSP/annotation_cleaned/pose_sequences/train3944_sequence.npy,ok,298,268,0.8993288590604027,0.5913991928100586,
val568.mp4,jump_jacks,train,55,/content/drive/MyDrive/FinalProjectCV/CV_Image_pose_detection/Data/LLSP/annotation_cleaned/pose_features/val568.npy,/content/drive/MyDrive/FinalProjectCV/CV_Image_pose_detection/Data/LLSP/annotation_cleaned/pose_sequences/val568_sequence.npy,ok,30,27,0.9,0.5849011540412903,
stu9_27.mp4,front_raise,train,17,/content/drive/MyDrive/FinalProjectCV/CV_Image_pose_detection/Data/LLSP/annotation_cleaned/pose_features/stu9_27.npy,/content/drive/MyDrive/FinalProjectCV/CV_Image_pose_detection/Data/LLSP/annotation_cleaned/pose_sequences/stu9_27_sequence.npy,ok,810,810,1.0,0.8165172934532166,
train3303.mp4,sit_up,train,2,/content/drive/MyDrive/FinalProjectCV/CV_Image_pose_detection/Data/LLSP/annotation_cleaned/pose_features/train3303.npy,/content/drive/MyDrive/FinalProjectCV/CV_Image_pose_detection/Data/LLSP/annotation_cleaned/pose_sequences/train3303_sequence.npy,ok,300,297,0.99,0.744196891784668,
stu3_34.mp4,pull_up,train,5,/content/drive/MyDrive/FinalProjectCV/CV_Image_pose_detection/Data/LLSP/annotation_cleaned/pose_features/stu3_34.npy,/content/drive/MyDrive/FinalProjectCV/CV_Image_pose_detection/Data/LLSP/annotation_cleaned/pose_sequences/stu3_34_sequence.npy,ok,1468,1455,0.9911444141689373,0.74214768409729,
stu1_10.mp4,bench_pressing,train,3,/content/drive/MyDrive/FinalProjectCV/CV_Image_pose_detection/Data/LLSP/annotation_cleaned/pose_features/stu1_10.npy,/content/drive/MyDrive/FinalProjectCV/CV_Image_pose_detection/Data/LLSP/annotation_cleaned/pose_sequences/stu1_10_sequence.npy,ok,1652,1610,0.9745762711864406,0.5660498142242432,
test153.mp4,bench_pressing,train,5,/content/drive/MyDrive/FinalProjectCV/CV_Image_pose_detection/Data/LLSP/annotation_cleaned/pose_features/test153.npy,/content/drive/MyDrive/FinalProjectCV/CV_Image_pose_detection/Data/LLSP/annotation_cleaned/pose_sequences/test153_sequence.npy,ok,300,294,0.98,0.6733924746513367,
stu4_3.mp4,bench_pressing,train,4,/content/drive/MyDrive/FinalProjectCV/CV_Image_pose_detection/Data/LLSP/annotation_cleaned/pose_features/stu4_3.npy,/content/drive/MyDrive/FinalProjectCV/CV_Image_pose_detection/Data/LLSP/annotation_cleaned/pose_sequences/stu4_3_sequence.npy,ok,1018,964,0.9469548133595285,0.7914937138557434,
stu9_38.mp4,pull_up,train,5,/content/drive/MyDrive/FinalProjectCV/CV_Image_pose_detection/Data/LLSP/annotation_cleaned/pose_features/stu9_38.npy,/content/drive/MyDrive/FinalProjectCV/CV_Image_pose_detection/Data/LLSP/annotation_cleaned/pose_sequences/stu9_38_sequence.npy,ok,570,551,0.9666666666666667,0.6089821457862854,
stu8_39.mp4,pull_up,train,16,/content/drive/MyDrive/FinalProjectCV/CV_Image_pose_detection/Data/LLSP/annotation_cleaned/pose_features/stu8_39.npy,/content/drive/MyDrive/FinalProjectCV/CV_Image_pose_detection/Data/LLSP/annotation_cleaned/pose_sequences/stu8_39_sequence.npy,ok,589,582,0.9881154499151104,0.6210618615150452,
val578.mp4,jump_jacks,train,2,/content/drive/MyDrive/FinalProjectCV/CV_Image_pose_detection/Data/LLSP/annotation_cleaned/pose_features/val578.npy,/content/drive/MyDrive/FinalProjectCV/CV_Image_pose_detection/Data/LLSP/annotation_cleaned/pose_sequences/val578_sequence.npy,ok,300,300,1.0,0.782622754573822,
stu7_2.mp4,bench_pressing,train,19,/content/drive/MyDrive/FinalProjectCV/CV_Image_pose_detection/Data/LLSP/annotation_cleaned/pose_features/stu7_2.npy,/content/drive/MyDrive/FinalProjectCV/CV_Image_pose_detection/Data/LLSP/annotation_cleaned/pose_sequences/stu7_2_sequence.npy,ok,1347,1090,0.8092056421677802,0.5257561206817627,
val359.mp4,front_raise,train,1,/content/drive/MyDrive/FinalProjectCV/CV_Image_pose_detection/Data/LLSP/annotation_cleaned/pose_features/val359.npy,/content/drive/MyDrive/FinalProjectCV/CV_Image_pose_detection/Data/LLSP/annotation_cleaned/pose_sequences/val359_sequence.npy,ok,300,290,0.9666666666666667,0.6960179805755615,
stu2_69.mp4,squat,train,21,/content/drive/MyDrive/FinalProjectCV/CV_Image_pose_detection/Data/LLSP/annotation_cleaned/pose_features/stu2_69.npy,/content/drive/MyDrive/FinalProjectCV/CV_Image_pose_detection/Data/LLSP/annotation_cleaned/pose_sequences/stu2_69_sequence.npy,ok,1950,1950,1.0,0.8674478530883789,
stu2_66.mp4,sit_up,train,6,/content/drive/MyDrive/FinalProjectCV/CV_Image_pose_detection/Data/LLSP/annotation_cleaned/pose_features/stu2_66.npy,/content/drive/MyDrive/FinalProjectCV/CV_Image_pose_detection/Data/LLSP/annotation_cleaned/pose_sequences/stu2_66_sequence.npy,ok,689,688,0.9985486211901307,0.8915346264839172,
stu2_32.mp4,jump_jacks,train,98,/content/drive/MyDrive/FinalProjectCV/CV_Image_pose_detection/Data/LLSP/annotation_cleaned/pose_features/stu2_32.npy,/content/drive/MyDrive/FinalProjectCV/CV_Image_pose_detection/Data/LLSP/annotation_cleaned/pose_sequences/stu2_32_sequence.npy,ok,1260,1260,1.0,0.7440623044967651,
val1250.mp4,squat,train,4,/content/drive/MyDrive/FinalProjectCV/CV_Image_pose_detection/Data/LLSP/annotation_cleaned/pose_features/val1250.npy,/content/drive/MyDrive/FinalProjectCV/CV_Image_pose_detection/Data/LLSP/annotation_cleaned/pose_sequences/val1250_sequence.npy,ok,300,300,1.0,0.9427992701530457,
stu1_51.mp4,push_up,train,40,/content/drive/MyDrive/FinalProjectCV/CV_Image_pose_detection/Data/LLSP/annotation_cleaned/pose_features/stu1_51.npy,/content/drive/MyDrive/FinalProjectCV/CV_Image_pose_detection/Data/LLSP/annotation_cleaned/pose_sequences/stu1_51_sequence.npy,ok,1748,1559,0.8918764302059496,0.632047712802887,
stu8_50.mp4,sit_up,train,5,/content/drive/MyDrive/FinalProjectCV/CV_Image_pose_detection/Data/LLSP/annotation_cleaned/pose_features/stu8_50.npy,/content/drive/MyDrive/FinalProjectCV/CV_Image_pose_detection/Data/LLSP/annotation_cleaned/pose_sequences/stu8_50_sequence.npy,ok,1070,1054,0.9850467289719627,0.7590101361274719,
stu4_7.mp4,bench_pressing,train,12,/content/drive/MyDrive/FinalProjectCV/CV_Image_pose_detection/Data/LLSP/annotation_cleaned/pose_features/stu4_7.npy,/content/drive/MyDrive/FinalProjectCV/CV_Image_pose_detection/Data/LLSP/annotation_cleaned/pose_sequences/stu4_7_sequence.npy,ok,1020,895,0.8774509803921569,0.6069804430007935,
stu5_64.mp4,squat,train,20,/content/drive/MyDrive/FinalProjectCV/CV_Image_pose_detection/Data/LLSP/annotation_cleaned/pose_features/stu5_64.npy,/content/drive/MyDrive/FinalProjectCV/CV_Image_pose_detection/Data/LLSP/annotation_cleaned/pose_sequences/stu5_64_sequence.npy,ok,689,677,0.9825834542815675,0.8324914574623108,
stu5_14.mp4,front_raise,train,9,/content/drive/MyDrive/FinalProjectCV/CV_Image_pose_detection/Data/LLSP/annotation_cleaned/pose_features/stu5_14.npy,/content/drive/MyDrive/FinalProjectCV/CV_Image_pose_detection/Data/LLSP/annotation_cleaned/pose_sequences/stu5_14_sequence.npy,ok,780,780,1.0,0.9489941000938416,
stu3_23.mp4,jump_jacks,train,38,/content/drive/MyDrive/FinalProjectCV/CV_Image_pose_detection/Data/LLSP/annotation_cleaned/pose_features/stu3_23.npy,/content/drive/MyDrive/FinalProjectCV/CV_Image_pose_detection/Data/LLSP/annotation_cleaned/pose_sequences/stu3_23_sequence.npy,ok,840,840,1.0,0.7980465888977051,
train139.mp4,bench_pressing,train,1,/content/drive/MyDrive/FinalProjectCV/CV_Image_pose_detection/Data/LLSP/annotation_cleaned/pose_features/train139.npy,/content/drive/MyDrive/FinalProjectCV/CV_Image_pose_detection/Data/LLSP/annotation_cleaned/pose_sequences/train139_sequence.npy,ok,150,93,0.62,0.4612239599227905,
stu1_71.mp4,squat,train,4,/content/drive/MyDrive/FinalProjectCV/CV_Image_pose_detection/Data/LLSP/annotation_cleaned/pose_features/stu1_71.npy,/content/drive/MyDrive/FinalProjectCV/CV_Image_pose_detection/Data/LLSP/annotation_cleaned/pose_sequences/stu1_71_sequence.npy,ok,884,874,0.9886877828054299,0.6579753756523132,
stu10_0.mp4,battle_rope,train,23,/content/drive/MyDrive/FinalProjectCV/CV_Image_pose_detection/Data/LLSP/annotation_cleaned/pose_features/stu10_0.npy,/content/drive/MyDrive/FinalProjectCV/CV_Image_pose_detection/Data/LLSP/annotation_cleaned/pose_sequences/stu10_0_sequence.npy,ok,250,249,0.996,0.9052979946136475,
stu4_42.mp4,push_up,train,50,/content/drive/MyDrive/FinalProjectCV/CV_Image_pose_detection/Data/LLSP/annotation_cleaned/pose_features/stu4_42.npy,/content/drive/MyDrive/FinalProjectCV/CV_Image_pose_detection/Data/LLSP/annotation_cleaned/pose_sequences/stu4_42_sequence.npy,ok,1079,1077,0.9981464318813716,0.8566736578941345,
stu4_36.mp4,pull_up,train,6,/content/drive/MyDrive/FinalProjectCV/CV_Image_pose_detection/Data/LLSP/annotation_cleaned/pose_features/stu4_36.npy,/content/drive/MyDrive/FinalProjectCV/CV_Image_pose_detection/Data/LLSP/annotation_cleaned/pose_sequences/stu4_36_sequence.npy,ok,1100,963,0.8754545454545455,0.5432131290435791,
stu10_41.mp4,push_up,train,8,/content/drive/MyDrive/FinalProjectCV/CV_Image_pose_detection/Data/LLSP/annotation_cleaned/pose_features/stu10_41.npy,/content/drive/MyDrive/FinalProjectCV/CV_Image_pose_detection/Data/LLSP/annotation_cleaned/pose_sequences/stu10_41_sequence.npy,ok,853,851,0.9976553341148886,0.7165972590446472,
stu8_0.mp4,battle_rope,train,62,/content/drive/MyDrive/FinalProjectCV/CV_Image_pose_detection/Data/LLSP/annotation_cleaned/pose_features/stu8_0.npy,/content/drive/MyDrive/FinalProjectCV/CV_Image_pose_detection/Data/LLSP/annotation_cleaned/pose_sequences/stu8_0_sequence.npy,ok,838,836,0.9976133651551312,0.8977588415145874,
stu7_15.mp4,front_raise,train,4,/content/drive/MyDrive/FinalProjectCV/CV_Image_pose_detection/Data/LLSP/annotation_cleaned/pose_features/stu7_15.npy,/content/drive/MyDrive/FinalProjectCV/CV_Image_pose_detection/Data/LLSP/annotation_cleaned/pose_sequences/stu7_15_sequence.npy,ok,450,450,1.0,0.8511385321617126,
stu2_47.mp4,push_up,train,20,/content/drive/MyDrive/FinalProjectCV/CV_Image_pose_detection/Data/LLSP/annotation_cleaned/pose_features/stu2_47.npy,/content/drive/MyDrive/FinalProjectCV/CV_Image_pose_detection/Data/LLSP/annotation_cleaned/pose_sequences/stu2_47_sequence.npy,ok,1799,1799,1.0,0.8547009229660034,
train2527.mp4,pull_up,train,4,/content/drive/MyDrive/FinalProjectCV/CV_Image_pose_detection/Data/LLSP/annotation_cleaned/pose_features/train2527.npy,/content/drive/MyDrive/FinalProjectCV/CV_Image_pose_detection/Data/LLSP/annotation_cleaned/pose_sequences/train2527_sequence.npy,ok,290,290,1.0,0.8544683456420898,
stu10_38.mp4,pull_up,train,10,/content/drive/MyDrive/FinalProjectCV/CV_Image_pose_detection/Data/LLSP/annotation_cleaned/pose_features/stu10_38.npy,/content/drive/MyDrive/FinalProjectCV/CV_Image_pose_detection/Data/LLSP/annotation_cleaned/pose_sequences/stu10_38_sequence.npy,ok,720,429,0.5958333333333333,0.42243078351020813,
stu1_64.mp4,sit_up,train,9,/content/drive/MyDrive/FinalProjectCV/CV_Image_pose_detection/Data/LLSP/annotation_cleaned/pose_features/stu1_64.npy,/content/drive/MyDrive/FinalProjectCV/CV_Image_pose_detection/Data/LLSP/annotation_cleaned/pose_sequences/stu1_64_sequence.npy,ok,1026,901,0.878167641325536,0.6429405212402344,
stu3_13.mp4,front_raise,train,3,/content/drive/MyDrive/FinalProjectCV/CV_Image_pose_detection/Data/LLSP/annotation_cleaned/pose_features/stu3_13.npy,/content/drive/MyDrive/FinalProjectCV/CV_Image_pose_detection/Data/LLSP/annotation_cleaned/pose_sequences/stu3_13_sequence.npy,ok,360,360,1.0,0.9591723680496216,
stu1_52.mp4,push_up,train,30,/content/drive/MyDrive/FinalProjectCV/CV_Image_pose_detection/Data/LLSP/annotation_cleaned/pose_features/stu1_52.npy,/content/drive/MyDrive/FinalProjectCV/CV_Image_pose_detection/Data/LLSP/annotation_cleaned/pose_sequences/stu1_52_sequence.npy,ok,1694,1618,0.9551357733175915,0.7521077990531921,
stu10_54.mp4,push_up,train,14,/content/drive/MyDrive/FinalProjectCV/CV_Image_pose_detection/Data/LLSP/annotation_cleaned/pose_features/stu10_54.npy,/content/drive/MyDrive/FinalProjectCV/CV_Image_pose_detection/Data/LLSP/annotation_cleaned/pose_sequences/stu10_54_sequence.npy,ok,1170,1140,0.9743589743589743,0.7251924872398376,
stu5_0.mp4,battle_rope,train,49,/content/drive/MyDrive/FinalProjectCV/CV_Image_pose_detection/Data/LLSP/annotation_cleaned/pose_features/stu5_0.npy,/content/drive/MyDrive/FinalProjectCV/CV_Image_pose_detection/Data/LLSP/annotation_cleaned/pose_sequences/stu5_0_sequence.npy,ok,500,470,0.94,0.7831236720085144,
stu10_33.mp4,others,train,27,/content/drive/MyDrive/FinalProjectCV/CV_Image_pose_detection/Data/LLSP/annotation_cleaned/pose_features/stu10_33.npy,/content/drive/MyDrive/FinalProjectCV/CV_Image_pose_detection/Data/LLSP/annotation_cleaned/pose_sequences/stu10_33_sequence.npy,failed,0,0,0.0,0.0,[Errno 2] No such file or directory: '/content/drive/MyDrive/FinalProjectCV/CV_Image_pose_detection/Data/LLSP/annotation_cleaned/pose_features/stu10_33.npy'
test558.mp4,front_raise,train,2,/content/drive/MyDrive/FinalProjectCV/CV_Image_pose_detection/Data/LLSP/annotation_cleaned/pose_features/test558.npy,/content/drive/MyDrive/FinalProjectCV/CV_Image_pose_detection/Data/LLSP/annotation_cleaned/pose_sequences/test558_sequence.npy,ok,300,71,0.23666666666666666,0.26343390345573425,
stu2_54.mp4,push_up,train,23,/content/drive/MyDrive/FinalProjectCV/CV_Image_pose_detection/Data/LLSP/annotation_cleaned/pose_features/stu2_54.npy,/content/drive/MyDrive/FinalProjectCV/CV_Image_pose_detection/Data/LLSP/annotation_cleaned/pose_sequences/stu2_54_sequence.npy,ok,624,620,0.9935897435897436,0.6441014409065247,
val581.mp4,jump_jacks,train,4,/content/drive/MyDrive/FinalProjectCV/CV_Image_pose_detection/Data/LLSP/annotation_cleaned/pose_features/val581.npy,/content/drive/MyDrive/FinalProjectCV/CV_Image_pose_detection/Data/LLSP/annotation_cleaned/pose_sequences/val581_sequence.npy,ok,300,300,1.0,0.7926748991012573,
test989.mp4,jump_jacks,train,9,/content/drive/MyDrive/FinalProjectCV/CV_Image_pose_detection/Data/LLSP/annotation_cleaned/pose_features/test989.npy,/content/drive/MyDrive/FinalProjectCV/CV_Image_pose_detection/Data/LLSP/annotation_cleaned/pose_sequences/test989_sequence.npy,ok,128,119,0.9296875,0.5413070321083069,
stu8_15.mp4,bench_pressing,train,13,/content/drive/MyDrive/FinalProjectCV/CV_Image_pose_detection/Data/LLSP/annotation_cleaned/pose_features/stu8_15.npy,/content/drive/MyDrive/FinalProjectCV/CV_Image_pose_detection/Data/LLSP/annotation_cleaned/pose_sequences/stu8_15_sequence.npy,ok,1077,907,0.8421541318477251,0.529468297958374,
stu8_8.mp4,bench_pressing,train,11,/content/drive/MyDrive/FinalProjectCV/CV_Image_pose_detection/Data/LLSP/annotation_cleaned/pose_features/stu8_8.npy,/content/drive/MyDrive/FinalProjectCV/CV_Image_pose_detection/Data/LLSP/annotation_cleaned/pose_sequences/stu8_8_sequence.npy,ok,1048,939,0.8959923664122137,0.5617315769195557,
stu4_9.mp4,front_raise,train,4,/content/drive/MyDrive/FinalProjectCV/CV_Image_pose_detection/Data/LLSP/annotation_cleaned/pose_features/stu4_9.npy,/content/drive/MyDrive/FinalProjectCV/CV_Image_pose_detection/Data/LLSP/annotation_cleaned/pose_sequences/stu4_9_sequence.npy,ok,750,750,1.0,0.9661948680877686,
stu2_64.mp4,sit_up,train,36,/content/drive/MyDrive/FinalProjectCV/CV_Image_pose_detection/Data/LLSP/annotation_cleaned/pose_features/stu2_64.npy,/content/drive/MyDrive/FinalProjectCV/CV_Image_pose_detection/Data/LLSP/annotation_cleaned/pose_sequences/stu2_64_sequence.npy,ok,1434,742,0.5174337517433751,0.3733634948730469,
stu6_59.mp4,squat,train,10,/content/drive/MyDrive/FinalProjectCV/CV_Image_pose_detection/Data/LLSP/annotation_cleaned/pose_features/stu6_59.npy,/content/drive/MyDrive/FinalProjectCV/CV_Image_pose_detection/Data/LLSP/annotation_cleaned/pose_sequences/stu6_59_sequence.npy,ok,480,480,1.0,0.9109112024307251,
train929.mp4,front_raise,train,4,/content/drive/MyDrive/FinalProjectCV/CV_Image_pose_detection/Data/LLSP/annotation_cleaned/pose_features/train929.npy,/content/drive/MyDrive/FinalProjectCV/CV_Image_pose_detection/Data/LLSP/annotation_cleaned/pose_sequences/train929_sequence.npy,ok,240,240,1.0,0.7317922711372375,
test555.mp4,front_raise,train,4,/content/drive/MyDrive/FinalProjectCV/CV_Image_pose_detection/Data/LLSP/annotation_cleaned/pose_features/test555.npy,/content/drive/MyDrive/FinalProjectCV/CV_Image_pose_detection/Data/LLSP/annotation_cleaned/pose_sequences/test555_sequence.npy,ok,300,245,0.8166666666666667,0.4548644423484802,
val1076.mp4,sit_up,train,2,/content/drive/MyDrive/FinalProjectCV/CV_Image_pose_detection/Data/LLSP/annotation_cleaned/pose_features/val1076.npy,/content/drive/MyDrive/FinalProjectCV/CV_Image_pose_detection/Data/LLSP/annotation_cleaned/pose_sequences/val1076_sequence.npy,ok,300,300,1.0,0.7953514456748962,
stu5_57.mp4,sit_up,train,19,/content/drive/MyDrive/FinalProjectCV/CV_Image_pose_detection/Data/LLSP/annotation_cleaned/pose_features/stu5_57.npy,/content/drive/MyDrive/FinalProjectCV/CV_Image_pose_detection/Data/LLSP/annotation_cleaned/pose_sequences/stu5_57_sequence.npy,ok,1006,924,0.9184890656063618,0.6610146164894104,
stu9_69.mp4,squat,train,21,/content/drive/MyDrive/FinalProjectCV/CV_Image_pose_detection/Data/LLSP/annotation_cleaned/pose_features/stu9_69.npy,/content/drive/MyDrive/FinalProjectCV/CV_Image_pose_detection/Data/LLSP/annotation_cleaned/pose_sequences/stu9_69_sequence.npy,ok,2550,2550,1.0,0.949190080165863,
val828.mp4,pull_up,train,4,/content/drive/MyDrive/FinalProjectCV/CV_Image_pose_detection/Data/LLSP/annotation_cleaned/pose_features/val828.npy,/content/drive/MyDrive/FinalProjectCV/CV_Image_pose_detection/Data/LLSP/annotation_cleaned/pose_sequences/val828_sequence.npy,ok,300,215,0.7166666666666667,0.5581719875335693,
stu1_56.mp4,sit_up,train,141,/content/drive/MyDrive/FinalProjectCV/CV_Image_pose_detection/Data/LLSP/annotation_cleaned/pose_features/stu1_56.npy,/content/drive/MyDrive/FinalProjectCV/CV_Image_pose_detection/Data/LLSP/annotation_cleaned/pose_sequences/stu1_56_sequence.npy,ok,1630,1629,0.9993865030674847,0.7773898243904114,
train2734.mp4,push_up,train,2,/content/drive/MyDrive/FinalProjectCV/CV_Image_pose_detection/Data/LLSP/annotation_cleaned/pose_features/train2734.npy,/content/drive/MyDrive/FinalProjectCV/CV_Image_pose_detection/Data/LLSP/annotation_cleaned/pose_sequences/train2734_sequence.npy,ok,293,291,0.9931740614334471,0.8075656890869141,
train2649.mp4,push_up,train,4,/content/drive/MyDrive/FinalProjectCV/CV_Image_pose_detection/Data/LLSP/annotation_cleaned/pose_features/train2649.npy,/content/drive/MyDrive/FinalProjectCV/CV_Image_pose_detection/Data/LLSP/annotation_cleaned/pose_sequences/train2649_sequence.npy,ok,300,300,1.0,0.8061379790306091,
stu1_2.mp4,bench_pressing,train,7,/content/drive/MyDrive/FinalProjectCV/CV_Image_pose_detection/Data/LLSP/annotation_cleaned/pose_features/stu1_2.npy,/content/drive/MyDrive/FinalProjectCV/CV_Image_pose_detection/Data/LLSP/annotation_cleaned/pose_sequences/stu1_2_sequence.npy,ok,887,698,0.7869222096956031,0.5469305515289307,
stu8_22.mp4,front_raise,train,10,/content/drive/MyDrive/FinalProjectCV/CV_Image_pose_detection/Data/LLSP/annotation_cleaned/pose_features/stu8_22.npy,/content/drive/MyDrive/FinalProjectCV/CV_Image_pose_detection/Data/LLSP/annotation_cleaned/pose_sequences/stu8_22_sequence.npy,ok,551,551,1.0,0.6581547260284424,
stu2_52.mp4,push_up,train,6,/content/drive/MyDrive/FinalProjectCV/CV_Image_pose_detection/Data/LLSP/annotation_cleaned/pose_features/stu2_52.npy,/content/drive/MyDrive/FinalProjectCV/CV_Image_pose_detection/Data/LLSP/annotation_cleaned/pose_sequences/stu2_52_sequence.npy,ok,983,934,0.9501525940996948,0.6879505515098572,
stu1_16.mp4,front_raise,train,3,/content/drive/MyDrive/FinalProjectCV/CV_Image_pose_detection/Data/LLSP/annotation_cleaned/pose_features/stu1_16.npy,/content/drive/MyDrive/FinalProjectCV/CV_Image_pose_detection/Data/LLSP/annotation_cleaned/pose_sequences/stu1_16_sequence.npy,ok,833,715,0.858343337334934,0.7971490025520325,
stu3_17.mp4,front_raise,train,5,/content/drive/MyDrive/FinalProjectCV/CV_Image_pose_detection/Data/LLSP/annotation_cleaned/pose_features/stu3_17.npy,/content/drive/MyDrive/FinalProjectCV/CV_Image_pose_detection/Data/LLSP/annotation_cleaned/pose_sequences/stu3_17_sequence.npy,ok,420,420,1.0,0.9095406532287598,
test127.mp4,bench_pressing,train,5,/content/drive/MyDrive/FinalProjectCV/CV_Image_pose_detection/Data/LLSP/annotation_cleaned/pose_features/test127.npy,/content/drive/MyDrive/FinalProjectCV/CV_Image_pose_detection/Data/LLSP/annotation_cleaned/pose_sequences/test127_sequence.npy,ok,300,300,1.0,0.6913883686065674,
stu1_46.mp4,push_up,train,9,/content/drive/MyDrive/FinalProjectCV/CV_Image_pose_detection/Data/LLSP/annotation_cleaned/pose_features/stu1_46.npy,/content/drive/MyDrive/FinalProjectCV/CV_Image_pose_detection/Data/LLSP/annotation_cleaned/pose_sequences/stu1_46_sequence.npy,ok,959,737,0.7685088633993743,0.5865370631217957,
stu4_38.mp4,pull_up,train,26,/content/drive/MyDrive/FinalProjectCV/CV_Image_pose_detection/Data/LLSP/annotation_cleaned/pose_features/stu4_38.npy,/content/drive/MyDrive/FinalProjectCV/CV_Image_pose_detection/Data/LLSP/annotation_cleaned/pose_sequences/stu4_38_sequence.npy,ok,1193,1169,0.9798826487845766,0.6861517429351807,
stu10_71.mp4,squat,train,4,/content/drive/MyDrive/FinalProjectCV/CV_Image_pose_detection/Data/LLSP/annotation_cleaned/pose_features/stu10_71.npy,/content/drive/MyDrive/FinalProjectCV/CV_Image_pose_detection/Data/LLSP/annotation_cleaned/pose_sequences/stu10_71_sequence.npy,ok,432,398,0.9212962962962963,0.7560281753540039,
stu10_4.mp4,bench_pressing,train,12,/content/drive/MyDrive/FinalProjectCV/CV_Image_pose_detection/Data/LLSP/annotation_cleaned/pose_features/stu10_4.npy,/content/drive/MyDrive/FinalProjectCV/CV_Image_pose_detection/Data/LLSP/annotation_cleaned/pose_sequences/stu10_4_sequence.npy,ok,919,898,0.9771490750816104,0.6037886738777161,
stu7_47.mp4,push_up,train,16,/content/drive/MyDrive/FinalProjectCV/CV_Image_pose_detection/Data/LLSP/annotation_cleaned/pose_features/stu7_47.npy,/content/drive/MyDrive/FinalProjectCV/CV_Image_pose_detection/Data/LLSP/annotation_cleaned/pose_sequences/stu7_47_sequence.npy,ok,903,845,0.9357696566998892,0.6750349998474121,
stu5_6.mp4,bench_pressing,train,5,/content/drive/MyDrive/FinalProjectCV/CV_Image_pose_detection/Data/LLSP/annotation_cleaned/pose_features/stu5_6.npy,/content/drive/MyDrive/FinalProjectCV/CV_Image_pose_detection/Data/LLSP/annotation_cleaned/pose_sequences/stu5_6_sequence.npy,ok,1379,963,0.6983321247280638,0.5298458337783813,
stu3_24.mp4,jump_jacks,train,13,/content/drive/MyDrive/FinalProjectCV/CV_Image_pose_detection/Data/LLSP/annotation_cleaned/pose_features/stu3_24.npy,/content/drive/MyDrive/FinalProjectCV/CV_Image_pose_detection/Data/LLSP/annotation_cleaned/pose_sequences/stu3_24_sequence.npy,ok,523,523,1.0,0.9596824049949646,
train3316.mp4,sit_up,train,4,/content/drive/MyDrive/FinalProjectCV/CV_Image_pose_detection/Data/LLSP/annotation_cleaned/pose_features/train3316.npy,/content/drive/MyDrive/FinalProjectCV/CV_Image_pose_detection/Data/LLSP/annotation_cleaned/pose_sequences/train3316_sequence.npy,ok,297,295,0.9932659932659933,0.6453628540039062,
stu4_10.mp4,front_raise,train,13,/content/drive/MyDrive/FinalProjectCV/CV_Image_pose_detection/Data/LLSP/annotation_cleaned/pose_features/stu4_10.npy,/content/drive/MyDrive/FinalProjectCV/CV_Image_pose_detection/Data/LLSP/annotation_cleaned/pose_sequences/stu4_10_sequence.npy,ok,630,629,0.9984126984126984,0.631727397441864,
stu2_50.mp4,push_up,train,25,/content/drive/MyDrive/FinalProjectCV/CV_Image_pose_detection/Data/LLSP/annotation_cleaned/pose_features/stu2_50.npy,/content/drive/MyDrive/FinalProjectCV/CV_Image_pose_detection/Data/LLSP/annotation_cleaned/pose_sequences/stu2_50_sequence.npy,ok,1525,1525,1.0,0.8099862337112427,
stu4_30.mp4,pull_up,train,1,/content/drive/MyDrive/FinalProjectCV/CV_Image_pose_detection/Data/LLSP/annotation_cleaned/pose_features/stu4_30.npy,/content/drive/MyDrive/FinalProjectCV/CV_Image_pose_detection/Data/LLSP/annotation_cleaned/pose_sequences/stu4_30_sequence.npy,ok,959,959,1.0,0.8600183129310608,
stu2_19.mp4,front_raise,train,5,/content/drive/MyDrive/FinalProjectCV/CV_Image_pose_detection/Data/LLSP/annotation_cleaned/pose_features/stu2_19.npy,/content/drive/MyDrive/FinalProjectCV/CV_Image_pose_detection/Data/LLSP/annotation_cleaned/pose_sequences/stu2_19_sequence.npy,ok,599,599,1.0,0.8740404844284058,
stu8_2.mp4,bench_pressing,train,11,/content/drive/MyDrive/FinalProjectCV/CV_Image_pose_detection/Data/LLSP/annotation_cleaned/pose_features/stu8_2.npy,/content/drive/MyDrive/FinalProjectCV/CV_Image_pose_detection/Data/LLSP/annotation_cleaned/pose_sequences/stu8_2_sequence.npy,ok,642,572,0.8909657320872274,0.6903132796287537,
stu5_41.mp4,pull_up,train,34,/content/drive/MyDrive/FinalProjectCV/CV_Image_pose_detection/Data/LLSP/annotation_cleaned/pose_features/stu5_41.npy,/content/drive/MyDrive/FinalProjectCV/CV_Image_pose_detection/Data/LLSP/annotation_cleaned/pose_sequences/stu5_41_sequence.npy,ok,1795,1795,1.0,0.941822350025177,
stu1_21.mp4,front_raise,train,4,/content/drive/MyDrive/FinalProjectCV/CV_Image_pose_detection/Data/LLSP/annotation_cleaned/pose_features/stu1_21.npy,/content/drive/MyDrive/FinalProjectCV/CV_Image_pose_detection/Data/LLSP/annotation_cleaned/pose_sequences/stu1_21_sequence.npy,ok,839,839,1.0,0.8785890936851501,
val1256.mp4,squat,train,2,/content/drive/MyDrive/FinalProjectCV/CV_Image_pose_detection/Data/LLSP/annotation_cleaned/pose_features/val1256.npy,/content/drive/MyDrive/FinalProjectCV/CV_Image_pose_detection/Data/LLSP/annotation_cleaned/pose_sequences/val1256_sequence.npy,ok,300,298,0.9933333333333333,0.6640594601631165,
stu9_49.mp4,push_up,train,5,/content/drive/MyDrive/FinalProjectCV/CV_Image_pose_detection/Data/LLSP/annotation_cleaned/pose_features/stu9_49.npy,/content/drive/MyDrive/FinalProjectCV/CV_Image_pose_detection/Data/LLSP/annotation_cleaned/pose_sequences/stu9_49_sequence.npy,ok,900,895,0.9944444444444445,0.8228874206542969,
stu6_45.mp4,push_up,train,10,/content/drive/MyDrive/FinalProjectCV/CV_Image_pose_detection/Data/LLSP/annotation_cleaned/pose_features/stu6_45.npy,/content/drive/MyDrive/FinalProjectCV/CV_Image_pose_detection/Data/LLSP/annotation_cleaned/pose_sequences/stu6_45_sequence.npy,ok,960,960,1.0,0.8470488786697388,
stu4_6.mp4,bench_pressing,train,8,/content/drive/MyDrive/FinalProjectCV/CV_Image_pose_detection/Data/LLSP/annotation_cleaned/pose_features/stu4_6.npy,/content/drive/MyDrive/FinalProjectCV/CV_Image_pose_detection/Data/LLSP/annotation_cleaned/pose_sequences/stu4_6_sequence.npy,ok,1401,698,0.4982155603140614,0.45623597502708435,
stu9_43.mp4,pull_up,train,18,/content/drive/MyDrive/FinalProjectCV/CV_Image_pose_detection/Data/LLSP/annotation_cleaned/pose_features/stu9_43.npy,/content/drive/MyDrive/FinalProjectCV/CV_Image_pose_detection/Data/LLSP/annotation_cleaned/pose_sequences/stu9_43_sequence.npy,ok,1800,1597,0.8872222222222222,0.6948744654655457,
test2326.mp4,squat,train,2,/content/drive/MyDrive/FinalProjectCV/CV_Image_pose_detection/Data/LLSP/annotation_cleaned/pose_features/test2326.npy,/content/drive/MyDrive/FinalProjectCV/CV_Image_pose_detection/Data/LLSP/annotation_cleaned/pose_sequences/test2326_sequence.npy,ok,300,300,1.0,0.8852240443229675,
stu3_30.mp4,jump_jacks,train,16,/content/drive/MyDrive/FinalProjectCV/CV_Image_pose_detection/Data/LLSP/annotation_cleaned/pose_features/stu3_30.npy,/content/drive/MyDrive/FinalProjectCV/CV_Image_pose_detection/Data/LLSP/annotation_cleaned/pose_sequences/stu3_30_sequence.npy,ok,208,208,1.0,0.9123401045799255,
stu8_29.mp4,jump_jacks,train,41,/content/drive/MyDrive/FinalProjectCV/CV_Image_pose_detection/Data/LLSP/annotation_cleaned/pose_features/stu8_29.npy,/content/drive/MyDrive/FinalProjectCV/CV_Image_pose_detection/Data/LLSP/annotation_cleaned/pose_sequences/stu8_29_sequence.npy,ok,1798,1798,1.0,0.9570047855377197,
stu1_58.mp4,sit_up,train,7,/content/drive/MyDrive/FinalProjectCV/CV_Image_pose_detection/Data/LLSP/annotation_cleaned/pose_features/stu1_58.npy,/content/drive/MyDrive/FinalProjectCV/CV_Image_pose_detection/Data/LLSP/annotation_cleaned/pose_sequences/stu1_58_sequence.npy,ok,1440,1440,1.0,0.8175048232078552,
stu4_55.mp4,sit_up,train,16,/content/drive/MyDrive/FinalProjectCV/CV_Image_pose_detection/Data/LLSP/annotation_cleaned/pose_features/stu4_55.npy,/content/drive/MyDrive/FinalProjectCV/CV_Image_pose_detection/Data/LLSP/annotation_cleaned/pose_sequences/stu4_55_sequence.npy,ok,1218,1095,0.8990147783251231,0.579957902431488,
train2645.mp4,push_up,train,3,/content/drive/MyDrive/FinalProjectCV/CV_Image_pose_detection/Data/LLSP/annotation_cleaned/pose_features/train2645.npy,/content/drive/MyDrive/FinalProjectCV/CV_Image_pose_detection/Data/LLSP/annotation_cleaned/pose_sequences/train2645_sequence.npy,ok,300,281,0.9366666666666666,0.6246304512023926,
stu6_27.mp4,pull_up,train,5,/content/drive/MyDrive/FinalProjectCV/CV_Image_pose_detection/Data/LLSP/annotation_cleaned/pose_features/stu6_27.npy,/content/drive/MyDrive/FinalProjectCV/CV_Image_pose_detection/Data/LLSP/annotation_cleaned/pose_sequences/stu6_27_sequence.npy,ok,417,415,0.9952038369304557,0.8254550695419312,
stu4_31.mp4,pull_up,train,6,/content/drive/MyDrive/FinalProjectCV/CV_Image_pose_detection/Data/LLSP/annotation_cleaned/pose_features/stu4_31.npy,/content/drive/MyDrive/FinalProjectCV/CV_Image_pose_detection/Data/LLSP/annotation_cleaned/pose_sequences/stu4_31_sequence.npy,ok,797,794,0.9962358845671268,0.5022593140602112,
stu2_8.mp4,bench_pressing,train,14,/content/drive/MyDrive/FinalProjectCV/CV_Image_pose_detection/Data/LLSP/annotation_cleaned/pose_features/stu2_8.npy,/content/drive/MyDrive/FinalProjectCV/CV_Image_pose_detection/Data/LLSP/annotation_cleaned/pose_sequences/stu2_8_sequence.npy,ok,1342,1262,0.940387481371088,0.5481486916542053,
stu3_72.mp4,squat,train,1,/content/drive/MyDrive/FinalProjectCV/CV_Image_pose_detection/Data/LLSP/annotation_cleaned/pose_features/stu3_72.npy,/content/drive/MyDrive/FinalProjectCV/CV_Image_pose_detection/Data/LLSP/annotation_cleaned/pose_sequences/stu3_72_sequence.npy,ok,300,300,1.0,0.7014124393463135,
stu8_24.mp4,jump_jacks,train,21,/content/drive/MyDrive/FinalProjectCV/CV_Image_pose_detection/Data/LLSP/annotation_cleaned/pose_features/stu8_24.npy,/content/drive/MyDrive/FinalProjectCV/CV_Image_pose_detection/Data/LLSP/annotation_cleaned/pose_sequences/stu8_24_sequence.npy,ok,1627,1580,0.9711124769514444,0.9428888559341431,
val892.mp4,push_up,train,2,/content/drive/MyDrive/FinalProjectCV/CV_Image_pose_detection/Data/LLSP/annotation_cleaned/pose_features/val892.npy,/content/drive/MyDrive/FinalProjectCV/CV_Image_pose_detection/Data/LLSP/annotation_cleaned/pose_sequences/val892_sequence.npy,ok,300,300,1.0,0.9290658235549927,
test557.mp4,front_raise,train,3,/content/drive/MyDrive/FinalProjectCV/CV_Image_pose_detection/Data/LLSP/annotation_cleaned/pose_features/test557.npy,/content/drive/MyDrive/FinalProjectCV/CV_Image_pose_detection/Data/LLSP/annotation_cleaned/pose_sequences/test557_sequence.npy,ok,300,300,1.0,0.8067039847373962,
stu8_68.mp4,squat,train,3,/content/drive/MyDrive/FinalProjectCV/CV_Image_pose_detection/Data/LLSP/annotation_cleaned/pose_features/stu8_68.npy,/content/drive/MyDrive/FinalProjectCV/CV_Image_pose_detection/Data/LLSP/annotation_cleaned/pose_sequences/stu8_68_sequence.npy,ok,275,275,1.0,0.7123025059700012,
stu5_10.mp4,bench_pressing,train,8,/content/drive/MyDrive/FinalProjectCV/CV_Image_pose_detection/Data/LLSP/annotation_cleaned/pose_features/stu5_10.npy,/content/drive/MyDrive/FinalProjectCV/CV_Image_pose_detection/Data/LLSP/annotation_cleaned/pose_sequences/stu5_10_sequence.npy,ok,606,495,0.8168316831683168,0.5023476481437683,
test1483.mp4,pull_up,train,5,/content/drive/MyDrive/FinalProjectCV/CV_Image_pose_detection/Data/LLSP/annotation_cleaned/pose_features/test1483.npy,/content/drive/MyDrive/FinalProjectCV/CV_Image_pose_detection/Data/LLSP/annotation_cleaned/pose_sequences/test1483_sequence.npy,ok,296,290,0.9797297297297297,0.7290753126144409,
stu4_53.mp4,sit_up,train,9,/content/drive/MyDrive/FinalProjectCV/CV_Image_pose_detection/Data/LLSP/annotation_cleaned/pose_features/stu4_53.npy,/content/drive/MyDrive/FinalProjectCV/CV_Image_pose_detection/Data/LLSP/annotation_cleaned/pose_sequences/stu4_53_sequence.npy,ok,1858,1858,1.0,0.6915162205696106,
stu2_31.mp4,jump_jacks,train,19,/content/drive/MyDrive/FinalProjectCV/CV_Image_pose_detection/Data/LLSP/annotation_cleaned/pose_features/stu2_31.npy,/content/drive/MyDrive/FinalProjectCV/CV_Image_pose_detection/Data/LLSP/annotation_cleaned/pose_sequences/stu2_31_sequence.npy,ok,660,660,1.0,0.9631308317184448,
test570.mp4,front_raise,train,3,/content/drive/MyDrive/FinalProjectCV/CV_Image_pose_detection/Data/LLSP/annotation_cleaned/pose_features/test570.npy,/content/drive/MyDrive/FinalProjectCV/CV_Image_pose_detection/Data/LLSP/annotation_cleaned/pose_sequences/test570_sequence.npy,ok,300,300,1.0,0.7859942317008972,
stu10_40.mp4,pull_up,train,12,/content/drive/MyDrive/FinalProjectCV/CV_Image_pose_detection/Data/LLSP/annotation_cleaned/pose_features/stu10_40.npy,/content/drive/MyDrive/FinalProjectCV/CV_Image_pose_detection/Data/LLSP/annotation_cleaned/pose_sequences/stu10_40_sequence.npy,ok,910,861,0.9461538461538461,0.6298199892044067,
stu2_70.mp4,squat,train,13,/content/drive/MyDrive/FinalProjectCV/CV_Image_pose_detection/Data/LLSP/annotation_cleaned/pose_features/stu2_70.npy,/content/drive/MyDrive/FinalProjectCV/CV_Image_pose_detection/Data/LLSP/annotation_cleaned/pose_sequences/stu2_70_sequence.npy,ok,1499,1499,1.0,0.798435628414154,
stu1_13.mp4,bench_pressing,train,34,/content/drive/MyDrive/FinalProjectCV/CV_Image_pose_detection/Data/LLSP/annotation_cleaned/pose_features/stu1_13.npy,/content/drive/MyDrive/FinalProjectCV/CV_Image_pose_detection/Data/LLSP/annotation_cleaned/pose_sequences/stu1_13_sequence.npy,ok,1440,1174,0.8152777777777778,0.4968930184841156,
stu4_67.mp4,squat,train,9,/content/drive/MyDrive/FinalProjectCV/CV_Image_pose_detection/Data/LLSP/annotation_cleaned/pose_features/stu4_67.npy,/content/drive/MyDrive/FinalProjectCV/CV_Image_pose_detection/Data/LLSP/annotation_cleaned/pose_sequences/stu4_67_sequence.npy,ok,1289,1289,1.0,0.9570043087005615,
stu9_0.mp4,battle_rope,train,44,/content/drive/MyDrive/FinalProjectCV/CV_Image_pose_detection/Data/LLSP/annotation_cleaned/pose_features/stu9_0.npy,/content/drive/MyDrive/FinalProjectCV/CV_Image_pose_detection/Data/LLSP/annotation_cleaned/pose_sequences/stu9_0_sequence.npy,ok,525,469,0.8933333333333333,0.7247618436813354,
train1614.mp4,jump_jacks,train,9,/content/drive/MyDrive/FinalProjectCV/CV_Image_pose_detection/Data/LLSP/annotation_cleaned/pose_features/train1614.npy,/content/drive/MyDrive/FinalProjectCV/CV_Image_pose_detection/Data/LLSP/annotation_cleaned/pose_sequences/train1614_sequence.npy,ok,300,300,1.0,0.9625629782676697,
stu1_69.mp4,squat,train,9,/content/drive/MyDrive/FinalProjectCV/CV_Image_pose_detection/Data/LLSP/annotation_cleaned/pose_features/stu1_69.npy,/content/drive/MyDrive/FinalProjectCV/CV_Image_pose_detection/Data/LLSP/annotation_cleaned/pose_sequences/stu1_69_sequence.npy,ok,575,575,1.0,0.886172354221344,
stu8_18.mp4,front_raise,train,9,/content/drive/MyDrive/FinalProjectCV/CV_Image_pose_detection/Data/LLSP/annotation_cleaned/pose_features/stu8_18.npy,/content/drive/MyDrive/FinalProjectCV/CV_Image_pose_detection/Data/LLSP/annotation_cleaned/pose_sequences/stu8_18_sequence.npy,ok,707,707,1.0,0.9581092000007629,
stu8_33.mp4,jump_jacks,train,7,/content/drive/MyDrive/FinalProjectCV/CV_Image_pose_detection/Data/LLSP/annotation_cleaned/pose_features/stu8_33.npy,/content/drive/MyDrive/FinalProjectCV/CV_Image_pose_detection/Data/LLSP/annotation_cleaned/pose_sequences/stu8_33_sequence.npy,ok,570,570,1.0,0.9596402645111084,
stu8_26.mp4,jump_jacks,train,10,/content/drive/MyDrive/FinalProjectCV/CV_Image_pose_detection/Data/LLSP/annotation_cleaned/pose_features/stu8_26.npy,/content/drive/MyDrive/FinalProjectCV/CV_Image_pose_detection/Data/LLSP/annotation_cleaned/pose_sequences/stu8_26_sequence.npy,ok,288,288,1.0,0.908746063709259,
stu1_43.mp4,push_up,train,9,/content/drive/MyDrive/FinalProjectCV/CV_Image_pose_detection/Data/LLSP/annotation_cleaned/pose_features/stu1_43.npy,/content/drive/MyDrive/FinalProjectCV/CV_Image_pose_detection/Data/LLSP/annotation_cleaned/pose_sequences/stu1_43_sequence.npy,ok,1439,1439,1.0,0.8869484663009644,
stu3_71.mp4,squat,train,2,/content/drive/MyDrive/FinalProjectCV/CV_Image_pose_detection/Data/LLSP/annotation_cleaned/pose_features/stu3_71.npy,/content/drive/MyDrive/FinalProjectCV/CV_Image_pose_detection/Data/LLSP/annotation_cleaned/pose_sequences/stu3_71_sequence.npy,ok,330,330,1.0,0.7448505759239197,
stu4_51.mp4,sit_up,train,6,/content/drive/MyDrive/FinalProjectCV/CV_Image_pose_detection/Data/LLSP/annotation_cleaned/pose_features/stu4_51.npy,/content/drive/MyDrive/FinalProjectCV/CV_Image_pose_detection/Data/LLSP/annotation_cleaned/pose_sequences/stu4_51_sequence.npy,ok,1072,1072,1.0,0.8446894884109497,
stu2_42.mp4,pull_up,train,14,/content/drive/MyDrive/FinalProjectCV/CV_Image_pose_detection/Data/LLSP/annotation_cleaned/pose_features/stu2_42.npy,/content/drive/MyDrive/FinalProjectCV/CV_Image_pose_detection/Data/LLSP/annotation_cleaned/pose_sequences/stu2_42_sequence.npy,ok,1438,1005,0.6988873435326843,0.5067092180252075,
stu1_42.mp4,pull_up,train,10,/content/drive/MyDrive/FinalProjectCV/CV_Image_pose_detection/Data/LLSP/annotation_cleaned/pose_features/stu1_42.npy,/content/drive/MyDrive/FinalProjectCV/CV_Image_pose_detection/Data/LLSP/annotation_cleaned/pose_sequences/stu1_42_sequence.npy,ok,599,599,1.0,0.7429553866386414,
stu3_48.mp4,push_up,train,54,/content/drive/MyDrive/FinalProjectCV/CV_Image_pose_detection/Data/LLSP/annotation_cleaned/pose_features/stu3_48.npy,/content/drive/MyDrive/FinalProjectCV/CV_Image_pose_detection/Data/LLSP/annotation_cleaned/pose_sequences/stu3_48_sequence.npy,ok,1228,1170,0.9527687296416938,0.6319584250450134,
stu8_66.mp4,squat,train,5,/content/drive/MyDrive/FinalProjectCV/CV_Image_pose_detection/Data/LLSP/annotation_cleaned/pose_features/stu8_66.npy,/content/drive/MyDrive/FinalProjectCV/CV_Image_pose_detection/Data/LLSP/annotation_cleaned/pose_sequences/stu8_66_sequence.npy,ok,719,719,1.0,0.9555022120475769,
train1678.mp4,jump_jacks,train,11,/content/drive/MyDrive/FinalProjectCV/CV_Image_pose_detection/Data/LLSP/annotation_cleaned/pose_features/train1678.npy,/content/drive/MyDrive/FinalProjectCV/CV_Image_pose_detection/Data/LLSP/annotation_cleaned/pose_sequences/train1678_sequence.npy,ok,290,290,1.0,0.8969374895095825,
stu9_62.mp4,sit_up,train,2,/content/drive/MyDrive/FinalProjectCV/CV_Image_pose_detection/Data/LLSP/annotation_cleaned/pose_features/stu9_62.npy,/content/drive/MyDrive/FinalProjectCV/CV_Image_pose_detection/Data/LLSP/annotation_cleaned/pose_sequences/stu9_62_sequence.npy,ok,1799,1799,1.0,0.8558024168014526,
stu3_49.mp4,push_up,train,39,/content/drive/MyDrive/FinalProjectCV/CV_Image_pose_detection/Data/LLSP/annotation_cleaned/pose_features/stu3_49.npy,/content/drive/MyDrive/FinalProjectCV/CV_Image_pose_detection/Data/LLSP/annotation_cleaned/pose_sequences/stu3_49_sequence.npy,ok,1349,1276,0.9458858413639734,0.7366681098937988,
stu2_18.mp4,front_raise,train,39,/content/drive/MyDrive/FinalProjectCV/CV_Image_pose_detection/Data/LLSP/annotation_cleaned/pose_features/stu2_18.npy,/content/drive/MyDrive/FinalProjectCV/CV_Image_pose_detection/Data/LLSP/annotation_cleaned/pose_sequences/stu2_18_sequence.npy,ok,1366,949,0.6947291361639825,0.5961211919784546,
stu2_2.mp4,bench_pressing,train,4,/content/drive/MyDrive/FinalProjectCV/CV_Image_pose_detection/Data/LLSP/annotation_cleaned/pose_features/stu2_2.npy,/content/drive/MyDrive/FinalProjectCV/CV_Image_pose_detection/Data/LLSP/annotation_cleaned/pose_sequences/stu2_2_sequence.npy,ok,444,444,1.0,0.8449097275733948,
stu10_55.mp4,sit_up,train,24,/content/drive/MyDrive/FinalProjectCV/CV_Image_pose_detection/Data/LLSP/annotation_cleaned/pose_features/stu10_55.npy,/content/drive/MyDrive/FinalProjectCV/CV_Image_pose_detection/Data/LLSP/annotation_cleaned/pose_sequences/stu10_55_sequence.npy,ok,1791,1583,0.8838637632607482,0.6584645509719849,
stu10_7.mp4,bench_pressing,train,2,/content/drive/MyDrive/FinalProjectCV/CV_Image_pose_detection/Data/LLSP/annotation_cleaned/pose_features/stu10_7.npy,/content/drive/MyDrive/FinalProjectCV/CV_Image_pose_detection/Data/LLSP/annotation_cleaned/pose_sequences/stu10_7_sequence.npy,ok,960,957,0.996875,0.5671987533569336,
stu8_21.mp4,front_raise,train,3,/content/drive/MyDrive/FinalProjectCV/CV_Image_pose_detection/Data/LLSP/annotation_cleaned/pose_features/stu8_21.npy,/content/drive/MyDrive/FinalProjectCV/CV_Image_pose_detection/Data/LLSP/annotation_cleaned/pose_sequences/stu8_21_sequence.npy,ok,360,360,1.0,0.7053980827331543,
stu7_69.mp4,squat,train,20,/content/drive/MyDrive/FinalProjectCV/CV_Image_pose_detection/Data/LLSP/annotation_cleaned/pose_features/stu7_69.npy,/content/drive/MyDrive/FinalProjectCV/CV_Image_pose_detection/Data/LLSP/annotation_cleaned/pose_sequences/stu7_69_sequence.npy,ok,1109,1109,1.0,0.800788938999176,
stu8_36.mp4,pull_up,train,6,/content/drive/MyDrive/FinalProjectCV/CV_Image_pose_detection/Data/LLSP/annotation_cleaned/pose_features/stu8_36.npy,/content/drive/MyDrive/FinalProjectCV/CV_Image_pose_detection/Data/LLSP/annotation_cleaned/pose_sequences/stu8_36_sequence.npy,ok,1299,1299,1.0,0.6626635789871216,
stu3_22.mp4,jump_jacks,train,11,/content/drive/MyDrive/FinalProjectCV/CV_Image_pose_detection/Data/LLSP/annotation_cleaned/pose_features/stu3_22.npy,/content/drive/MyDrive/FinalProjectCV/CV_Image_pose_detection/Data/LLSP/annotation_cleaned/pose_sequences/stu3_22_sequence.npy,ok,532,366,0.6879699248120301,0.4868101477622986,
train3951.mp4,squat,train,4,/content/drive/MyDrive/FinalProjectCV/CV_Image_pose_detection/Data/LLSP/annotation_cleaned/pose_features/train3951.npy,/content/drive/MyDrive/FinalProjectCV/CV_Image_pose_detection/Data/LLSP/annotation_cleaned/pose_sequences/train3951_sequence.npy,ok,300,300,1.0,0.8890019059181213,
stu5_54.mp4,sit_up,train,26,/content/drive/MyDrive/FinalProjectCV/CV_Image_pose_detection/Data/LLSP/annotation_cleaned/pose_features/stu5_54.npy,/content/drive/MyDrive/FinalProjectCV/CV_Image_pose_detection/Data/LLSP/annotation_cleaned/pose_sequences/stu5_54_sequence.npy,ok,1144,910,0.7954545454545454,0.6212138533592224,
test577.mp4,front_raise,train,3,/content/drive/MyDrive/FinalProjectCV/CV_Image_pose_detection/Data/LLSP/annotation_cleaned/pose_features/test577.npy,/content/drive/MyDrive/FinalProjectCV/CV_Image_pose_detection/Data/LLSP/annotation_cleaned/pose_sequences/test577_sequence.npy,ok,279,212,0.7598566308243727,0.5088014006614685,
stu9_70.mp4,squat,train,4,/content/drive/MyDrive/FinalProjectCV/CV_Image_pose_detection/Data/LLSP/annotation_cleaned/pose_features/stu9_70.npy,/content/drive/MyDrive/FinalProjectCV/CV_Image_pose_detection/Data/LLSP/annotation_cleaned/pose_sequences/stu9_70_sequence.npy,ok,384,384,1.0,0.8128994703292847,
stu10_70.mp4,squat,train,5,/content/drive/MyDrive/FinalProjectCV/CV_Image_pose_detection/Data/LLSP/annotation_cleaned/pose_features/stu10_70.npy,/content/drive/MyDrive/FinalProjectCV/CV_Image_pose_detection/Data/LLSP/annotation_cleaned/pose_sequences/stu10_70_sequence.npy,ok,456,456,1.0,0.8969533443450928,
stu9_14.mp4,front_raise,train,11,/content/drive/MyDrive/FinalProjectCV/CV_Image_pose_detection/Data/LLSP/annotation_cleaned/pose_features/stu9_14.npy,/content/drive/MyDrive/FinalProjectCV/CV_Image_pose_detection/Data/LLSP/annotation_cleaned/pose_sequences/stu9_14_sequence.npy,ok,648,648,1.0,0.8414759039878845,
stu2_33.mp4,jump_jacks,train,27,/content/drive/MyDrive/FinalProjectCV/CV_Image_pose_detection/Data/LLSP/annotation_cleaned/pose_features/stu2_33.npy,/content/drive/MyDrive/FinalProjectCV/CV_Image_pose_detection/Data/LLSP/annotation_cleaned/pose_sequences/stu2_33_sequence.npy,ok,747,743,0.9946452476572959,0.8547714352607727,
stu7_11.mp4,bench_pressing,train,4,/content/drive/MyDrive/FinalProjectCV/CV_Image_pose_detection/Data/LLSP/annotation_cleaned/pose_features/stu7_11.npy,/content/drive/MyDrive/FinalProjectCV/CV_Image_pose_detection/Data/LLSP/annotation_cleaned/pose_sequences/stu7_11_sequence.npy,ok,1500,1152,0.768,0.4647767245769501,
stu9_7.mp4,bench_pressing,train,6,/content/drive/MyDrive/FinalProjectCV/CV_Image_pose_detection/Data/LLSP/annotation_cleaned/pose_features/stu9_7.npy,/content/drive/MyDrive/FinalProjectCV/CV_Image_pose_detection/Data/LLSP/annotation_cleaned/pose_sequences/stu9_7_sequence.npy,ok,945,917,0.9703703703703703,0.7024906277656555,
stu2_7.mp4,bench_pressing,train,11,/content/drive/MyDrive/FinalProjectCV/CV_Image_pose_detection/Data/LLSP/annotation_cleaned/pose_features/stu2_7.npy,/content/drive/MyDrive/FinalProjectCV/CV_Image_pose_detection/Data/LLSP/annotation_cleaned/pose_sequences/stu2_7_sequence.npy,ok,1769,1761,0.9954776710005653,0.7948015332221985,
stu6_55.mp4,sit_up,train,2,/content/drive/MyDrive/FinalProjectCV/CV_Image_pose_detection/Data/LLSP/annotation_cleaned/pose_features/stu6_55.npy,/content/drive/MyDrive/FinalProjectCV/CV_Image_pose_detection/Data/LLSP/annotation_cleaned/pose_sequences/stu6_55_sequence.npy,ok,874,874,1.0,0.8710794448852539,
stu2_68.mp4,squat,train,25,/content/drive/MyDrive/FinalProjectCV/CV_Image_pose_detection/Data/LLSP/annotation_cleaned/pose_features/stu2_68.npy,/content/drive/MyDrive/FinalProjectCV/CV_Image_pose_detection/Data/LLSP/annotation_cleaned/pose_sequences/stu2_68_sequence.npy,ok,1438,1414,0.9833101529902643,0.7818096876144409,
stu5_39.mp4,pull_up,train,7,/content/drive/MyDrive/FinalProjectCV/CV_Image_pose_detection/Data/LLSP/annotation_cleaned/pose_features/stu5_39.npy,/content/drive/MyDrive/FinalProjectCV/CV_Image_pose_detection/Data/LLSP/annotation_cleaned/pose_sequences/stu5_39_sequence.npy,ok,900,470,0.5222222222222223,0.46844103932380676,
stu9_68.mp4,squat,train,20,/content/drive/MyDrive/FinalProjectCV/CV_Image_pose_detection/Data/LLSP/annotation_cleaned/pose_features/stu9_68.npy,/content/drive/MyDrive/FinalProjectCV/CV_Image_pose_detection/Data/LLSP/annotation_cleaned/pose_sequences/stu9_68_sequence.npy,ok,1350,1350,1.0,0.9618996977806091,
stu8_27.mp4,jump_jacks,train,49,/content/drive/MyDrive/FinalProjectCV/CV_Image_pose_detection/Data/LLSP/annotation_cleaned/pose_features/stu8_27.npy,/content/drive/MyDrive/FinalProjectCV/CV_Image_pose_detection/Data/LLSP/annotation_cleaned/pose_sequences/stu8_27_sequence.npy,ok,1500,1500,1.0,0.948747992515564,
stu9_53.mp4,push_up,train,39,/content/drive/MyDrive/FinalProjectCV/CV_Image_pose_detection/Data/LLSP/annotation_cleaned/pose_features/stu9_53.npy,/content/drive/MyDrive/FinalProjectCV/CV_Image_pose_detection/Data/LLSP/annotation_cleaned/pose_sequences/stu9_53_sequence.npy,ok,1052,1038,0.9866920152091255,0.7407601475715637,
stu1_1.mp4,battle_rope,train,23,/content/drive/MyDrive/FinalProjectCV/CV_Image_pose_detection/Data/LLSP/annotation_cleaned/pose_features/stu1_1.npy,/content/drive/MyDrive/FinalProjectCV/CV_Image_pose_detection/Data/LLSP/annotation_cleaned/pose_sequences/stu1_1_sequence.npy,ok,360,360,1.0,0.94351726770401,
train2676.mp4,push_up,train,3,/content/drive/MyDrive/FinalProjectCV/CV_Image_pose_detection/Data/LLSP/annotation_cleaned/pose_features/train2676.npy,/content/drive/MyDrive/FinalProjectCV/CV_Image_pose_detection/Data/LLSP/annotation_cleaned/pose_sequences/train2676_sequence.npy,ok,250,250,1.0,0.8642332553863525,
stu1_49.mp4,push_up,train,15,/content/drive/MyDrive/FinalProjectCV/CV_Image_pose_detection/Data/LLSP/annotation_cleaned/pose_features/stu1_49.npy,/content/drive/MyDrive/FinalProjectCV/CV_Image_pose_detection/Data/LLSP/annotation_cleaned/pose_sequences/stu1_49_sequence.npy,ok,1124,515,0.4581850533807829,0.3973187804222107,
test2299.mp4,squat,train,2,/content/drive/MyDrive/FinalProjectCV/CV_Image_pose_detection/Data/LLSP/annotation_cleaned/pose_features/test2299.npy,/content/drive/MyDrive/FinalProjectCV/CV_Image_pose_detection/Data/LLSP/annotation_cleaned/pose_sequences/test2299_sequence.npy,ok,300,297,0.99,0.5670738220214844,
stu3_27.mp4,jump_jacks,train,70,/content/drive/MyDrive/FinalProjectCV/CV_Image_pose_detection/Data/LLSP/annotation_cleaned/pose_features/stu3_27.npy,/content/drive/MyDrive/FinalProjectCV/CV_Image_pose_detection/Data/LLSP/annotation_cleaned/pose_sequences/stu3_27_sequence.npy,ok,1798,1798,1.0,0.9446216225624084,
test2309.mp4,squat,train,2,/content/drive/MyDrive/FinalProjectCV/CV_Image_pose_detection/Data/LLSP/annotation_cleaned/pose_features/test2309.npy,/content/drive/MyDrive/FinalProjectCV/CV_Image_pose_detection/Data/LLSP/annotation_cleaned/pose_sequences/test2309_sequence.npy,ok,300,300,1.0,0.7788479328155518,
stu4_37.mp4,pull_up,train,6,/content/drive/MyDrive/FinalProjectCV/CV_Image_pose_detection/Data/LLSP/annotation_cleaned/pose_features/stu4_37.npy,/content/drive/MyDrive/FinalProjectCV/CV_Image_pose_detection/Data/LLSP/annotation_cleaned/pose_sequences/stu4_37_sequence.npy,ok,1307,1146,0.8768171384850804,0.5248392224311829,
stu9_39.mp4,pull_up,train,8,/content/drive/MyDrive/FinalProjectCV/CV_Image_pose_detection/Data/LLSP/annotation_cleaned/pose_features/stu9_39.npy,/content/drive/MyDrive/FinalProjectCV/CV_Image_pose_detection/Data/LLSP/annotation_cleaned/pose_sequences/stu9_39_sequence.npy,ok,1156,1149,0.9939446366782007,0.6579082012176514,
stu10_28.mp4,jump_jacks,train,8,/content/drive/MyDrive/FinalProjectCV/CV_Image_pose_detection/Data/LLSP/annotation_cleaned/pose_features/stu10_28.npy,/content/drive/MyDrive/FinalProjectCV/CV_Image_pose_detection/Data/LLSP/annotation_cleaned/pose_sequences/stu10_28_sequence.npy,ok,572,405,0.708041958041958,0.7162907123565674,
stu7_48.mp4,push_up,train,9,/content/drive/MyDrive/FinalProjectCV/CV_Image_pose_detection/Data/LLSP/annotation_cleaned/pose_features/stu7_48.npy,/content/drive/MyDrive/FinalProjectCV/CV_Image_pose_detection/Data/LLSP/annotation_cleaned/pose_sequences/stu7_48_sequence.npy,ok,1770,1770,1.0,0.8681433796882629,
stu6_25.mp4,jump_jacks,train,35,/content/drive/MyDrive/FinalProjectCV/CV_Image_pose_detection/Data/LLSP/annotation_cleaned/pose_features/stu6_25.npy,/content/drive/MyDrive/FinalProjectCV/CV_Image_pose_detection/Data/LLSP/annotation_cleaned/pose_sequences/stu6_25_sequence.npy,ok,1198,1198,1.0,0.9647133350372314,
stu6_26.mp4,pull_up,train,10,/content/drive/MyDrive/FinalProjectCV/CV_Image_pose_detection/Data/LLSP/annotation_cleaned/pose_features/stu6_26.npy,/content/drive/MyDrive/FinalProjectCV/CV_Image_pose_detection/Data/LLSP/annotation_cleaned/pose_sequences/stu6_26_sequence.npy,ok,990,990,1.0,0.8446009159088135,
train3365.mp4,sit_up,train,13,/content/drive/MyDrive/FinalProjectCV/CV_Image_pose_detection/Data/LLSP/annotation_cleaned/pose_features/train3365.npy,/content/drive/MyDrive/FinalProjectCV/CV_Image_pose_detection/Data/LLSP/annotation_cleaned/pose_sequences/train3365_sequence.npy,ok,300,300,1.0,0.7808311581611633,
test584.mp4,front_raise,train,5,/content/drive/MyDrive/FinalProjectCV/CV_Image_pose_detection/Data/LLSP/annotation_cleaned/pose_features/test584.npy,/content/drive/MyDrive/FinalProjectCV/CV_Image_pose_detection/Data/LLSP/annotation_cleaned/pose_sequences/test584_sequence.npy,ok,240,149,0.6208333333333333,0.5712742805480957,
stu9_46.mp4,push_up,train,6,/content/drive/MyDrive/FinalProjectCV/CV_Image_pose_detection/Data/LLSP/annotation_cleaned/pose_features/stu9_46.npy,/content/drive/MyDrive/FinalProjectCV/CV_Image_pose_detection/Data/LLSP/annotation_cleaned/pose_sequences/stu9_46_sequence.npy,ok,720,719,0.9986111111111111,0.8378139734268188,
stu7_68.mp4,squat,train,20,/content/drive/MyDrive/FinalProjectCV/CV_Image_pose_detection/Data/LLSP/annotation_cleaned/pose_features/stu7_68.npy,/content/drive/MyDrive/FinalProjectCV/CV_Image_pose_detection/Data/LLSP/annotation_cleaned/pose_sequences/stu7_68_sequence.npy,ok,900,900,1.0,0.9446533918380737,
stu10_21.mp4,front_raise,train,2,/content/drive/MyDrive/FinalProjectCV/CV_Image_pose_detection/Data/LLSP/annotation_cleaned/pose_features/stu10_21.npy,/content/drive/MyDrive/FinalProjectCV/CV_Image_pose_detection/Data/LLSP/annotation_cleaned/pose_sequences/stu10_21_sequence.npy,ok,224,224,1.0,0.7991368770599365,
stu7_51.mp4,push_up,train,47,/content/drive/MyDrive/FinalProjectCV/CV_Image_pose_detection/Data/LLSP/annotation_cleaned/pose_features/stu7_51.npy,/content/drive/MyDrive/FinalProjectCV/CV_Image_pose_detection/Data/LLSP/annotation_cleaned/pose_sequences/stu7_51_sequence.npy,ok,792,764,0.9646464646464646,0.7210546135902405,
train186.mp4,bench_pressing,train,2,/content/drive/MyDrive/FinalProjectCV/CV_Image_pose_detection/Data/LLSP/annotation_cleaned/pose_features/train186.npy,/content/drive/MyDrive/FinalProjectCV/CV_Image_pose_detection/Data/LLSP/annotation_cleaned/pose_sequences/train186_sequence.npy,ok,300,138,0.46,0.3928961157798767,
stu10_35.mp4,pull_up,train,11,/content/drive/MyDrive/FinalProjectCV/CV_Image_pose_detection/Data/LLSP/annotation_cleaned/pose_features/stu10_35.npy,/content/drive/MyDrive/FinalProjectCV/CV_Image_pose_detection/Data/LLSP/annotation_cleaned/pose_sequences/stu10_35_sequence.npy,ok,1118,1116,0.998211091234347,0.7381783127784729,
stu7_27.mp4,jump_jacks,train,30,/content/drive/MyDrive/FinalProjectCV/CV_Image_pose_detection/Data/LLSP/annotation_cleaned/pose_features/stu7_27.npy,/content/drive/MyDrive/FinalProjectCV/CV_Image_pose_detection/Data/LLSP/annotation_cleaned/pose_sequences/stu7_27_sequence.npy,ok,750,750,1.0,0.9546558856964111,
stu10_11.mp4,bench_pressing,train,20,/content/drive/MyDrive/FinalProjectCV/CV_Image_pose_detection/Data/LLSP/annotation_cleaned/pose_features/stu10_11.npy,/content/drive/MyDrive/FinalProjectCV/CV_Image_pose_detection/Data/LLSP/annotation_cleaned/pose_sequences/stu10_11_sequence.npy,ok,1798,1743,0.9694104560622915,0.822464108467102,
stu10_2.mp4,bench_pressing,train,11,/content/drive/MyDrive/FinalProjectCV/CV_Image_pose_detection/Data/LLSP/annotation_cleaned/pose_features/stu10_2.npy,/content/drive/MyDrive/FinalProjectCV/CV_Image_pose_detection/Data/LLSP/annotation_cleaned/pose_sequences/stu10_2_sequence.npy,ok,1219,610,0.5004101722723544,0.35167866945266724,
stu3_7.mp4,bench_pressing,train,16,/content/drive/MyDrive/FinalProjectCV/CV_Image_pose_detection/Data/LLSP/annotation_cleaned/pose_features/stu3_7.npy,/content/drive/MyDrive/FinalProjectCV/CV_Image_pose_detection/Data/LLSP/annotation_cleaned/pose_sequences/stu3_7_sequence.npy,ok,1137,1063,0.9349164467897977,0.5527488589286804,
stu3_26.mp4,jump_jacks,train,62,/content/drive/MyDrive/FinalProjectCV/CV_Image_pose_detection/Data/LLSP/annotation_cleaned/pose_features/stu3_26.npy,/content/drive/MyDrive/FinalProjectCV/CV_Image_pose_detection/Data/LLSP/annotation_cleaned/pose_sequences/stu3_26_sequence.npy,ok,1762,1744,0.9897843359818388,0.9072579145431519,
stu9_6.mp4,bench_pressing,train,5,/content/drive/MyDrive/FinalProjectCV/CV_Image_pose_detection/Data/LLSP/annotation_cleaned/pose_features/stu9_6.npy,/content/drive/MyDrive/FinalProjectCV/CV_Image_pose_detection/Data/LLSP/annotation_cleaned/pose_sequences/stu9_6_sequence.npy,ok,210,97,0.46190476190476193,0.43430769443511963,
stu8_67.mp4,squat,train,3,/content/drive/MyDrive/FinalProjectCV/CV_Image_pose_detection/Data/LLSP/annotation_cleaned/pose_features/stu8_67.npy,/content/drive/MyDrive/FinalProjectCV/CV_Image_pose_detection/Data/LLSP/annotation_cleaned/pose_sequences/stu8_67_sequence.npy,ok,330,330,1.0,0.8090255260467529,
val1258.mp4,squat,train,3,/content/drive/MyDrive/FinalProjectCV/CV_Image_pose_detection/Data/LLSP/annotation_cleaned/pose_features/val1258.npy,/content/drive/MyDrive/FinalProjectCV/CV_Image_pose_detection/Data/LLSP/annotation_cleaned/pose_sequences/val1258_sequence.npy,ok,300,300,1.0,0.7867415547370911,
stu2_29.mp4,jump_jacks,train,28,/content/drive/MyDrive/FinalProjectCV/CV_Image_pose_detection/Data/LLSP/annotation_cleaned/pose_features/stu2_29.npy,/content/drive/MyDrive/FinalProjectCV/CV_Image_pose_detection/Data/LLSP/annotation_cleaned/pose_sequences/stu2_29_sequence.npy,ok,887,887,1.0,0.9639009833335876,
stu2_41.mp4,pull_up,train,26,/content/drive/MyDrive/FinalProjectCV/CV_Image_pose_detection/Data/LLSP/annotation_cleaned/pose_features/stu2_41.npy,/content/drive/MyDrive/FinalProjectCV/CV_Image_pose_detection/Data/LLSP/annotation_cleaned/pose_sequences/stu2_41_sequence.npy,ok,2276,2276,1.0,0.879814863204956,
stu6_43.mp4,push_up,train,19,/content/drive/MyDrive/FinalProjectCV/CV_Image_pose_detection/Data/LLSP/annotation_cleaned/pose_features/stu6_43.npy,/content/drive/MyDrive/FinalProjectCV/CV_Image_pose_detection/Data/LLSP/annotation_cleaned/pose_sequences/stu6_43_sequence.npy,ok,660,660,1.0,0.726434588432312,
stu7_41.mp4,pull_up,train,4,/content/drive/MyDrive/FinalProjectCV/CV_Image_pose_detection/Data/LLSP/annotation_cleaned/pose_features/stu7_41.npy,/content/drive/MyDrive/FinalProjectCV/CV_Image_pose_detection/Data/LLSP/annotation_cleaned/pose_sequences/stu7_41_sequence.npy,ok,359,359,1.0,0.6777058839797974,
stu9_4.mp4,bench_pressing,train,8,/content/drive/MyDrive/FinalProjectCV/CV_Image_pose_detection/Data/LLSP/annotation_cleaned/pose_features/stu9_4.npy,/content/drive/MyDrive/FinalProjectCV/CV_Image_pose_detection/Data/LLSP/annotation_cleaned/pose_sequences/stu9_4_sequence.npy,ok,1573,1465,0.9313413858868405,0.6525191068649292,
stu9_23.mp4,front_raise,train,5,/content/drive/MyDrive/FinalProjectCV/CV_Image_pose_detection/Data/LLSP/annotation_cleaned/pose_features/stu9_23.npy,/content/drive/MyDrive/FinalProjectCV/CV_Image_pose_detection/Data/LLSP/annotation_cleaned/pose_sequences/stu9_23_sequence.npy,ok,750,743,0.9906666666666667,0.6373558044433594,
test118.mp4,bench_pressing,train,6,/content/drive/MyDrive/FinalProjectCV/CV_Image_pose_detection/Data/LLSP/annotation_cleaned/pose_features/test118.npy,/content/drive/MyDrive/FinalProjectCV/CV_Image_pose_detection/Data/LLSP/annotation_cleaned/pose_sequences/test118_sequence.npy,ok,300,279,0.93,0.5815115571022034,
stu10_57.mp4,sit_up,train,31,/content/drive/MyDrive/FinalProjectCV/CV_Image_pose_detection/Data/LLSP/annotation_cleaned/pose_features/stu10_57.npy,/content/drive/MyDrive/FinalProjectCV/CV_Image_pose_detection/Data/LLSP/annotation_cleaned/pose_sequences/stu10_57_sequence.npy,ok,1470,1458,0.9918367346938776,0.5588517785072327,
stu2_44.mp4,pull_up,train,10,/content/drive/MyDrive/FinalProjectCV/CV_Image_pose_detection/Data/LLSP/annotation_cleaned/pose_features/stu2_44.npy,/content/drive/MyDrive/FinalProjectCV/CV_Image_pose_detection/Data/LLSP/annotation_cleaned/pose_sequences/stu2_44_sequence.npy,ok,1025,940,0.9170731707317074,0.6435989141464233,
stu10_45.mp4,push_up,train,14,/content/drive/MyDrive/FinalProjectCV/CV_Image_pose_detection/Data/LLSP/annotation_cleaned/pose_features/stu10_45.npy,/content/drive/MyDrive/FinalProjectCV/CV_Image_pose_detection/Data/LLSP/annotation_cleaned/pose_sequences/stu10_45_sequence.npy,ok,1547,1468,0.9489334195216548,0.7633976936340332,
train2464.mp4,pull_up,train,4,/content/drive/MyDrive/FinalProjectCV/CV_Image_pose_detection/Data/LLSP/annotation_cleaned/pose_features/train2464.npy,/content/drive/MyDrive/FinalProjectCV/CV_Image_pose_detection/Data/LLSP/annotation_cleaned/pose_sequences/train2464_sequence.npy,ok,300,300,1.0,0.7296159863471985,
stu10_20.mp4,front_raise,train,8,/content/drive/MyDrive/FinalProjectCV/CV_Image_pose_detection/Data/LLSP/annotation_cleaned/pose_features/stu10_20.npy,/content/drive/MyDrive/FinalProjectCV/CV_Image_pose_detection/Data/LLSP/annotation_cleaned/pose_sequences/stu10_20_sequence.npy,ok,1048,1033,0.9856870229007634,0.8117755055427551,
test125.mp4,bench_pressing,train,3,/content/drive/MyDrive/FinalProjectCV/CV_Image_pose_detection/Data/LLSP/annotation_cleaned/pose_features/test125.npy,/content/drive/MyDrive/FinalProjectCV/CV_Image_pose_detection/Data/LLSP/annotation_cleaned/pose_sequences/test125_sequence.npy,ok,100,100,1.0,0.7178506255149841,
stu10_14.mp4,front_raise,train,14,/content/drive/MyDrive/FinalProjectCV/CV_Image_pose_detection/Data/LLSP/annotation_cleaned/pose_features/stu10_14.npy,/content/drive/MyDrive/FinalProjectCV/CV_Image_pose_detection/Data/LLSP/annotation_cleaned/pose_sequences/stu10_14_sequence.npy,ok,1200,1200,1.0,0.7981113791465759,
stu1_3.mp4,bench_pressing,train,4,/content/drive/MyDrive/FinalProjectCV/CV_Image_pose_detection/Data/LLSP/annotation_cleaned/pose_features/stu1_3.npy,/content/drive/MyDrive/FinalProjectCV/CV_Image_pose_detection/Data/LLSP/annotation_cleaned/pose_sequences/stu1_3_sequence.npy,ok,1262,1202,0.9524564183835182,0.6575939655303955,
train2523.mp4,pull_up,train,4,/content/drive/MyDrive/FinalProjectCV/CV_Image_pose_detection/Data/LLSP/annotation_cleaned/pose_features/train2523.npy,/content/drive/MyDrive/FinalProjectCV/CV_Image_pose_detection/Data/LLSP/annotation_cleaned/pose_sequences/train2523_sequence.npy,ok,299,299,1.0,0.7810976505279541,
stu3_69.mp4,squat,train,10,/content/drive/MyDrive/FinalProjectCV/CV_Image_pose_detection/Data/LLSP/annotation_cleaned/pose_features/stu3_69.npy,/content/drive/MyDrive/FinalProjectCV/CV_Image_pose_detection/Data/LLSP/annotation_cleaned/pose_sequences/stu3_69_sequence.npy,ok,450,450,1.0,0.959735631942749,
stu8_55.mp4,sit_up,train,10,/content/drive/MyDrive/FinalProjectCV/CV_Image_pose_detection/Data/LLSP/annotation_cleaned/pose_features/stu8_55.npy,/content/drive/MyDrive/FinalProjectCV/CV_Image_pose_detection/Data/LLSP/annotation_cleaned/pose_sequences/stu8_55_sequence.npy,ok,719,649,0.9026425591098748,0.6733160614967346,
stu4_43.mp4,push_up,train,10,/content/drive/MyDrive/FinalProjectCV/CV_Image_pose_detection/Data/LLSP/annotation_cleaned/pose_features/stu4_43.npy,/content/drive/MyDrive/FinalProjectCV/CV_Image_pose_detection/Data/LLSP/annotation_cleaned/pose_sequences/stu4_43_sequence.npy,ok,929,888,0.9558665231431647,0.717280924320221,
test2318.mp4,squat,train,4,/content/drive/MyDrive/FinalProjectCV/CV_Image_pose_detection/Data/LLSP/annotation_cleaned/pose_features/test2318.npy,/content/drive/MyDrive/FinalProjectCV/CV_Image_pose_detection/Data/LLSP/annotation_cleaned/pose_sequences/test2318_sequence.npy,ok,300,300,1.0,0.7484422922134399,
stu3_45.mp4,push_up,train,25,/content/drive/MyDrive/FinalProjectCV/CV_Image_pose_detection/Data/LLSP/annotation_cleaned/pose_features/stu3_45.npy,/content/drive/MyDrive/FinalProjectCV/CV_Image_pose_detection/Data/LLSP/annotation_cleaned/pose_sequences/stu3_45_sequence.npy,ok,1798,1797,0.9994438264738599,0.7961718440055847,
stu3_70.mp4,squat,train,12,/content/drive/MyDrive/FinalProjectCV/CV_Image_pose_detection/Data/LLSP/annotation_cleaned/pose_features/stu3_70.npy,/content/drive/MyDrive/FinalProjectCV/CV_Image_pose_detection/Data/LLSP/annotation_cleaned/pose_sequences/stu3_70_sequence.npy,ok,500,500,1.0,0.934927761554718,
stu10_30.mp4,jump_jacks,train,4,/content/drive/MyDrive/FinalProjectCV/CV_Image_pose_detection/Data/LLSP/annotation_cleaned/pose_features/stu10_30.npy,/content/drive/MyDrive/FinalProjectCV/CV_Image_pose_detection/Data/LLSP/annotation_cleaned/pose_sequences/stu10_30_sequence.npy,ok,209,209,1.0,0.9311909675598145,
stu9_60.mp4,sit_up,train,4,/content/drive/MyDrive/FinalProjectCV/CV_Image_pose_detection/Data/LLSP/annotation_cleaned/pose_features/stu9_60.npy,/content/drive/MyDrive/FinalProjectCV/CV_Image_pose_detection/Data/LLSP/annotation_cleaned/pose_sequences/stu9_60_sequence.npy,ok,1085,859,0.791705069124424,0.5590136051177979,
train2484.mp4,pull_up,train,7,/content/drive/MyDrive/FinalProjectCV/CV_Image_pose_detection/Data/LLSP/annotation_cleaned/pose_features/train2484.npy,/content/drive/MyDrive/FinalProjectCV/CV_Image_pose_detection/Data/LLSP/annotation_cleaned/pose_sequences/train2484_sequence.npy,ok,278,265,0.9532374100719424,0.6903178691864014,
stu7_7.mp4,bench_pressing,train,4,/content/drive/MyDrive/FinalProjectCV/CV_Image_pose_detection/Data/LLSP/annotation_cleaned/pose_features/stu7_7.npy,/content/drive/MyDrive/FinalProjectCV/CV_Image_pose_detection/Data/LLSP/annotation_cleaned/pose_sequences/stu7_7_sequence.npy,ok,838,518,0.6181384248210023,0.4788011312484741,
stu3_60.mp4,squat,train,4,/content/drive/MyDrive/FinalProjectCV/CV_Image_pose_detection/Data/LLSP/annotation_cleaned/pose_features/stu3_60.npy,/content/drive/MyDrive/FinalProjectCV/CV_Image_pose_detection/Data/LLSP/annotation_cleaned/pose_sequences/stu3_60_sequence.npy,ok,210,210,1.0,0.9691362977027893,
test990.mp4,jump_jacks,train,5,/content/drive/MyDrive/FinalProjectCV/CV_Image_pose_detection/Data/LLSP/annotation_cleaned/pose_features/test990.npy,/content/drive/MyDrive/FinalProjectCV/CV_Image_pose_detection/Data/LLSP/annotation_cleaned/pose_sequences/test990_sequence.npy,ok,300,300,1.0,0.9467287063598633,
stu2_10.mp4,bench_pressing,train,6,/content/drive/MyDrive/FinalProjectCV/CV_Image_pose_detection/Data/LLSP/annotation_cleaned/pose_features/stu2_10.npy,/content/drive/MyDrive/FinalProjectCV/CV_Image_pose_detection/Data/LLSP/annotation_cleaned/pose_sequences/stu2_10_sequence.npy,ok,619,598,0.9660743134087237,0.7169567942619324,
stu1_53.mp4,sit_up,train,9,/content/drive/MyDrive/FinalProjectCV/CV_Image_pose_detection/Data/LLSP/annotation_cleaned/pose_features/stu1_53.npy,/content/drive/MyDrive/FinalProjectCV/CV_Image_pose_detection/Data/LLSP/annotation_cleaned/pose_sequences/stu1_53_sequence.npy,ok,450,450,1.0,0.7938689589500427,
stu6_60.mp4,squat,train,35,/content/drive/MyDrive/FinalProjectCV/CV_Image_pose_detection/Data/LLSP/annotation_cleaned/pose_features/stu6_60.npy,/content/drive/MyDrive/FinalProjectCV/CV_Image_pose_detection/Data/LLSP/annotation_cleaned/pose_sequences/stu6_60_sequence.npy,ok,1740,1740,1.0,0.9512754082679749,
stu5_63.mp4,squat,train,21,/content/drive/MyDrive/FinalProjectCV/CV_Image_pose_detection/Data/LLSP/annotation_cleaned/pose_features/stu5_63.npy,/content/drive/MyDrive/FinalProjectCV/CV_Image_pose_detection/Data/LLSP/annotation_cleaned/pose_sequences/stu5_63_sequence.npy,ok,960,960,1.0,0.9583026170730591,
stu6_50.mp4,sit_up,train,9,/content/drive/MyDrive/FinalProjectCV/CV_Image_pose_detection/Data/LLSP/annotation_cleaned/pose_features/stu6_50.npy,/content/drive/MyDrive/FinalProjectCV/CV_Image_pose_detection/Data/LLSP/annotation_cleaned/pose_sequences/stu6_50_sequence.npy,ok,1339,1296,0.9678864824495892,0.7203416228294373,
stu3_68.mp4,squat,train,17,/content/drive/MyDrive/FinalProjectCV/CV_Image_pose_detection/Data/LLSP/annotation_cleaned/pose_features/stu3_68.npy,/content/drive/MyDrive/FinalProjectCV/CV_Image_pose_detection/Data/LLSP/annotation_cleaned/pose_sequences/stu3_68_sequence.npy,ok,1499,1499,1.0,0.8911040425300598,
stu4_44.mp4,push_up,train,9,/content/drive/MyDrive/FinalProjectCV/CV_Image_pose_detection/Data/LLSP/annotation_cleaned/pose_features/stu4_44.npy,/content/drive/MyDrive/FinalProjectCV/CV_Image_pose_detection/Data/LLSP/annotation_cleaned/pose_sequences/stu4_44_sequence.npy,ok,959,959,1.0,0.85417240858078,
stu3_33.mp4,pull_up,train,10,/content/drive/MyDrive/FinalProjectCV/CV_Image_pose_detection/Data/LLSP/annotation_cleaned/pose_features/stu3_33.npy,/content/drive/MyDrive/FinalProjectCV/CV_Image_pose_detection/Data/LLSP/annotation_cleaned/pose_sequences/stu3_33_sequence.npy,ok,748,748,1.0,0.8399221897125244,
stu4_48.mp4,push_up,train,8,/content/drive/MyDrive/FinalProjectCV/CV_Image_pose_detection/Data/LLSP/annotation_cleaned/pose_features/stu4_48.npy,/content/drive/MyDrive/FinalProjectCV/CV_Image_pose_detection/Data/LLSP/annotation_cleaned/pose_sequences/stu4_48_sequence.npy,ok,900,900,1.0,0.8255805969238281,
train1022.mp4,front_raise,train,3,/content/drive/MyDrive/FinalProjectCV/CV_Image_pose_detection/Data/LLSP/annotation_cleaned/pose_features/train1022.npy,/content/drive/MyDrive/FinalProjectCV/CV_Image_pose_detection/Data/LLSP/annotation_cleaned/pose_sequences/train1022_sequence.npy,ok,300,300,1.0,0.8953389525413513,
stu10_52.mp4,push_up,train,37,/content/drive/MyDrive/FinalProjectCV/CV_Image_pose_detection/Data/LLSP/annotation_cleaned/pose_features/stu10_52.npy,/content/drive/MyDrive/FinalProjectCV/CV_Image_pose_detection/Data/LLSP/annotation_cleaned/pose_sequences/stu10_52_sequence.npy,ok,1648,1624,0.9854368932038835,0.6756691336631775,
stu10_27.mp4,jump_jacks,train,18,/content/drive/MyDrive/FinalProjectCV/CV_Image_pose_detection/Data/LLSP/annotation_cleaned/pose_features/stu10_27.npy,/content/drive/MyDrive/FinalProjectCV/CV_Image_pose_detection/Data/LLSP/annotation_cleaned/pose_sequences/stu10_27_sequence.npy,ok,570,570,1.0,0.960692286491394,
stu10_61.mp4,sit_up,train,15,/content/drive/MyDrive/FinalProjectCV/CV_Image_pose_detection/Data/LLSP/annotation_cleaned/pose_features/stu10_61.npy,/content/drive/MyDrive/FinalProjectCV/CV_Image_pose_detection/Data/LLSP/annotation_cleaned/pose_sequences/stu10_61_sequence.npy,ok,936,907,0.969017094017094,0.7541583776473999,
stu1_45.mp4,push_up,train,6,/content/drive/MyDrive/FinalProjectCV/CV_Image_pose_detection/Data/LLSP/annotation_cleaned/pose_features/stu1_45.npy,/content/drive/MyDrive/FinalProjectCV/CV_Image_pose_detection/Data/LLSP/annotation_cleaned/pose_sequences/stu1_45_sequence.npy,ok,825,825,1.0,0.8868815302848816,
val1075.mp4,sit_up,train,3,/content/drive/MyDrive/FinalProjectCV/CV_Image_pose_detection/Data/LLSP/annotation_cleaned/pose_features/val1075.npy,/content/drive/MyDrive/FinalProjectCV/CV_Image_pose_detection/Data/LLSP/annotation_cleaned/pose_sequences/val1075_sequence.npy,ok,300,286,0.9533333333333334,0.5185728669166565,
train2502.mp4,pull_up,train,6,/content/drive/MyDrive/FinalProjectCV/CV_Image_pose_detection/Data/LLSP/annotation_cleaned/pose_features/train2502.npy,/content/drive/MyDrive/FinalProjectCV/CV_Image_pose_detection/Data/LLSP/annotation_cleaned/pose_sequences/train2502_sequence.npy,ok,61,31,0.5081967213114754,0.34344998002052307,
stu3_40.mp4,pull_up,train,6,/content/drive/MyDrive/FinalProjectCV/CV_Image_pose_detection/Data/LLSP/annotation_cleaned/pose_features/stu3_40.npy,/content/drive/MyDrive/FinalProjectCV/CV_Image_pose_detection/Data/LLSP/annotation_cleaned/pose_sequences/stu3_40_sequence.npy,ok,900,900,1.0,0.6939893960952759,
stu2_13.mp4,bench_pressing,train,11,/content/drive/MyDrive/FinalProjectCV/CV_Image_pose_detection/Data/LLSP/annotation_cleaned/pose_features/stu2_13.npy,/content/drive/MyDrive/FinalProjectCV/CV_Image_pose_detection/Data/LLSP/annotation_cleaned/pose_sequences/stu2_13_sequence.npy,ok,448,392,0.875,0.47617262601852417,
train184.mp4,bench_pressing,train,2,/content/drive/MyDrive/FinalProjectCV/CV_Image_pose_detection/Data/LLSP/annotation_cleaned/pose_features/train184.npy,/content/drive/MyDrive/FinalProjectCV/CV_Image_pose_detection/Data/LLSP/annotation_cleaned/pose_sequences/train184_sequence.npy,ok,300,297,0.99,0.680273711681366,
stu5_44.mp4,push_up,train,12,/content/drive/MyDrive/FinalProjectCV/CV_Image_pose_detection/Data/LLSP/annotation_cleaned/pose_features/stu5_44.npy,/content/drive/MyDrive/FinalProjectCV/CV_Image_pose_detection/Data/LLSP/annotation_cleaned/pose_sequences/stu5_44_sequence.npy,ok,1469,1415,0.9632402995234853,0.775943398475647,
test2003.mp4,sit_up,train,6,/content/drive/MyDrive/FinalProjectCV/CV_Image_pose_detection/Data/LLSP/annotation_cleaned/pose_features/test2003.npy,/content/drive/MyDrive/FinalProjectCV/CV_Image_pose_detection/Data/LLSP/annotation_cleaned/pose_sequences/test2003_sequence.npy,ok,150,105,0.7,0.3923998773097992,
stu3_6.mp4,bench_pressing,train,6,/content/drive/MyDrive/FinalProjectCV/CV_Image_pose_detection/Data/LLSP/annotation_cleaned/pose_features/stu3_6.npy,/content/drive/MyDrive/FinalProjectCV/CV_Image_pose_detection/Data/LLSP/annotation_cleaned/pose_sequences/stu3_6_sequence.npy,ok,750,750,1.0,0.7906759977340698,
stu2_67.mp4,squat,train,11,/content/drive/MyDrive/FinalProjectCV/CV_Image_pose_detection/Data/LLSP/annotation_cleaned/pose_features/stu2_67.npy,/content/drive/MyDrive/FinalProjectCV/CV_Image_pose_detection/Data/LLSP/annotation_cleaned/pose_sequences/stu2_67_sequence.npy,ok,1470,1470,1.0,0.868283748626709,
stu10_66.mp4,squat,train,25,/content/drive/MyDrive/FinalProjectCV/CV_Image_pose_detection/Data/LLSP/annotation_cleaned/pose_features/stu10_66.npy,/content/drive/MyDrive/FinalProjectCV/CV_Image_pose_detection/Data/LLSP/annotation_cleaned/pose_sequences/stu10_66_sequence.npy,ok,1228,1228,1.0,0.8861230611801147,
train2745.mp4,push_up,train,2,/content/drive/MyDrive/FinalProjectCV/CV_Image_pose_detection/Data/LLSP/annotation_cleaned/pose_features/train2745.npy,/content/drive/MyDrive/FinalProjectCV/CV_Image_pose_detection/Data/LLSP/annotation_cleaned/pose_sequences/train2745_sequence.npy,ok,300,300,1.0,0.840974748134613,
stu6_19.mp4,jump_jacks,train,16,/content/drive/MyDrive/FinalProjectCV/CV_Image_pose_detection/Data/LLSP/annotation_cleaned/pose_features/stu6_19.npy,/content/drive/MyDrive/FinalProjectCV/CV_Image_pose_detection/Data/LLSP/annotation_cleaned/pose_sequences/stu6_19_sequence.npy,ok,719,719,1.0,0.9527016878128052,
val1099.mp4,sit_up,train,4,/content/drive/MyDrive/FinalProjectCV/CV_Image_pose_detection/Data/LLSP/annotation_cleaned/pose_features/val1099.npy,/content/drive/MyDrive/FinalProjectCV/CV_Image_pose_detection/Data/LLSP/annotation_cleaned/pose_sequences/val1099_sequence.npy,ok,256,190,0.7421875,0.45612919330596924,
stu8_13.mp4,bench_pressing,train,5,/content/drive/MyDrive/FinalProjectCV/CV_Image_pose_detection/Data/LLSP/annotation_cleaned/pose_features/stu8_13.npy,/content/drive/MyDrive/FinalProjectCV/CV_Image_pose_detection/Data/LLSP/annotation_cleaned/pose_sequences/stu8_13_sequence.npy,ok,739,695,0.9404600811907984,0.7065045237541199,
stu1_6.mp4,bench_pressing,train,11,/content/drive/MyDrive/FinalProjectCV/CV_Image_pose_detection/Data/LLSP/annotation_cleaned/pose_features/stu1_6.npy,/content/drive/MyDrive/FinalProjectCV/CV_Image_pose_detection/Data/LLSP/annotation_cleaned/pose_sequences/stu1_6_sequence.npy,ok,1319,1199,0.909021986353298,0.6691592335700989,
stu2_9.mp4,bench_pressing,train,9,/content/drive/MyDrive/FinalProjectCV/CV_Image_pose_detection/Data/LLSP/annotation_cleaned/pose_features/stu2_9.npy,/content/drive/MyDrive/FinalProjectCV/CV_Image_pose_detection/Data/LLSP/annotation_cleaned/pose_sequences/stu2_9_sequence.npy,ok,1222,1144,0.9361702127659575,0.6433579325675964,
stu3_63.mp4,squat,train,7,/content/drive/MyDrive/FinalProjectCV/CV_Image_pose_detection/Data/LLSP/annotation_cleaned/pose_features/stu3_63.npy,/content/drive/MyDrive/FinalProjectCV/CV_Image_pose_detection/Data/LLSP/annotation_cleaned/pose_sequences/stu3_63_sequence.npy,ok,390,390,1.0,0.8596293926239014,
stu3_41.mp4,pull_up,train,1,/content/drive/MyDrive/FinalProjectCV/CV_Image_pose_detection/Data/LLSP/annotation_cleaned/pose_features/stu3_41.npy,/content/drive/MyDrive/FinalProjectCV/CV_Image_pose_detection/Data/LLSP/annotation_cleaned/pose_sequences/stu3_41_sequence.npy,ok,200,156,0.78,0.5476920008659363,
stu4_20.mp4,jump_jacks,train,11,/content/drive/MyDrive/FinalProjectCV/CV_Image_pose_detection/Data/LLSP/annotation_cleaned/pose_features/stu4_20.npy,/content/drive/MyDrive/FinalProjectCV/CV_Image_pose_detection/Data/LLSP/annotation_cleaned/pose_sequences/stu4_20_sequence.npy,ok,264,264,1.0,0.9200665950775146,
val820.mp4,pull_up,train,4,/content/drive/MyDrive/FinalProjectCV/CV_Image_pose_detection/Data/LLSP/annotation_cleaned/pose_features/val820.npy,/content/drive/MyDrive/FinalProjectCV/CV_Image_pose_detection/Data/LLSP/annotation_cleaned/pose_sequences/val820_sequence.npy,ok,300,23,0.07666666666666666,0.3745197057723999,
stu5_42.mp4,push_up,train,23,/content/drive/MyDrive/FinalProjectCV/CV_Image_pose_detection/Data/LLSP/annotation_cleaned/pose_features/stu5_42.npy,/content/drive/MyDrive/FinalProjectCV/CV_Image_pose_detection/Data/LLSP/annotation_cleaned/pose_sequences/stu5_42_sequence.npy,ok,1722,1063,0.6173054587688734,0.4520762264728546,
test944.mp4,jump_jacks,train,10,/content/drive/MyDrive/FinalProjectCV/CV_Image_pose_detection/Data/LLSP/annotation_cleaned/pose_features/test944.npy,/content/drive/MyDrive/FinalProjectCV/CV_Image_pose_detection/Data/LLSP/annotation_cleaned/pose_sequences/test944_sequence.npy,ok,300,300,1.0,0.9512509703636169,
stu6_11.mp4,front_raise,train,22,/content/drive/MyDrive/FinalProjectCV/CV_Image_pose_detection/Data/LLSP/annotation_cleaned/pose_features/stu6_11.npy,/content/drive/MyDrive/FinalProjectCV/CV_Image_pose_detection/Data/LLSP/annotation_cleaned/pose_sequences/stu6_11_sequence.npy,ok,1152,991,0.8602430555555556,0.6004128456115723,
stu6_14.mp4,front_raise,train,4,/content/drive/MyDrive/FinalProjectCV/CV_Image_pose_detection/Data/LLSP/annotation_cleaned/pose_features/stu6_14.npy,/content/drive/MyDrive/FinalProjectCV/CV_Image_pose_detection/Data/LLSP/annotation_cleaned/pose_sequences/stu6_14_sequence.npy,ok,630,628,0.9968253968253968,0.6594948172569275,
stu6_71.mp4,squat,train,2,/content/drive/MyDrive/FinalProjectCV/CV_Image_pose_detection/Data/LLSP/annotation_cleaned/pose_features/stu6_71.npy,/content/drive/MyDrive/FinalProjectCV/CV_Image_pose_detection/Data/LLSP/annotation_cleaned/pose_sequences/stu6_71_sequence.npy,ok,300,300,1.0,0.6498811841011047,
stu7_37.mp4,pull_up,train,15,/content/drive/MyDrive/FinalProjectCV/CV_Image_pose_detection/Data/LLSP/annotation_cleaned/pose_features/stu7_37.npy,/content/drive/MyDrive/FinalProjectCV/CV_Image_pose_detection/Data/LLSP/annotation_cleaned/pose_sequences/stu7_37_sequence.npy,ok,969,950,0.9803921568627451,0.8057337999343872,
stu10_62.mp4,squat,train,3,/content/drive/MyDrive/FinalProjectCV/CV_Image_pose_detection/Data/LLSP/annotation_cleaned/pose_features/stu10_62.npy,/content/drive/MyDrive/FinalProjectCV/CV_Image_pose_detection/Data/LLSP/annotation_cleaned/pose_sequences/stu10_62_sequence.npy,ok,270,270,1.0,0.7113352417945862,
stu8_51.mp4,sit_up,train,25,/content/drive/MyDrive/FinalProjectCV/CV_Image_pose_detection/Data/LLSP/annotation_cleaned/pose_features/stu8_51.npy,/content/drive/MyDrive/FinalProjectCV/CV_Image_pose_detection/Data/LLSP/annotation_cleaned/pose_sequences/stu8_51_sequence.npy,ok,930,930,1.0,0.8915835022926331,
stu3_14.mp4,front_raise,train,3,/content/drive/MyDrive/FinalProjectCV/CV_Image_pose_detection/Data/LLSP/annotation_cleaned/pose_features/stu3_14.npy,/content/drive/MyDrive/FinalProjectCV/CV_Image_pose_detection/Data/LLSP/annotation_cleaned/pose_sequences/stu3_14_sequence.npy,ok,288,288,1.0,0.6703813076019287,
train941.mp4,front_raise,train,4,/content/drive/MyDrive/FinalProjectCV/CV_Image_pose_detection/Data/LLSP/annotation_cleaned/pose_features/train941.npy,/content/drive/MyDrive/FinalProjectCV/CV_Image_pose_detection/Data/LLSP/annotation_cleaned/pose_sequences/train941_sequence.npy,ok,300,300,1.0,0.8242302536964417,
test1995.mp4,sit_up,train,5,/content/drive/MyDrive/FinalProjectCV/CV_Image_pose_detection/Data/LLSP/annotation_cleaned/pose_features/test1995.npy,/content/drive/MyDrive/FinalProjectCV/CV_Image_pose_detection/Data/LLSP/annotation_cleaned/pose_sequences/test1995_sequence.npy,ok,263,213,0.8098859315589354,0.5214356780052185,
test541.mp4,front_raise,train,3,/content/drive/MyDrive/FinalProjectCV/CV_Image_pose_detection/Data/LLSP/annotation_cleaned/pose_features/test541.npy,/content/drive/MyDrive/FinalProjectCV/CV_Image_pose_detection/Data/LLSP/annotation_cleaned/pose_sequences/test541_sequence.npy,ok,300,300,1.0,0.8005489706993103,
stu6_49.mp4,sit_up,train,5,/content/drive/MyDrive/FinalProjectCV/CV_Image_pose_detection/Data/LLSP/annotation_cleaned/pose_features/stu6_49.npy,/content/drive/MyDrive/FinalProjectCV/CV_Image_pose_detection/Data/LLSP/annotation_cleaned/pose_sequences/stu6_49_sequence.npy,ok,791,528,0.6675094816687737,0.4576992988586426,
test168.mp4,bench_pressing,train,3,/content/drive/MyDrive/FinalProjectCV/CV_Image_pose_detection/Data/LLSP/annotation_cleaned/pose_features/test168.npy,/content/drive/MyDrive/FinalProjectCV/CV_Image_pose_detection/Data/LLSP/annotation_cleaned/pose_sequences/test168_sequence.npy,ok,300,300,1.0,0.7236443161964417,
stu9_40.mp4,pull_up,train,27,/content/drive/MyDrive/FinalProjectCV/CV_Image_pose_detection/Data/LLSP/annotation_cleaned/pose_features/stu9_40.npy,/content/drive/MyDrive/FinalProjectCV/CV_Image_pose_detection/Data/LLSP/annotation_cleaned/pose_sequences/stu9_40_sequence.npy,ok,1320,1320,1.0,0.7828436493873596,
stu6_64.mp4,squat,train,3,/content/drive/MyDrive/FinalProjectCV/CV_Image_pose_detection/Data/LLSP/annotation_cleaned/pose_features/stu6_64.npy,/content/drive/MyDrive/FinalProjectCV/CV_Image_pose_detection/Data/LLSP/annotation_cleaned/pose_sequences/stu6_64_sequence.npy,ok,509,430,0.8447937131630648,0.6354544758796692,
stu5_34.mp4,pull_up,train,52,/content/drive/MyDrive/FinalProjectCV/CV_Image_pose_detection/Data/LLSP/annotation_cleaned/pose_features/stu5_34.npy,/content/drive/MyDrive/FinalProjectCV/CV_Image_pose_detection/Data/LLSP/annotation_cleaned/pose_sequences/stu5_34_sequence.npy,ok,1642,1622,0.9878197320341048,0.6593249440193176,
stu8_31.mp4,jump_jacks,train,26,/content/drive/MyDrive/FinalProjectCV/CV_Image_pose_detection/Data/LLSP/annotation_cleaned/pose_features/stu8_31.npy,/content/drive/MyDrive/FinalProjectCV/CV_Image_pose_detection/Data/LLSP/annotation_cleaned/pose_sequences/stu8_31_sequence.npy,ok,810,810,1.0,0.9517348408699036,
train970.mp4,front_raise,train,5,/content/drive/MyDrive/FinalProjectCV/CV_Image_pose_detection/Data/LLSP/annotation_cleaned/pose_features/train970.npy,/content/drive/MyDrive/FinalProjectCV/CV_Image_pose_detection/Data/LLSP/annotation_cleaned/pose_sequences/train970_sequence.npy,ok,300,296,0.9866666666666667,0.617266058921814,
stu9_54.mp4,push_up,train,26,/content/drive/MyDrive/FinalProjectCV/CV_Image_pose_detection/Data/LLSP/annotation_cleaned/pose_features/stu9_54.npy,/content/drive/MyDrive/FinalProjectCV/CV_Image_pose_detection/Data/LLSP/annotation_cleaned/pose_sequences/stu9_54_sequence.npy,ok,1796,1788,0.9955456570155902,0.7942734956741333,
stu4_32.mp4,pull_up,train,4,/content/drive/MyDrive/FinalProjectCV/CV_Image_pose_detection/Data/LLSP/annotation_cleaned/pose_features/stu4_32.npy,/content/drive/MyDrive/FinalProjectCV/CV_Image_pose_detection/Data/LLSP/annotation_cleaned/pose_sequences/stu4_32_sequence.npy,ok,1077,1056,0.9805013927576601,0.6605851054191589,
stu3_35.mp4,pull_up,train,5,/content/drive/MyDrive/FinalProjectCV/CV_Image_pose_detection/Data/LLSP/annotation_cleaned/pose_features/stu3_35.npy,/content/drive/MyDrive/FinalProjectCV/CV_Image_pose_detection/Data/LLSP/annotation_cleaned/pose_sequences/stu3_35_sequence.npy,ok,359,358,0.9972144846796658,0.6446454524993896,
val886.mp4,push_up,train,5,/content/drive/MyDrive/FinalProjectCV/CV_Image_pose_detection/Data/LLSP/annotation_cleaned/pose_features/val886.npy,/content/drive/MyDrive/FinalProjectCV/CV_Image_pose_detection/Data/LLSP/annotation_cleaned/pose_sequences/val886_sequence.npy,ok,300,296,0.9866666666666667,0.5695110559463501,
stu1_67.mp4,squat,train,20,/content/drive/MyDrive/FinalProjectCV/CV_Image_pose_detection/Data/LLSP/annotation_cleaned/pose_features/stu1_67.npy,/content/drive/MyDrive/FinalProjectCV/CV_Image_pose_detection/Data/LLSP/annotation_cleaned/pose_sequences/stu1_67_sequence.npy,ok,1079,1079,1.0,0.9586827158927917,
stu7_25.mp4,jump_jacks,train,15,/content/drive/MyDrive/FinalProjectCV/CV_Image_pose_detection/Data/LLSP/annotation_cleaned/pose_features/stu7_25.npy,/content/drive/MyDrive/FinalProjectCV/CV_Image_pose_detection/Data/LLSP/annotation_cleaned/pose_sequences/stu7_25_sequence.npy,ok,450,450,1.0,0.7900250554084778,
stu6_53.mp4,sit_up,train,28,/content/drive/MyDrive/FinalProjectCV/CV_Image_pose_detection/Data/LLSP/annotation_cleaned/pose_features/stu6_53.npy,/content/drive/MyDrive/FinalProjectCV/CV_Image_pose_detection/Data/LLSP/annotation_cleaned/pose_sequences/stu6_53_sequence.npy,ok,1198,1198,1.0,0.6868286728858948,
stu9_33.mp4,jump_jacks,train,16,/content/drive/MyDrive/FinalProjectCV/CV_Image_pose_detection/Data/LLSP/annotation_cleaned/pose_features/stu9_33.npy,/content/drive/MyDrive/FinalProjectCV/CV_Image_pose_detection/Data/LLSP/annotation_cleaned/pose_sequences/stu9_33_sequence.npy,ok,587,587,1.0,0.865800142288208,
stu3_43.mp4,push_up,train,45,/content/drive/MyDrive/FinalProjectCV/CV_Image_pose_detection/Data/LLSP/annotation_cleaned/pose_features/stu3_43.npy,/content/drive/MyDrive/FinalProjectCV/CV_Image_pose_detection/Data/LLSP/annotation_cleaned/pose_sequences/stu3_43_sequence.npy,ok,1048,1041,0.9933206106870229,0.6315247416496277,
stu1_7.mp4,bench_pressing,train,1,/content/drive/MyDrive/FinalProjectCV/CV_Image_pose_detection/Data/LLSP/annotation_cleaned/pose_features/stu1_7.npy,/content/drive/MyDrive/FinalProjectCV/CV_Image_pose_detection/Data/LLSP/annotation_cleaned/pose_sequences/stu1_7_sequence.npy,ok,500,413,0.826,0.5462400913238525,
stu6_41.mp4,push_up,train,54,/content/drive/MyDrive/FinalProjectCV/CV_Image_pose_detection/Data/LLSP/annotation_cleaned/pose_features/stu6_41.npy,/content/drive/MyDrive/FinalProjectCV/CV_Image_pose_detection/Data/LLSP/annotation_cleaned/pose_sequences/stu6_41_sequence.npy,ok,1787,1130,0.6323447118074986,0.46143049001693726,
test2317.mp4,squat,train,3,/content/drive/MyDrive/FinalProjectCV/CV_Image_pose_detection/Data/LLSP/annotation_cleaned/pose_features/test2317.npy,/content/drive/MyDrive/FinalProjectCV/CV_Image_pose_detection/Data/LLSP/annotation_cleaned/pose_sequences/test2317_sequence.npy,ok,300,300,1.0,0.6424784660339355,
stu8_16.mp4,bench_pressing,train,10,/content/drive/MyDrive/FinalProjectCV/CV_Image_pose_detection/Data/LLSP/annotation_cleaned/pose_features/stu8_16.npy,/content/drive/MyDrive/FinalProjectCV/CV_Image_pose_detection/Data/LLSP/annotation_cleaned/pose_sequences/stu8_16_sequence.npy,ok,1106,1049,0.9484629294755877,0.4950689971446991,
stu9_1.mp4,bench_pressing,train,6,/content/drive/MyDrive/FinalProjectCV/CV_Image_pose_detection/Data/LLSP/annotation_cleaned/pose_features/stu9_1.npy,/content/drive/MyDrive/FinalProjectCV/CV_Image_pose_detection/Data/LLSP/annotation_cleaned/pose_sequences/stu9_1_sequence.npy,ok,1123,1107,0.9857524487978628,0.7656770944595337,
stu7_6.mp4,bench_pressing,train,3,/content/drive/MyDrive/FinalProjectCV/CV_Image_pose_detection/Data/LLSP/annotation_cleaned/pose_features/stu7_6.npy,/content/drive/MyDrive/FinalProjectCV/CV_Image_pose_detection/Data/LLSP/annotation_cleaned/pose_sequences/stu7_6_sequence.npy,ok,933,776,0.8317256162915327,0.5103259682655334,
stu3_8.mp4,front_raise,train,6,/content/drive/MyDrive/FinalProjectCV/CV_Image_pose_detection/Data/LLSP/annotation_cleaned/pose_features/stu3_8.npy,/content/drive/MyDrive/FinalProjectCV/CV_Image_pose_detection/Data/LLSP/annotation_cleaned/pose_sequences/stu3_8_sequence.npy,ok,450,450,1.0,0.8171098828315735,
test1977.mp4,sit_up,train,3,/content/drive/MyDrive/FinalProjectCV/CV_Image_pose_detection/Data/LLSP/annotation_cleaned/pose_features/test1977.npy,/content/drive/MyDrive/FinalProjectCV/CV_Image_pose_detection/Data/LLSP/annotation_cleaned/pose_sequences/test1977_sequence.npy,ok,298,239,0.802013422818792,0.5941037535667419,
stu7_70.mp4,squat,train,6,/content/drive/MyDrive/FinalProjectCV/CV_Image_pose_detection/Data/LLSP/annotation_cleaned/pose_features/stu7_70.npy,/content/drive/MyDrive/FinalProjectCV/CV_Image_pose_detection/Data/LLSP/annotation_cleaned/pose_sequences/stu7_70_sequence.npy,ok,950,950,1.0,0.8486992120742798,
stu2_12.mp4,bench_pressing,train,6,/content/drive/MyDrive/FinalProjectCV/CV_Image_pose_detection/Data/LLSP/annotation_cleaned/pose_features/stu2_12.npy,/content/drive/MyDrive/FinalProjectCV/CV_Image_pose_detection/Data/LLSP/annotation_cleaned/pose_sequences/stu2_12_sequence.npy,ok,1798,1798,1.0,0.948660671710968,
stu10_22.mp4,front_raise,train,4,/content/drive/MyDrive/FinalProjectCV/CV_Image_pose_detection/Data/LLSP/annotation_cleaned/pose_features/stu10_22.npy,/content/drive/MyDrive/FinalProjectCV/CV_Image_pose_detection/Data/LLSP/annotation_cleaned/pose_sequences/stu10_22_sequence.npy,ok,587,587,1.0,0.6044511198997498,
stu7_29.mp4,jump_jacks,train,60,/content/drive/MyDrive/FinalProjectCV/CV_Image_pose_detection/Data/LLSP/annotation_cleaned/pose_features/stu7_29.npy,/content/drive/MyDrive/FinalProjectCV/CV_Image_pose_detection/Data/LLSP/annotation_cleaned/pose_sequences/stu7_29_sequence.npy,ok,1470,1470,1.0,0.930202841758728,
stu4_72.mp4,squat,train,3,/content/drive/MyDrive/FinalProjectCV/CV_Image_pose_detection/Data/LLSP/annotation_cleaned/pose_features/stu4_72.npy,/content/drive/MyDrive/FinalProjectCV/CV_Image_pose_detection/Data/LLSP/annotation_cleaned/pose_sequences/stu4_72_sequence.npy,ok,600,600,1.0,0.9432925581932068,
stu1_18.mp4,front_raise,train,9,/content/drive/MyDrive/FinalProjectCV/CV_Image_pose_detection/Data/LLSP/annotation_cleaned/pose_features/stu1_18.npy,/content/drive/MyDrive/FinalProjectCV/CV_Image_pose_detection/Data/LLSP/annotation_cleaned/pose_sequences/stu1_18_sequence.npy,ok,809,809,1.0,0.8065680265426636,
stu1_50.mp4,push_up,train,13,/content/drive/MyDrive/FinalProjectCV/CV_Image_pose_detection/Data/LLSP/annotation_cleaned/pose_features/stu1_50.npy,/content/drive/MyDrive/FinalProjectCV/CV_Image_pose_detection/Data/LLSP/annotation_cleaned/pose_sequences/stu1_50_sequence.npy,ok,1246,1235,0.9911717495987159,0.7516414523124695,
stu2_22.mp4,front_raise,train,7,/content/drive/MyDrive/FinalProjectCV/CV_Image_pose_detection/Data/LLSP/annotation_cleaned/pose_features/stu2_22.npy,/content/drive/MyDrive/FinalProjectCV/CV_Image_pose_detection/Data/LLSP/annotation_cleaned/pose_sequences/stu2_22_sequence.npy,ok,311,310,0.9967845659163987,0.6845556497573853,
stu8_61.mp4,squat,train,5,/content/drive/MyDrive/FinalProjectCV/CV_Image_pose_detection/Data/LLSP/annotation_cleaned/pose_features/stu8_61.npy,/content/drive/MyDrive/FinalProjectCV/CV_Image_pose_detection/Data/LLSP/annotation_cleaned/pose_sequences/stu8_61_sequence.npy,ok,480,480,1.0,0.7766628265380859,
stu5_49.mp4,sit_up,train,3,/content/drive/MyDrive/FinalProjectCV/CV_Image_pose_detection/Data/LLSP/annotation_cleaned/pose_features/stu5_49.npy,/content/drive/MyDrive/FinalProjectCV/CV_Image_pose_detection/Data/LLSP/annotation_cleaned/pose_sequences/stu5_49_sequence.npy,ok,293,261,0.8907849829351536,0.6752340793609619,
stu2_53.mp4,push_up,train,49,/content/drive/MyDrive/FinalProjectCV/CV_Image_pose_detection/Data/LLSP/annotation_cleaned/pose_features/stu2_53.npy,/content/drive/MyDrive/FinalProjectCV/CV_Image_pose_detection/Data/LLSP/annotation_cleaned/pose_sequences/stu2_53_sequence.npy,ok,1800,1562,0.8677777777777778,0.6290724277496338,
stu2_24.mp4,front_raise,train,5,/content/drive/MyDrive/FinalProjectCV/CV_Image_pose_detection/Data/LLSP/annotation_cleaned/pose_features/stu2_24.npy,/content/drive/MyDrive/FinalProjectCV/CV_Image_pose_detection/Data/LLSP/annotation_cleaned/pose_sequences/stu2_24_sequence.npy,ok,870,870,1.0,0.9626097679138184,
train2739.mp4,push_up,train,13,/content/drive/MyDrive/FinalProjectCV/CV_Image_pose_detection/Data/LLSP/annotation_cleaned/pose_features/train2739.npy,/content/drive/MyDrive/FinalProjectCV/CV_Image_pose_detection/Data/LLSP/annotation_cleaned/pose_sequences/train2739_sequence.npy,ok,279,104,0.3727598566308244,0.26766490936279297,
train960.mp4,front_raise,train,2,/content/drive/MyDrive/FinalProjectCV/CV_Image_pose_detection/Data/LLSP/annotation_cleaned/pose_features/train960.npy,/content/drive/MyDrive/FinalProjectCV/CV_Image_pose_detection/Data/LLSP/annotation_cleaned/pose_sequences/train960_sequence.npy,ok,250,250,1.0,0.8392307162284851,
stu2_26.mp4,jump_jacks,train,30,/content/drive/MyDrive/FinalProjectCV/CV_Image_pose_detection/Data/LLSP/annotation_cleaned/pose_features/stu2_26.npy,/content/drive/MyDrive/FinalProjectCV/CV_Image_pose_detection/Data/LLSP/annotation_cleaned/pose_sequences/stu2_26_sequence.npy,ok,743,623,0.8384925975773889,0.7990273833274841,
stu10_12.mp4,bench_pressing,train,15,/content/drive/MyDrive/FinalProjectCV/CV_Image_pose_detection/Data/LLSP/annotation_cleaned/pose_features/stu10_12.npy,/content/drive/MyDrive/FinalProjectCV/CV_Image_pose_detection/Data/LLSP/annotation_cleaned/pose_sequences/stu10_12_sequence.npy,ok,1048,962,0.9179389312977099,0.6205127835273743,
stu4_4.mp4,bench_pressing,train,23,/content/drive/MyDrive/FinalProjectCV/CV_Image_pose_detection/Data/LLSP/annotation_cleaned/pose_features/stu4_4.npy,/content/drive/MyDrive/FinalProjectCV/CV_Image_pose_detection/Data/LLSP/annotation_cleaned/pose_sequences/stu4_4_sequence.npy,ok,1498,1498,1.0,0.7987890839576721,
train1623.mp4,jump_jacks,train,10,/content/drive/MyDrive/FinalProjectCV/CV_Image_pose_detection/Data/LLSP/annotation_cleaned/pose_features/train1623.npy,/content/drive/MyDrive/FinalProjectCV/CV_Image_pose_detection/Data/LLSP/annotation_cleaned/pose_sequences/train1623_sequence.npy,ok,300,300,1.0,0.9344976544380188,
train3324.mp4,sit_up,train,3,/content/drive/MyDrive/FinalProjectCV/CV_Image_pose_detection/Data/LLSP/annotation_cleaned/pose_features/train3324.npy,/content/drive/MyDrive/FinalProjectCV/CV_Image_pose_detection/Data/LLSP/annotation_cleaned/pose_sequences/train3324_sequence.npy,ok,250,250,1.0,0.8764237761497498,
train172.mp4,bench_pressing,train,4,/content/drive/MyDrive/FinalProjectCV/CV_Image_pose_detection/Data/LLSP/annotation_cleaned/pose_features/train172.npy,/content/drive/MyDrive/FinalProjectCV/CV_Image_pose_detection/Data/LLSP/annotation_cleaned/pose_sequences/train172_sequence.npy,ok,300,300,1.0,0.6077389717102051,
stu5_33.mp4,pull_up,train,9,/content/drive/MyDrive/FinalProjectCV/CV_Image_pose_detection/Data/LLSP/annotation_cleaned/pose_features/stu5_33.npy,/content/drive/MyDrive/FinalProjectCV/CV_Image_pose_detection/Data/LLSP/annotation_cleaned/pose_sequences/stu5_33_sequence.npy,ok,1768,1768,1.0,0.9114854335784912,
stu9_24.mp4,front_raise,train,2,/content/drive/MyDrive/FinalProjectCV/CV_Image_pose_detection/Data/LLSP/annotation_cleaned/pose_features/stu9_24.npy,/content/drive/MyDrive/FinalProjectCV/CV_Image_pose_detection/Data/LLSP/annotation_cleaned/pose_sequences/stu9_24_sequence.npy,ok,375,375,1.0,0.6749132871627808,
stu4_35.mp4,pull_up,train,12,/content/drive/MyDrive/FinalProjectCV/CV_Image_pose_detection/Data/LLSP/annotation_cleaned/pose_features/stu4_35.npy,/content/drive/MyDrive/FinalProjectCV/CV_Image_pose_detection/Data/LLSP/annotation_cleaned/pose_sequences/stu4_35_sequence.npy,ok,1800,1787,0.9927777777777778,0.9076424837112427,
stu3_32.mp4,pull_up,train,7,/content/drive/MyDrive/FinalProjectCV/CV_Image_pose_detection/Data/LLSP/annotation_cleaned/pose_features/stu3_32.npy,/content/drive/MyDrive/FinalProjectCV/CV_Image_pose_detection/Data/LLSP/annotation_cleaned/pose_sequences/stu3_32_sequence.npy,ok,875,874,0.9988571428571429,0.8758776187896729,
train2666.mp4,push_up,train,5,/content/drive/MyDrive/FinalProjectCV/CV_Image_pose_detection/Data/LLSP/annotation_cleaned/pose_features/train2666.npy,/content/drive/MyDrive/FinalProjectCV/CV_Image_pose_detection/Data/LLSP/annotation_cleaned/pose_sequences/train2666_sequence.npy,ok,240,240,1.0,0.8796530365943909,
stu8_60.mp4,squat,train,11,/content/drive/MyDrive/FinalProjectCV/CV_Image_pose_detection/Data/LLSP/annotation_cleaned/pose_features/stu8_60.npy,/content/drive/MyDrive/FinalProjectCV/CV_Image_pose_detection/Data/LLSP/annotation_cleaned/pose_sequences/stu8_60_sequence.npy,ok,1168,1136,0.9726027397260274,0.8457238078117371,
train1646.mp4,jump_jacks,train,9,/content/drive/MyDrive/FinalProjectCV/CV_Image_pose_detection/Data/LLSP/annotation_cleaned/pose_features/train1646.npy,/content/drive/MyDrive/FinalProjectCV/CV_Image_pose_detection/Data/LLSP/annotation_cleaned/pose_sequences/train1646_sequence.npy,ok,300,300,1.0,0.9600000977516174,
stu5_2.mp4,battle_rope,train,40,/content/drive/MyDrive/FinalProjectCV/CV_Image_pose_detection/Data/LLSP/annotation_cleaned/pose_features/stu5_2.npy,/content/drive/MyDrive/FinalProjectCV/CV_Image_pose_detection/Data/LLSP/annotation_cleaned/pose_sequences/stu5_2_sequence.npy,ok,335,335,1.0,0.9368008971214294,
stu6_12.mp4,front_raise,train,4,/content/drive/MyDrive/FinalProjectCV/CV_Image_pose_detection/Data/LLSP/annotation_cleaned/pose_features/stu6_12.npy,/content/drive/MyDrive/FinalProjectCV/CV_Image_pose_detection/Data/LLSP/annotation_cleaned/pose_sequences/stu6_12_sequence.npy,ok,412,412,1.0,0.9586170315742493,
stu3_47.mp4,push_up,train,6,/content/drive/MyDrive/FinalProjectCV/CV_Image_pose_detection/Data/LLSP/annotation_cleaned/pose_features/stu3_47.npy,/content/drive/MyDrive/FinalProjectCV/CV_Image_pose_detection/Data/LLSP/annotation_cleaned/pose_sequences/stu3_47_sequence.npy,ok,1589,1589,1.0,0.7737849950790405,
stu6_69.mp4,squat,train,15,/content/drive/MyDrive/FinalProjectCV/CV_Image_pose_detection/Data/LLSP/annotation_cleaned/pose_features/stu6_69.npy,/content/drive/MyDrive/FinalProjectCV/CV_Image_pose_detection/Data/LLSP/annotation_cleaned/pose_sequences/stu6_69_sequence.npy,ok,1618,1587,0.980840543881335,0.7906938791275024,
stu6_46.mp4,push_up,train,33,/content/drive/MyDrive/FinalProjectCV/CV_Image_pose_detection/Data/LLSP/annotation_cleaned/pose_features/stu6_46.npy,/content/drive/MyDrive/FinalProjectCV/CV_Image_pose_detection/Data/LLSP/annotation_cleaned/pose_sequences/stu6_46_sequence.npy,ok,1036,1027,0.9913127413127413,0.8243268728256226,
stu10_37.mp4,pull_up,train,17,/content/drive/MyDrive/FinalProjectCV/CV_Image_pose_detection/Data/LLSP/annotation_cleaned/pose_features/stu10_37.npy,/content/drive/MyDrive/FinalProjectCV/CV_Image_pose_detection/Data/LLSP/annotation_cleaned/pose_sequences/stu10_37_sequence.npy,ok,1769,1757,0.9932165065008479,0.8576832413673401,
test2295.mp4,squat,train,1,/content/drive/MyDrive/FinalProjectCV/CV_Image_pose_detection/Data/LLSP/annotation_cleaned/pose_features/test2295.npy,/content/drive/MyDrive/FinalProjectCV/CV_Image_pose_detection/Data/LLSP/annotation_cleaned/pose_sequences/test2295_sequence.npy,ok,100,100,1.0,0.9720101356506348,
stu1_12.mp4,bench_pressing,train,8,/content/drive/MyDrive/FinalProjectCV/CV_Image_pose_detection/Data/LLSP/annotation_cleaned/pose_features/stu1_12.npy,/content/drive/MyDrive/FinalProjectCV/CV_Image_pose_detection/Data/LLSP/annotation_cleaned/pose_sequences/stu1_12_sequence.npy,ok,858,606,0.7062937062937062,0.4794849753379822,
test528.mp4,front_raise,train,2,/content/drive/MyDrive/FinalProjectCV/CV_Image_pose_detection/Data/LLSP/annotation_cleaned/pose_features/test528.npy,/content/drive/MyDrive/FinalProjectCV/CV_Image_pose_detection/Data/LLSP/annotation_cleaned/pose_sequences/test528_sequence.npy,ok,300,300,1.0,0.9423973560333252,
stu1_61.mp4,sit_up,train,23,/content/drive/MyDrive/FinalProjectCV/CV_Image_pose_detection/Data/LLSP/annotation_cleaned/pose_features/stu1_61.npy,/content/drive/MyDrive/FinalProjectCV/CV_Image_pose_detection/Data/LLSP/annotation_cleaned/pose_sequences/stu1_61_sequence.npy,ok,1733,1522,0.8782458165031737,0.5036606192588806,
stu5_29.mp4,pull_up,train,4,/content/drive/MyDrive/FinalProjectCV/CV_Image_pose_detection/Data/LLSP/annotation_cleaned/pose_features/stu5_29.npy,/content/drive/MyDrive/FinalProjectCV/CV_Image_pose_detection/Data/LLSP/annotation_cleaned/pose_sequences/stu5_29_sequence.npy,ok,419,419,1.0,0.7533918023109436,
stu9_44.mp4,pull_up,train,21,/content/drive/MyDrive/FinalProjectCV/CV_Image_pose_detection/Data/LLSP/annotation_cleaned/pose_features/stu9_44.npy,/content/drive/MyDrive/FinalProjectCV/CV_Image_pose_detection/Data/LLSP/annotation_cleaned/pose_sequences/stu9_44_sequence.npy,ok,775,775,1.0,0.722023069858551,
stu7_20.mp4,front_raise,train,6,/content/drive/MyDrive/FinalProjectCV/CV_Image_pose_detection/Data/LLSP/annotation_cleaned/pose_features/stu7_20.npy,/content/drive/MyDrive/FinalProjectCV/CV_Image_pose_detection/Data/LLSP/annotation_cleaned/pose_sequences/stu7_20_sequence.npy,ok,804,707,0.8793532338308457,0.4795452058315277,
stu1_23.mp4,jump_jacks,train,32,/content/drive/MyDrive/FinalProjectCV/CV_Image_pose_detection/Data/LLSP/annotation_cleaned/pose_features/stu1_23.npy,/content/drive/MyDrive/FinalProjectCV/CV_Image_pose_detection/Data/LLSP/annotation_cleaned/pose_sequences/stu1_23_sequence.npy,ok,753,746,0.9907038512616202,0.9450129270553589,
stu7_39.mp4,pull_up,train,7,/content/drive/MyDrive/FinalProjectCV/CV_Image_pose_detection/Data/LLSP/annotation_cleaned/pose_features/stu7_39.npy,/content/drive/MyDrive/FinalProjectCV/CV_Image_pose_detection/Data/LLSP/annotation_cleaned/pose_sequences/stu7_39_sequence.npy,ok,889,889,1.0,0.8043114542961121,
stu5_37.mp4,pull_up,train,20,/content/drive/MyDrive/FinalProjectCV/CV_Image_pose_detection/Data/LLSP/annotation_cleaned/pose_features/stu5_37.npy,/content/drive/MyDrive/FinalProjectCV/CV_Image_pose_detection/Data/LLSP/annotation_cleaned/pose_sequences/stu5_37_sequence.npy,ok,780,780,1.0,0.8817719221115112,
stu4_0.mp4,battle_rope,train,11,/content/drive/MyDrive/FinalProjectCV/CV_Image_pose_detection/Data/LLSP/annotation_cleaned/pose_features/stu4_0.npy,/content/drive/MyDrive/FinalProjectCV/CV_Image_pose_detection/Data/LLSP/annotation_cleaned/pose_sequences/stu4_0_sequence.npy,ok,281,281,1.0,0.8187126517295837,
stu2_48.mp4,push_up,train,10,/content/drive/MyDrive/FinalProjectCV/CV_Image_pose_detection/Data/LLSP/annotation_cleaned/pose_features/stu2_48.npy,/content/drive/MyDrive/FinalProjectCV/CV_Image_pose_detection/Data/LLSP/annotation_cleaned/pose_sequences/stu2_48_sequence.npy,ok,890,886,0.9955056179775281,0.7771040201187134,
stu6_32.mp4,pull_up,train,7,/content/drive/MyDrive/FinalProjectCV/CV_Image_pose_detection/Data/LLSP/annotation_cleaned/pose_features/stu6_32.npy,/content/drive/MyDrive/FinalProjectCV/CV_Image_pose_detection/Data/LLSP/annotation_cleaned/pose_sequences/stu6_32_sequence.npy,ok,390,390,1.0,0.6604549884796143,
stu5_69.mp4,squat,train,10,/content/drive/MyDrive/FinalProjectCV/CV_Image_pose_detection/Data/LLSP/annotation_cleaned/pose_features/stu5_69.npy,/content/drive/MyDrive/FinalProjectCV/CV_Image_pose_detection/Data/LLSP/annotation_cleaned/pose_sequences/stu5_69_sequence.npy,ok,839,839,1.0,0.9193208813667297,
stu5_25.mp4,jump_jacks,train,68,/content/drive/MyDrive/FinalProjectCV/CV_Image_pose_detection/Data/LLSP/annotation_cleaned/pose_features/stu5_25.npy,/content/drive/MyDrive/FinalProjectCV/CV_Image_pose_detection/Data/LLSP/annotation_cleaned/pose_sequences/stu5_25_sequence.npy,ok,1414,1414,1.0,0.9156470894813538,
stu6_9.mp4,front_raise,train,18,/content/drive/MyDrive/FinalProjectCV/CV_Image_pose_detection/Data/LLSP/annotation_cleaned/pose_features/stu6_9.npy,/content/drive/MyDrive/FinalProjectCV/CV_Image_pose_detection/Data/LLSP/annotation_cleaned/pose_sequences/stu6_9_sequence.npy,ok,1750,1636,0.9348571428571428,0.5149142742156982,
test1496.mp4,pull_up,train,6,/content/drive/MyDrive/FinalProjectCV/CV_Image_pose_detection/Data/LLSP/annotation_cleaned/pose_features/test1496.npy,/content/drive/MyDrive/FinalProjectCV/CV_Image_pose_detection/Data/LLSP/annotation_cleaned/pose_sequences/test1496_sequence.npy,ok,140,125,0.8928571428571429,0.5907734036445618,
stu7_61.mp4,sit_up,train,12,/content/drive/MyDrive/FinalProjectCV/CV_Image_pose_detection/Data/LLSP/annotation_cleaned/pose_features/stu7_61.npy,/content/drive/MyDrive/FinalProjectCV/CV_Image_pose_detection/Data/LLSP/annotation_cleaned/pose_sequences/stu7_61_sequence.npy,ok,1469,1469,1.0,0.8250529170036316,
stu1_5.mp4,bench_pressing,train,11,/content/drive/MyDrive/FinalProjectCV/CV_Image_pose_detection/Data/LLSP/annotation_cleaned/pose_features/stu1_5.npy,/content/drive/MyDrive/FinalProjectCV/CV_Image_pose_detection/Data/LLSP/annotation_cleaned/pose_sequences/stu1_5_sequence.npy,ok,1425,933,0.6547368421052632,0.48628368973731995,
stu7_62.mp4,squat,train,9,/content/drive/MyDrive/FinalProjectCV/CV_Image_pose_detection/Data/LLSP/annotation_cleaned/pose_features/stu7_62.npy,/content/drive/MyDrive/FinalProjectCV/CV_Image_pose_detection/Data/LLSP/annotation_cleaned/pose_sequences/stu7_62_sequence.npy,ok,745,745,1.0,0.9693260788917542,
stu6_52.mp4,sit_up,train,23,/content/drive/MyDrive/FinalProjectCV/CV_Image_pose_detection/Data/LLSP/annotation_cleaned/pose_features/stu6_52.npy,/content/drive/MyDrive/FinalProjectCV/CV_Image_pose_detection/Data/LLSP/annotation_cleaned/pose_sequences/stu6_52_sequence.npy,ok,1200,921,0.7675,0.46738189458847046,
stu1_24.mp4,jump_jacks,train,68,/content/drive/MyDrive/FinalProjectCV/CV_Image_pose_detection/Data/LLSP/annotation_cleaned/pose_features/stu1_24.npy,/content/drive/MyDrive/FinalProjectCV/CV_Image_pose_detection/Data/LLSP/annotation_cleaned/pose_sequences/stu1_24_sequence.npy,ok,1500,1500,1.0,0.9480621814727783,
test138.mp4,bench_pressing,train,12,/content/drive/MyDrive/FinalProjectCV/CV_Image_pose_detection/Data/LLSP/annotation_cleaned/pose_features/test138.npy,/content/drive/MyDrive/FinalProjectCV/CV_Image_pose_detection/Data/LLSP/annotation_cleaned/pose_sequences/test138_sequence.npy,ok,222,120,0.5405405405405406,0.38956210017204285,
stu6_51.mp4,sit_up,train,10,/content/drive/MyDrive/FinalProjectCV/CV_Image_pose_detection/Data/LLSP/annotation_cleaned/pose_features/stu6_51.npy,/content/drive/MyDrive/FinalProjectCV/CV_Image_pose_detection/Data/LLSP/annotation_cleaned/pose_sequences/stu6_51_sequence.npy,ok,1769,1769,1.0,0.9008427858352661,
stu1_25.mp4,jump_jacks,train,43,/content/drive/MyDrive/FinalProjectCV/CV_Image_pose_detection/Data/LLSP/annotation_cleaned/pose_features/stu1_25.npy,/content/drive/MyDrive/FinalProjectCV/CV_Image_pose_detection/Data/LLSP/annotation_cleaned/pose_sequences/stu1_25_sequence.npy,ok,1140,1140,1.0,0.9368057250976562,
stu6_56.mp4,sit_up,train,9,/content/drive/MyDrive/FinalProjectCV/CV_Image_pose_detection/Data/LLSP/annotation_cleaned/pose_features/stu6_56.npy,/content/drive/MyDrive/FinalProjectCV/CV_Image_pose_detection/Data/LLSP/annotation_cleaned/pose_sequences/stu6_56_sequence.npy,ok,937,823,0.8783351120597652,0.5101807117462158,
stu7_28.mp4,jump_jacks,train,10,/content/drive/MyDrive/FinalProjectCV/CV_Image_pose_detection/Data/LLSP/annotation_cleaned/pose_features/stu7_28.npy,/content/drive/MyDrive/FinalProjectCV/CV_Image_pose_detection/Data/LLSP/annotation_cleaned/pose_sequences/stu7_28_sequence.npy,ok,300,300,1.0,0.9654771685600281,
stu8_20.mp4,front_raise,train,8,/content/drive/MyDrive/FinalProjectCV/CV_Image_pose_detection/Data/LLSP/annotation_cleaned/pose_features/stu8_20.npy,/content/drive/MyDrive/FinalProjectCV/CV_Image_pose_detection/Data/LLSP/annotation_cleaned/pose_sequences/stu8_20_sequence.npy,ok,830,829,0.9987951807228915,0.8888576626777649,
stu9_59.mp4,sit_up,train,7,/content/drive/MyDrive/FinalProjectCV/CV_Image_pose_detection/Data/LLSP/annotation_cleaned/pose_features/stu9_59.npy,/content/drive/MyDrive/FinalProjectCV/CV_Image_pose_detection/Data/LLSP/annotation_cleaned/pose_sequences/stu9_59_sequence.npy,ok,622,589,0.9469453376205788,0.6764780282974243,
stu7_58.mp4,sit_up,train,9,/content/drive/MyDrive/FinalProjectCV/CV_Image_pose_detection/Data/LLSP/annotation_cleaned/pose_features/stu7_58.npy,/content/drive/MyDrive/FinalProjectCV/CV_Image_pose_detection/Data/LLSP/annotation_cleaned/pose_sequences/stu7_58_sequence.npy,ok,617,617,1.0,0.7514324188232422,
stu7_33.mp4,jump_jacks,train,7,/content/drive/MyDrive/FinalProjectCV/CV_Image_pose_detection/Data/LLSP/annotation_cleaned/pose_features/stu7_33.npy,/content/drive/MyDrive/FinalProjectCV/CV_Image_pose_detection/Data/LLSP/annotation_cleaned/pose_sequences/stu7_33_sequence.npy,ok,450,450,1.0,0.9163073301315308,
stu7_46.mp4,push_up,train,16,/content/drive/MyDrive/FinalProjectCV/CV_Image_pose_detection/Data/LLSP/annotation_cleaned/pose_features/stu7_46.npy,/content/drive/MyDrive/FinalProjectCV/CV_Image_pose_detection/Data/LLSP/annotation_cleaned/pose_sequences/stu7_46_sequence.npy,ok,1004,755,0.75199203187251,0.589004397392273,
stu5_60.mp4,sit_up,train,4,/content/drive/MyDrive/FinalProjectCV/CV_Image_pose_detection/Data/LLSP/annotation_cleaned/pose_features/stu5_60.npy,/content/drive/MyDrive/FinalProjectCV/CV_Image_pose_detection/Data/LLSP/annotation_cleaned/pose_sequences/stu5_60_sequence.npy,ok,505,496,0.9821782178217822,0.6847566366195679,
stu2_30.mp4,jump_jacks,train,25,/content/drive/MyDrive/FinalProjectCV/CV_Image_pose_detection/Data/LLSP/annotation_cleaned/pose_features/stu2_30.npy,/content/drive/MyDrive/FinalProjectCV/CV_Image_pose_detection/Data/LLSP/annotation_cleaned/pose_sequences/stu2_30_sequence.npy,ok,690,690,1.0,0.965203046798706,
stu4_58.mp4,sit_up,train,9,/content/drive/MyDrive/FinalProjectCV/CV_Image_pose_detection/Data/LLSP/annotation_cleaned/pose_features/stu4_58.npy,/content/drive/MyDrive/FinalProjectCV/CV_Image_pose_detection/Data/LLSP/annotation_cleaned/pose_sequences/stu4_58_sequence.npy,ok,1766,785,0.4445073612684032,0.4420921206474304,
stu5_38.mp4,pull_up,train,13,/content/drive/MyDrive/FinalProjectCV/CV_Image_pose_detection/Data/LLSP/annotation_cleaned/pose_features/stu5_38.npy,/content/drive/MyDrive/FinalProjectCV/CV_Image_pose_detection/Data/LLSP/annotation_cleaned/pose_sequences/stu5_38_sequence.npy,ok,975,969,0.9938461538461538,0.7459825873374939,
stu4_65.mp4,squat,train,24,/content/drive/MyDrive/FinalProjectCV/CV_Image_pose_detection/Data/LLSP/annotation_cleaned/pose_features/stu4_65.npy,/content/drive/MyDrive/FinalProjectCV/CV_Image_pose_detection/Data/LLSP/annotation_cleaned/pose_sequences/stu4_65_sequence.npy,ok,1260,1260,1.0,0.808945894241333,
stu7_22.mp4,front_raise,train,2,/content/drive/MyDrive/FinalProjectCV/CV_Image_pose_detection/Data/LLSP/annotation_cleaned/pose_features/stu7_22.npy,/content/drive/MyDrive/FinalProjectCV/CV_Image_pose_detection/Data/LLSP/annotation_cleaned/pose_sequences/stu7_22_sequence.npy,ok,509,509,1.0,0.8410308361053467,
stu1_31.mp4,pull_up,train,32,/content/drive/MyDrive/FinalProjectCV/CV_Image_pose_detection/Data/LLSP/annotation_cleaned/pose_features/stu1_31.npy,/content/drive/MyDrive/FinalProjectCV/CV_Image_pose_detection/Data/LLSP/annotation_cleaned/pose_sequences/stu1_31_sequence.npy,ok,1649,1440,0.8732565191024864,0.7212830185890198,
stu4_2.mp4,bench_pressing,train,15,/content/drive/MyDrive/FinalProjectCV/CV_Image_pose_detection/Data/LLSP/annotation_cleaned/pose_features/stu4_2.npy,/content/drive/MyDrive/FinalProjectCV/CV_Image_pose_detection/Data/LLSP/annotation_cleaned/pose_sequences/stu4_2_sequence.npy,ok,1056,938,0.8882575757575758,0.7782529592514038,
stu9_21.mp4,front_raise,train,16,/content/drive/MyDrive/FinalProjectCV/CV_Image_pose_detection/Data/LLSP/annotation_cleaned/pose_features/stu9_21.npy,/content/drive/MyDrive/FinalProjectCV/CV_Image_pose_detection/Data/LLSP/annotation_cleaned/pose_sequences/stu9_21_sequence.npy,ok,1797,1720,0.9571508069003896,0.6050342321395874,
stu7_59.mp4,sit_up,train,5,/content/drive/MyDrive/FinalProjectCV/CV_Image_pose_detection/Data/LLSP/annotation_cleaned/pose_features/stu7_59.npy,/content/drive/MyDrive/FinalProjectCV/CV_Image_pose_detection/Data/LLSP/annotation_cleaned/pose_sequences/stu7_59_sequence.npy,ok,525,525,1.0,0.8274062275886536,
stu5_58.mp4,sit_up,train,4,/content/drive/MyDrive/FinalProjectCV/CV_Image_pose_detection/Data/LLSP/annotation_cleaned/pose_features/stu5_58.npy,/content/drive/MyDrive/FinalProjectCV/CV_Image_pose_detection/Data/LLSP/annotation_cleaned/pose_sequences/stu5_58_sequence.npy,ok,1307,1307,1.0,0.776694655418396,
stu8_32.mp4,jump_jacks,train,5,/content/drive/MyDrive/FinalProjectCV/CV_Image_pose_detection/Data/LLSP/annotation_cleaned/pose_features/stu8_32.npy,/content/drive/MyDrive/FinalProjectCV/CV_Image_pose_detection/Data/LLSP/annotation_cleaned/pose_sequences/stu8_32_sequence.npy,ok,194,192,0.9896907216494846,0.9401117563247681,
stu7_71.mp4,squat,train,32,/content/drive/MyDrive/FinalProjectCV/CV_Image_pose_detection/Data/LLSP/annotation_cleaned/pose_features/stu7_71.npy,/content/drive/MyDrive/FinalProjectCV/CV_Image_pose_detection/Data/LLSP/annotation_cleaned/pose_sequences/stu7_71_sequence.npy,ok,1348,1348,1.0,0.7616168856620789,
train3382.mp4,sit_up,train,4,/content/drive/MyDrive/FinalProjectCV/CV_Image_pose_detection/Data/LLSP/annotation_cleaned/pose_features/train3382.npy,/content/drive/MyDrive/FinalProjectCV/CV_Image_pose_detection/Data/LLSP/annotation_cleaned/pose_sequences/train3382_sequence.npy,ok,300,297,0.99,0.7182117700576782,
stu9_12.mp4,front_raise,train,7,/content/drive/MyDrive/FinalProjectCV/CV_Image_pose_detection/Data/LLSP/annotation_cleaned/pose_features/stu9_12.npy,/content/drive/MyDrive/FinalProjectCV/CV_Image_pose_detection/Data/LLSP/annotation_cleaned/pose_sequences/stu9_12_sequence.npy,ok,389,389,1.0,0.9110812544822693,
stu5_53.mp4,sit_up,train,27,/content/drive/MyDrive/FinalProjectCV/CV_Image_pose_detection/Data/LLSP/annotation_cleaned/pose_features/stu5_53.npy,/content/drive/MyDrive/FinalProjectCV/CV_Image_pose_detection/Data/LLSP/annotation_cleaned/pose_sequences/stu5_53_sequence.npy,ok,1799,1775,0.9866592551417455,0.8871244192123413,
stu5_51.mp4,sit_up,train,25,/content/drive/MyDrive/FinalProjectCV/CV_Image_pose_detection/Data/LLSP/annotation_cleaned/pose_features/stu5_51.npy,/content/drive/MyDrive/FinalProjectCV/CV_Image_pose_detection/Data/LLSP/annotation_cleaned/pose_sequences/stu5_51_sequence.npy,ok,493,493,1.0,0.719321608543396,
stu6_2.mp4,bench_pressing,train,9,/content/drive/MyDrive/FinalProjectCV/CV_Image_pose_detection/Data/LLSP/annotation_cleaned/pose_features/stu6_2.npy,/content/drive/MyDrive/FinalProjectCV/CV_Image_pose_detection/Data/LLSP/annotation_cleaned/pose_sequences/stu6_2_sequence.npy,ok,1016,981,0.9655511811023622,0.624818742275238,
test545.mp4,front_raise,train,1,/content/drive/MyDrive/FinalProjectCV/CV_Image_pose_detection/Data/LLSP/annotation_cleaned/pose_features/test545.npy,/content/drive/MyDrive/FinalProjectCV/CV_Image_pose_detection/Data/LLSP/annotation_cleaned/pose_sequences/test545_sequence.npy,ok,300,300,1.0,0.793317437171936,
test2323.mp4,squat,train,2,/content/drive/MyDrive/FinalProjectCV/CV_Image_pose_detection/Data/LLSP/annotation_cleaned/pose_features/test2323.npy,/content/drive/MyDrive/FinalProjectCV/CV_Image_pose_detection/Data/LLSP/annotation_cleaned/pose_sequences/test2323_sequence.npy,ok,256,229,0.89453125,0.6564400792121887,
train3312.mp4,sit_up,train,4,/content/drive/MyDrive/FinalProjectCV/CV_Image_pose_detection/Data/LLSP/annotation_cleaned/pose_features/train3312.npy,/content/drive/MyDrive/FinalProjectCV/CV_Image_pose_detection/Data/LLSP/annotation_cleaned/pose_sequences/train3312_sequence.npy,ok,250,250,1.0,0.8558474183082581,
stu9_30.mp4,jump_jacks,train,11,/content/drive/MyDrive/FinalProjectCV/CV_Image_pose_detection/Data/LLSP/annotation_cleaned/pose_features/stu9_30.npy,/content/drive/MyDrive/FinalProjectCV/CV_Image_pose_detection/Data/LLSP/annotation_cleaned/pose_sequences/stu9_30_sequence.npy,ok,305,305,1.0,0.9623242020606995,
stu4_60.mp4,sit_up,train,3,/content/drive/MyDrive/FinalProjectCV/CV_Image_pose_detection/Data/LLSP/annotation_cleaned/pose_features/stu4_60.npy,/content/drive/MyDrive/FinalProjectCV/CV_Image_pose_detection/Data/LLSP/annotation_cleaned/pose_sequences/stu4_60_sequence.npy,ok,1768,1761,0.9960407239819005,0.807380199432373,
stu4_56.mp4,sit_up,train,7,/content/drive/MyDrive/FinalProjectCV/CV_Image_pose_detection/Data/LLSP/annotation_cleaned/pose_features/stu4_56.npy,/content/drive/MyDrive/FinalProjectCV/CV_Image_pose_detection/Data/LLSP/annotation_cleaned/pose_sequences/stu4_56_sequence.npy,ok,673,673,1.0,0.8347873091697693,
stu3_21.mp4,jump_jacks,train,6,/content/drive/MyDrive/FinalProjectCV/CV_Image_pose_detection/Data/LLSP/annotation_cleaned/pose_features/stu3_21.npy,/content/drive/MyDrive/FinalProjectCV/CV_Image_pose_detection/Data/LLSP/annotation_cleaned/pose_sequences/stu3_21_sequence.npy,ok,300,300,1.0,0.8698990941047668,
stu4_17.mp4,jump_jacks,train,8,/content/drive/MyDrive/FinalProjectCV/CV_Image_pose_detection/Data/LLSP/annotation_cleaned/pose_features/stu4_17.npy,/content/drive/MyDrive/FinalProjectCV/CV_Image_pose_detection/Data/LLSP/annotation_cleaned/pose_sequences/stu4_17_sequence.npy,ok,187,161,0.8609625668449198,0.7802907824516296,
stu2_61.mp4,sit_up,train,10,/content/drive/MyDrive/FinalProjectCV/CV_Image_pose_detection/Data/LLSP/annotation_cleaned/pose_features/stu2_61.npy,/content/drive/MyDrive/FinalProjectCV/CV_Image_pose_detection/Data/LLSP/annotation_cleaned/pose_sequences/stu2_61_sequence.npy,ok,1630,1630,1.0,0.8534778356552124,
stu6_44.mp4,push_up,train,,/content/drive/MyDrive/FinalProjectCV/CV_Image_pose_detection/Data/LLSP/annotation_cleaned/pose_features/stu6_44.npy,/content/drive/MyDrive/FinalProjectCV/CV_Image_pose_detection/Data/LLSP/annotation_cleaned/pose_sequences/stu6_44_sequence.npy,ok,1722,1655,0.9610917537746806,0.7027896642684937,
stu10_32.mp4,others,train,24,/content/drive/MyDrive/FinalProjectCV/CV_Image_pose_detection/Data/LLSP/annotation_cleaned/pose_features/stu10_32.npy,/content/drive/MyDrive/FinalProjectCV/CV_Image_pose_detection/Data/LLSP/annotation_cleaned/pose_sequences/stu10_32_sequence.npy,failed,0,0,0.0,0.0,[Errno 2] No such file or directory: '/content/drive/MyDrive/FinalProjectCV/CV_Image_pose_detection/Data/LLSP/annotation_cleaned/pose_features/stu10_32.npy'
stu5_46.mp4,push_up,train,3,/content/drive/MyDrive/FinalProjectCV/CV_Image_pose_detection/Data/LLSP/annotation_cleaned/pose_features/stu5_46.npy,/content/drive/MyDrive/FinalProjectCV/CV_Image_pose_detection/Data/LLSP/annotation_cleaned/pose_sequences/stu5_46_sequence.npy,ok,1103,757,0.6863100634632819,0.47545793652534485,
stu3_67.mp4,squat,train,9,/content/drive/MyDrive/FinalProjectCV/CV_Image_pose_detection/Data/LLSP/annotation_cleaned/pose_features/stu3_67.npy,/content/drive/MyDrive/FinalProjectCV/CV_Image_pose_detection/Data/LLSP/annotation_cleaned/pose_sequences/stu3_67_sequence.npy,ok,660,660,1.0,0.8357410430908203,
train2685.mp4,push_up,train,2,/content/drive/MyDrive/FinalProjectCV/CV_Image_pose_detection/Data/LLSP/annotation_cleaned/pose_features/train2685.npy,/content/drive/MyDrive/FinalProjectCV/CV_Image_pose_detection/Data/LLSP/annotation_cleaned/pose_sequences/train2685_sequence.npy,ok,300,300,1.0,0.8237152695655823,
train1000.mp4,front_raise,train,3,/content/drive/MyDrive/FinalProjectCV/CV_Image_pose_detection/Data/LLSP/annotation_cleaned/pose_features/train1000.npy,/content/drive/MyDrive/FinalProjectCV/CV_Image_pose_detection/Data/LLSP/annotation_cleaned/pose_sequences/train1000_sequence.npy,ok,300,285,0.95,0.6395640969276428,
stu9_56.mp4,sit_up,train,8,/content/drive/MyDrive/FinalProjectCV/CV_Image_pose_detection/Data/LLSP/annotation_cleaned/pose_features/stu9_56.npy,/content/drive/MyDrive/FinalProjectCV/CV_Image_pose_detection/Data/LLSP/annotation_cleaned/pose_sequences/stu9_56_sequence.npy,ok,1800,1800,1.0,0.854576826095581,
stu3_56.mp4,sit_up,train,25,/content/drive/MyDrive/FinalProjectCV/CV_Image_pose_detection/Data/LLSP/annotation_cleaned/pose_features/stu3_56.npy,/content/drive/MyDrive/FinalProjectCV/CV_Image_pose_detection/Data/LLSP/annotation_cleaned/pose_sequences/stu3_56_sequence.npy,ok,720,457,0.6347222222222222,0.522066593170166,
stu6_54.mp4,sit_up,train,11,/content/drive/MyDrive/FinalProjectCV/CV_Image_pose_detection/Data/LLSP/annotation_cleaned/pose_features/stu6_54.npy,/content/drive/MyDrive/FinalProjectCV/CV_Image_pose_detection/Data/LLSP/annotation_cleaned/pose_sequences/stu6_54_sequence.npy,ok,1710,1708,0.9988304093567252,0.8334798216819763,
stu1_70.mp4,squat,train,1,/content/drive/MyDrive/FinalProjectCV/CV_Image_pose_detection/Data/LLSP/annotation_cleaned/pose_features/stu1_70.npy,/content/drive/MyDrive/FinalProjectCV/CV_Image_pose_detection/Data/LLSP/annotation_cleaned/pose_sequences/stu1_70_sequence.npy,ok,120,120,1.0,0.7517580389976501,
stu2_4.mp4,bench_pressing,train,1,/content/drive/MyDrive/FinalProjectCV/CV_Image_pose_detection/Data/LLSP/annotation_cleaned/pose_features/stu2_4.npy,/content/drive/MyDrive/FinalProjectCV/CV_Image_pose_detection/Data/LLSP/annotation_cleaned/pose_sequences/stu2_4_sequence.npy,ok,1267,1164,0.9187056037884768,0.6678832173347473,
test1624.mp4,push_up,train,3,/content/drive/MyDrive/FinalProjectCV/CV_Image_pose_detection/Data/LLSP/annotation_cleaned/pose_features/test1624.npy,/content/drive/MyDrive/FinalProjectCV/CV_Image_pose_detection/Data/LLSP/annotation_cleaned/pose_sequences/test1624_sequence.npy,ok,149,149,1.0,0.7143622040748596,
stu9_50.mp4,push_up,train,65,/content/drive/MyDrive/FinalProjectCV/CV_Image_pose_detection/Data/LLSP/annotation_cleaned/pose_features/stu9_50.npy,/content/drive/MyDrive/FinalProjectCV/CV_Image_pose_detection/Data/LLSP/annotation_cleaned/pose_sequences/stu9_50_sequence.npy,ok,1799,1798,0.9994441356309061,0.9099709391593933,
stu2_60.mp4,sit_up,train,43,/content/drive/MyDrive/FinalProjectCV/CV_Image_pose_detection/Data/LLSP/annotation_cleaned/pose_features/stu2_60.npy,/content/drive/MyDrive/FinalProjectCV/CV_Image_pose_detection/Data/LLSP/annotation_cleaned/pose_sequences/stu2_60_sequence.npy,ok,1080,975,0.9027777777777778,0.6192248463630676,
stu6_20.mp4,jump_jacks,train,21,/content/drive/MyDrive/FinalProjectCV/CV_Image_pose_detection/Data/LLSP/annotation_cleaned/pose_features/stu6_20.npy,/content/drive/MyDrive/FinalProjectCV/CV_Image_pose_detection/Data/LLSP/annotation_cleaned/pose_sequences/stu6_20_sequence.npy,ok,600,600,1.0,0.9652690291404724,
stu5_65.mp4,squat,train,18,/content/drive/MyDrive/FinalProjectCV/CV_Image_pose_detection/Data/LLSP/annotation_cleaned/pose_features/stu5_65.npy,/content/drive/MyDrive/FinalProjectCV/CV_Image_pose_detection/Data/LLSP/annotation_cleaned/pose_sequences/stu5_65_sequence.npy,ok,1409,1409,1.0,0.8176779747009277,
stu8_65.mp4,squat,train,24,/content/drive/MyDrive/FinalProjectCV/CV_Image_pose_detection/Data/LLSP/annotation_cleaned/pose_features/stu8_65.npy,/content/drive/MyDrive/FinalProjectCV/CV_Image_pose_detection/Data/LLSP/annotation_cleaned/pose_sequences/stu8_65_sequence.npy,ok,1859,1859,1.0,0.8158613443374634,
stu2_11.mp4,bench_pressing,train,8,/content/drive/MyDrive/FinalProjectCV/CV_Image_pose_detection/Data/LLSP/annotation_cleaned/pose_features/stu2_11.npy,/content/drive/MyDrive/FinalProjectCV/CV_Image_pose_detection/Data/LLSP/annotation_cleaned/pose_sequences/stu2_11_sequence.npy,ok,683,561,0.821376281112738,0.550248920917511,
stu3_46.mp4,push_up,train,9,/content/drive/MyDrive/FinalProjectCV/CV_Image_pose_detection/Data/LLSP/annotation_cleaned/pose_features/stu3_46.npy,/content/drive/MyDrive/FinalProjectCV/CV_Image_pose_detection/Data/LLSP/annotation_cleaned/pose_sequences/stu3_46_sequence.npy,ok,599,599,1.0,0.8451117873191833,
stu7_56.mp4,sit_up,train,10,/content/drive/MyDrive/FinalProjectCV/CV_Image_pose_detection/Data/LLSP/annotation_cleaned/pose_features/stu7_56.npy,/content/drive/MyDrive/FinalProjectCV/CV_Image_pose_detection/Data/LLSP/annotation_cleaned/pose_sequences/stu7_56_sequence.npy,ok,1858,1858,1.0,0.5994248986244202,
stu5_15.mp4,front_raise,train,18,/content/drive/MyDrive/FinalProjectCV/CV_Image_pose_detection/Data/LLSP/annotation_cleaned/pose_features/stu5_15.npy,/content/drive/MyDrive/FinalProjectCV/CV_Image_pose_detection/Data/LLSP/annotation_cleaned/pose_sequences/stu5_15_sequence.npy,ok,1500,1500,1.0,0.916376531124115,
test2015.mp4,sit_up,train,1,/content/drive/MyDrive/FinalProjectCV/CV_Image_pose_detection/Data/LLSP/annotation_cleaned/pose_features/test2015.npy,/content/drive/MyDrive/FinalProjectCV/CV_Image_pose_detection/Data/LLSP/annotation_cleaned/pose_sequences/test2015_sequence.npy,ok,250,250,1.0,0.8591738343238831,
stu5_3.mp4,battle_rope,train,95,/content/drive/MyDrive/FinalProjectCV/CV_Image_pose_detection/Data/LLSP/annotation_cleaned/pose_features/stu5_3.npy,/content/drive/MyDrive/FinalProjectCV/CV_Image_pose_detection/Data/LLSP/annotation_cleaned/pose_sequences/stu5_3_sequence.npy,ok,441,438,0.9931972789115646,0.9282335042953491,
stu2_1.mp4,battle_rope,train,44,/content/drive/MyDrive/FinalProjectCV/CV_Image_pose_detection/Data/LLSP/annotation_cleaned/pose_features/stu2_1.npy,/content/drive/MyDrive/FinalProjectCV/CV_Image_pose_detection/Data/LLSP/annotation_cleaned/pose_sequences/stu2_1_sequence.npy,ok,1175,1174,0.9991489361702127,0.8328414559364319,
stu4_71.mp4,squat,train,36,/content/drive/MyDrive/FinalProjectCV/CV_Image_pose_detection/Data/LLSP/annotation_cleaned/pose_features/stu4_71.npy,/content/drive/MyDrive/FinalProjectCV/CV_Image_pose_detection/Data/LLSP/annotation_cleaned/pose_sequences/stu4_71_sequence.npy,ok,2100,2100,1.0,0.9343702793121338,
stu7_42.mp4,pull_up,train,29,/content/drive/MyDrive/FinalProjectCV/CV_Image_pose_detection/Data/LLSP/annotation_cleaned/pose_features/stu7_42.npy,/content/drive/MyDrive/FinalProjectCV/CV_Image_pose_detection/Data/LLSP/annotation_cleaned/pose_sequences/stu7_42_sequence.npy,ok,1769,1769,1.0,0.7678107023239136,
stu2_71.mp4,squat,train,14,/content/drive/MyDrive/FinalProjectCV/CV_Image_pose_detection/Data/LLSP/annotation_cleaned/pose_features/stu2_71.npy,/content/drive/MyDrive/FinalProjectCV/CV_Image_pose_detection/Data/LLSP/annotation_cleaned/pose_sequences/stu2_71_sequence.npy,ok,1498,1498,1.0,0.805762767791748,
train3367.mp4,sit_up,train,5,/content/drive/MyDrive/FinalProjectCV/CV_Image_pose_detection/Data/LLSP/annotation_cleaned/pose_features/train3367.npy,/content/drive/MyDrive/FinalProjectCV/CV_Image_pose_detection/Data/LLSP/annotation_cleaned/pose_sequences/train3367_sequence.npy,ok,187,162,0.8663101604278075,0.6108275651931763,
train2477.mp4,pull_up,train,9,/content/drive/MyDrive/FinalProjectCV/CV_Image_pose_detection/Data/LLSP/annotation_cleaned/pose_features/train2477.npy,/content/drive/MyDrive/FinalProjectCV/CV_Image_pose_detection/Data/LLSP/annotation_cleaned/pose_sequences/train2477_sequence.npy,ok,295,292,0.9898305084745763,0.6151700019836426,
train3932.mp4,squat,train,2,/content/drive/MyDrive/FinalProjectCV/CV_Image_pose_detection/Data/LLSP/annotation_cleaned/pose_features/train3932.npy,/content/drive/MyDrive/FinalProjectCV/CV_Image_pose_detection/Data/LLSP/annotation_cleaned/pose_sequences/train3932_sequence.npy,ok,300,300,1.0,0.9581844806671143,
stu9_65.mp4,squat,train,24,/content/drive/MyDrive/FinalProjectCV/CV_Image_pose_detection/Data/LLSP/annotation_cleaned/pose_features/stu9_65.npy,/content/drive/MyDrive/FinalProjectCV/CV_Image_pose_detection/Data/LLSP/annotation_cleaned/pose_sequences/stu9_65_sequence.npy,ok,1648,1648,1.0,0.9616028666496277,
stu4_16.mp4,jump_jacks,train,34,/content/drive/MyDrive/FinalProjectCV/CV_Image_pose_detection/Data/LLSP/annotation_cleaned/pose_features/stu4_16.npy,/content/drive/MyDrive/FinalProjectCV/CV_Image_pose_detection/Data/LLSP/annotation_cleaned/pose_sequences/stu4_16_sequence.npy,ok,1589,1589,1.0,0.9148637056350708,
stu7_50.mp4,push_up,train,46,/content/drive/MyDrive/FinalProjectCV/CV_Image_pose_detection/Data/LLSP/annotation_cleaned/pose_features/stu7_50.npy,/content/drive/MyDrive/FinalProjectCV/CV_Image_pose_detection/Data/LLSP/annotation_cleaned/pose_sequences/stu7_50_sequence.npy,ok,1470,1470,1.0,0.8429986238479614,
stu8_48.mp4,push_up,train,5,/content/drive/MyDrive/FinalProjectCV/CV_Image_pose_detection/Data/LLSP/annotation_cleaned/pose_features/stu8_48.npy,/content/drive/MyDrive/FinalProjectCV/CV_Image_pose_detection/Data/LLSP/annotation_cleaned/pose_sequences/stu8_48_sequence.npy,ok,1440,1440,1.0,0.85774827003479,
stu3_51.mp4,push_up,train,27,/content/drive/MyDrive/FinalProjectCV/CV_Image_pose_detection/Data/LLSP/annotation_cleaned/pose_features/stu3_51.npy,/content/drive/MyDrive/FinalProjectCV/CV_Image_pose_detection/Data/LLSP/annotation_cleaned/pose_sequences/stu3_51_sequence.npy,ok,1383,83,0.060014461315979754,0.19264943897724152,
stu7_44.mp4,pull_up,train,10,/content/drive/MyDrive/FinalProjectCV/CV_Image_pose_detection/Data/LLSP/annotation_cleaned/pose_features/stu7_44.npy,/content/drive/MyDrive/FinalProjectCV/CV_Image_pose_detection/Data/LLSP/annotation_cleaned/pose_sequences/stu7_44_sequence.npy,ok,750,731,0.9746666666666667,0.719732403755188,
stu8_19.mp4,front_raise,train,9,/content/drive/MyDrive/FinalProjectCV/CV_Image_pose_detection/Data/LLSP/annotation_cleaned/pose_features/stu8_19.npy,/content/drive/MyDrive/FinalProjectCV/CV_Image_pose_detection/Data/LLSP/annotation_cleaned/pose_sequences/stu8_19_sequence.npy,ok,353,318,0.9008498583569405,0.5440225005149841,
stu5_67.mp4,squat,train,16,/content/drive/MyDrive/FinalProjectCV/CV_Image_pose_detection/Data/LLSP/annotation_cleaned/pose_features/stu5_67.npy,/content/drive/MyDrive/FinalProjectCV/CV_Image_pose_detection/Data/LLSP/annotation_cleaned/pose_sequences/stu5_67_sequence.npy,ok,1049,1049,1.0,0.8925075531005859,
stu7_32.mp4,jump_jacks,train,10,/content/drive/MyDrive/FinalProjectCV/CV_Image_pose_detection/Data/LLSP/annotation_cleaned/pose_features/stu7_32.npy,/content/drive/MyDrive/FinalProjectCV/CV_Image_pose_detection/Data/LLSP/annotation_cleaned/pose_sequences/stu7_32_sequence.npy,ok,1354,1137,0.8397341211225997,0.8109838366508484,
stu6_37.mp4,push_up,train,3,/content/drive/MyDrive/FinalProjectCV/CV_Image_pose_detection/Data/LLSP/annotation_cleaned/pose_features/stu6_37.npy,/content/drive/MyDrive/FinalProjectCV/CV_Image_pose_detection/Data/LLSP/annotation_cleaned/pose_sequences/stu6_37_sequence.npy,ok,959,959,1.0,0.8226831555366516,
test2331.mp4,squat,train,2,/content/drive/MyDrive/FinalProjectCV/CV_Image_pose_detection/Data/LLSP/annotation_cleaned/pose_features/test2331.npy,/content/drive/MyDrive/FinalProjectCV/CV_Image_pose_detection/Data/LLSP/annotation_cleaned/pose_sequences/test2331_sequence.npy,ok,250,250,1.0,0.6276529431343079,
stu7_5.mp4,bench_pressing,train,10,/content/drive/MyDrive/FinalProjectCV/CV_Image_pose_detection/Data/LLSP/annotation_cleaned/pose_features/stu7_5.npy,/content/drive/MyDrive/FinalProjectCV/CV_Image_pose_detection/Data/LLSP/annotation_cleaned/pose_sequences/stu7_5_sequence.npy,ok,1782,1741,0.9769921436588104,0.7192928791046143,
stu7_9.mp4,bench_pressing,train,10,/content/drive/MyDrive/FinalProjectCV/CV_Image_pose_detection/Data/LLSP/annotation_cleaned/pose_features/stu7_9.npy,/content/drive/MyDrive/FinalProjectCV/CV_Image_pose_detection/Data/LLSP/annotation_cleaned/pose_sequences/stu7_9_sequence.npy,ok,1798,1783,0.9916573971078977,0.7803236842155457,
stu1_48.mp4,push_up,train,111,/content/drive/MyDrive/FinalProjectCV/CV_Image_pose_detection/Data/LLSP/annotation_cleaned/pose_features/stu1_48.npy,/content/drive/MyDrive/FinalProjectCV/CV_Image_pose_detection/Data/LLSP/annotation_cleaned/pose_sequences/stu1_48_sequence.npy,ok,1368,1364,0.9970760233918129,0.7094172239303589,
stu4_49.mp4,push_up,train,8,/content/drive/MyDrive/FinalProjectCV/CV_Image_pose_detection/Data/LLSP/annotation_cleaned/pose_features/stu4_49.npy,/content/drive/MyDrive/FinalProjectCV/CV_Image_pose_detection/Data/LLSP/annotation_cleaned/pose_sequences/stu4_49_sequence.npy,ok,960,960,1.0,0.768657386302948,
stu1_29.mp4,others,train,22,/content/drive/MyDrive/FinalProjectCV/CV_Image_pose_detection/Data/LLSP/annotation_cleaned/pose_features/stu1_29.npy,/content/drive/MyDrive/FinalProjectCV/CV_Image_pose_detection/Data/LLSP/annotation_cleaned/pose_sequences/stu1_29_sequence.npy,failed,0,0,0.0,0.0,[Errno 2] No such file or directory: '/content/drive/MyDrive/FinalProjectCV/CV_Image_pose_detection/Data/LLSP/annotation_cleaned/pose_features/stu1_29.npy'
stu10_26.mp4,jump_jacks,train,33,/content/drive/MyDrive/FinalProjectCV/CV_Image_pose_detection/Data/LLSP/annotation_cleaned/pose_features/stu10_26.npy,/content/drive/MyDrive/FinalProjectCV/CV_Image_pose_detection/Data/LLSP/annotation_cleaned/pose_sequences/stu10_26_sequence.npy,ok,1225,1225,1.0,0.9611832499504089,
stu9_37.mp4,pull_up,train,15,/content/drive/MyDrive/FinalProjectCV/CV_Image_pose_detection/Data/LLSP/annotation_cleaned/pose_features/stu9_37.npy,/content/drive/MyDrive/FinalProjectCV/CV_Image_pose_detection/Data/LLSP/annotation_cleaned/pose_sequences/stu9_37_sequence.npy,ok,1489,1251,0.8401611820013432,0.574663519859314,
stu3_4.mp4,bench_pressing,train,4,/content/drive/MyDrive/FinalProjectCV/CV_Image_pose_detection/Data/LLSP/annotation_cleaned/pose_features/stu3_4.npy,/content/drive/MyDrive/FinalProjectCV/CV_Image_pose_detection/Data/LLSP/annotation_cleaned/pose_sequences/stu3_4_sequence.npy,ok,625,624,0.9984,0.6537231802940369,
val914.mp4,push_up,train,2,/content/drive/MyDrive/FinalProjectCV/CV_Image_pose_detection/Data/LLSP/annotation_cleaned/pose_features/val914.npy,/content/drive/MyDrive/FinalProjectCV/CV_Image_pose_detection/Data/LLSP/annotation_cleaned/pose_sequences/val914_sequence.npy,ok,60,60,1.0,0.8512365818023682,
stu6_66.mp4,squat,train,21,/content/drive/MyDrive/FinalProjectCV/CV_Image_pose_detection/Data/LLSP/annotation_cleaned/pose_features/stu6_66.npy,/content/drive/MyDrive/FinalProjectCV/CV_Image_pose_detection/Data/LLSP/annotation_cleaned/pose_sequences/stu6_66_sequence.npy,ok,1620,1620,1.0,0.9674350023269653,
stu3_19.mp4,jump_jacks,train,5,/content/drive/MyDrive/FinalProjectCV/CV_Image_pose_detection/Data/LLSP/annotation_cleaned/pose_features/stu3_19.npy,/content/drive/MyDrive/FinalProjectCV/CV_Image_pose_detection/Data/LLSP/annotation_cleaned/pose_sequences/stu3_19_sequence.npy,ok,600,600,1.0,0.9684743881225586,
test142.mp4,bench_pressing,train,2,/content/drive/MyDrive/FinalProjectCV/CV_Image_pose_detection/Data/LLSP/annotation_cleaned/pose_features/test142.npy,/content/drive/MyDrive/FinalProjectCV/CV_Image_pose_detection/Data/LLSP/annotation_cleaned/pose_sequences/test142_sequence.npy,ok,300,57,0.19,0.25884655117988586,
stu6_31.mp4,pull_up,train,20,/content/drive/MyDrive/FinalProjectCV/CV_Image_pose_detection/Data/LLSP/annotation_cleaned/pose_features/stu6_31.npy,/content/drive/MyDrive/FinalProjectCV/CV_Image_pose_detection/Data/LLSP/annotation_cleaned/pose_sequences/stu6_31_sequence.npy,ok,750,750,1.0,0.8798391819000244,
stu9_15.mp4,front_raise,train,3,/content/drive/MyDrive/FinalProjectCV/CV_Image_pose_detection/Data/LLSP/annotation_cleaned/pose_features/stu9_15.npy,/content/drive/MyDrive/FinalProjectCV/CV_Image_pose_detection/Data/LLSP/annotation_cleaned/pose_sequences/stu9_15_sequence.npy,ok,660,660,1.0,0.9599471688270569,
test587.mp4,front_raise,train,3,/content/drive/MyDrive/FinalProjectCV/CV_Image_pose_detection/Data/LLSP/annotation_cleaned/pose_features/test587.npy,/content/drive/MyDrive/FinalProjectCV/CV_Image_pose_detection/Data/LLSP/annotation_cleaned/pose_sequences/test587_sequence.npy,ok,243,240,0.9876543209876543,0.7777203321456909,
train168.mp4,bench_pressing,train,4,/content/drive/MyDrive/FinalProjectCV/CV_Image_pose_detection/Data/LLSP/annotation_cleaned/pose_features/train168.npy,/content/drive/MyDrive/FinalProjectCV/CV_Image_pose_detection/Data/LLSP/annotation_cleaned/pose_sequences/train168_sequence.npy,ok,57,36,0.631578947368421,0.42998069524765015,
stu7_12.mp4,bench_pressing,train,15,/content/drive/MyDrive/FinalProjectCV/CV_Image_pose_detection/Data/LLSP/annotation_cleaned/pose_features/stu7_12.npy,/content/drive/MyDrive/FinalProjectCV/CV_Image_pose_detection/Data/LLSP/annotation_cleaned/pose_sequences/stu7_12_sequence.npy,ok,1289,912,0.7075252133436772,0.4399918019771576,
stu4_1.mp4,battle_rope,train,14,/content/drive/MyDrive/FinalProjectCV/CV_Image_pose_detection/Data/LLSP/annotation_cleaned/pose_features/stu4_1.npy,/content/drive/MyDrive/FinalProjectCV/CV_Image_pose_detection/Data/LLSP/annotation_cleaned/pose_sequences/stu4_1_sequence.npy,ok,240,240,1.0,0.8752138614654541,
train1604.mp4,jump_jacks,train,10,/content/drive/MyDrive/FinalProjectCV/CV_Image_pose_detection/Data/LLSP/annotation_cleaned/pose_features/train1604.npy,/content/drive/MyDrive/FinalProjectCV/CV_Image_pose_detection/Data/LLSP/annotation_cleaned/pose_sequences/train1604_sequence.npy,ok,240,240,1.0,0.9379279017448425,
stu10_29.mp4,jump_jacks,train,34,/content/drive/MyDrive/FinalProjectCV/CV_Image_pose_detection/Data/LLSP/annotation_cleaned/pose_features/stu10_29.npy,/content/drive/MyDrive/FinalProjectCV/CV_Image_pose_detection/Data/LLSP/annotation_cleaned/pose_sequences/stu10_29_sequence.npy,ok,1168,1168,1.0,0.9176068902015686,
stu3_12.mp4,front_raise,train,2,/content/drive/MyDrive/FinalProjectCV/CV_Image_pose_detection/Data/LLSP/annotation_cleaned/pose_features/stu3_12.npy,/content/drive/MyDrive/FinalProjectCV/CV_Image_pose_detection/Data/LLSP/annotation_cleaned/pose_sequences/stu3_12_sequence.npy,ok,598,568,0.9498327759197325,0.6912227869033813,
stu4_8.mp4,front_raise,train,3,/content/drive/MyDrive/FinalProjectCV/CV_Image_pose_detection/Data/LLSP/annotation_cleaned/pose_features/stu4_8.npy,/content/drive/MyDrive/FinalProjectCV/CV_Image_pose_detection/Data/LLSP/annotation_cleaned/pose_sequences/stu4_8_sequence.npy,ok,450,450,1.0,0.8895275592803955,
stu10_68.mp4,squat,train,20,/content/drive/MyDrive/FinalProjectCV/CV_Image_pose_detection/Data/LLSP/annotation_cleaned/pose_features/stu10_68.npy,/content/drive/MyDrive/FinalProjectCV/CV_Image_pose_detection/Data/LLSP/annotation_cleaned/pose_sequences/stu10_68_sequence.npy,ok,1678,1678,1.0,0.8111947178840637,
train1715.mp4,jump_jacks,train,10,/content/drive/MyDrive/FinalProjectCV/CV_Image_pose_detection/Data/LLSP/annotation_cleaned/pose_features/train1715.npy,/content/drive/MyDrive/FinalProjectCV/CV_Image_pose_detection/Data/LLSP/annotation_cleaned/pose_sequences/train1715_sequence.npy,ok,300,293,0.9766666666666667,0.7708084583282471,
stu9_11.mp4,bench_pressing,train,15,/content/drive/MyDrive/FinalProjectCV/CV_Image_pose_detection/Data/LLSP/annotation_cleaned/pose_features/stu9_11.npy,/content/drive/MyDrive/FinalProjectCV/CV_Image_pose_detection/Data/LLSP/annotation_cleaned/pose_sequences/stu9_11_sequence.npy,ok,1421,1060,0.7459535538353272,0.4500458538532257,
stu1_44.mp4,push_up,train,6,/content/drive/MyDrive/FinalProjectCV/CV_Image_pose_detection/Data/LLSP/annotation_cleaned/pose_features/stu1_44.npy,/content/drive/MyDrive/FinalProjectCV/CV_Image_pose_detection/Data/LLSP/annotation_cleaned/pose_sequences/stu1_44_sequence.npy,ok,712,709,0.9957865168539326,0.7182694673538208,
stu9_66.mp4,squat,train,35,/content/drive/MyDrive/FinalProjectCV/CV_Image_pose_detection/Data/LLSP/annotation_cleaned/pose_features/stu9_66.npy,/content/drive/MyDrive/FinalProjectCV/CV_Image_pose_detection/Data/LLSP/annotation_cleaned/pose_sequences/stu9_66_sequence.npy,ok,1800,1800,1.0,0.916338324546814,
train3912.mp4,squat,train,4,/content/drive/MyDrive/FinalProjectCV/CV_Image_pose_detection/Data/LLSP/annotation_cleaned/pose_features/train3912.npy,/content/drive/MyDrive/FinalProjectCV/CV_Image_pose_detection/Data/LLSP/annotation_cleaned/pose_sequences/train3912_sequence.npy,ok,250,250,1.0,0.9118667244911194,
stu6_40.mp4,push_up,train,8,/content/drive/MyDrive/FinalProjectCV/CV_Image_pose_detection/Data/LLSP/annotation_cleaned/pose_features/stu6_40.npy,/content/drive/MyDrive/FinalProjectCV/CV_Image_pose_detection/Data/LLSP/annotation_cleaned/pose_sequences/stu6_40_sequence.npy,ok,1152,1109,0.9626736111111112,0.7676499485969543,
test2298.mp4,squat,train,2,/content/drive/MyDrive/FinalProjectCV/CV_Image_pose_detection/Data/LLSP/annotation_cleaned/pose_features/test2298.npy,/content/drive/MyDrive/FinalProjectCV/CV_Image_pose_detection/Data/LLSP/annotation_cleaned/pose_sequences/test2298_sequence.npy,ok,284,272,0.9577464788732394,0.6143991947174072,
stu3_0.mp4,battle_rope,train,12,/content/drive/MyDrive/FinalProjectCV/CV_Image_pose_detection/Data/LLSP/annotation_cleaned/pose_features/stu3_0.npy,/content/drive/MyDrive/FinalProjectCV/CV_Image_pose_detection/Data/LLSP/annotation_cleaned/pose_sequences/stu3_0_sequence.npy,ok,360,360,1.0,0.885184645652771,
stu11_0.mp4,others,train,50,/content/drive/MyDrive/FinalProjectCV/CV_Image_pose_detection/Data/LLSP/annotation_cleaned/pose_features/stu11_0.npy,/content/drive/MyDrive/FinalProjectCV/CV_Image_pose_detection/Data/LLSP/annotation_cleaned/pose_sequences/stu11_0_sequence.npy,failed,0,0,0.0,0.0,[Errno 2] No such file or directory: '/content/drive/MyDrive/FinalProjectCV/CV_Image_pose_detection/Data/LLSP/annotation_cleaned/pose_features/stu11_0.npy'
stu11_1.mp4,others,train,20,/content/drive/MyDrive/FinalProjectCV/CV_Image_pose_detection/Data/LLSP/annotation_cleaned/pose_features/stu11_1.npy,/content/drive/MyDrive/FinalProjectCV/CV_Image_pose_detection/Data/LLSP/annotation_cleaned/pose_sequences/stu11_1_sequence.npy,failed,0,0,0.0,0.0,[Errno 2] No such file or directory: '/content/drive/MyDrive/FinalProjectCV/CV_Image_pose_detection/Data/LLSP/annotation_cleaned/pose_features/stu11_1.npy'
stu11_10.mp4,others,train,4,/content/drive/MyDrive/FinalProjectCV/CV_Image_pose_detection/Data/LLSP/annotation_cleaned/pose_features/stu11_10.npy,/content/drive/MyDrive/FinalProjectCV/CV_Image_pose_detection/Data/LLSP/annotation_cleaned/pose_sequences/stu11_10_sequence.npy,failed,0,0,0.0,0.0,[Errno 2] No such file or directory: '/content/drive/MyDrive/FinalProjectCV/CV_Image_pose_detection/Data/LLSP/annotation_cleaned/pose_features/stu11_10.npy'
stu11_11.mp4,others,train,12,/content/drive/MyDrive/FinalProjectCV/CV_Image_pose_detection/Data/LLSP/annotation_cleaned/pose_features/stu11_11.npy,/content/drive/MyDrive/FinalProjectCV/CV_Image_pose_detection/Data/LLSP/annotation_cleaned/pose_sequences/stu11_11_sequence.npy,failed,0,0,0.0,0.0,[Errno 2] No such file or directory: '/content/drive/MyDrive/FinalProjectCV/CV_Image_pose_detection/Data/LLSP/annotation_cleaned/pose_features/stu11_11.npy'
stu11_12.mp4,others,train,5,/content/drive/MyDrive/FinalProjectCV/CV_Image_pose_detection/Data/LLSP/annotation_cleaned/pose_features/stu11_12.npy,/content/drive/MyDrive/FinalProjectCV/CV_Image_pose_detection/Data/LLSP/annotation_cleaned/pose_sequences/stu11_12_sequence.npy,failed,0,0,0.0,0.0,[Errno 2] No such file or directory: '/content/drive/MyDrive/FinalProjectCV/CV_Image_pose_detection/Data/LLSP/annotation_cleaned/pose_features/stu11_12.npy'
stu11_13.mp4,others,train,42,/content/drive/MyDrive/FinalProjectCV/CV_Image_pose_detection/Data/LLSP/annotation_cleaned/pose_features/stu11_13.npy,/content/drive/MyDrive/FinalProjectCV/CV_Image_pose_detection/Data/LLSP/annotation_cleaned/pose_sequences/stu11_13_sequence.npy,failed,0,0,0.0,0.0,[Errno 2] No such file or directory: '/content/drive/MyDrive/FinalProjectCV/CV_Image_pose_detection/Data/LLSP/annotation_cleaned/pose_features/stu11_13.npy'
stu11_14.mp4,pommelhorse,train,27,/content/drive/MyDrive/FinalProjectCV/CV_Image_pose_detection/Data/LLSP/annotation_cleaned/pose_features/stu11_14.npy,/content/drive/MyDrive/FinalProjectCV/CV_Image_pose_detection/Data/LLSP/annotation_cleaned/pose_sequences/stu11_14_sequence.npy,ok,621,611,0.9838969404186796,0.6640045642852783,
stu11_15.mp4,pommelhorse,train,18,/content/drive/MyDrive/FinalProjectCV/CV_Image_pose_detection/Data/LLSP/annotation_cleaned/pose_features/stu11_15.npy,/content/drive/MyDrive/FinalProjectCV/CV_Image_pose_detection/Data/LLSP/annotation_cleaned/pose_sequences/stu11_15_sequence.npy,ok,623,623,1.0,0.7565545439720154,
stu11_16.mp4,pommelhorse,train,16,/content/drive/MyDrive/FinalProjectCV/CV_Image_pose_detection/Data/LLSP/annotation_cleaned/pose_features/stu11_16.npy,/content/drive/MyDrive/FinalProjectCV/CV_Image_pose_detection/Data/LLSP/annotation_cleaned/pose_sequences/stu11_16_sequence.npy,ok,766,721,0.9412532637075718,0.6217450499534607,
stu11_17.mp4,pommelhorse,train,20,/content/drive/MyDrive/FinalProjectCV/CV_Image_pose_detection/Data/LLSP/annotation_cleaned/pose_features/stu11_17.npy,/content/drive/MyDrive/FinalProjectCV/CV_Image_pose_detection/Data/LLSP/annotation_cleaned/pose_sequences/stu11_17_sequence.npy,ok,578,573,0.9913494809688581,0.7162178754806519,
stu11_18.mp4,pommelhorse,train,21,/content/drive/MyDrive/FinalProjectCV/CV_Image_pose_detection/Data/LLSP/annotation_cleaned/pose_features/stu11_18.npy,/content/drive/MyDrive/FinalProjectCV/CV_Image_pose_detection/Data/LLSP/annotation_cleaned/pose_sequences/stu11_18_sequence.npy,ok,649,638,0.9830508474576272,0.649146556854248,
stu11_19.mp4,pommelhorse,train,15,/content/drive/MyDrive/FinalProjectCV/CV_Image_pose_detection/Data/LLSP/annotation_cleaned/pose_features/stu11_19.npy,/content/drive/MyDrive/FinalProjectCV/CV_Image_pose_detection/Data/LLSP/annotation_cleaned/pose_sequences/stu11_19_sequence.npy,ok,494,462,0.9352226720647774,0.600387454032898,
stu11_2.mp4,others,train,6,/content/drive/MyDrive/FinalProjectCV/CV_Image_pose_detection/Data/LLSP/annotation_cleaned/pose_features/stu11_2.npy,/content/drive/MyDrive/FinalProjectCV/CV_Image_pose_detection/Data/LLSP/annotation_cleaned/pose_sequences/stu11_2_sequence.npy,failed,0,0,0.0,0.0,[Errno 2] No such file or directory: '/content/drive/MyDrive/FinalProjectCV/CV_Image_pose_detection/Data/LLSP/annotation_cleaned/pose_features/stu11_2.npy'
stu11_20.mp4,pommelhorse,train,16,/content/drive/MyDrive/FinalProjectCV/CV_Image_pose_detection/Data/LLSP/annotation_cleaned/pose_features/stu11_20.npy,/content/drive/MyDrive/FinalProjectCV/CV_Image_pose_detection/Data/LLSP/annotation_cleaned/pose_sequences/stu11_20_sequence.npy,ok,531,523,0.9849340866290018,0.6467641592025757,
stu11_21.mp4,pommelhorse,train,18,/content/drive/MyDrive/FinalProjectCV/CV_Image_pose_detection/Data/LLSP/annotation_cleaned/pose_features/stu11_21.npy,/content/drive/MyDrive/FinalProjectCV/CV_Image_pose_detection/Data/LLSP/annotation_cleaned/pose_sequences/stu11_21_sequence.npy,ok,506,479,0.9466403162055336,0.6635552644729614,
stu11_22.mp4,pommelhorse,train,23,/content/drive/MyDrive/FinalProjectCV/CV_Image_pose_detection/Data/LLSP/annotation_cleaned/pose_features/stu11_22.npy,/content/drive/MyDrive/FinalProjectCV/CV_Image_pose_detection/Data/LLSP/annotation_cleaned/pose_sequences/stu11_22_sequence.npy,ok,780,775,0.9935897435897436,0.6371691823005676,
stu11_23.mp4,pommelhorse,train,32,/content/drive/MyDrive/FinalProjectCV/CV_Image_pose_detection/Data/LLSP/annotation_cleaned/pose_features/stu11_23.npy,/content/drive/MyDrive/FinalProjectCV/CV_Image_pose_detection/Data/LLSP/annotation_cleaned/pose_sequences/stu11_23_sequence.npy,ok,817,781,0.95593635250918,0.6254127025604248,
stu11_24.mp4,pommelhorse,train,40,/content/drive/MyDrive/FinalProjectCV/CV_Image_pose_detection/Data/LLSP/annotation_cleaned/pose_features/stu11_24.npy,/content/drive/MyDrive/FinalProjectCV/CV_Image_pose_detection/Data/LLSP/annotation_cleaned/pose_sequences/stu11_24_sequence.npy,ok,930,866,0.9311827956989247,0.6180701851844788,
stu11_25.mp4,pommelhorse,train,39,/content/drive/MyDrive/FinalProjectCV/CV_Image_pose_detection/Data/LLSP/annotation_cleaned/pose_features/stu11_25.npy,/content/drive/MyDrive/FinalProjectCV/CV_Image_pose_detection/Data/LLSP/annotation_cleaned/pose_sequences/stu11_25_sequence.npy,ok,1190,1153,0.9689075630252101,0.6577975749969482,
stu11_26.mp4,pommelhorse,train,32,/content/drive/MyDrive/FinalProjectCV/CV_Image_pose_detection/Data/LLSP/annotation_cleaned/pose_features/stu11_26.npy,/content/drive/MyDrive/FinalProjectCV/CV_Image_pose_detection/Data/LLSP/annotation_cleaned/pose_sequences/stu11_26_sequence.npy,ok,839,826,0.9845053635280095,0.7053548693656921,
stu11_27.mp4,pommelhorse,train,30,/content/drive/MyDrive/FinalProjectCV/CV_Image_pose_detection/Data/LLSP/annotation_cleaned/pose_features/stu11_27.npy,/content/drive/MyDrive/FinalProjectCV/CV_Image_pose_detection/Data/LLSP/annotation_cleaned/pose_sequences/stu11_27_sequence.npy,ok,928,925,0.9967672413793104,0.8798563480377197,
stu11_28.mp4,pommelhorse,train,22,/content/drive/MyDrive/FinalProjectCV/CV_Image_pose_detection/Data/LLSP/annotation_cleaned/pose_features/stu11_28.npy,/content/drive/MyDrive/FinalProjectCV/CV_Image_pose_detection/Data/LLSP/annotation_cleaned/pose_sequences/stu11_28_sequence.npy,ok,598,586,0.979933110367893,0.5970646739006042,
stu11_29.mp4,pommelhorse,train,23,/content/drive/MyDrive/FinalProjectCV/CV_Image_pose_detection/Data/LLSP/annotation_cleaned/pose_features/stu11_29.npy,/content/drive/MyDrive/FinalProjectCV/CV_Image_pose_detection/Data/LLSP/annotation_cleaned/pose_sequences/stu11_29_sequence.npy,ok,559,547,0.9785330948121646,0.6542367339134216,
stu11_3.mp4,others,train,6,/content/drive/MyDrive/FinalProjectCV/CV_Image_pose_detection/Data/LLSP/annotation_cleaned/pose_features/stu11_3.npy,/content/drive/MyDrive/FinalProjectCV/CV_Image_pose_detection/Data/LLSP/annotation_cleaned/pose_sequences/stu11_3_sequence.npy,failed,0,0,0.0,0.0,[Errno 2] No such file or directory: '/content/drive/MyDrive/FinalProjectCV/CV_Image_pose_detection/Data/LLSP/annotation_cleaned/pose_features/stu11_3.npy'
stu11_4.mp4,others,train,6,/content/drive/MyDrive/FinalProjectCV/CV_Image_pose_detection/Data/LLSP/annotation_cleaned/pose_features/stu11_4.npy,/content/drive/MyDrive/FinalProjectCV/CV_Image_pose_detection/Data/LLSP/annotation_cleaned/pose_sequences/stu11_4_sequence.npy,failed,0,0,0.0,0.0,[Errno 2] No such file or directory: '/content/drive/MyDrive/FinalProjectCV/CV_Image_pose_detection/Data/LLSP/annotation_cleaned/pose_features/stu11_4.npy'
stu11_40.mp4,pommelhorse,train,32,/content/drive/MyDrive/FinalProjectCV/CV_Image_pose_detection/Data/LLSP/annotation_cleaned/pose_features/stu11_40.npy,/content/drive/MyDrive/FinalProjectCV/CV_Image_pose_detection/Data/LLSP/annotation_cleaned/pose_sequences/stu11_40_sequence.npy,ok,726,722,0.9944903581267218,0.6632736325263977,
stu11_41.mp4,pommelhorse,train,35,/content/drive/MyDrive/FinalProjectCV/CV_Image_pose_detection/Data/LLSP/annotation_cleaned/pose_features/stu11_41.npy,/content/drive/MyDrive/FinalProjectCV/CV_Image_pose_detection/Data/LLSP/annotation_cleaned/pose_sequences/stu11_41_sequence.npy,ok,918,899,0.9793028322440087,0.6603236198425293,
stu11_42.mp4,pommelhorse,train,31,/content/drive/MyDrive/FinalProjectCV/CV_Image_pose_detection/Data/LLSP/annotation_cleaned/pose_features/stu11_42.npy,/content/drive/MyDrive/FinalProjectCV/CV_Image_pose_detection/Data/LLSP/annotation_cleaned/pose_sequences/stu11_42_sequence.npy,ok,844,833,0.9869668246445498,0.6405159831047058,
stu11_43.mp4,pommelhorse,train,22,/content/drive/MyDrive/FinalProjectCV/CV_Image_pose_detection/Data/LLSP/annotation_cleaned/pose_features/stu11_43.npy,/content/drive/MyDrive/FinalProjectCV/CV_Image_pose_detection/Data/LLSP/annotation_cleaned/pose_sequences/stu11_43_sequence.npy,ok,599,582,0.9716193656093489,0.701794445514679,
stu11_5.mp4,others,train,6,/content/drive/MyDrive/FinalProjectCV/CV_Image_pose_detection/Data/LLSP/annotation_cleaned/pose_features/stu11_5.npy,/content/drive/MyDrive/FinalProjectCV/CV_Image_pose_detection/Data/LLSP/annotation_cleaned/pose_sequences/stu11_5_sequence.npy,failed,0,0,0.0,0.0,[Errno 2] No such file or directory: '/content/drive/MyDrive/FinalProjectCV/CV_Image_pose_detection/Data/LLSP/annotation_cleaned/pose_features/stu11_5.npy'
stu11_6.mp4,others,train,6,/content/drive/MyDrive/FinalProjectCV/CV_Image_pose_detection/Data/LLSP/annotation_cleaned/pose_features/stu11_6.npy,/content/drive/MyDrive/FinalProjectCV/CV_Image_pose_detection/Data/LLSP/annotation_cleaned/pose_sequences/stu11_6_sequence.npy,failed,0,0,0.0,0.0,[Errno 2] No such file or directory: '/content/drive/MyDrive/FinalProjectCV/CV_Image_pose_detection/Data/LLSP/annotation_cleaned/pose_features/stu11_6.npy'
stu11_7.mp4,others,train,32,/content/drive/MyDrive/FinalProjectCV/CV_Image_pose_detection/Data/LLSP/annotation_cleaned/pose_features/stu11_7.npy,/content/drive/MyDrive/FinalProjectCV/CV_Image_pose_detection/Data/LLSP/annotation_cleaned/pose_sequences/stu11_7_sequence.npy,failed,0,0,0.0,0.0,[Errno 2] No such file or directory: '/content/drive/MyDrive/FinalProjectCV/CV_Image_pose_detection/Data/LLSP/annotation_cleaned/pose_features/stu11_7.npy'
stu11_8.mp4,others,train,3,/content/drive/MyDrive/FinalProjectCV/CV_Image_pose_detection/Data/LLSP/annotation_cleaned/pose_features/stu11_8.npy,/content/drive/MyDrive/FinalProjectCV/CV_Image_pose_detection/Data/LLSP/annotation_cleaned/pose_sequences/stu11_8_sequence.npy,failed,0,0,0.0,0.0,[Errno 2] No such file or directory: '/content/drive/MyDrive/FinalProjectCV/CV_Image_pose_detection/Data/LLSP/annotation_cleaned/pose_features/stu11_8.npy'
stu11_9.mp4,others,train,10,/content/drive/MyDrive/FinalProjectCV/CV_Image_pose_detection/Data/LLSP/annotation_cleaned/pose_features/stu11_9.npy,/content/drive/MyDrive/FinalProjectCV/CV_Image_pose_detection/Data/LLSP/annotation_cleaned/pose_sequences/stu11_9_sequence.npy,failed,0,0,0.0,0.0,[Errno 2] No such file or directory: '/content/drive/MyDrive/FinalProjectCV/CV_Image_pose_detection/Data/LLSP/annotation_cleaned/pose_features/stu11_9.npy'
stu12_0.mp4,others,train,17,/content/drive/MyDrive/FinalProjectCV/CV_Image_pose_detection/Data/LLSP/annotation_cleaned/pose_features/stu12_0.npy,/content/drive/MyDrive/FinalProjectCV/CV_Image_pose_detection/Data/LLSP/annotation_cleaned/pose_sequences/stu12_0_sequence.npy,failed,0,0,0.0,0.0,[Errno 2] No such file or directory: '/content/drive/MyDrive/FinalProjectCV/CV_Image_pose_detection/Data/LLSP/annotation_cleaned/pose_features/stu12_0.npy'
stu12_1.mp4,others,train,5,/content/drive/MyDrive/FinalProjectCV/CV_Image_pose_detection/Data/LLSP/annotation_cleaned/pose_features/stu12_1.npy,/content/drive/MyDrive/FinalProjectCV/CV_Image_pose_detection/Data/LLSP/annotation_cleaned/pose_sequences/stu12_1_sequence.npy,failed,0,0,0.0,0.0,[Errno 2] No such file or directory: '/content/drive/MyDrive/FinalProjectCV/CV_Image_pose_detection/Data/LLSP/annotation_cleaned/pose_features/stu12_1.npy'
stu12_10.mp4,others,train,7,/content/drive/MyDrive/FinalProjectCV/CV_Image_pose_detection/Data/LLSP/annotation_cleaned/pose_features/stu12_10.npy,/content/drive/MyDrive/FinalProjectCV/CV_Image_pose_detection/Data/LLSP/annotation_cleaned/pose_sequences/stu12_10_sequence.npy,failed,0,0,0.0,0.0,[Errno 2] No such file or directory: '/content/drive/MyDrive/FinalProjectCV/CV_Image_pose_detection/Data/LLSP/annotation_cleaned/pose_features/stu12_10.npy'
stu12_11.mp4,pommelhorse,train,18,/content/drive/MyDrive/FinalProjectCV/CV_Image_pose_detection/Data/LLSP/annotation_cleaned/pose_features/stu12_11.npy,/content/drive/MyDrive/FinalProjectCV/CV_Image_pose_detection/Data/LLSP/annotation_cleaned/pose_sequences/stu12_11_sequence.npy,ok,676,656,0.9704142011834319,0.6908501386642456,
stu12_12.mp4,pommelhorse,train,35,/content/drive/MyDrive/FinalProjectCV/CV_Image_pose_detection/Data/LLSP/annotation_cleaned/pose_features/stu12_12.npy,/content/drive/MyDrive/FinalProjectCV/CV_Image_pose_detection/Data/LLSP/annotation_cleaned/pose_sequences/stu12_12_sequence.npy,ok,720,711,0.9875,0.7000764608383179,
stu12_14.mp4,pommelhorse,train,31,/content/drive/MyDrive/FinalProjectCV/CV_Image_pose_detection/Data/LLSP/annotation_cleaned/pose_features/stu12_14.npy,/content/drive/MyDrive/FinalProjectCV/CV_Image_pose_detection/Data/LLSP/annotation_cleaned/pose_sequences/stu12_14_sequence.npy,ok,1024,503,0.4912109375,0.40639951825141907,
stu12_15.mp4,pommelhorse,train,34,/content/drive/MyDrive/FinalProjectCV/CV_Image_pose_detection/Data/LLSP/annotation_cleaned/pose_features/stu12_15.npy,/content/drive/MyDrive/FinalProjectCV/CV_Image_pose_detection/Data/LLSP/annotation_cleaned/pose_sequences/stu12_15_sequence.npy,ok,824,764,0.9271844660194175,0.6553676724433899,
stu12_16.mp4,pommelhorse,train,19,/content/drive/MyDrive/FinalProjectCV/CV_Image_pose_detection/Data/LLSP/annotation_cleaned/pose_features/stu12_16.npy,/content/drive/MyDrive/FinalProjectCV/CV_Image_pose_detection/Data/LLSP/annotation_cleaned/pose_sequences/stu12_16_sequence.npy,ok,599,594,0.991652754590985,0.641502320766449,
stu12_17.mp4,pommelhorse,train,30,/content/drive/MyDrive/FinalProjectCV/CV_Image_pose_detection/Data/LLSP/annotation_cleaned/pose_features/stu12_17.npy,/content/drive/MyDrive/FinalProjectCV/CV_Image_pose_detection/Data/LLSP/annotation_cleaned/pose_sequences/stu12_17_sequence.npy,ok,750,750,1.0,0.618227481842041,
stu12_18.mp4,pommelhorse,train,19,/content/drive/MyDrive/FinalProjectCV/CV_Image_pose_detection/Data/LLSP/annotation_cleaned/pose_features/stu12_18.npy,/content/drive/MyDrive/FinalProjectCV/CV_Image_pose_detection/Data/LLSP/annotation_cleaned/pose_sequences/stu12_18_sequence.npy,ok,452,449,0.9933628318584071,0.7005946040153503,
stu12_19.mp4,pommelhorse,train,37,/content/drive/MyDrive/FinalProjectCV/CV_Image_pose_detection/Data/LLSP/annotation_cleaned/pose_features/stu12_19.npy,/content/drive/MyDrive/FinalProjectCV/CV_Image_pose_detection/Data/LLSP/annotation_cleaned/pose_sequences/stu12_19_sequence.npy,ok,893,885,0.9910414333706606,0.6991729736328125,
stu12_2.mp4,others,train,34,/content/drive/MyDrive/FinalProjectCV/CV_Image_pose_detection/Data/LLSP/annotation_cleaned/pose_features/stu12_2.npy,/content/drive/MyDrive/FinalProjectCV/CV_Image_pose_detection/Data/LLSP/annotation_cleaned/pose_sequences/stu12_2_sequence.npy,failed,0,0,0.0,0.0,[Errno 2] No such file or directory: '/content/drive/MyDrive/FinalProjectCV/CV_Image_pose_detection/Data/LLSP/annotation_cleaned/pose_features/stu12_2.npy'
stu12_20.mp4,pommelhorse,train,35,/content/drive/MyDrive/FinalProjectCV/CV_Image_pose_detection/Data/LLSP/annotation_cleaned/pose_features/stu12_20.npy,/content/drive/MyDrive/FinalProjectCV/CV_Image_pose_detection/Data/LLSP/annotation_cleaned/pose_sequences/stu12_20_sequence.npy,ok,769,712,0.9258777633289987,0.5926858186721802,
stu12_21.mp4,pommelhorse,train,11,/content/drive/MyDrive/FinalProjectCV/CV_Image_pose_detection/Data/LLSP/annotation_cleaned/pose_features/stu12_21.npy,/content/drive/MyDrive/FinalProjectCV/CV_Image_pose_detection/Data/LLSP/annotation_cleaned/pose_sequences/stu12_21_sequence.npy,ok,288,284,0.9861111111111112,0.6979383230209351,
stu12_22.mp4,pommelhorse,train,32,/content/drive/MyDrive/FinalProjectCV/CV_Image_pose_detection/Data/LLSP/annotation_cleaned/pose_features/stu12_22.npy,/content/drive/MyDrive/FinalProjectCV/CV_Image_pose_detection/Data/LLSP/annotation_cleaned/pose_sequences/stu12_22_sequence.npy,ok,818,769,0.9400977995110025,0.6537644267082214,
stu12_23.mp4,pommelhorse,train,35,/content/drive/MyDrive/FinalProjectCV/CV_Image_pose_detection/Data/LLSP/annotation_cleaned/pose_features/stu12_23.npy,/content/drive/MyDrive/FinalProjectCV/CV_Image_pose_detection/Data/LLSP/annotation_cleaned/pose_sequences/stu12_23_sequence.npy,ok,696,680,0.9770114942528736,0.630659818649292,
stu12_24.mp4,pommelhorse,train,35,/content/drive/MyDrive/FinalProjectCV/CV_Image_pose_detection/Data/LLSP/annotation_cleaned/pose_features/stu12_24.npy,/content/drive/MyDrive/FinalProjectCV/CV_Image_pose_detection/Data/LLSP/annotation_cleaned/pose_sequences/stu12_24_sequence.npy,ok,1033,991,0.9593417231364957,0.6634752154350281,
stu12_25.mp4,pommelhorse,train,30,/content/drive/MyDrive/FinalProjectCV/CV_Image_pose_detection/Data/LLSP/annotation_cleaned/pose_features/stu12_25.npy,/content/drive/MyDrive/FinalProjectCV/CV_Image_pose_detection/Data/LLSP/annotation_cleaned/pose_sequences/stu12_25_sequence.npy,ok,839,825,0.9833134684147795,0.6822081804275513,
stu12_26.mp4,pommelhorse,train,33,/content/drive/MyDrive/FinalProjectCV/CV_Image_pose_detection/Data/LLSP/annotation_cleaned/pose_features/stu12_26.npy,/content/drive/MyDrive/FinalProjectCV/CV_Image_pose_detection/Data/LLSP/annotation_cleaned/pose_sequences/stu12_26_sequence.npy,ok,770,758,0.9844155844155844,0.6697294116020203,
stu12_27.mp4,pommelhorse,train,16,/content/drive/MyDrive/FinalProjectCV/CV_Image_pose_detection/Data/LLSP/annotation_cleaned/pose_features/stu12_27.npy,/content/drive/MyDrive/FinalProjectCV/CV_Image_pose_detection/Data/LLSP/annotation_cleaned/pose_sequences/stu12_27_sequence.npy,ok,413,412,0.9975786924939467,0.7014268040657043,
stu12_28.mp4,pommelhorse,train,34,/content/drive/MyDrive/FinalProjectCV/CV_Image_pose_detection/Data/LLSP/annotation_cleaned/pose_features/stu12_28.npy,/content/drive/MyDrive/FinalProjectCV/CV_Image_pose_detection/Data/LLSP/annotation_cleaned/pose_sequences/stu12_28_sequence.npy,ok,844,834,0.9881516587677726,0.6521086096763611,
stu12_29.mp4,pommelhorse,train,37,/content/drive/MyDrive/FinalProjectCV/CV_Image_pose_detection/Data/LLSP/annotation_cleaned/pose_features/stu12_29.npy,/content/drive/MyDrive/FinalProjectCV/CV_Image_pose_detection/Data/LLSP/annotation_cleaned/pose_sequences/stu12_29_sequence.npy,ok,963,938,0.9740394600207685,0.6556746363639832,
stu12_3.mp4,others,train,4,/content/drive/MyDrive/FinalProjectCV/CV_Image_pose_detection/Data/LLSP/annotation_cleaned/pose_features/stu12_3.npy,/content/drive/MyDrive/FinalProjectCV/CV_Image_pose_detection/Data/LLSP/annotation_cleaned/pose_sequences/stu12_3_sequence.npy,failed,0,0,0.0,0.0,[Errno 2] No such file or directory: '/content/drive/MyDrive/FinalProjectCV/CV_Image_pose_detection/Data/LLSP/annotation_cleaned/pose_features/stu12_3.npy'
stu12_4.mp4,others,train,7,/content/drive/MyDrive/FinalProjectCV/CV_Image_pose_detection/Data/LLSP/annotation_cleaned/pose_features/stu12_4.npy,/content/drive/MyDrive/FinalProjectCV/CV_Image_pose_detection/Data/LLSP/annotation_cleaned/pose_sequences/stu12_4_sequence.npy,failed,0,0,0.0,0.0,[Errno 2] No such file or directory: '/content/drive/MyDrive/FinalProjectCV/CV_Image_pose_detection/Data/LLSP/annotation_cleaned/pose_features/stu12_4.npy'
stu12_40.mp4,pommelhorse,train,16,/content/drive/MyDrive/FinalProjectCV/CV_Image_pose_detection/Data/LLSP/annotation_cleaned/pose_features/stu12_40.npy,/content/drive/MyDrive/FinalProjectCV/CV_Image_pose_detection/Data/LLSP/annotation_cleaned/pose_sequences/stu12_40_sequence.npy,ok,397,393,0.9899244332493703,0.6452909708023071,
stu12_41.mp4,pommelhorse,train,38,/content/drive/MyDrive/FinalProjectCV/CV_Image_pose_detection/Data/LLSP/annotation_cleaned/pose_features/stu12_41.npy,/content/drive/MyDrive/FinalProjectCV/CV_Image_pose_detection/Data/LLSP/annotation_cleaned/pose_sequences/stu12_41_sequence.npy,ok,913,900,0.9857612267250822,0.6576671600341797,
stu12_42.mp4,pommelhorse,train,28,/content/drive/MyDrive/FinalProjectCV/CV_Image_pose_detection/Data/LLSP/annotation_cleaned/pose_features/stu12_42.npy,/content/drive/MyDrive/FinalProjectCV/CV_Image_pose_detection/Data/LLSP/annotation_cleaned/pose_sequences/stu12_42_sequence.npy,ok,629,615,0.9777424483306836,0.6456758975982666,
stu12_43.mp4,pommelhorse,train,26,/content/drive/MyDrive/FinalProjectCV/CV_Image_pose_detection/Data/LLSP/annotation_cleaned/pose_features/stu12_43.npy,/content/drive/MyDrive/FinalProjectCV/CV_Image_pose_detection/Data/LLSP/annotation_cleaned/pose_sequences/stu12_43_sequence.npy,ok,620,599,0.9661290322580646,0.614996075630188,
stu12_5.mp4,others,train,7,/content/drive/MyDrive/FinalProjectCV/CV_Image_pose_detection/Data/LLSP/annotation_cleaned/pose_features/stu12_5.npy,/content/drive/MyDrive/FinalProjectCV/CV_Image_pose_detection/Data/LLSP/annotation_cleaned/pose_sequences/stu12_5_sequence.npy,failed,0,0,0.0,0.0,[Errno 2] No such file or directory: '/content/drive/MyDrive/FinalProjectCV/CV_Image_pose_detection/Data/LLSP/annotation_cleaned/pose_features/stu12_5.npy'
stu12_6.mp4,others,train,21,/content/drive/MyDrive/FinalProjectCV/CV_Image_pose_detection/Data/LLSP/annotation_cleaned/pose_features/stu12_6.npy,/content/drive/MyDrive/FinalProjectCV/CV_Image_pose_detection/Data/LLSP/annotation_cleaned/pose_sequences/stu12_6_sequence.npy,failed,0,0,0.0,0.0,[Errno 2] No such file or directory: '/content/drive/MyDrive/FinalProjectCV/CV_Image_pose_detection/Data/LLSP/annotation_cleaned/pose_features/stu12_6.npy'
stu12_7.mp4,others,train,17,/content/drive/MyDrive/FinalProjectCV/CV_Image_pose_detection/Data/LLSP/annotation_cleaned/pose_features/stu12_7.npy,/content/drive/MyDrive/FinalProjectCV/CV_Image_pose_detection/Data/LLSP/annotation_cleaned/pose_sequences/stu12_7_sequence.npy,failed,0,0,0.0,0.0,[Errno 2] No such file or directory: '/content/drive/MyDrive/FinalProjectCV/CV_Image_pose_detection/Data/LLSP/annotation_cleaned/pose_features/stu12_7.npy'
stu12_8.mp4,others,train,38,/content/drive/MyDrive/FinalProjectCV/CV_Image_pose_detection/Data/LLSP/annotation_cleaned/pose_features/stu12_8.npy,/content/drive/MyDrive/FinalProjectCV/CV_Image_pose_detection/Data/LLSP/annotation_cleaned/pose_sequences/stu12_8_sequence.npy,failed,0,0,0.0,0.0,[Errno 2] No such file or directory: '/content/drive/MyDrive/FinalProjectCV/CV_Image_pose_detection/Data/LLSP/annotation_cleaned/pose_features/stu12_8.npy'
stu12_9.mp4,others,train,5,/content/drive/MyDrive/FinalProjectCV/CV_Image_pose_detection/Data/LLSP/annotation_cleaned/pose_features/stu12_9.npy,/content/drive/MyDrive/FinalProjectCV/CV_Image_pose_detection/Data/LLSP/annotation_cleaned/pose_sequences/stu12_9_sequence.npy,failed,0,0,0.0,0.0,[Errno 2] No such file or directory: '/content/drive/MyDrive/FinalProjectCV/CV_Image_pose_detection/Data/LLSP/annotation_cleaned/pose_features/stu12_9.npy'
stu13_0.mp4,others,train,13,/content/drive/MyDrive/FinalProjectCV/CV_Image_pose_detection/Data/LLSP/annotation_cleaned/pose_features/stu13_0.npy,/content/drive/MyDrive/FinalProjectCV/CV_Image_pose_detection/Data/LLSP/annotation_cleaned/pose_sequences/stu13_0_sequence.npy,failed,0,0,0.0,0.0,[Errno 2] No such file or directory: '/content/drive/MyDrive/FinalProjectCV/CV_Image_pose_detection/Data/LLSP/annotation_cleaned/pose_features/stu13_0.npy'
stu13_1.mp4,others,train,7,/content/drive/MyDrive/FinalProjectCV/CV_Image_pose_detection/Data/LLSP/annotation_cleaned/pose_features/stu13_1.npy,/content/drive/MyDrive/FinalProjectCV/CV_Image_pose_detection/Data/LLSP/annotation_cleaned/pose_sequences/stu13_1_sequence.npy,failed,0,0,0.0,0.0,[Errno 2] No such file or directory: '/content/drive/MyDrive/FinalProjectCV/CV_Image_pose_detection/Data/LLSP/annotation_cleaned/pose_features/stu13_1.npy'
stu13_10.mp4,pommelhorse,train,27,/content/drive/MyDrive/FinalProjectCV/CV_Image_pose_detection/Data/LLSP/annotation_cleaned/pose_features/stu13_10.npy,/content/drive/MyDrive/FinalProjectCV/CV_Image_pose_detection/Data/LLSP/annotation_cleaned/pose_sequences/stu13_10_sequence.npy,ok,825,787,0.953939393939394,0.6454394459724426,
stu13_11.mp4,pommelhorse,train,22,/content/drive/MyDrive/FinalProjectCV/CV_Image_pose_detection/Data/LLSP/annotation_cleaned/pose_features/stu13_11.npy,/content/drive/MyDrive/FinalProjectCV/CV_Image_pose_detection/Data/LLSP/annotation_cleaned/pose_sequences/stu13_11_sequence.npy,ok,720,706,0.9805555555555555,0.5537461638450623,
stu13_12.mp4,pommelhorse,train,17,/content/drive/MyDrive/FinalProjectCV/CV_Image_pose_detection/Data/LLSP/annotation_cleaned/pose_features/stu13_12.npy,/content/drive/MyDrive/FinalProjectCV/CV_Image_pose_detection/Data/LLSP/annotation_cleaned/pose_sequences/stu13_12_sequence.npy,ok,471,467,0.9915074309978769,0.7226160168647766,
stu13_13.mp4,pommelhorse,train,27,/content/drive/MyDrive/FinalProjectCV/CV_Image_pose_detection/Data/LLSP/annotation_cleaned/pose_features/stu13_13.npy,/content/drive/MyDrive/FinalProjectCV/CV_Image_pose_detection/Data/LLSP/annotation_cleaned/pose_sequences/stu13_13_sequence.npy,ok,1275,1274,0.9992156862745099,0.6954222321510315,
stu13_14.mp4,pommelhorse,train,11,/content/drive/MyDrive/FinalProjectCV/CV_Image_pose_detection/Data/LLSP/annotation_cleaned/pose_features/stu13_14.npy,/content/drive/MyDrive/FinalProjectCV/CV_Image_pose_detection/Data/LLSP/annotation_cleaned/pose_sequences/stu13_14_sequence.npy,ok,486,479,0.98559670781893,0.727258563041687,
stu13_15.mp4,pommelhorse,train,30,/content/drive/MyDrive/FinalProjectCV/CV_Image_pose_detection/Data/LLSP/annotation_cleaned/pose_features/stu13_15.npy,/content/drive/MyDrive/FinalProjectCV/CV_Image_pose_detection/Data/LLSP/annotation_cleaned/pose_sequences/stu13_15_sequence.npy,ok,823,750,0.9113001215066828,0.6731175780296326,
stu13_16.mp4,pommelhorse,train,28,/content/drive/MyDrive/FinalProjectCV/CV_Image_pose_detection/Data/LLSP/annotation_cleaned/pose_features/stu13_16.npy,/content/drive/MyDrive/FinalProjectCV/CV_Image_pose_detection/Data/LLSP/annotation_cleaned/pose_sequences/stu13_16_sequence.npy,ok,816,755,0.9252450980392157,0.597264289855957,
stu13_17.mp4,pommelhorse,train,27,/content/drive/MyDrive/FinalProjectCV/CV_Image_pose_detection/Data/LLSP/annotation_cleaned/pose_features/stu13_17.npy,/content/drive/MyDrive/FinalProjectCV/CV_Image_pose_detection/Data/LLSP/annotation_cleaned/pose_sequences/stu13_17_sequence.npy,ok,674,669,0.9925816023738873,0.6486999988555908,
stu13_18.mp4,pommelhorse,train,36,/content/drive/MyDrive/FinalProjectCV/CV_Image_pose_detection/Data/LLSP/annotation_cleaned/pose_features/stu13_18.npy,/content/drive/MyDrive/FinalProjectCV/CV_Image_pose_detection/Data/LLSP/annotation_cleaned/pose_sequences/stu13_18_sequence.npy,ok,975,175,0.1794871794871795,0.43028318881988525,
stu13_19.mp4,pommelhorse,train,39,/content/drive/MyDrive/FinalProjectCV/CV_Image_pose_detection/Data/LLSP/annotation_cleaned/pose_features/stu13_19.npy,/content/drive/MyDrive/FinalProjectCV/CV_Image_pose_detection/Data/LLSP/annotation_cleaned/pose_sequences/stu13_19_sequence.npy,ok,969,826,0.8524251805985552,0.5651872158050537,
stu13_2.mp4,others,train,6,/content/drive/MyDrive/FinalProjectCV/CV_Image_pose_detection/Data/LLSP/annotation_cleaned/pose_features/stu13_2.npy,/content/drive/MyDrive/FinalProjectCV/CV_Image_pose_detection/Data/LLSP/annotation_cleaned/pose_sequences/stu13_2_sequence.npy,failed,0,0,0.0,0.0,[Errno 2] No such file or directory: '/content/drive/MyDrive/FinalProjectCV/CV_Image_pose_detection/Data/LLSP/annotation_cleaned/pose_features/stu13_2.npy'
stu13_20.mp4,pommelhorse,train,30,/content/drive/MyDrive/FinalProjectCV/CV_Image_pose_detection/Data/LLSP/annotation_cleaned/pose_features/stu13_20.npy,/content/drive/MyDrive/FinalProjectCV/CV_Image_pose_detection/Data/LLSP/annotation_cleaned/pose_sequences/stu13_20_sequence.npy,ok,661,584,0.8835098335854765,0.6052117943763733,
stu13_21.mp4,pommelhorse,train,23,/content/drive/MyDrive/FinalProjectCV/CV_Image_pose_detection/Data/LLSP/annotation_cleaned/pose_features/stu13_21.npy,/content/drive/MyDrive/FinalProjectCV/CV_Image_pose_detection/Data/LLSP/annotation_cleaned/pose_sequences/stu13_21_sequence.npy,ok,1002,899,0.8972055888223552,0.5713590383529663,
stu13_22.mp4,pommelhorse,train,25,/content/drive/MyDrive/FinalProjectCV/CV_Image_pose_detection/Data/LLSP/annotation_cleaned/pose_features/stu13_22.npy,/content/drive/MyDrive/FinalProjectCV/CV_Image_pose_detection/Data/LLSP/annotation_cleaned/pose_sequences/stu13_22_sequence.npy,ok,705,701,0.9943262411347518,0.7096426486968994,
stu13_23.mp4,pommelhorse,train,27,/content/drive/MyDrive/FinalProjectCV/CV_Image_pose_detection/Data/LLSP/annotation_cleaned/pose_features/stu13_23.npy,/content/drive/MyDrive/FinalProjectCV/CV_Image_pose_detection/Data/LLSP/annotation_cleaned/pose_sequences/stu13_23_sequence.npy,ok,751,721,0.9600532623169108,0.6420578956604004,
stu13_24.mp4,pommelhorse,train,18,/content/drive/MyDrive/FinalProjectCV/CV_Image_pose_detection/Data/LLSP/annotation_cleaned/pose_features/stu13_24.npy,/content/drive/MyDrive/FinalProjectCV/CV_Image_pose_detection/Data/LLSP/annotation_cleaned/pose_sequences/stu13_24_sequence.npy,ok,729,696,0.9547325102880658,0.6693852543830872,
stu13_25.mp4,pommelhorse,train,16,/content/drive/MyDrive/FinalProjectCV/CV_Image_pose_detection/Data/LLSP/annotation_cleaned/pose_features/stu13_25.npy,/content/drive/MyDrive/FinalProjectCV/CV_Image_pose_detection/Data/LLSP/annotation_cleaned/pose_sequences/stu13_25_sequence.npy,ok,361,308,0.853185595567867,0.5713793039321899,
stu13_26.mp4,pommelhorse,train,29,/content/drive/MyDrive/FinalProjectCV/CV_Image_pose_detection/Data/LLSP/annotation_cleaned/pose_features/stu13_26.npy,/content/drive/MyDrive/FinalProjectCV/CV_Image_pose_detection/Data/LLSP/annotation_cleaned/pose_sequences/stu13_26_sequence.npy,ok,762,744,0.9763779527559056,0.6598092317581177,
stu13_27.mp4,pommelhorse,train,31,/content/drive/MyDrive/FinalProjectCV/CV_Image_pose_detection/Data/LLSP/annotation_cleaned/pose_features/stu13_27.npy,/content/drive/MyDrive/FinalProjectCV/CV_Image_pose_detection/Data/LLSP/annotation_cleaned/pose_sequences/stu13_27_sequence.npy,ok,946,932,0.985200845665962,0.6919262409210205,
stu13_28.mp4,pommelhorse,train,33,/content/drive/MyDrive/FinalProjectCV/CV_Image_pose_detection/Data/LLSP/annotation_cleaned/pose_features/stu13_28.npy,/content/drive/MyDrive/FinalProjectCV/CV_Image_pose_detection/Data/LLSP/annotation_cleaned/pose_sequences/stu13_28_sequence.npy,ok,791,787,0.9949431099873578,0.6767302751541138,
stu13_29.mp4,pommelhorse,train,28,/content/drive/MyDrive/FinalProjectCV/CV_Image_pose_detection/Data/LLSP/annotation_cleaned/pose_features/stu13_29.npy,/content/drive/MyDrive/FinalProjectCV/CV_Image_pose_detection/Data/LLSP/annotation_cleaned/pose_sequences/stu13_29_sequence.npy,ok,950,889,0.9357894736842105,0.6111319065093994,
stu13_3.mp4,others,train,6,/content/drive/MyDrive/FinalProjectCV/CV_Image_pose_detection/Data/LLSP/annotation_cleaned/pose_features/stu13_3.npy,/content/drive/MyDrive/FinalProjectCV/CV_Image_pose_detection/Data/LLSP/annotation_cleaned/pose_sequences/stu13_3_sequence.npy,failed,0,0,0.0,0.0,[Errno 2] No such file or directory: '/content/drive/MyDrive/FinalProjectCV/CV_Image_pose_detection/Data/LLSP/annotation_cleaned/pose_features/stu13_3.npy'
stu13_4.mp4,others,train,45,/content/drive/MyDrive/FinalProjectCV/CV_Image_pose_detection/Data/LLSP/annotation_cleaned/pose_features/stu13_4.npy,/content/drive/MyDrive/FinalProjectCV/CV_Image_pose_detection/Data/LLSP/annotation_cleaned/pose_sequences/stu13_4_sequence.npy,failed,0,0,0.0,0.0,[Errno 2] No such file or directory: '/content/drive/MyDrive/FinalProjectCV/CV_Image_pose_detection/Data/LLSP/annotation_cleaned/pose_features/stu13_4.npy'
stu13_40.mp4,pommelhorse,train,25,/content/drive/MyDrive/FinalProjectCV/CV_Image_pose_detection/Data/LLSP/annotation_cleaned/pose_features/stu13_40.npy,/content/drive/MyDrive/FinalProjectCV/CV_Image_pose_detection/Data/LLSP/annotation_cleaned/pose_sequences/stu13_40_sequence.npy,ok,575,569,0.9895652173913043,0.6898707151412964,
stu13_41.mp4,pommelhorse,train,16,/content/drive/MyDrive/FinalProjectCV/CV_Image_pose_detection/Data/LLSP/annotation_cleaned/pose_features/stu13_41.npy,/content/drive/MyDrive/FinalProjectCV/CV_Image_pose_detection/Data/LLSP/annotation_cleaned/pose_sequences/stu13_41_sequence.npy,ok,575,571,0.9930434782608696,0.7086966037750244,
stu13_42.mp4,pommelhorse,train,37,/content/drive/MyDrive/FinalProjectCV/CV_Image_pose_detection/Data/LLSP/annotation_cleaned/pose_features/stu13_42.npy,/content/drive/MyDrive/FinalProjectCV/CV_Image_pose_detection/Data/LLSP/annotation_cleaned/pose_sequences/stu13_42_sequence.npy,ok,885,822,0.9288135593220339,0.6218924522399902,
stu13_43.mp4,pommelhorse,train,34,/content/drive/MyDrive/FinalProjectCV/CV_Image_pose_detection/Data/LLSP/annotation_cleaned/pose_features/stu13_43.npy,/content/drive/MyDrive/FinalProjectCV/CV_Image_pose_detection/Data/LLSP/annotation_cleaned/pose_sequences/stu13_43_sequence.npy,ok,850,850,1.0,0.6999186277389526,
stu13_5.mp4,others,train,5,/content/drive/MyDrive/FinalProjectCV/CV_Image_pose_detection/Data/LLSP/annotation_cleaned/pose_features/stu13_5.npy,/content/drive/MyDrive/FinalProjectCV/CV_Image_pose_detection/Data/LLSP/annotation_cleaned/pose_sequences/stu13_5_sequence.npy,failed,0,0,0.0,0.0,[Errno 2] No such file or directory: '/content/drive/MyDrive/FinalProjectCV/CV_Image_pose_detection/Data/LLSP/annotation_cleaned/pose_features/stu13_5.npy'
stu13_6.mp4,others,train,6,/content/drive/MyDrive/FinalProjectCV/CV_Image_pose_detection/Data/LLSP/annotation_cleaned/pose_features/stu13_6.npy,/content/drive/MyDrive/FinalProjectCV/CV_Image_pose_detection/Data/LLSP/annotation_cleaned/pose_sequences/stu13_6_sequence.npy,failed,0,0,0.0,0.0,[Errno 2] No such file or directory: '/content/drive/MyDrive/FinalProjectCV/CV_Image_pose_detection/Data/LLSP/annotation_cleaned/pose_features/stu13_6.npy'
stu13_7.mp4,pommelhorse,train,30,/content/drive/MyDrive/FinalProjectCV/CV_Image_pose_detection/Data/LLSP/annotation_cleaned/pose_features/stu13_7.npy,/content/drive/MyDrive/FinalProjectCV/CV_Image_pose_detection/Data/LLSP/annotation_cleaned/pose_sequences/stu13_7_sequence.npy,ok,833,807,0.9687875150060024,0.6634935140609741,
stu13_8.mp4,pommelhorse,train,16,/content/drive/MyDrive/FinalProjectCV/CV_Image_pose_detection/Data/LLSP/annotation_cleaned/pose_features/stu13_8.npy,/content/drive/MyDrive/FinalProjectCV/CV_Image_pose_detection/Data/LLSP/annotation_cleaned/pose_sequences/stu13_8_sequence.npy,ok,365,360,0.9863013698630136,0.673965334892273,
stu13_9.mp4,pommelhorse,train,34,/content/drive/MyDrive/FinalProjectCV/CV_Image_pose_detection/Data/LLSP/annotation_cleaned/pose_features/stu13_9.npy,/content/drive/MyDrive/FinalProjectCV/CV_Image_pose_detection/Data/LLSP/annotation_cleaned/pose_sequences/stu13_9_sequence.npy,ok,933,576,0.617363344051447,0.4868547320365906,
stu3_3.mp4,bench_pressing,valid,9,/content/drive/MyDrive/FinalProjectCV/CV_Image_pose_detection/Data/LLSP/annotation_cleaned/pose_features/stu3_3.npy,/content/drive/MyDrive/FinalProjectCV/CV_Image_pose_detection/Data/LLSP/annotation_cleaned/pose_sequences/stu3_3_sequence.npy,ok,1292,697,0.5394736842105263,0.34431228041648865,
stu5_24.mp4,jump_jacks,valid,3,/content/drive/MyDrive/FinalProjectCV/CV_Image_pose_detection/Data/LLSP/annotation_cleaned/pose_features/stu5_24.npy,/content/drive/MyDrive/FinalProjectCV/CV_Image_pose_detection/Data/LLSP/annotation_cleaned/pose_sequences/stu5_24_sequence.npy,ok,74,73,0.9864864864864865,0.9438440799713135,
stu2_15.mp4,front_raise,valid,8,/content/drive/MyDrive/FinalProjectCV/CV_Image_pose_detection/Data/LLSP/annotation_cleaned/pose_features/stu2_15.npy,/content/drive/MyDrive/FinalProjectCV/CV_Image_pose_detection/Data/LLSP/annotation_cleaned/pose_sequences/stu2_15_sequence.npy,ok,612,612,1.0,0.8597860336303711,
stu5_40.mp4,pull_up,valid,17,/content/drive/MyDrive/FinalProjectCV/CV_Image_pose_detection/Data/LLSP/annotation_cleaned/pose_features/stu5_40.npy,/content/drive/MyDrive/FinalProjectCV/CV_Image_pose_detection/Data/LLSP/annotation_cleaned/pose_sequences/stu5_40_sequence.npy,ok,1079,1079,1.0,0.6944054365158081,
stu4_70.mp4,squat,valid,44,/content/drive/MyDrive/FinalProjectCV/CV_Image_pose_detection/Data/LLSP/annotation_cleaned/pose_features/stu4_70.npy,/content/drive/MyDrive/FinalProjectCV/CV_Image_pose_detection/Data/LLSP/annotation_cleaned/pose_sequences/stu4_70_sequence.npy,ok,1800,1800,1.0,0.9276118278503418,
stu7_1.mp4,bench_pressing,valid,10,/content/drive/MyDrive/FinalProjectCV/CV_Image_pose_detection/Data/LLSP/annotation_cleaned/pose_features/stu7_1.npy,/content/drive/MyDrive/FinalProjectCV/CV_Image_pose_detection/Data/LLSP/annotation_cleaned/pose_sequences/stu7_1_sequence.npy,ok,986,960,0.973630831643002,0.6888821125030518,
train2720.mp4,push_up,valid,10,/content/drive/MyDrive/FinalProjectCV/CV_Image_pose_detection/Data/LLSP/annotation_cleaned/pose_features/train2720.npy,/content/drive/MyDrive/FinalProjectCV/CV_Image_pose_detection/Data/LLSP/annotation_cleaned/pose_sequences/train2720_sequence.npy,ok,297,127,0.4276094276094276,0.3055577576160431,
stu9_8.mp4,bench_pressing,valid,12,/content/drive/MyDrive/FinalProjectCV/CV_Image_pose_detection/Data/LLSP/annotation_cleaned/pose_features/stu9_8.npy,/content/drive/MyDrive/FinalProjectCV/CV_Image_pose_detection/Data/LLSP/annotation_cleaned/pose_sequences/stu9_8_sequence.npy,ok,926,756,0.816414686825054,0.4649299681186676,
stu1_47.mp4,push_up,valid,6,/content/drive/MyDrive/FinalProjectCV/CV_Image_pose_detection/Data/LLSP/annotation_cleaned/pose_features/stu1_47.npy,/content/drive/MyDrive/FinalProjectCV/CV_Image_pose_detection/Data/LLSP/annotation_cleaned/pose_sequences/stu1_47_sequence.npy,ok,599,582,0.9716193656093489,0.7818545699119568,
train3946.mp4,squat,valid,2,/content/drive/MyDrive/FinalProjectCV/CV_Image_pose_detection/Data/LLSP/annotation_cleaned/pose_features/train3946.npy,/content/drive/MyDrive/FinalProjectCV/CV_Image_pose_detection/Data/LLSP/annotation_cleaned/pose_sequences/train3946_sequence.npy,ok,300,300,1.0,0.9514314532279968,
train2481.mp4,pull_up,valid,1,/content/drive/MyDrive/FinalProjectCV/CV_Image_pose_detection/Data/LLSP/annotation_cleaned/pose_features/train2481.npy,/content/drive/MyDrive/FinalProjectCV/CV_Image_pose_detection/Data/LLSP/annotation_cleaned/pose_sequences/train2481_sequence.npy,ok,300,300,1.0,0.7710433602333069,
stu10_56.mp4,sit_up,valid,24,/content/drive/MyDrive/FinalProjectCV/CV_Image_pose_detection/Data/LLSP/annotation_cleaned/pose_features/stu10_56.npy,/content/drive/MyDrive/FinalProjectCV/CV_Image_pose_detection/Data/LLSP/annotation_cleaned/pose_sequences/stu10_56_sequence.npy,ok,1462,1435,0.981532147742818,0.608407735824585,
stu8_7.mp4,bench_pressing,valid,5,/content/drive/MyDrive/FinalProjectCV/CV_Image_pose_detection/Data/LLSP/annotation_cleaned/pose_features/stu8_7.npy,/content/drive/MyDrive/FinalProjectCV/CV_Image_pose_detection/Data/LLSP/annotation_cleaned/pose_sequences/stu8_7_sequence.npy,ok,660,659,0.9984848484848485,0.6555815935134888,
stu2_57.mp4,sit_up,valid,3,/content/drive/MyDrive/FinalProjectCV/CV_Image_pose_detection/Data/LLSP/annotation_cleaned/pose_features/stu2_57.npy,/content/drive/MyDrive/FinalProjectCV/CV_Image_pose_detection/Data/LLSP/annotation_cleaned/pose_sequences/stu2_57_sequence.npy,ok,423,423,1.0,0.7564930319786072,
stu2_23.mp4,front_raise,valid,6,/content/drive/MyDrive/FinalProjectCV/CV_Image_pose_detection/Data/LLSP/annotation_cleaned/pose_features/stu2_23.npy,/content/drive/MyDrive/FinalProjectCV/CV_Image_pose_detection/Data/LLSP/annotation_cleaned/pose_sequences/stu2_23_sequence.npy,ok,599,598,0.998330550918197,0.7464308738708496,
stu1_26.mp4,jump_jacks,valid,4,/content/drive/MyDrive/FinalProjectCV/CV_Image_pose_detection/Data/LLSP/annotation_cleaned/pose_features/stu1_26.npy,/content/drive/MyDrive/FinalProjectCV/CV_Image_pose_detection/Data/LLSP/annotation_cleaned/pose_sequences/stu1_26_sequence.npy,ok,185,183,0.9891891891891892,0.6941055655479431,
stu6_7.mp4,front_raise,valid,5,/content/drive/MyDrive/FinalProjectCV/CV_Image_pose_detection/Data/LLSP/annotation_cleaned/pose_features/stu6_7.npy,/content/drive/MyDrive/FinalProjectCV/CV_Image_pose_detection/Data/LLSP/annotation_cleaned/pose_sequences/stu6_7_sequence.npy,ok,263,262,0.9961977186311787,0.7148922681808472,
stu9_18.mp4,front_raise,valid,23,/content/drive/MyDrive/FinalProjectCV/CV_Image_pose_detection/Data/LLSP/annotation_cleaned/pose_features/stu9_18.npy,/content/drive/MyDrive/FinalProjectCV/CV_Image_pose_detection/Data/LLSP/annotation_cleaned/pose_sequences/stu9_18_sequence.npy,ok,1619,1618,0.9993823347745522,0.6722434163093567,
stu8_37.mp4,pull_up,valid,10,/content/drive/MyDrive/FinalProjectCV/CV_Image_pose_detection/Data/LLSP/annotation_cleaned/pose_features/stu8_37.npy,/content/drive/MyDrive/FinalProjectCV/CV_Image_pose_detection/Data/LLSP/annotation_cleaned/pose_sequences/stu8_37_sequence.npy,ok,1319,1311,0.9939347990902199,0.6898459196090698,
stu7_19.mp4,front_raise,valid,4,/content/drive/MyDrive/FinalProjectCV/CV_Image_pose_detection/Data/LLSP/annotation_cleaned/pose_features/stu7_19.npy,/content/drive/MyDrive/FinalProjectCV/CV_Image_pose_detection/Data/LLSP/annotation_cleaned/pose_sequences/stu7_19_sequence.npy,ok,960,914,0.9520833333333333,0.757214367389679,
stu7_16.mp4,front_raise,valid,4,/content/drive/MyDrive/FinalProjectCV/CV_Image_pose_detection/Data/LLSP/annotation_cleaned/pose_features/stu7_16.npy,/content/drive/MyDrive/FinalProjectCV/CV_Image_pose_detection/Data/LLSP/annotation_cleaned/pose_sequences/stu7_16_sequence.npy,ok,240,240,1.0,0.7589204907417297,
test2023.mp4,sit_up,valid,4,/content/drive/MyDrive/FinalProjectCV/CV_Image_pose_detection/Data/LLSP/annotation_cleaned/pose_features/test2023.npy,/content/drive/MyDrive/FinalProjectCV/CV_Image_pose_detection/Data/LLSP/annotation_cleaned/pose_sequences/test2023_sequence.npy,ok,211,88,0.41706161137440756,0.3093855082988739,
stu10_44.mp4,push_up,valid,40,/content/drive/MyDrive/FinalProjectCV/CV_Image_pose_detection/Data/LLSP/annotation_cleaned/pose_features/stu10_44.npy,/content/drive/MyDrive/FinalProjectCV/CV_Image_pose_detection/Data/LLSP/annotation_cleaned/pose_sequences/stu10_44_sequence.npy,ok,1443,1398,0.9688149688149689,0.7392140626907349,
train2542.mp4,pull_up,valid,1,/content/drive/MyDrive/FinalProjectCV/CV_Image_pose_detection/Data/LLSP/annotation_cleaned/pose_features/train2542.npy,/content/drive/MyDrive/FinalProjectCV/CV_Image_pose_detection/Data/LLSP/annotation_cleaned/pose_sequences/train2542_sequence.npy,ok,280,280,1.0,0.8540666103363037,
stu5_17.mp4,front_raise,valid,4,/content/drive/MyDrive/FinalProjectCV/CV_Image_pose_detection/Data/LLSP/annotation_cleaned/pose_features/stu5_17.npy,/content/drive/MyDrive/FinalProjectCV/CV_Image_pose_detection/Data/LLSP/annotation_cleaned/pose_sequences/stu5_17_sequence.npy,ok,291,291,1.0,0.8476565480232239,
stu6_57.mp4,squat,valid,15,/content/drive/MyDrive/FinalProjectCV/CV_Image_pose_detection/Data/LLSP/annotation_cleaned/pose_features/stu6_57.npy,/content/drive/MyDrive/FinalProjectCV/CV_Image_pose_detection/Data/LLSP/annotation_cleaned/pose_sequences/stu6_57_sequence.npy,ok,1559,1547,0.9923027581783195,0.8543341755867004,
stu1_38.mp4,pull_up,valid,19,/content/drive/MyDrive/FinalProjectCV/CV_Image_pose_detection/Data/LLSP/annotation_cleaned/pose_features/stu1_38.npy,/content/drive/MyDrive/FinalProjectCV/CV_Image_pose_detection/Data/LLSP/annotation_cleaned/pose_sequences/stu1_38_sequence.npy,ok,944,923,0.9777542372881356,0.6892170310020447,
stu2_21.mp4,front_raise,valid,4,/content/drive/MyDrive/FinalProjectCV/CV_Image_pose_detection/Data/LLSP/annotation_cleaned/pose_features/stu2_21.npy,/content/drive/MyDrive/FinalProjectCV/CV_Image_pose_detection/Data/LLSP/annotation_cleaned/pose_sequences/stu2_21_sequence.npy,ok,630,630,1.0,0.897183358669281,
stu7_66.mp4,squat,valid,13,/content/drive/MyDrive/FinalProjectCV/CV_Image_pose_detection/Data/LLSP/annotation_cleaned/pose_features/stu7_66.npy,/content/drive/MyDrive/FinalProjectCV/CV_Image_pose_detection/Data/LLSP/annotation_cleaned/pose_sequences/stu7_66_sequence.npy,ok,990,990,1.0,0.955355167388916,
stu6_61.mp4,squat,valid,19,/content/drive/MyDrive/FinalProjectCV/CV_Image_pose_detection/Data/LLSP/annotation_cleaned/pose_features/stu6_61.npy,/content/drive/MyDrive/FinalProjectCV/CV_Image_pose_detection/Data/LLSP/annotation_cleaned/pose_sequences/stu6_61_sequence.npy,ok,1680,1680,1.0,0.9495289921760559,
stu8_62.mp4,squat,valid,22,/content/drive/MyDrive/FinalProjectCV/CV_Image_pose_detection/Data/LLSP/annotation_cleaned/pose_features/stu8_62.npy,/content/drive/MyDrive/FinalProjectCV/CV_Image_pose_detection/Data/LLSP/annotation_cleaned/pose_sequences/stu8_62_sequence.npy,ok,1799,1799,1.0,0.808754563331604,
test159.mp4,bench_pressing,valid,3,/content/drive/MyDrive/FinalProjectCV/CV_Image_pose_detection/Data/LLSP/annotation_cleaned/pose_features/test159.npy,/content/drive/MyDrive/FinalProjectCV/CV_Image_pose_detection/Data/LLSP/annotation_cleaned/pose_sequences/test159_sequence.npy,ok,300,300,1.0,0.9245941638946533,
stu10_47.mp4,push_up,valid,21,/content/drive/MyDrive/FinalProjectCV/CV_Image_pose_detection/Data/LLSP/annotation_cleaned/pose_features/stu10_47.npy,/content/drive/MyDrive/FinalProjectCV/CV_Image_pose_detection/Data/LLSP/annotation_cleaned/pose_sequences/stu10_47_sequence.npy,ok,1800,1800,1.0,0.8634931445121765,
train3921.mp4,squat,valid,4,/content/drive/MyDrive/FinalProjectCV/CV_Image_pose_detection/Data/LLSP/annotation_cleaned/pose_features/train3921.npy,/content/drive/MyDrive/FinalProjectCV/CV_Image_pose_detection/Data/LLSP/annotation_cleaned/pose_sequences/train3921_sequence.npy,ok,300,300,1.0,0.7345269322395325,
stu9_32.mp4,jump_jacks,valid,7,/content/drive/MyDrive/FinalProjectCV/CV_Image_pose_detection/Data/LLSP/annotation_cleaned/pose_features/stu9_32.npy,/content/drive/MyDrive/FinalProjectCV/CV_Image_pose_detection/Data/LLSP/annotation_cleaned/pose_sequences/stu9_32_sequence.npy,ok,456,404,0.8859649122807017,0.8135837912559509,
stu10_63.mp4,squat,valid,16,/content/drive/MyDrive/FinalProjectCV/CV_Image_pose_detection/Data/LLSP/annotation_cleaned/pose_features/stu10_63.npy,/content/drive/MyDrive/FinalProjectCV/CV_Image_pose_detection/Data/LLSP/annotation_cleaned/pose_sequences/stu10_63_sequence.npy,ok,1052,1048,0.9961977186311787,0.637351393699646,
stu9_55.mp4,push_up,valid,14,/content/drive/MyDrive/FinalProjectCV/CV_Image_pose_detection/Data/LLSP/annotation_cleaned/pose_features/stu9_55.npy,/content/drive/MyDrive/FinalProjectCV/CV_Image_pose_detection/Data/LLSP/annotation_cleaned/pose_sequences/stu9_55_sequence.npy,ok,1170,403,0.34444444444444444,0.29327821731567383,
stu5_21.mp4,jump_jacks,valid,14,/content/drive/MyDrive/FinalProjectCV/CV_Image_pose_detection/Data/LLSP/annotation_cleaned/pose_features/stu5_21.npy,/content/drive/MyDrive/FinalProjectCV/CV_Image_pose_detection/Data/LLSP/annotation_cleaned/pose_sequences/stu5_21_sequence.npy,ok,360,359,0.9972222222222222,0.9602126479148865,
stu6_0.mp4,battle_rope,valid,8,/content/drive/MyDrive/FinalProjectCV/CV_Image_pose_detection/Data/LLSP/annotation_cleaned/pose_features/stu6_0.npy,/content/drive/MyDrive/FinalProjectCV/CV_Image_pose_detection/Data/LLSP/annotation_cleaned/pose_sequences/stu6_0_sequence.npy,ok,793,793,1.0,0.9284391403198242,
stu5_45.mp4,push_up,valid,7,/content/drive/MyDrive/FinalProjectCV/CV_Image_pose_detection/Data/LLSP/annotation_cleaned/pose_features/stu5_45.npy,/content/drive/MyDrive/FinalProjectCV/CV_Image_pose_detection/Data/LLSP/annotation_cleaned/pose_sequences/stu5_45_sequence.npy,ok,1500,1500,1.0,0.8176435232162476,
stu7_43.mp4,pull_up,valid,23,/content/drive/MyDrive/FinalProjectCV/CV_Image_pose_detection/Data/LLSP/annotation_cleaned/pose_features/stu7_43.npy,/content/drive/MyDrive/FinalProjectCV/CV_Image_pose_detection/Data/LLSP/annotation_cleaned/pose_sequences/stu7_43_sequence.npy,ok,1041,1015,0.9750240153698367,0.7104053497314453,
stu1_17.mp4,front_raise,valid,6,/content/drive/MyDrive/FinalProjectCV/CV_Image_pose_detection/Data/LLSP/annotation_cleaned/pose_features/stu1_17.npy,/content/drive/MyDrive/FinalProjectCV/CV_Image_pose_detection/Data/LLSP/annotation_cleaned/pose_sequences/stu1_17_sequence.npy,ok,360,360,1.0,0.8985944390296936,
train2748.mp4,push_up,valid,5,/content/drive/MyDrive/FinalProjectCV/CV_Image_pose_detection/Data/LLSP/annotation_cleaned/pose_features/train2748.npy,/content/drive/MyDrive/FinalProjectCV/CV_Image_pose_detection/Data/LLSP/annotation_cleaned/pose_sequences/train2748_sequence.npy,ok,277,270,0.9747292418772563,0.688461422920227,
stu6_17.mp4,jump_jacks,valid,19,/content/drive/MyDrive/FinalProjectCV/CV_Image_pose_detection/Data/LLSP/annotation_cleaned/pose_features/stu6_17.npy,/content/drive/MyDrive/FinalProjectCV/CV_Image_pose_detection/Data/LLSP/annotation_cleaned/pose_sequences/stu6_17_sequence.npy,ok,634,612,0.9652996845425867,0.8570619821548462,
train1025.mp4,front_raise,valid,3,/content/drive/MyDrive/FinalProjectCV/CV_Image_pose_detection/Data/LLSP/annotation_cleaned/pose_features/train1025.npy,/content/drive/MyDrive/FinalProjectCV/CV_Image_pose_detection/Data/LLSP/annotation_cleaned/pose_sequences/train1025_sequence.npy,ok,300,300,1.0,0.9574653506278992,
val901.mp4,push_up,valid,7,/content/drive/MyDrive/FinalProjectCV/CV_Image_pose_detection/Data/LLSP/annotation_cleaned/pose_features/val901.npy,/content/drive/MyDrive/FinalProjectCV/CV_Image_pose_detection/Data/LLSP/annotation_cleaned/pose_sequences/val901_sequence.npy,ok,250,192,0.768,0.5643784403800964,
stu3_50.mp4,push_up,valid,28,/content/drive/MyDrive/FinalProjectCV/CV_Image_pose_detection/Data/LLSP/annotation_cleaned/pose_features/stu3_50.npy,/content/drive/MyDrive/FinalProjectCV/CV_Image_pose_detection/Data/LLSP/annotation_cleaned/pose_sequences/stu3_50_sequence.npy,ok,1250,1250,1.0,0.8931458592414856,
stu5_36.mp4,pull_up,valid,6,/content/drive/MyDrive/FinalProjectCV/CV_Image_pose_detection/Data/LLSP/annotation_cleaned/pose_features/stu5_36.npy,/content/drive/MyDrive/FinalProjectCV/CV_Image_pose_detection/Data/LLSP/annotation_cleaned/pose_sequences/stu5_36_sequence.npy,ok,475,475,1.0,0.8075212240219116,
stu3_66.mp4,squat,valid,9,/content/drive/MyDrive/FinalProjectCV/CV_Image_pose_detection/Data/LLSP/annotation_cleaned/pose_features/stu3_66.npy,/content/drive/MyDrive/FinalProjectCV/CV_Image_pose_detection/Data/LLSP/annotation_cleaned/pose_sequences/stu3_66_sequence.npy,ok,720,720,1.0,0.9628444314002991,
stu6_4.mp4,bench_pressing,valid,5,/content/drive/MyDrive/FinalProjectCV/CV_Image_pose_detection/Data/LLSP/annotation_cleaned/pose_features/stu6_4.npy,/content/drive/MyDrive/FinalProjectCV/CV_Image_pose_detection/Data/LLSP/annotation_cleaned/pose_sequences/stu6_4_sequence.npy,ok,749,749,1.0,0.8716936707496643,
stu5_71.mp4,squat,valid,19,/content/drive/MyDrive/FinalProjectCV/CV_Image_pose_detection/Data/LLSP/annotation_cleaned/pose_features/stu5_71.npy,/content/drive/MyDrive/FinalProjectCV/CV_Image_pose_detection/Data/LLSP/annotation_cleaned/pose_sequences/stu5_71_sequence.npy,ok,1031,972,0.9427740058195926,0.7815647125244141,
stu5_19.mp4,jump_jacks,valid,18,/content/drive/MyDrive/FinalProjectCV/CV_Image_pose_detection/Data/LLSP/annotation_cleaned/pose_features/stu5_19.npy,/content/drive/MyDrive/FinalProjectCV/CV_Image_pose_detection/Data/LLSP/annotation_cleaned/pose_sequences/stu5_19_sequence.npy,ok,600,600,1.0,0.8302954435348511,
stu10_8.mp4,bench_pressing,valid,4,/content/drive/MyDrive/FinalProjectCV/CV_Image_pose_detection/Data/LLSP/annotation_cleaned/pose_features/stu10_8.npy,/content/drive/MyDrive/FinalProjectCV/CV_Image_pose_detection/Data/LLSP/annotation_cleaned/pose_sequences/stu10_8_sequence.npy,ok,600,537,0.895,0.629190981388092,
stu6_16.mp4,jump_jacks,valid,66,/content/drive/MyDrive/FinalProjectCV/CV_Image_pose_detection/Data/LLSP/annotation_cleaned/pose_features/stu6_16.npy,/content/drive/MyDrive/FinalProjectCV/CV_Image_pose_detection/Data/LLSP/annotation_cleaned/pose_sequences/stu6_16_sequence.npy,ok,1800,1800,1.0,0.9539279341697693,
stu3_54.mp4,sit_up,valid,8,/content/drive/MyDrive/FinalProjectCV/CV_Image_pose_detection/Data/LLSP/annotation_cleaned/pose_features/stu3_54.npy,/content/drive/MyDrive/FinalProjectCV/CV_Image_pose_detection/Data/LLSP/annotation_cleaned/pose_sequences/stu3_54_sequence.npy,ok,330,330,1.0,0.8468897342681885,
stu1_34.mp4,pull_up,valid,13,/content/drive/MyDrive/FinalProjectCV/CV_Image_pose_detection/Data/LLSP/annotation_cleaned/pose_features/stu1_34.npy,/content/drive/MyDrive/FinalProjectCV/CV_Image_pose_detection/Data/LLSP/annotation_cleaned/pose_sequences/stu1_34_sequence.npy,ok,1057,944,0.8930936613055819,0.5927501916885376,
stu1_57.mp4,sit_up,valid,40,/content/drive/MyDrive/FinalProjectCV/CV_Image_pose_detection/Data/LLSP/annotation_cleaned/pose_features/stu1_57.npy,/content/drive/MyDrive/FinalProjectCV/CV_Image_pose_detection/Data/LLSP/annotation_cleaned/pose_sequences/stu1_57_sequence.npy,ok,1678,1329,0.7920143027413588,0.47534143924713135,
stu2_0.mp4,battle_rope,valid,21,/content/drive/MyDrive/FinalProjectCV/CV_Image_pose_detection/Data/LLSP/annotation_cleaned/pose_features/stu2_0.npy,/content/drive/MyDrive/FinalProjectCV/CV_Image_pose_detection/Data/LLSP/annotation_cleaned/pose_sequences/stu2_0_sequence.npy,ok,750,750,1.0,0.9247170686721802,
test571.mp4,front_raise,valid,3,/content/drive/MyDrive/FinalProjectCV/CV_Image_pose_detection/Data/LLSP/annotation_cleaned/pose_features/test571.npy,/content/drive/MyDrive/FinalProjectCV/CV_Image_pose_detection/Data/LLSP/annotation_cleaned/pose_sequences/test571_sequence.npy,ok,290,290,1.0,0.9025522470474243,
train3348.mp4,sit_up,valid,1,/content/drive/MyDrive/FinalProjectCV/CV_Image_pose_detection/Data/LLSP/annotation_cleaned/pose_features/train3348.npy,/content/drive/MyDrive/FinalProjectCV/CV_Image_pose_detection/Data/LLSP/annotation_cleaned/pose_sequences/train3348_sequence.npy,ok,282,182,0.6453900709219859,0.445747971534729,
stu8_14.mp4,bench_pressing,valid,13,/content/drive/MyDrive/FinalProjectCV/CV_Image_pose_detection/Data/LLSP/annotation_cleaned/pose_features/stu8_14.npy,/content/drive/MyDrive/FinalProjectCV/CV_Image_pose_detection/Data/LLSP/annotation_cleaned/pose_sequences/stu8_14_sequence.npy,ok,727,704,0.9683631361760661,0.6386154890060425,
stu8_47.mp4,push_up,valid,18,/content/drive/MyDrive/FinalProjectCV/CV_Image_pose_detection/Data/LLSP/annotation_cleaned/pose_features/stu8_47.npy,/content/drive/MyDrive/FinalProjectCV/CV_Image_pose_detection/Data/LLSP/annotation_cleaned/pose_sequences/stu8_47_sequence.npy,ok,1828,1780,0.973741794310722,0.737903356552124,
stu10_42.mp4,push_up,valid,11,/content/drive/MyDrive/FinalProjectCV/CV_Image_pose_detection/Data/LLSP/annotation_cleaned/pose_features/stu10_42.npy,/content/drive/MyDrive/FinalProjectCV/CV_Image_pose_detection/Data/LLSP/annotation_cleaned/pose_sequences/stu10_42_sequence.npy,ok,900,894,0.9933333333333333,0.6853513717651367,
stu7_26.mp4,jump_jacks,valid,39,/content/drive/MyDrive/FinalProjectCV/CV_Image_pose_detection/Data/LLSP/annotation_cleaned/pose_features/stu7_26.npy,/content/drive/MyDrive/FinalProjectCV/CV_Image_pose_detection/Data/LLSP/annotation_cleaned/pose_sequences/stu7_26_sequence.npy,ok,767,767,1.0,0.9509193301200867,
stu6_48.mp4,sit_up,valid,2,/content/drive/MyDrive/FinalProjectCV/CV_Image_pose_detection/Data/LLSP/annotation_cleaned/pose_features/stu6_48.npy,/content/drive/MyDrive/FinalProjectCV/CV_Image_pose_detection/Data/LLSP/annotation_cleaned/pose_sequences/stu6_48_sequence.npy,ok,330,330,1.0,0.8765592575073242,
test1595.mp4,push_up,valid,3,/content/drive/MyDrive/FinalProjectCV/CV_Image_pose_detection/Data/LLSP/annotation_cleaned/pose_features/test1595.npy,/content/drive/MyDrive/FinalProjectCV/CV_Image_pose_detection/Data/LLSP/annotation_cleaned/pose_sequences/test1595_sequence.npy,ok,146,143,0.9794520547945206,0.6346815228462219,
stu7_53.mp4,sit_up,valid,17,/content/drive/MyDrive/FinalProjectCV/CV_Image_pose_detection/Data/LLSP/annotation_cleaned/pose_features/stu7_53.npy,/content/drive/MyDrive/FinalProjectCV/CV_Image_pose_detection/Data/LLSP/annotation_cleaned/pose_sequences/stu7_53_sequence.npy,ok,1382,758,0.548480463096961,0.3659958839416504,
stu2_59.mp4,sit_up,valid,8,/content/drive/MyDrive/FinalProjectCV/CV_Image_pose_detection/Data/LLSP/annotation_cleaned/pose_features/stu2_59.npy,/content/drive/MyDrive/FinalProjectCV/CV_Image_pose_detection/Data/LLSP/annotation_cleaned/pose_sequences/stu2_59_sequence.npy,ok,810,804,0.9925925925925926,0.7605607509613037,
stu7_36.mp4,pull_up,valid,20,/content/drive/MyDrive/FinalProjectCV/CV_Image_pose_detection/Data/LLSP/annotation_cleaned/pose_features/stu7_36.npy,/content/drive/MyDrive/FinalProjectCV/CV_Image_pose_detection/Data/LLSP/annotation_cleaned/pose_sequences/stu7_36_sequence.npy,ok,1649,1565,0.9490600363856883,0.7172333002090454,
stu3_16.mp4,front_raise,valid,5,/content/drive/MyDrive/FinalProjectCV/CV_Image_pose_detection/Data/LLSP/annotation_cleaned/pose_features/stu3_16.npy,/content/drive/MyDrive/FinalProjectCV/CV_Image_pose_detection/Data/LLSP/annotation_cleaned/pose_sequences/stu3_16_sequence.npy,ok,1020,856,0.8392156862745098,0.6404711604118347,
stu1_39.mp4,pull_up,valid,6,/content/drive/MyDrive/FinalProjectCV/CV_Image_pose_detection/Data/LLSP/annotation_cleaned/pose_features/stu1_39.npy,/content/drive/MyDrive/FinalProjectCV/CV_Image_pose_detection/Data/LLSP/annotation_cleaned/pose_sequences/stu1_39_sequence.npy,ok,1439,1081,0.7512161223071577,0.48829689621925354,
stu1_19.mp4,front_raise,valid,3,/content/drive/MyDrive/FinalProjectCV/CV_Image_pose_detection/Data/LLSP/annotation_cleaned/pose_features/stu1_19.npy,/content/drive/MyDrive/FinalProjectCV/CV_Image_pose_detection/Data/LLSP/annotation_cleaned/pose_sequences/stu1_19_sequence.npy,ok,672,631,0.9389880952380952,0.6406619548797607,
stu5_59.mp4,sit_up,valid,36,/content/drive/MyDrive/FinalProjectCV/CV_Image_pose_detection/Data/LLSP/annotation_cleaned/pose_features/stu5_59.npy,/content/drive/MyDrive/FinalProjectCV/CV_Image_pose_detection/Data/LLSP/annotation_cleaned/pose_sequences/stu5_59_sequence.npy,ok,864,858,0.9930555555555556,0.6992719769477844,
stu10_67.mp4,squat,valid,6,/content/drive/MyDrive/FinalProjectCV/CV_Image_pose_detection/Data/LLSP/annotation_cleaned/pose_features/stu10_67.npy,/content/drive/MyDrive/FinalProjectCV/CV_Image_pose_detection/Data/LLSP/annotation_cleaned/pose_sequences/stu10_67_sequence.npy,ok,539,539,1.0,0.8405342698097229,
stu7_65.mp4,squat,valid,9,/content/drive/MyDrive/FinalProjectCV/CV_Image_pose_detection/Data/LLSP/annotation_cleaned/pose_features/stu7_65.npy,/content/drive/MyDrive/FinalProjectCV/CV_Image_pose_detection/Data/LLSP/annotation_cleaned/pose_sequences/stu7_65_sequence.npy,ok,711,709,0.9971870604781997,0.8368604183197021,
stu10_34.mp4,pull_up,valid,7,/content/drive/MyDrive/FinalProjectCV/CV_Image_pose_detection/Data/LLSP/annotation_cleaned/pose_features/stu10_34.npy,/content/drive/MyDrive/FinalProjectCV/CV_Image_pose_detection/Data/LLSP/annotation_cleaned/pose_sequences/stu10_34_sequence.npy,ok,518,515,0.9942084942084942,0.5325429439544678,
stu8_52.mp4,sit_up,valid,47,/content/drive/MyDrive/FinalProjectCV/CV_Image_pose_detection/Data/LLSP/annotation_cleaned/pose_features/stu8_52.npy,/content/drive/MyDrive/FinalProjectCV/CV_Image_pose_detection/Data/LLSP/annotation_cleaned/pose_sequences/stu8_52_sequence.npy,ok,1797,1664,0.9259877573734001,0.6246549487113953,
stu6_34.mp4,pull_up,valid,11,/content/drive/MyDrive/FinalProjectCV/CV_Image_pose_detection/Data/LLSP/annotation_cleaned/pose_features/stu6_34.npy,/content/drive/MyDrive/FinalProjectCV/CV_Image_pose_detection/Data/LLSP/annotation_cleaned/pose_sequences/stu6_34_sequence.npy,ok,1687,1289,0.7640782454060462,0.624193549156189,
stu4_11.mp4,front_raise,valid,4,/content/drive/MyDrive/FinalProjectCV/CV_Image_pose_detection/Data/LLSP/annotation_cleaned/pose_features/stu4_11.npy,/content/drive/MyDrive/FinalProjectCV/CV_Image_pose_detection/Data/LLSP/annotation_cleaned/pose_sequences/stu4_11_sequence.npy,ok,508,508,1.0,0.930902898311615,
stu4_22.mp4,jump_jacks,valid,7,/content/drive/MyDrive/FinalProjectCV/CV_Image_pose_detection/Data/LLSP/annotation_cleaned/pose_features/stu4_22.npy,/content/drive/MyDrive/FinalProjectCV/CV_Image_pose_detection/Data/LLSP/annotation_cleaned/pose_sequences/stu4_22_sequence.npy,ok,168,168,1.0,0.9670056104660034,
stu8_43.mp4,push_up,valid,25,/content/drive/MyDrive/FinalProjectCV/CV_Image_pose_detection/Data/LLSP/annotation_cleaned/pose_features/stu8_43.npy,/content/drive/MyDrive/FinalProjectCV/CV_Image_pose_detection/Data/LLSP/annotation_cleaned/pose_sequences/stu8_43_sequence.npy,ok,1079,1079,1.0,0.8734007477760315,
stu4_40.mp4,push_up,valid,6,/content/drive/MyDrive/FinalProjectCV/CV_Image_pose_detection/Data/LLSP/annotation_cleaned/pose_features/stu4_40.npy,/content/drive/MyDrive/FinalProjectCV/CV_Image_pose_detection/Data/LLSP/annotation_cleaned/pose_sequences/stu4_40_sequence.npy,ok,1000,993,0.993,0.7434277534484863,
stu5_5.mp4,bench_pressing,valid,30,/content/drive/MyDrive/FinalProjectCV/CV_Image_pose_detection/Data/LLSP/annotation_cleaned/pose_features/stu5_5.npy,/content/drive/MyDrive/FinalProjectCV/CV_Image_pose_detection/Data/LLSP/annotation_cleaned/pose_sequences/stu5_5_sequence.npy,ok,1349,1301,0.9644180874722016,0.6470728516578674,
stu9_13.mp4,front_raise,valid,2,/content/drive/MyDrive/FinalProjectCV/CV_Image_pose_detection/Data/LLSP/annotation_cleaned/pose_features/stu9_13.npy,/content/drive/MyDrive/FinalProjectCV/CV_Image_pose_detection/Data/LLSP/annotation_cleaned/pose_sequences/stu9_13_sequence.npy,ok,510,503,0.9862745098039216,0.5370189547538757,
train3898.mp4,squat,valid,2,/content/drive/MyDrive/FinalProjectCV/CV_Image_pose_detection/Data/LLSP/annotation_cleaned/pose_features/train3898.npy,/content/drive/MyDrive/FinalProjectCV/CV_Image_pose_detection/Data/LLSP/annotation_cleaned/pose_sequences/train3898_sequence.npy,ok,299,33,0.11036789297658862,0.21732790768146515,
stu2_56.mp4,sit_up,valid,19,/content/drive/MyDrive/FinalProjectCV/CV_Image_pose_detection/Data/LLSP/annotation_cleaned/pose_features/stu2_56.npy,/content/drive/MyDrive/FinalProjectCV/CV_Image_pose_detection/Data/LLSP/annotation_cleaned/pose_sequences/stu2_56_sequence.npy,ok,1799,1799,1.0,0.6982646584510803,
stu6_21.mp4,jump_jacks,valid,7,/content/drive/MyDrive/FinalProjectCV/CV_Image_pose_detection/Data/LLSP/annotation_cleaned/pose_features/stu6_21.npy,/content/drive/MyDrive/FinalProjectCV/CV_Image_pose_detection/Data/LLSP/annotation_cleaned/pose_sequences/stu6_21_sequence.npy,ok,359,359,1.0,0.953799307346344,
train1630.mp4,jump_jacks,valid,11,/content/drive/MyDrive/FinalProjectCV/CV_Image_pose_detection/Data/LLSP/annotation_cleaned/pose_features/train1630.npy,/content/drive/MyDrive/FinalProjectCV/CV_Image_pose_detection/Data/LLSP/annotation_cleaned/pose_sequences/train1630_sequence.npy,ok,215,215,1.0,0.9177515506744385,
val1093.mp4,sit_up,valid,5,/content/drive/MyDrive/FinalProjectCV/CV_Image_pose_detection/Data/LLSP/annotation_cleaned/pose_features/val1093.npy,/content/drive/MyDrive/FinalProjectCV/CV_Image_pose_detection/Data/LLSP/annotation_cleaned/pose_sequences/val1093_sequence.npy,ok,300,300,1.0,0.5450984835624695,
test2349.mp4,squat,valid,6,/content/drive/MyDrive/FinalProjectCV/CV_Image_pose_detection/Data/LLSP/annotation_cleaned/pose_features/test2349.npy,/content/drive/MyDrive/FinalProjectCV/CV_Image_pose_detection/Data/LLSP/annotation_cleaned/pose_sequences/test2349_sequence.npy,ok,128,128,1.0,0.6322295665740967,
stu3_52.mp4,sit_up,valid,26,/content/drive/MyDrive/FinalProjectCV/CV_Image_pose_detection/Data/LLSP/annotation_cleaned/pose_features/stu3_52.npy,/content/drive/MyDrive/FinalProjectCV/CV_Image_pose_detection/Data/LLSP/annotation_cleaned/pose_sequences/stu3_52_sequence.npy,ok,788,569,0.7220812182741116,0.596357524394989,
train2711.mp4,push_up,valid,5,/content/drive/MyDrive/FinalProjectCV/CV_Image_pose_detection/Data/LLSP/annotation_cleaned/pose_features/train2711.npy,/content/drive/MyDrive/FinalProjectCV/CV_Image_pose_detection/Data/LLSP/annotation_cleaned/pose_sequences/train2711_sequence.npy,ok,299,257,0.8595317725752508,0.5018187165260315,
stu10_39.mp4,pull_up,valid,10,/content/drive/MyDrive/FinalProjectCV/CV_Image_pose_detection/Data/LLSP/annotation_cleaned/pose_features/stu10_39.npy,/content/drive/MyDrive/FinalProjectCV/CV_Image_pose_detection/Data/LLSP/annotation_cleaned/pose_sequences/stu10_39_sequence.npy,ok,934,922,0.987152034261242,0.749082624912262,
stu2_27.mp4,jump_jacks,valid,100,/content/drive/MyDrive/FinalProjectCV/CV_Image_pose_detection/Data/LLSP/annotation_cleaned/pose_features/stu2_27.npy,/content/drive/MyDrive/FinalProjectCV/CV_Image_pose_detection/Data/LLSP/annotation_cleaned/pose_sequences/stu2_27_sequence.npy,ok,2604,2604,1.0,0.9512010812759399,
stu9_67.mp4,squat,valid,0,/content/drive/MyDrive/FinalProjectCV/CV_Image_pose_detection/Data/LLSP/annotation_cleaned/pose_features/stu9_67.npy,/content/drive/MyDrive/FinalProjectCV/CV_Image_pose_detection/Data/LLSP/annotation_cleaned/pose_sequences/stu9_67_sequence.npy,ok,275,275,1.0,0.9629503488540649,
stu1_37.mp4,pull_up,valid,18,/content/drive/MyDrive/FinalProjectCV/CV_Image_pose_detection/Data/LLSP/annotation_cleaned/pose_features/stu1_37.npy,/content/drive/MyDrive/FinalProjectCV/CV_Image_pose_detection/Data/LLSP/annotation_cleaned/pose_sequences/stu1_37_sequence.npy,ok,1799,1799,1.0,0.8797265291213989,
stu10_13.mp4,front_raise,valid,3,/content/drive/MyDrive/FinalProjectCV/CV_Image_pose_detection/Data/LLSP/annotation_cleaned/pose_features/stu10_13.npy,/content/drive/MyDrive/FinalProjectCV/CV_Image_pose_detection/Data/LLSP/annotation_cleaned/pose_sequences/stu10_13_sequence.npy,ok,716,437,0.6103351955307262,0.36158549785614014,
stu3_2.mp4,bench_pressing,valid,3,/content/drive/MyDrive/FinalProjectCV/CV_Image_pose_detection/Data/LLSP/annotation_cleaned/pose_features/stu3_2.npy,/content/drive/MyDrive/FinalProjectCV/CV_Image_pose_detection/Data/LLSP/annotation_cleaned/pose_sequences/stu3_2_sequence.npy,ok,775,775,1.0,0.810459315776825,
stu9_19.mp4,front_raise,valid,7,/content/drive/MyDrive/FinalProjectCV/CV_Image_pose_detection/Data/LLSP/annotation_cleaned/pose_features/stu9_19.npy,/content/drive/MyDrive/FinalProjectCV/CV_Image_pose_detection/Data/LLSP/annotation_cleaned/pose_sequences/stu9_19_sequence.npy,ok,720,720,1.0,0.7124521136283875,
stu4_45.mp4,push_up,valid,16,/content/drive/MyDrive/FinalProjectCV/CV_Image_pose_detection/Data/LLSP/annotation_cleaned/pose_features/stu4_45.npy,/content/drive/MyDrive/FinalProjectCV/CV_Image_pose_detection/Data/LLSP/annotation_cleaned/pose_sequences/stu4_45_sequence.npy,ok,1294,1294,1.0,0.8062964677810669,
stu5_9.mp4,bench_pressing,valid,18,/content/drive/MyDrive/FinalProjectCV/CV_Image_pose_detection/Data/LLSP/annotation_cleaned/pose_features/stu5_9.npy,/content/drive/MyDrive/FinalProjectCV/CV_Image_pose_detection/Data/LLSP/annotation_cleaned/pose_sequences/stu5_9_sequence.npy,ok,1440,1440,1.0,0.8401844501495361,
stu10_69.mp4,squat,valid,39,/content/drive/MyDrive/FinalProjectCV/CV_Image_pose_detection/Data/LLSP/annotation_cleaned/pose_features/stu10_69.npy,/content/drive/MyDrive/FinalProjectCV/CV_Image_pose_detection/Data/LLSP/annotation_cleaned/pose_sequences/stu10_69_sequence.npy,ok,1920,1920,1.0,0.9503374099731445,
test2029.mp4,sit_up,valid,2,/content/drive/MyDrive/FinalProjectCV/CV_Image_pose_detection/Data/LLSP/annotation_cleaned/pose_features/test2029.npy,/content/drive/MyDrive/FinalProjectCV/CV_Image_pose_detection/Data/LLSP/annotation_cleaned/pose_sequences/test2029_sequence.npy,ok,300,300,1.0,0.7723578214645386,
stu4_59.mp4,sit_up,valid,7,/content/drive/MyDrive/FinalProjectCV/CV_Image_pose_detection/Data/LLSP/annotation_cleaned/pose_features/stu4_59.npy,/content/drive/MyDrive/FinalProjectCV/CV_Image_pose_detection/Data/LLSP/annotation_cleaned/pose_sequences/stu4_59_sequence.npy,ok,1559,1559,1.0,0.8156609535217285,
stu3_1.mp4,battle_rope,valid,13,/content/drive/MyDrive/FinalProjectCV/CV_Image_pose_detection/Data/LLSP/annotation_cleaned/pose_features/stu3_1.npy,/content/drive/MyDrive/FinalProjectCV/CV_Image_pose_detection/Data/LLSP/annotation_cleaned/pose_sequences/stu3_1_sequence.npy,ok,225,205,0.9111111111111111,0.8026467561721802,
train990.mp4,front_raise,valid,4,/content/drive/MyDrive/FinalProjectCV/CV_Image_pose_detection/Data/LLSP/annotation_cleaned/pose_features/train990.npy,/content/drive/MyDrive/FinalProjectCV/CV_Image_pose_detection/Data/LLSP/annotation_cleaned/pose_sequences/train990_sequence.npy,ok,300,300,1.0,0.7986655831336975,
train2716.mp4,push_up,valid,10,/content/drive/MyDrive/FinalProjectCV/CV_Image_pose_detection/Data/LLSP/annotation_cleaned/pose_features/train2716.npy,/content/drive/MyDrive/FinalProjectCV/CV_Image_pose_detection/Data/LLSP/annotation_cleaned/pose_sequences/train2716_sequence.npy,ok,300,300,1.0,0.8069695830345154,
train1010.mp4,front_raise,valid,6,/content/drive/MyDrive/FinalProjectCV/CV_Image_pose_detection/Data/LLSP/annotation_cleaned/pose_features/train1010.npy,/content/drive/MyDrive/FinalProjectCV/CV_Image_pose_detection/Data/LLSP/annotation_cleaned/pose_sequences/train1010_sequence.npy,ok,300,300,1.0,0.5556625127792358,
stu8_53.mp4,sit_up,valid,16,/content/drive/MyDrive/FinalProjectCV/CV_Image_pose_detection/Data/LLSP/annotation_cleaned/pose_features/stu8_53.npy,/content/drive/MyDrive/FinalProjectCV/CV_Image_pose_detection/Data/LLSP/annotation_cleaned/pose_sequences/stu8_53_sequence.npy,ok,1482,967,0.6524966261808367,0.39926978945732117,
stu5_26.mp4,jump_jacks,valid,42,/content/drive/MyDrive/FinalProjectCV/CV_Image_pose_detection/Data/LLSP/annotation_cleaned/pose_features/stu5_26.npy,/content/drive/MyDrive/FinalProjectCV/CV_Image_pose_detection/Data/LLSP/annotation_cleaned/pose_sequences/stu5_26_sequence.npy,ok,1590,1538,0.9672955974842767,0.7956369519233704,
stu6_47.mp4,push_up,valid,3,/content/drive/MyDrive/FinalProjectCV/CV_Image_pose_detection/Data/LLSP/annotation_cleaned/pose_features/stu6_47.npy,/content/drive/MyDrive/FinalProjectCV/CV_Image_pose_detection/Data/LLSP/annotation_cleaned/pose_sequences/stu6_47_sequence.npy,ok,480,480,1.0,0.8882911801338196,
stu5_22.mp4,jump_jacks,valid,11,/content/drive/MyDrive/FinalProjectCV/CV_Image_pose_detection/Data/LLSP/annotation_cleaned/pose_features/stu5_22.npy,/content/drive/MyDrive/FinalProjectCV/CV_Image_pose_detection/Data/LLSP/annotation_cleaned/pose_sequences/stu5_22_sequence.npy,ok,329,235,0.7142857142857143,0.7483591437339783,
stu8_54.mp4,sit_up,valid,3,/content/drive/MyDrive/FinalProjectCV/CV_Image_pose_detection/Data/LLSP/annotation_cleaned/pose_features/stu8_54.npy,/content/drive/MyDrive/FinalProjectCV/CV_Image_pose_detection/Data/LLSP/annotation_cleaned/pose_sequences/stu8_54_sequence.npy,ok,1048,1036,0.9885496183206107,0.7659198045730591,
stu1_8.mp4,bench_pressing,valid,4,/content/drive/MyDrive/FinalProjectCV/CV_Image_pose_detection/Data/LLSP/annotation_cleaned/pose_features/stu1_8.npy,/content/drive/MyDrive/FinalProjectCV/CV_Image_pose_detection/Data/LLSP/annotation_cleaned/pose_sequences/stu1_8_sequence.npy,ok,599,579,0.9666110183639399,0.7085281610488892,
stu9_9.mp4,bench_pressing,valid,12,/content/drive/MyDrive/FinalProjectCV/CV_Image_pose_detection/Data/LLSP/annotation_cleaned/pose_features/stu9_9.npy,/content/drive/MyDrive/FinalProjectCV/CV_Image_pose_detection/Data/LLSP/annotation_cleaned/pose_sequences/stu9_9_sequence.npy,ok,1009,955,0.9464816650148662,0.6352679133415222,
stu7_24.mp4,jump_jacks,valid,40,/content/drive/MyDrive/FinalProjectCV/CV_Image_pose_detection/Data/LLSP/annotation_cleaned/pose_features/stu7_24.npy,/content/drive/MyDrive/FinalProjectCV/CV_Image_pose_detection/Data/LLSP/annotation_cleaned/pose_sequences/stu7_24_sequence.npy,ok,1212,1212,1.0,0.9510527849197388,
stu12_35.mp4,pommelhorse,valid,14,/content/drive/MyDrive/FinalProjectCV/CV_Image_pose_detection/Data/LLSP/annotation_cleaned/pose_features/stu12_35.npy,/content/drive/MyDrive/FinalProjectCV/CV_Image_pose_detection/Data/LLSP/annotation_cleaned/pose_sequences/stu12_35_sequence.npy,ok,324,323,0.9969135802469136,0.6782609224319458,
stu12_36.mp4,pommelhorse,valid,12,/content/drive/MyDrive/FinalProjectCV/CV_Image_pose_detection/Data/LLSP/annotation_cleaned/pose_features/stu12_36.npy,/content/drive/MyDrive/FinalProjectCV/CV_Image_pose_detection/Data/LLSP/annotation_cleaned/pose_sequences/stu12_36_sequence.npy,ok,848,809,0.9540094339622641,0.6453261375427246,
stu12_37.mp4,pommelhorse,valid,36,/content/drive/MyDrive/FinalProjectCV/CV_Image_pose_detection/Data/LLSP/annotation_cleaned/pose_features/stu12_37.npy,/content/drive/MyDrive/FinalProjectCV/CV_Image_pose_detection/Data/LLSP/annotation_cleaned/pose_sequences/stu12_37_sequence.npy,ok,797,770,0.9661229611041405,0.6124748587608337,
stu12_38.mp4,pommelhorse,valid,33,/content/drive/MyDrive/FinalProjectCV/CV_Image_pose_detection/Data/LLSP/annotation_cleaned/pose_features/stu12_38.npy,/content/drive/MyDrive/FinalProjectCV/CV_Image_pose_detection/Data/LLSP/annotation_cleaned/pose_sequences/stu12_38_sequence.npy,ok,749,741,0.9893190921228304,0.6406260132789612,
stu12_39.mp4,pommelhorse,valid,36,/content/drive/MyDrive/FinalProjectCV/CV_Image_pose_detection/Data/LLSP/annotation_cleaned/pose_features/stu12_39.npy,/content/drive/MyDrive/FinalProjectCV/CV_Image_pose_detection/Data/LLSP/annotation_cleaned/pose_sequences/stu12_39_sequence.npy,ok,978,967,0.9887525562372188,0.6779673099517822,
stu11_30.mp4,pommelhorse,valid,32,/content/drive/MyDrive/FinalProjectCV/CV_Image_pose_detection/Data/LLSP/annotation_cleaned/pose_features/stu11_30.npy,/content/drive/MyDrive/FinalProjectCV/CV_Image_pose_detection/Data/LLSP/annotation_cleaned/pose_sequences/stu11_30_sequence.npy,ok,967,949,0.9813857290589452,0.6442339420318604,
stu11_31.mp4,pommelhorse,valid,32,/content/drive/MyDrive/FinalProjectCV/CV_Image_pose_detection/Data/LLSP/annotation_cleaned/pose_features/stu11_31.npy,/content/drive/MyDrive/FinalProjectCV/CV_Image_pose_detection/Data/LLSP/annotation_cleaned/pose_sequences/stu11_31_sequence.npy,ok,823,807,0.9805589307411907,0.7520514130592346,
stu11_32.mp4,pommelhorse,valid,33,/content/drive/MyDrive/FinalProjectCV/CV_Image_pose_detection/Data/LLSP/annotation_cleaned/pose_features/stu11_32.npy,/content/drive/MyDrive/FinalProjectCV/CV_Image_pose_detection/Data/LLSP/annotation_cleaned/pose_sequences/stu11_32_sequence.npy,ok,821,810,0.9866017052375152,0.7255049347877502,
stu11_33.mp4,pommelhorse,valid,32,/content/drive/MyDrive/FinalProjectCV/CV_Image_pose_detection/Data/LLSP/annotation_cleaned/pose_features/stu11_33.npy,/content/drive/MyDrive/FinalProjectCV/CV_Image_pose_detection/Data/LLSP/annotation_cleaned/pose_sequences/stu11_33_sequence.npy,ok,680,664,0.9764705882352941,0.616755485534668,
stu11_34.mp4,pommelhorse,valid,35,/content/drive/MyDrive/FinalProjectCV/CV_Image_pose_detection/Data/LLSP/annotation_cleaned/pose_features/stu11_34.npy,/content/drive/MyDrive/FinalProjectCV/CV_Image_pose_detection/Data/LLSP/annotation_cleaned/pose_sequences/stu11_34_sequence.npy,ok,885,851,0.9615819209039548,0.638359010219574,
stu11_35.mp4,pommelhorse,valid,18,/content/drive/MyDrive/FinalProjectCV/CV_Image_pose_detection/Data/LLSP/annotation_cleaned/pose_features/stu11_35.npy,/content/drive/MyDrive/FinalProjectCV/CV_Image_pose_detection/Data/LLSP/annotation_cleaned/pose_sequences/stu11_35_sequence.npy,ok,570,527,0.9245614035087719,0.6228387355804443,
stu11_36.mp4,pommelhorse,valid,35,/content/drive/MyDrive/FinalProjectCV/CV_Image_pose_detection/Data/LLSP/annotation_cleaned/pose_features/stu11_36.npy,/content/drive/MyDrive/FinalProjectCV/CV_Image_pose_detection/Data/LLSP/annotation_cleaned/pose_sequences/stu11_36_sequence.npy,ok,909,895,0.9845984598459846,0.664295494556427,
stu11_37.mp4,pommelhorse,valid,23,/content/drive/MyDrive/FinalProjectCV/CV_Image_pose_detection/Data/LLSP/annotation_cleaned/pose_features/stu11_37.npy,/content/drive/MyDrive/FinalProjectCV/CV_Image_pose_detection/Data/LLSP/annotation_cleaned/pose_sequences/stu11_37_sequence.npy,ok,686,663,0.9664723032069971,0.654818594455719,
stu11_38.mp4,pommelhorse,valid,39,/content/drive/MyDrive/FinalProjectCV/CV_Image_pose_detection/Data/LLSP/annotation_cleaned/pose_features/stu11_38.npy,/content/drive/MyDrive/FinalProjectCV/CV_Image_pose_detection/Data/LLSP/annotation_cleaned/pose_sequences/stu11_38_sequence.npy,ok,672,662,0.9851190476190477,0.6219052672386169,
stu11_39.mp4,pommelhorse,valid,32,/content/drive/MyDrive/FinalProjectCV/CV_Image_pose_detection/Data/LLSP/annotation_cleaned/pose_features/stu11_39.npy,/content/drive/MyDrive/FinalProjectCV/CV_Image_pose_detection/Data/LLSP/annotation_cleaned/pose_sequences/stu11_39_sequence.npy,ok,780,772,0.9897435897435898,0.6548048853874207,
