name,sequence_path,type,split,count
train3344.mp4,/content/drive/MyDrive/FinalProjectCV/CV_Image_pose_detection/Data/LLSP/annotation_cleaned/pose_sequences/train3344_sequence.npy,sit_up,test,14
stu8_42.mp4,/content/drive/MyDrive/FinalProjectCV/CV_Image_pose_detection/Data/LLSP/annotation_cleaned/pose_sequences/stu8_42_sequence.npy,push_up,test,6
stu2_39.mp4,/content/drive/MyDrive/FinalProjectCV/CV_Image_pose_detection/Data/LLSP/annotation_cleaned/pose_sequences/stu2_39_sequence.npy,pull_up,test,6
train151.mp4,/content/drive/MyDrive/FinalProjectCV/CV_Image_pose_detection/Data/LLSP/annotation_cleaned/pose_sequences/train151_sequence.npy,bench_pressing,test,3
train1615.mp4,/content/drive/MyDrive/FinalProjectCV/CV_Image_pose_detection/Data/LLSP/annotation_cleaned/pose_sequences/train1615_sequence.npy,jump_jacks,test,10
train2737.mp4,/content/drive/MyDrive/FinalProjectCV/CV_Image_pose_detection/Data/LLSP/annotation_cleaned/pose_sequences/train2737_sequence.npy,push_up,test,3
stu3_53.mp4,/content/drive/MyDrive/FinalProjectCV/CV_Image_pose_detection/Data/LLSP/annotation_cleaned/pose_sequences/stu3_53_sequence.npy,sit_up,test,11
stu5_23.mp4,/content/drive/MyDrive/FinalProjectCV/CV_Image_pose_detection/Data/LLSP/annotation_cleaned/pose_sequences/stu5_23_sequence.npy,jump_jacks,test,52
val1244.mp4,/content/drive/MyDrive/FinalProjectCV/CV_Image_pose_detection/Data/LLSP/annotation_cleaned/pose_sequences/val1244_sequence.npy,squat,test,1
train143.mp4,/content/drive/MyDrive/FinalProjectCV/CV_Image_pose_detection/Data/LLSP/annotation_cleaned/pose_sequences/train143_sequence.npy,bench_pressing,test,0
stu9_57.mp4,/content/drive/MyDrive/FinalProjectCV/CV_Image_pose_detection/Data/LLSP/annotation_cleaned/pose_sequences/stu9_57_sequence.npy,sit_up,test,43
val1257.mp4,/content/drive/MyDrive/FinalProjectCV/CV_Image_pose_detection/Data/LLSP/annotation_cleaned/pose_sequences/val1257_sequence.npy,squat,test,2
stu4_5.mp4,/content/drive/MyDrive/FinalProjectCV/CV_Image_pose_detection/Data/LLSP/annotation_cleaned/pose_sequences/stu4_5_sequence.npy,bench_pressing,test,51
stu10_17.mp4,/content/drive/MyDrive/FinalProjectCV/CV_Image_pose_detection/Data/LLSP/annotation_cleaned/pose_sequences/stu10_17_sequence.npy,front_raise,test,11
stu4_27.mp4,/content/drive/MyDrive/FinalProjectCV/CV_Image_pose_detection/Data/LLSP/annotation_cleaned/pose_sequences/stu4_27_sequence.npy,jump_jacks,test,56
test135.mp4,/content/drive/MyDrive/FinalProjectCV/CV_Image_pose_detection/Data/LLSP/annotation_cleaned/pose_sequences/test135_sequence.npy,bench_pressing,test,4
stu7_4.mp4,/content/drive/MyDrive/FinalProjectCV/CV_Image_pose_detection/Data/LLSP/annotation_cleaned/pose_sequences/stu7_4_sequence.npy,bench_pressing,test,8
stu7_45.mp4,/content/drive/MyDrive/FinalProjectCV/CV_Image_pose_detection/Data/LLSP/annotation_cleaned/pose_sequences/stu7_45_sequence.npy,push_up,test,3
stu9_64.mp4,/content/drive/MyDrive/FinalProjectCV/CV_Image_pose_detection/Data/LLSP/annotation_cleaned/pose_sequences/stu9_64_sequence.npy,squat,test,14
stu9_52.mp4,/content/drive/MyDrive/FinalProjectCV/CV_Image_pose_detection/Data/LLSP/annotation_cleaned/pose_sequences/stu9_52_sequence.npy,push_up,test,57
stu1_27.mp4,/content/drive/MyDrive/FinalProjectCV/CV_Image_pose_detection/Data/LLSP/annotation_cleaned/pose_sequences/stu1_27_sequence.npy,jump_jacks,test,7
stu10_24.mp4,/content/drive/MyDrive/FinalProjectCV/CV_Image_pose_detection/Data/LLSP/annotation_cleaned/pose_sequences/stu10_24_sequence.npy,front_raise,test,14
stu10_25.mp4,/content/drive/MyDrive/FinalProjectCV/CV_Image_pose_detection/Data/LLSP/annotation_cleaned/pose_sequences/stu10_25_sequence.npy,jump_jacks,test,7
stu9_48.mp4,/content/drive/MyDrive/FinalProjectCV/CV_Image_pose_detection/Data/LLSP/annotation_cleaned/pose_sequences/stu9_48_sequence.npy,push_up,test,27
stu10_48.mp4,/content/drive/MyDrive/FinalProjectCV/CV_Image_pose_detection/Data/LLSP/annotation_cleaned/pose_sequences/stu10_48_sequence.npy,push_up,test,5
train2508.mp4,/content/drive/MyDrive/FinalProjectCV/CV_Image_pose_detection/Data/LLSP/annotation_cleaned/pose_sequences/train2508_sequence.npy,pull_up,test,4
stu10_36.mp4,/content/drive/MyDrive/FinalProjectCV/CV_Image_pose_detection/Data/LLSP/annotation_cleaned/pose_sequences/stu10_36_sequence.npy,pull_up,test,29
stu6_63.mp4,/content/drive/MyDrive/FinalProjectCV/CV_Image_pose_detection/Data/LLSP/annotation_cleaned/pose_sequences/stu6_63_sequence.npy,squat,test,17
stu4_69.mp4,/content/drive/MyDrive/FinalProjectCV/CV_Image_pose_detection/Data/LLSP/annotation_cleaned/pose_sequences/stu4_69_sequence.npy,squat,test,2
stu3_31.mp4,/content/drive/MyDrive/FinalProjectCV/CV_Image_pose_detection/Data/LLSP/annotation_cleaned/pose_sequences/stu3_31_sequence.npy,jump_jacks,test,92
stu10_5.mp4,/content/drive/MyDrive/FinalProjectCV/CV_Image_pose_detection/Data/LLSP/annotation_cleaned/pose_sequences/stu10_5_sequence.npy,bench_pressing,test,16
stu5_47.mp4,/content/drive/MyDrive/FinalProjectCV/CV_Image_pose_detection/Data/LLSP/annotation_cleaned/pose_sequences/stu5_47_sequence.npy,push_up,test,30
stu6_15.mp4,/content/drive/MyDrive/FinalProjectCV/CV_Image_pose_detection/Data/LLSP/annotation_cleaned/pose_sequences/stu6_15_sequence.npy,jump_jacks,test,12
stu8_70.mp4,/content/drive/MyDrive/FinalProjectCV/CV_Image_pose_detection/Data/LLSP/annotation_cleaned/pose_sequences/stu8_70_sequence.npy,squat,test,4
stu8_38.mp4,/content/drive/MyDrive/FinalProjectCV/CV_Image_pose_detection/Data/LLSP/annotation_cleaned/pose_sequences/stu8_38_sequence.npy,pull_up,test,16
stu4_64.mp4,/content/drive/MyDrive/FinalProjectCV/CV_Image_pose_detection/Data/LLSP/annotation_cleaned/pose_sequences/stu4_64_sequence.npy,squat,test,14
stu5_62.mp4,/content/drive/MyDrive/FinalProjectCV/CV_Image_pose_detection/Data/LLSP/annotation_cleaned/pose_sequences/stu5_62_sequence.npy,squat,test,32
stu10_1.mp4,/content/drive/MyDrive/FinalProjectCV/CV_Image_pose_detection/Data/LLSP/annotation_cleaned/pose_sequences/stu10_1_sequence.npy,bench_pressing,test,2
stu7_35.mp4,/content/drive/MyDrive/FinalProjectCV/CV_Image_pose_detection/Data/LLSP/annotation_cleaned/pose_sequences/stu7_35_sequence.npy,pull_up,test,22
stu2_55.mp4,/content/drive/MyDrive/FinalProjectCV/CV_Image_pose_detection/Data/LLSP/annotation_cleaned/pose_sequences/stu2_55_sequence.npy,sit_up,test,30
stu2_25.mp4,/content/drive/MyDrive/FinalProjectCV/CV_Image_pose_detection/Data/LLSP/annotation_cleaned/pose_sequences/stu2_25_sequence.npy,jump_jacks,test,58
stu6_30.mp4,/content/drive/MyDrive/FinalProjectCV/CV_Image_pose_detection/Data/LLSP/annotation_cleaned/pose_sequences/stu6_30_sequence.npy,pull_up,test,2
stu8_9.mp4,/content/drive/MyDrive/FinalProjectCV/CV_Image_pose_detection/Data/LLSP/annotation_cleaned/pose_sequences/stu8_9_sequence.npy,bench_pressing,test,28
stu8_12.mp4,/content/drive/MyDrive/FinalProjectCV/CV_Image_pose_detection/Data/LLSP/annotation_cleaned/pose_sequences/stu8_12_sequence.npy,bench_pressing,test,3
test538.mp4,/content/drive/MyDrive/FinalProjectCV/CV_Image_pose_detection/Data/LLSP/annotation_cleaned/pose_sequences/test538_sequence.npy,front_raise,test,5
stu5_18.mp4,/content/drive/MyDrive/FinalProjectCV/CV_Image_pose_detection/Data/LLSP/annotation_cleaned/pose_sequences/stu5_18_sequence.npy,jump_jacks,test,34
stu5_27.mp4,/content/drive/MyDrive/FinalProjectCV/CV_Image_pose_detection/Data/LLSP/annotation_cleaned/pose_sequences/stu5_27_sequence.npy,jump_jacks,test,14
stu7_8.mp4,/content/drive/MyDrive/FinalProjectCV/CV_Image_pose_detection/Data/LLSP/annotation_cleaned/pose_sequences/stu7_8_sequence.npy,bench_pressing,test,8
stu9_36.mp4,/content/drive/MyDrive/FinalProjectCV/CV_Image_pose_detection/Data/LLSP/annotation_cleaned/pose_sequences/stu9_36_sequence.npy,pull_up,test,11
stu1_40.mp4,/content/drive/MyDrive/FinalProjectCV/CV_Image_pose_detection/Data/LLSP/annotation_cleaned/pose_sequences/stu1_40_sequence.npy,pull_up,test,8
test536.mp4,/content/drive/MyDrive/FinalProjectCV/CV_Image_pose_detection/Data/LLSP/annotation_cleaned/pose_sequences/test536_sequence.npy,front_raise,test,6
stu4_63.mp4,/content/drive/MyDrive/FinalProjectCV/CV_Image_pose_detection/Data/LLSP/annotation_cleaned/pose_sequences/stu4_63_sequence.npy,squat,test,14
stu4_46.mp4,/content/drive/MyDrive/FinalProjectCV/CV_Image_pose_detection/Data/LLSP/annotation_cleaned/pose_sequences/stu4_46_sequence.npy,push_up,test,45
stu3_58.mp4,/content/drive/MyDrive/FinalProjectCV/CV_Image_pose_detection/Data/LLSP/annotation_cleaned/pose_sequences/stu3_58_sequence.npy,sit_up,test,42
stu7_30.mp4,/content/drive/MyDrive/FinalProjectCV/CV_Image_pose_detection/Data/LLSP/annotation_cleaned/pose_sequences/stu7_30_sequence.npy,jump_jacks,test,15
stu8_10.mp4,/content/drive/MyDrive/FinalProjectCV/CV_Image_pose_detection/Data/LLSP/annotation_cleaned/pose_sequences/stu8_10_sequence.npy,bench_pressing,test,11
stu5_12.mp4,/content/drive/MyDrive/FinalProjectCV/CV_Image_pose_detection/Data/LLSP/annotation_cleaned/pose_sequences/stu5_12_sequence.npy,front_raise,test,5
stu9_17.mp4,/content/drive/MyDrive/FinalProjectCV/CV_Image_pose_detection/Data/LLSP/annotation_cleaned/pose_sequences/stu9_17_sequence.npy,front_raise,test,15
train1665.mp4,/content/drive/MyDrive/FinalProjectCV/CV_Image_pose_detection/Data/LLSP/annotation_cleaned/pose_sequences/train1665_sequence.npy,jump_jacks,test,3
stu1_59.mp4,/content/drive/MyDrive/FinalProjectCV/CV_Image_pose_detection/Data/LLSP/annotation_cleaned/pose_sequences/stu1_59_sequence.npy,sit_up,test,18
test2025.mp4,/content/drive/MyDrive/FinalProjectCV/CV_Image_pose_detection/Data/LLSP/annotation_cleaned/pose_sequences/test2025_sequence.npy,sit_up,test,5
stu10_6.mp4,/content/drive/MyDrive/FinalProjectCV/CV_Image_pose_detection/Data/LLSP/annotation_cleaned/pose_sequences/stu10_6_sequence.npy,bench_pressing,test,4
stu8_71.mp4,/content/drive/MyDrive/FinalProjectCV/CV_Image_pose_detection/Data/LLSP/annotation_cleaned/pose_sequences/stu8_71_sequence.npy,squat,test,4
stu7_52.mp4,/content/drive/MyDrive/FinalProjectCV/CV_Image_pose_detection/Data/LLSP/annotation_cleaned/pose_sequences/stu7_52_sequence.npy,sit_up,test,10
stu4_19.mp4,/content/drive/MyDrive/FinalProjectCV/CV_Image_pose_detection/Data/LLSP/annotation_cleaned/pose_sequences/stu4_19_sequence.npy,jump_jacks,test,32
stu3_10.mp4,/content/drive/MyDrive/FinalProjectCV/CV_Image_pose_detection/Data/LLSP/annotation_cleaned/pose_sequences/stu3_10_sequence.npy,front_raise,test,5
test2315.mp4,/content/drive/MyDrive/FinalProjectCV/CV_Image_pose_detection/Data/LLSP/annotation_cleaned/pose_sequences/test2315_sequence.npy,squat,test,3
stu8_45.mp4,/content/drive/MyDrive/FinalProjectCV/CV_Image_pose_detection/Data/LLSP/annotation_cleaned/pose_sequences/stu8_45_sequence.npy,push_up,test,11
test2320.mp4,/content/drive/MyDrive/FinalProjectCV/CV_Image_pose_detection/Data/LLSP/annotation_cleaned/pose_sequences/test2320_sequence.npy,squat,test,4
stu4_29.mp4,/content/drive/MyDrive/FinalProjectCV/CV_Image_pose_detection/Data/LLSP/annotation_cleaned/pose_sequences/stu4_29_sequence.npy,pull_up,test,5
stu9_47.mp4,/content/drive/MyDrive/FinalProjectCV/CV_Image_pose_detection/Data/LLSP/annotation_cleaned/pose_sequences/stu9_47_sequence.npy,push_up,test,2
val579.mp4,/content/drive/MyDrive/FinalProjectCV/CV_Image_pose_detection/Data/LLSP/annotation_cleaned/pose_sequences/val579_sequence.npy,jump_jacks,test,3
stu2_62.mp4,/content/drive/MyDrive/FinalProjectCV/CV_Image_pose_detection/Data/LLSP/annotation_cleaned/pose_sequences/stu2_62_sequence.npy,sit_up,test,19
stu6_68.mp4,/content/drive/MyDrive/FinalProjectCV/CV_Image_pose_detection/Data/LLSP/annotation_cleaned/pose_sequences/stu6_68_sequence.npy,squat,test,6
stu2_34.mp4,/content/drive/MyDrive/FinalProjectCV/CV_Image_pose_detection/Data/LLSP/annotation_cleaned/pose_sequences/stu2_34_sequence.npy,pull_up,test,17
stu10_43.mp4,/content/drive/MyDrive/FinalProjectCV/CV_Image_pose_detection/Data/LLSP/annotation_cleaned/pose_sequences/stu10_43_sequence.npy,push_up,test,17
test2021.mp4,/content/drive/MyDrive/FinalProjectCV/CV_Image_pose_detection/Data/LLSP/annotation_cleaned/pose_sequences/test2021_sequence.npy,sit_up,test,3
stu3_28.mp4,/content/drive/MyDrive/FinalProjectCV/CV_Image_pose_detection/Data/LLSP/annotation_cleaned/pose_sequences/stu3_28_sequence.npy,jump_jacks,test,30
stu9_71.mp4,/content/drive/MyDrive/FinalProjectCV/CV_Image_pose_detection/Data/LLSP/annotation_cleaned/pose_sequences/stu9_71_sequence.npy,squat,test,1
stu2_5.mp4,/content/drive/MyDrive/FinalProjectCV/CV_Image_pose_detection/Data/LLSP/annotation_cleaned/pose_sequences/stu2_5_sequence.npy,bench_pressing,test,3
stu9_45.mp4,/content/drive/MyDrive/FinalProjectCV/CV_Image_pose_detection/Data/LLSP/annotation_cleaned/pose_sequences/stu9_45_sequence.npy,pull_up,test,12
stu4_12.mp4,/content/drive/MyDrive/FinalProjectCV/CV_Image_pose_detection/Data/LLSP/annotation_cleaned/pose_sequences/stu4_12_sequence.npy,front_raise,test,4
stu6_22.mp4,/content/drive/MyDrive/FinalProjectCV/CV_Image_pose_detection/Data/LLSP/annotation_cleaned/pose_sequences/stu6_22_sequence.npy,jump_jacks,test,64
stu7_17.mp4,/content/drive/MyDrive/FinalProjectCV/CV_Image_pose_detection/Data/LLSP/annotation_cleaned/pose_sequences/stu7_17_sequence.npy,front_raise,test,5
stu3_5.mp4,/content/drive/MyDrive/FinalProjectCV/CV_Image_pose_detection/Data/LLSP/annotation_cleaned/pose_sequences/stu3_5_sequence.npy,bench_pressing,test,33
stu5_32.mp4,/content/drive/MyDrive/FinalProjectCV/CV_Image_pose_detection/Data/LLSP/annotation_cleaned/pose_sequences/stu5_32_sequence.npy,pull_up,test,30
stu9_31.mp4,/content/drive/MyDrive/FinalProjectCV/CV_Image_pose_detection/Data/LLSP/annotation_cleaned/pose_sequences/stu9_31_sequence.npy,jump_jacks,test,7
stu6_42.mp4,/content/drive/MyDrive/FinalProjectCV/CV_Image_pose_detection/Data/LLSP/annotation_cleaned/pose_sequences/stu6_42_sequence.npy,push_up,test,8
stu7_13.mp4,/content/drive/MyDrive/FinalProjectCV/CV_Image_pose_detection/Data/LLSP/annotation_cleaned/pose_sequences/stu7_13_sequence.npy,bench_pressing,test,11
stu6_65.mp4,/content/drive/MyDrive/FinalProjectCV/CV_Image_pose_detection/Data/LLSP/annotation_cleaned/pose_sequences/stu6_65_sequence.npy,squat,test,19
stu3_20.mp4,/content/drive/MyDrive/FinalProjectCV/CV_Image_pose_detection/Data/LLSP/annotation_cleaned/pose_sequences/stu3_20_sequence.npy,jump_jacks,test,17
stu5_68.mp4,/content/drive/MyDrive/FinalProjectCV/CV_Image_pose_detection/Data/LLSP/annotation_cleaned/pose_sequences/stu5_68_sequence.npy,squat,test,20
stu8_28.mp4,/content/drive/MyDrive/FinalProjectCV/CV_Image_pose_detection/Data/LLSP/annotation_cleaned/pose_sequences/stu8_28_sequence.npy,jump_jacks,test,7
stu6_24.mp4,/content/drive/MyDrive/FinalProjectCV/CV_Image_pose_detection/Data/LLSP/annotation_cleaned/pose_sequences/stu6_24_sequence.npy,jump_jacks,test,26
stu6_39.mp4,/content/drive/MyDrive/FinalProjectCV/CV_Image_pose_detection/Data/LLSP/annotation_cleaned/pose_sequences/stu6_39_sequence.npy,push_up,test,29
stu3_57.mp4,/content/drive/MyDrive/FinalProjectCV/CV_Image_pose_detection/Data/LLSP/annotation_cleaned/pose_sequences/stu3_57_sequence.npy,sit_up,test,19
train2659.mp4,/content/drive/MyDrive/FinalProjectCV/CV_Image_pose_detection/Data/LLSP/annotation_cleaned/pose_sequences/train2659_sequence.npy,push_up,test,4
stu8_11.mp4,/content/drive/MyDrive/FinalProjectCV/CV_Image_pose_detection/Data/LLSP/annotation_cleaned/pose_sequences/stu8_11_sequence.npy,bench_pressing,test,9
stu3_25.mp4,/content/drive/MyDrive/FinalProjectCV/CV_Image_pose_detection/Data/LLSP/annotation_cleaned/pose_sequences/stu3_25_sequence.npy,jump_jacks,test,45
stu10_19.mp4,/content/drive/MyDrive/FinalProjectCV/CV_Image_pose_detection/Data/LLSP/annotation_cleaned/pose_sequences/stu10_19_sequence.npy,front_raise,test,8
stu8_25.mp4,/content/drive/MyDrive/FinalProjectCV/CV_Image_pose_detection/Data/LLSP/annotation_cleaned/pose_sequences/stu8_25_sequence.npy,jump_jacks,test,32
stu3_39.mp4,/content/drive/MyDrive/FinalProjectCV/CV_Image_pose_detection/Data/LLSP/annotation_cleaned/pose_sequences/stu3_39_sequence.npy,pull_up,test,14
train2534.mp4,/content/drive/MyDrive/FinalProjectCV/CV_Image_pose_detection/Data/LLSP/annotation_cleaned/pose_sequences/train2534_sequence.npy,pull_up,test,2
stu1_30.mp4,/content/drive/MyDrive/FinalProjectCV/CV_Image_pose_detection/Data/LLSP/annotation_cleaned/pose_sequences/stu1_30_sequence.npy,pull_up,test,2
stu2_65.mp4,/content/drive/MyDrive/FinalProjectCV/CV_Image_pose_detection/Data/LLSP/annotation_cleaned/pose_sequences/stu2_65_sequence.npy,sit_up,test,8
train3335.mp4,/content/drive/MyDrive/FinalProjectCV/CV_Image_pose_detection/Data/LLSP/annotation_cleaned/pose_sequences/train3335_sequence.npy,sit_up,test,1
stu1_60.mp4,/content/drive/MyDrive/FinalProjectCV/CV_Image_pose_detection/Data/LLSP/annotation_cleaned/pose_sequences/stu1_60_sequence.npy,sit_up,test,12
test534.mp4,/content/drive/MyDrive/FinalProjectCV/CV_Image_pose_detection/Data/LLSP/annotation_cleaned/pose_sequences/test534_sequence.npy,front_raise,test,3
stu10_60.mp4,/content/drive/MyDrive/FinalProjectCV/CV_Image_pose_detection/Data/LLSP/annotation_cleaned/pose_sequences/stu10_60_sequence.npy,sit_up,test,6
stu6_13.mp4,/content/drive/MyDrive/FinalProjectCV/CV_Image_pose_detection/Data/LLSP/annotation_cleaned/pose_sequences/stu6_13_sequence.npy,front_raise,test,9
stu6_23.mp4,/content/drive/MyDrive/FinalProjectCV/CV_Image_pose_detection/Data/LLSP/annotation_cleaned/pose_sequences/stu6_23_sequence.npy,jump_jacks,test,34
stu8_23.mp4,/content/drive/MyDrive/FinalProjectCV/CV_Image_pose_detection/Data/LLSP/annotation_cleaned/pose_sequences/stu8_23_sequence.npy,front_raise,test,3
stu4_68.mp4,/content/drive/MyDrive/FinalProjectCV/CV_Image_pose_detection/Data/LLSP/annotation_cleaned/pose_sequences/stu4_68_sequence.npy,squat,test,5
stu9_34.mp4,/content/drive/MyDrive/FinalProjectCV/CV_Image_pose_detection/Data/LLSP/annotation_cleaned/pose_sequences/stu9_34_sequence.npy,jump_jacks,test,8
test1454.mp4,/content/drive/MyDrive/FinalProjectCV/CV_Image_pose_detection/Data/LLSP/annotation_cleaned/pose_sequences/test1454_sequence.npy,pull_up,test,6
stu3_55.mp4,/content/drive/MyDrive/FinalProjectCV/CV_Image_pose_detection/Data/LLSP/annotation_cleaned/pose_sequences/stu3_55_sequence.npy,sit_up,test,6
stu5_55.mp4,/content/drive/MyDrive/FinalProjectCV/CV_Image_pose_detection/Data/LLSP/annotation_cleaned/pose_sequences/stu5_55_sequence.npy,sit_up,test,4
train3899.mp4,/content/drive/MyDrive/FinalProjectCV/CV_Image_pose_detection/Data/LLSP/annotation_cleaned/pose_sequences/train3899_sequence.npy,squat,test,2
stu6_3.mp4,/content/drive/MyDrive/FinalProjectCV/CV_Image_pose_detection/Data/LLSP/annotation_cleaned/pose_sequences/stu6_3_sequence.npy,bench_pressing,test,13
test539.mp4,/content/drive/MyDrive/FinalProjectCV/CV_Image_pose_detection/Data/LLSP/annotation_cleaned/pose_sequences/test539_sequence.npy,front_raise,test,2
stu2_14.mp4,/content/drive/MyDrive/FinalProjectCV/CV_Image_pose_detection/Data/LLSP/annotation_cleaned/pose_sequences/stu2_14_sequence.npy,front_raise,test,7
stu2_36.mp4,/content/drive/MyDrive/FinalProjectCV/CV_Image_pose_detection/Data/LLSP/annotation_cleaned/pose_sequences/stu2_36_sequence.npy,pull_up,test,5
stu8_58.mp4,/content/drive/MyDrive/FinalProjectCV/CV_Image_pose_detection/Data/LLSP/annotation_cleaned/pose_sequences/stu8_58_sequence.npy,sit_up,test,3
stu8_49.mp4,/content/drive/MyDrive/FinalProjectCV/CV_Image_pose_detection/Data/LLSP/annotation_cleaned/pose_sequences/stu8_49_sequence.npy,sit_up,test,9
stu9_29.mp4,/content/drive/MyDrive/FinalProjectCV/CV_Image_pose_detection/Data/LLSP/annotation_cleaned/pose_sequences/stu9_29_sequence.npy,jump_jacks,test,43
stu2_37.mp4,/content/drive/MyDrive/FinalProjectCV/CV_Image_pose_detection/Data/LLSP/annotation_cleaned/pose_sequences/stu2_37_sequence.npy,pull_up,test,17
stu7_10.mp4,/content/drive/MyDrive/FinalProjectCV/CV_Image_pose_detection/Data/LLSP/annotation_cleaned/pose_sequences/stu7_10_sequence.npy,bench_pressing,test,8
stu3_15.mp4,/content/drive/MyDrive/FinalProjectCV/CV_Image_pose_detection/Data/LLSP/annotation_cleaned/pose_sequences/stu3_15_sequence.npy,front_raise,test,4
stu3_18.mp4,/content/drive/MyDrive/FinalProjectCV/CV_Image_pose_detection/Data/LLSP/annotation_cleaned/pose_sequences/stu3_18_sequence.npy,front_raise,test,16
stu5_16.mp4,/content/drive/MyDrive/FinalProjectCV/CV_Image_pose_detection/Data/LLSP/annotation_cleaned/pose_sequences/stu5_16_sequence.npy,front_raise,test,10
stu8_34.mp4,/content/drive/MyDrive/FinalProjectCV/CV_Image_pose_detection/Data/LLSP/annotation_cleaned/pose_sequences/stu8_34_sequence.npy,jump_jacks,test,5
stu8_57.mp4,/content/drive/MyDrive/FinalProjectCV/CV_Image_pose_detection/Data/LLSP/annotation_cleaned/pose_sequences/stu8_57_sequence.npy,sit_up,test,7
stu8_46.mp4,/content/drive/MyDrive/FinalProjectCV/CV_Image_pose_detection/Data/LLSP/annotation_cleaned/pose_sequences/stu8_46_sequence.npy,push_up,test,19
stu4_47.mp4,/content/drive/MyDrive/FinalProjectCV/CV_Image_pose_detection/Data/LLSP/annotation_cleaned/pose_sequences/stu4_47_sequence.npy,push_up,test,37
stu2_6.mp4,/content/drive/MyDrive/FinalProjectCV/CV_Image_pose_detection/Data/LLSP/annotation_cleaned/pose_sequences/stu2_6_sequence.npy,bench_pressing,test,4
stu1_36.mp4,/content/drive/MyDrive/FinalProjectCV/CV_Image_pose_detection/Data/LLSP/annotation_cleaned/pose_sequences/stu1_36_sequence.npy,pull_up,test,9
stu13_30.mp4,/content/drive/MyDrive/FinalProjectCV/CV_Image_pose_detection/Data/LLSP/annotation_cleaned/pose_sequences/stu13_30_sequence.npy,pommelhorse,test,29
stu13_31.mp4,/content/drive/MyDrive/FinalProjectCV/CV_Image_pose_detection/Data/LLSP/annotation_cleaned/pose_sequences/stu13_31_sequence.npy,pommelhorse,test,41
stu13_32.mp4,/content/drive/MyDrive/FinalProjectCV/CV_Image_pose_detection/Data/LLSP/annotation_cleaned/pose_sequences/stu13_32_sequence.npy,pommelhorse,test,10
stu13_33.mp4,/content/drive/MyDrive/FinalProjectCV/CV_Image_pose_detection/Data/LLSP/annotation_cleaned/pose_sequences/stu13_33_sequence.npy,pommelhorse,test,33
stu13_34.mp4,/content/drive/MyDrive/FinalProjectCV/CV_Image_pose_detection/Data/LLSP/annotation_cleaned/pose_sequences/stu13_34_sequence.npy,pommelhorse,test,13
stu13_35.mp4,/content/drive/MyDrive/FinalProjectCV/CV_Image_pose_detection/Data/LLSP/annotation_cleaned/pose_sequences/stu13_35_sequence.npy,pommelhorse,test,33
stu13_36.mp4,/content/drive/MyDrive/FinalProjectCV/CV_Image_pose_detection/Data/LLSP/annotation_cleaned/pose_sequences/stu13_36_sequence.npy,pommelhorse,test,31
stu13_37.mp4,/content/drive/MyDrive/FinalProjectCV/CV_Image_pose_detection/Data/LLSP/annotation_cleaned/pose_sequences/stu13_37_sequence.npy,pommelhorse,test,37
stu13_38.mp4,/content/drive/MyDrive/FinalProjectCV/CV_Image_pose_detection/Data/LLSP/annotation_cleaned/pose_sequences/stu13_38_sequence.npy,pommelhorse,test,34
stu13_39.mp4,/content/drive/MyDrive/FinalProjectCV/CV_Image_pose_detection/Data/LLSP/annotation_cleaned/pose_sequences/stu13_39_sequence.npy,pommelhorse,test,32
stu12_30.mp4,/content/drive/MyDrive/FinalProjectCV/CV_Image_pose_detection/Data/LLSP/annotation_cleaned/pose_sequences/stu12_30_sequence.npy,pommelhorse,test,25
stu12_31.mp4,/content/drive/MyDrive/FinalProjectCV/CV_Image_pose_detection/Data/LLSP/annotation_cleaned/pose_sequences/stu12_31_sequence.npy,pommelhorse,test,32
stu12_32.mp4,/content/drive/MyDrive/FinalProjectCV/CV_Image_pose_detection/Data/LLSP/annotation_cleaned/pose_sequences/stu12_32_sequence.npy,pommelhorse,test,35
stu12_33.mp4,/content/drive/MyDrive/FinalProjectCV/CV_Image_pose_detection/Data/LLSP/annotation_cleaned/pose_sequences/stu12_33_sequence.npy,pommelhorse,test,27
stu12_34.mp4,/content/drive/MyDrive/FinalProjectCV/CV_Image_pose_detection/Data/LLSP/annotation_cleaned/pose_sequences/stu12_34_sequence.npy,pommelhorse,test,26
train951.mp4,/content/drive/MyDrive/FinalProjectCV/CV_Image_pose_detection/Data/LLSP/annotation_cleaned/pose_sequences/train951_sequence.npy,front_raise,train,4
train952.mp4,/content/drive/MyDrive/FinalProjectCV/CV_Image_pose_detection/Data/LLSP/annotation_cleaned/pose_sequences/train952_sequence.npy,front_raise,train,10
test1463.mp4,/content/drive/MyDrive/FinalProjectCV/CV_Image_pose_detection/Data/LLSP/annotation_cleaned/pose_sequences/test1463_sequence.npy,pull_up,train,7
test2340.mp4,/content/drive/MyDrive/FinalProjectCV/CV_Image_pose_detection/Data/LLSP/annotation_cleaned/pose_sequences/test2340_sequence.npy,squat,train,4
stu5_11.mp4,/content/drive/MyDrive/FinalProjectCV/CV_Image_pose_detection/Data/LLSP/annotation_cleaned/pose_sequences/stu5_11_sequence.npy,front_raise,train,6
stu9_2.mp4,/content/drive/MyDrive/FinalProjectCV/CV_Image_pose_detection/Data/LLSP/annotation_cleaned/pose_sequences/stu9_2_sequence.npy,bench_pressing,train,3
stu6_18.mp4,/content/drive/MyDrive/FinalProjectCV/CV_Image_pose_detection/Data/LLSP/annotation_cleaned/pose_sequences/stu6_18_sequence.npy,jump_jacks,train,11
stu4_14.mp4,/content/drive/MyDrive/FinalProjectCV/CV_Image_pose_detection/Data/LLSP/annotation_cleaned/pose_sequences/stu4_14_sequence.npy,front_raise,train,5
stu8_3.mp4,/content/drive/MyDrive/FinalProjectCV/CV_Image_pose_detection/Data/LLSP/annotation_cleaned/pose_sequences/stu8_3_sequence.npy,bench_pressing,train,9
stu4_54.mp4,/content/drive/MyDrive/FinalProjectCV/CV_Image_pose_detection/Data/LLSP/annotation_cleaned/pose_sequences/stu4_54_sequence.npy,sit_up,train,4
test128.mp4,/content/drive/MyDrive/FinalProjectCV/CV_Image_pose_detection/Data/LLSP/annotation_cleaned/pose_sequences/test128_sequence.npy,bench_pressing,train,2
stu4_66.mp4,/content/drive/MyDrive/FinalProjectCV/CV_Image_pose_detection/Data/LLSP/annotation_cleaned/pose_sequences/stu4_66_sequence.npy,squat,train,27
stu5_61.mp4,/content/drive/MyDrive/FinalProjectCV/CV_Image_pose_detection/Data/LLSP/annotation_cleaned/pose_sequences/stu5_61_sequence.npy,sit_up,train,2
stu6_35.mp4,/content/drive/MyDrive/FinalProjectCV/CV_Image_pose_detection/Data/LLSP/annotation_cleaned/pose_sequences/stu6_35_sequence.npy,pull_up,train,5
val77.mp4,/content/drive/MyDrive/FinalProjectCV/CV_Image_pose_detection/Data/LLSP/annotation_cleaned/pose_sequences/val77_sequence.npy,bench_pressing,train,3
stu9_63.mp4,/content/drive/MyDrive/FinalProjectCV/CV_Image_pose_detection/Data/LLSP/annotation_cleaned/pose_sequences/stu9_63_sequence.npy,squat,train,20
stu5_52.mp4,/content/drive/MyDrive/FinalProjectCV/CV_Image_pose_detection/Data/LLSP/annotation_cleaned/pose_sequences/stu5_52_sequence.npy,sit_up,train,4
stu2_35.mp4,/content/drive/MyDrive/FinalProjectCV/CV_Image_pose_detection/Data/LLSP/annotation_cleaned/pose_sequences/stu2_35_sequence.npy,pull_up,train,6
stu6_1.mp4,/content/drive/MyDrive/FinalProjectCV/CV_Image_pose_detection/Data/LLSP/annotation_cleaned/pose_sequences/stu6_1_sequence.npy,bench_pressing,train,5
stu7_57.mp4,/content/drive/MyDrive/FinalProjectCV/CV_Image_pose_detection/Data/LLSP/annotation_cleaned/pose_sequences/stu7_57_sequence.npy,sit_up,train,43
train133.mp4,/content/drive/MyDrive/FinalProjectCV/CV_Image_pose_detection/Data/LLSP/annotation_cleaned/pose_sequences/train133_sequence.npy,bench_pressing,train,10
stu7_49.mp4,/content/drive/MyDrive/FinalProjectCV/CV_Image_pose_detection/Data/LLSP/annotation_cleaned/pose_sequences/stu7_49_sequence.npy,push_up,train,50
stu9_51.mp4,/content/drive/MyDrive/FinalProjectCV/CV_Image_pose_detection/Data/LLSP/annotation_cleaned/pose_sequences/stu9_51_sequence.npy,push_up,train,62
train3301.mp4,/content/drive/MyDrive/FinalProjectCV/CV_Image_pose_detection/Data/LLSP/annotation_cleaned/pose_sequences/train3301_sequence.npy,sit_up,train,4
stu10_50.mp4,/content/drive/MyDrive/FinalProjectCV/CV_Image_pose_detection/Data/LLSP/annotation_cleaned/pose_sequences/stu10_50_sequence.npy,push_up,train,31
stu8_35.mp4,/content/drive/MyDrive/FinalProjectCV/CV_Image_pose_detection/Data/LLSP/annotation_cleaned/pose_sequences/stu8_35_sequence.npy,pull_up,train,11
stu1_68.mp4,/content/drive/MyDrive/FinalProjectCV/CV_Image_pose_detection/Data/LLSP/annotation_cleaned/pose_sequences/stu1_68_sequence.npy,squat,train,20
train1605.mp4,/content/drive/MyDrive/FinalProjectCV/CV_Image_pose_detection/Data/LLSP/annotation_cleaned/pose_sequences/train1605_sequence.npy,jump_jacks,train,5
train940.mp4,/content/drive/MyDrive/FinalProjectCV/CV_Image_pose_detection/Data/LLSP/annotation_cleaned/pose_sequences/train940_sequence.npy,front_raise,train,5
stu7_34.mp4,/content/drive/MyDrive/FinalProjectCV/CV_Image_pose_detection/Data/LLSP/annotation_cleaned/pose_sequences/stu7_34_sequence.npy,jump_jacks,train,44
stu2_58.mp4,/content/drive/MyDrive/FinalProjectCV/CV_Image_pose_detection/Data/LLSP/annotation_cleaned/pose_sequences/stu2_58_sequence.npy,sit_up,train,37
stu4_50.mp4,/content/drive/MyDrive/FinalProjectCV/CV_Image_pose_detection/Data/LLSP/annotation_cleaned/pose_sequences/stu4_50_sequence.npy,sit_up,train,3
stu1_33.mp4,/content/drive/MyDrive/FinalProjectCV/CV_Image_pose_detection/Data/LLSP/annotation_cleaned/pose_sequences/stu1_33_sequence.npy,pull_up,train,28
stu9_22.mp4,/content/drive/MyDrive/FinalProjectCV/CV_Image_pose_detection/Data/LLSP/annotation_cleaned/pose_sequences/stu9_22_sequence.npy,front_raise,train,6
stu7_3.mp4,/content/drive/MyDrive/FinalProjectCV/CV_Image_pose_detection/Data/LLSP/annotation_cleaned/pose_sequences/stu7_3_sequence.npy,bench_pressing,train,12
stu1_14.mp4,/content/drive/MyDrive/FinalProjectCV/CV_Image_pose_detection/Data/LLSP/annotation_cleaned/pose_sequences/stu1_14_sequence.npy,front_raise,train,3
stu3_42.mp4,/content/drive/MyDrive/FinalProjectCV/CV_Image_pose_detection/Data/LLSP/annotation_cleaned/pose_sequences/stu3_42_sequence.npy,push_up,train,10
stu4_15.mp4,/content/drive/MyDrive/FinalProjectCV/CV_Image_pose_detection/Data/LLSP/annotation_cleaned/pose_sequences/stu4_15_sequence.npy,jump_jacks,train,16
stu6_62.mp4,/content/drive/MyDrive/FinalProjectCV/CV_Image_pose_detection/Data/LLSP/annotation_cleaned/pose_sequences/stu6_62_sequence.npy,squat,train,20
train987.mp4,/content/drive/MyDrive/FinalProjectCV/CV_Image_pose_detection/Data/LLSP/annotation_cleaned/pose_sequences/train987_sequence.npy,front_raise,train,7
stu8_64.mp4,/content/drive/MyDrive/FinalProjectCV/CV_Image_pose_detection/Data/LLSP/annotation_cleaned/pose_sequences/stu8_64_sequence.npy,squat,train,3
stu4_39.mp4,/content/drive/MyDrive/FinalProjectCV/CV_Image_pose_detection/Data/LLSP/annotation_cleaned/pose_sequences/stu4_39_sequence.npy,pull_up,train,1
stu2_40.mp4,/content/drive/MyDrive/FinalProjectCV/CV_Image_pose_detection/Data/LLSP/annotation_cleaned/pose_sequences/stu2_40_sequence.npy,pull_up,train,12
stu7_18.mp4,/content/drive/MyDrive/FinalProjectCV/CV_Image_pose_detection/Data/LLSP/annotation_cleaned/pose_sequences/stu7_18_sequence.npy,front_raise,train,5
train160.mp4,/content/drive/MyDrive/FinalProjectCV/CV_Image_pose_detection/Data/LLSP/annotation_cleaned/pose_sequences/train160_sequence.npy,bench_pressing,train,7
stu7_67.mp4,/content/drive/MyDrive/FinalProjectCV/CV_Image_pose_detection/Data/LLSP/annotation_cleaned/pose_sequences/stu7_67_sequence.npy,squat,train,29
train180.mp4,/content/drive/MyDrive/FinalProjectCV/CV_Image_pose_detection/Data/LLSP/annotation_cleaned/pose_sequences/train180_sequence.npy,bench_pressing,train,3
stu6_29.mp4,/content/drive/MyDrive/FinalProjectCV/CV_Image_pose_detection/Data/LLSP/annotation_cleaned/pose_sequences/stu6_29_sequence.npy,pull_up,train,5
stu10_46.mp4,/content/drive/MyDrive/FinalProjectCV/CV_Image_pose_detection/Data/LLSP/annotation_cleaned/pose_sequences/stu10_46_sequence.npy,push_up,train,11
stu6_33.mp4,/content/drive/MyDrive/FinalProjectCV/CV_Image_pose_detection/Data/LLSP/annotation_cleaned/pose_sequences/stu6_33_sequence.npy,pull_up,train,6
stu4_33.mp4,/content/drive/MyDrive/FinalProjectCV/CV_Image_pose_detection/Data/LLSP/annotation_cleaned/pose_sequences/stu4_33_sequence.npy,pull_up,train,6
stu3_65.mp4,/content/drive/MyDrive/FinalProjectCV/CV_Image_pose_detection/Data/LLSP/annotation_cleaned/pose_sequences/stu3_65_sequence.npy,squat,train,6
stu6_8.mp4,/content/drive/MyDrive/FinalProjectCV/CV_Image_pose_detection/Data/LLSP/annotation_cleaned/pose_sequences/stu6_8_sequence.npy,front_raise,train,6
stu1_41.mp4,/content/drive/MyDrive/FinalProjectCV/CV_Image_pose_detection/Data/LLSP/annotation_cleaned/pose_sequences/stu1_41_sequence.npy,pull_up,train,12
train2719.mp4,/content/drive/MyDrive/FinalProjectCV/CV_Image_pose_detection/Data/LLSP/annotation_cleaned/pose_sequences/train2719_sequence.npy,push_up,train,3
stu9_26.mp4,/content/drive/MyDrive/FinalProjectCV/CV_Image_pose_detection/Data/LLSP/annotation_cleaned/pose_sequences/stu9_26_sequence.npy,front_raise,train,3
stu7_60.mp4,/content/drive/MyDrive/FinalProjectCV/CV_Image_pose_detection/Data/LLSP/annotation_cleaned/pose_sequences/stu7_60_sequence.npy,sit_up,train,26
stu2_51.mp4,/content/drive/MyDrive/FinalProjectCV/CV_Image_pose_detection/Data/LLSP/annotation_cleaned/pose_sequences/stu2_51_sequence.npy,push_up,train,19
stu8_1.mp4,/content/drive/MyDrive/FinalProjectCV/CV_Image_pose_detection/Data/LLSP/annotation_cleaned/pose_sequences/stu8_1_sequence.npy,bench_pressing,train,3
stu10_64.mp4,/content/drive/MyDrive/FinalProjectCV/CV_Image_pose_detection/Data/LLSP/annotation_cleaned/pose_sequences/stu10_64_sequence.npy,squat,train,2
stu10_31.mp4,/content/drive/MyDrive/FinalProjectCV/CV_Image_pose_detection/Data/LLSP/annotation_cleaned/pose_sequences/stu10_31_sequence.npy,jump_jacks,train,10
train2712.mp4,/content/drive/MyDrive/FinalProjectCV/CV_Image_pose_detection/Data/LLSP/annotation_cleaned/pose_sequences/train2712_sequence.npy,push_up,train,6
stu1_22.mp4,/content/drive/MyDrive/FinalProjectCV/CV_Image_pose_detection/Data/LLSP/annotation_cleaned/pose_sequences/stu1_22_sequence.npy,jump_jacks,train,9
stu4_25.mp4,/content/drive/MyDrive/FinalProjectCV/CV_Image_pose_detection/Data/LLSP/annotation_cleaned/pose_sequences/stu4_25_sequence.npy,jump_jacks,train,6
stu3_61.mp4,/content/drive/MyDrive/FinalProjectCV/CV_Image_pose_detection/Data/LLSP/annotation_cleaned/pose_sequences/stu3_61_sequence.npy,squat,train,19
stu8_63.mp4,/content/drive/MyDrive/FinalProjectCV/CV_Image_pose_detection/Data/LLSP/annotation_cleaned/pose_sequences/stu8_63_sequence.npy,squat,train,26
stu2_20.mp4,/content/drive/MyDrive/FinalProjectCV/CV_Image_pose_detection/Data/LLSP/annotation_cleaned/pose_sequences/stu2_20_sequence.npy,front_raise,train,13
stu10_16.mp4,/content/drive/MyDrive/FinalProjectCV/CV_Image_pose_detection/Data/LLSP/annotation_cleaned/pose_sequences/stu10_16_sequence.npy,front_raise,train,6
stu10_53.mp4,/content/drive/MyDrive/FinalProjectCV/CV_Image_pose_detection/Data/LLSP/annotation_cleaned/pose_sequences/stu10_53_sequence.npy,push_up,train,23
val1089.mp4,/content/drive/MyDrive/FinalProjectCV/CV_Image_pose_detection/Data/LLSP/annotation_cleaned/pose_sequences/val1089_sequence.npy,sit_up,train,4
stu3_62.mp4,/content/drive/MyDrive/FinalProjectCV/CV_Image_pose_detection/Data/LLSP/annotation_cleaned/pose_sequences/stu3_62_sequence.npy,squat,train,13
stu8_56.mp4,/content/drive/MyDrive/FinalProjectCV/CV_Image_pose_detection/Data/LLSP/annotation_cleaned/pose_sequences/stu8_56_sequence.npy,sit_up,train,4
stu10_51.mp4,/content/drive/MyDrive/FinalProjectCV/CV_Image_pose_detection/Data/LLSP/annotation_cleaned/pose_sequences/stu10_51_sequence.npy,push_up,train,54
stu8_69.mp4,/content/drive/MyDrive/FinalProjectCV/CV_Image_pose_detection/Data/LLSP/annotation_cleaned/pose_sequences/stu8_69_sequence.npy,squat,train,19
stu7_63.mp4,/content/drive/MyDrive/FinalProjectCV/CV_Image_pose_detection/Data/LLSP/annotation_cleaned/pose_sequences/stu7_63_sequence.npy,squat,train,12
stu9_35.mp4,/content/drive/MyDrive/FinalProjectCV/CV_Image_pose_detection/Data/LLSP/annotation_cleaned/pose_sequences/stu9_35_sequence.npy,pull_up,train,5
stu8_44.mp4,/content/drive/MyDrive/FinalProjectCV/CV_Image_pose_detection/Data/LLSP/annotation_cleaned/pose_sequences/stu8_44_sequence.npy,push_up,train,22
train3319.mp4,/content/drive/MyDrive/FinalProjectCV/CV_Image_pose_detection/Data/LLSP/annotation_cleaned/pose_sequences/train3319_sequence.npy,sit_up,train,1
stu8_4.mp4,/content/drive/MyDrive/FinalProjectCV/CV_Image_pose_detection/Data/LLSP/annotation_cleaned/pose_sequences/stu8_4_sequence.npy,bench_pressing,train,6
stu3_44.mp4,/content/drive/MyDrive/FinalProjectCV/CV_Image_pose_detection/Data/LLSP/annotation_cleaned/pose_sequences/stu3_44_sequence.npy,push_up,train,11
stu7_64.mp4,/content/drive/MyDrive/FinalProjectCV/CV_Image_pose_detection/Data/LLSP/annotation_cleaned/pose_sequences/stu7_64_sequence.npy,squat,train,11
train2568.mp4,/content/drive/MyDrive/FinalProjectCV/CV_Image_pose_detection/Data/LLSP/annotation_cleaned/pose_sequences/train2568_sequence.npy,pull_up,train,3
train3386.mp4,/content/drive/MyDrive/FinalProjectCV/CV_Image_pose_detection/Data/LLSP/annotation_cleaned/pose_sequences/train3386_sequence.npy,sit_up,train,5
stu5_48.mp4,/content/drive/MyDrive/FinalProjectCV/CV_Image_pose_detection/Data/LLSP/annotation_cleaned/pose_sequences/stu5_48_sequence.npy,push_up,train,7
train2570.mp4,/content/drive/MyDrive/FinalProjectCV/CV_Image_pose_detection/Data/LLSP/annotation_cleaned/pose_sequences/train2570_sequence.npy,pull_up,train,4
test586.mp4,/content/drive/MyDrive/FinalProjectCV/CV_Image_pose_detection/Data/LLSP/annotation_cleaned/pose_sequences/test586_sequence.npy,front_raise,train,7
stu2_38.mp4,/content/drive/MyDrive/FinalProjectCV/CV_Image_pose_detection/Data/LLSP/annotation_cleaned/pose_sequences/stu2_38_sequence.npy,pull_up,train,8
stu5_56.mp4,/content/drive/MyDrive/FinalProjectCV/CV_Image_pose_detection/Data/LLSP/annotation_cleaned/pose_sequences/stu5_56_sequence.npy,sit_up,train,29
train3948.mp4,/content/drive/MyDrive/FinalProjectCV/CV_Image_pose_detection/Data/LLSP/annotation_cleaned/pose_sequences/train3948_sequence.npy,squat,train,2
stu5_30.mp4,/content/drive/MyDrive/FinalProjectCV/CV_Image_pose_detection/Data/LLSP/annotation_cleaned/pose_sequences/stu5_30_sequence.npy,pull_up,train,4
stu9_58.mp4,/content/drive/MyDrive/FinalProjectCV/CV_Image_pose_detection/Data/LLSP/annotation_cleaned/pose_sequences/stu9_58_sequence.npy,sit_up,train,16
stu1_20.mp4,/content/drive/MyDrive/FinalProjectCV/CV_Image_pose_detection/Data/LLSP/annotation_cleaned/pose_sequences/stu1_20_sequence.npy,front_raise,train,3
train3366.mp4,/content/drive/MyDrive/FinalProjectCV/CV_Image_pose_detection/Data/LLSP/annotation_cleaned/pose_sequences/train3366_sequence.npy,sit_up,train,2
train2501.mp4,/content/drive/MyDrive/FinalProjectCV/CV_Image_pose_detection/Data/LLSP/annotation_cleaned/pose_sequences/train2501_sequence.npy,pull_up,train,2
stu1_55.mp4,/content/drive/MyDrive/FinalProjectCV/CV_Image_pose_detection/Data/LLSP/annotation_cleaned/pose_sequences/stu1_55_sequence.npy,sit_up,train,5
stu3_9.mp4,/content/drive/MyDrive/FinalProjectCV/CV_Image_pose_detection/Data/LLSP/annotation_cleaned/pose_sequences/stu3_9_sequence.npy,front_raise,train,12
stu8_5.mp4,/content/drive/MyDrive/FinalProjectCV/CV_Image_pose_detection/Data/LLSP/annotation_cleaned/pose_sequences/stu8_5_sequence.npy,bench_pressing,train,47
stu4_61.mp4,/content/drive/MyDrive/FinalProjectCV/CV_Image_pose_detection/Data/LLSP/annotation_cleaned/pose_sequences/stu4_61_sequence.npy,squat,train,10
stu6_28.mp4,/content/drive/MyDrive/FinalProjectCV/CV_Image_pose_detection/Data/LLSP/annotation_cleaned/pose_sequences/stu6_28_sequence.npy,pull_up,train,13
val819.mp4,/content/drive/MyDrive/FinalProjectCV/CV_Image_pose_detection/Data/LLSP/annotation_cleaned/pose_sequences/val819_sequence.npy,pull_up,train,6
stu5_50.mp4,/content/drive/MyDrive/FinalProjectCV/CV_Image_pose_detection/Data/LLSP/annotation_cleaned/pose_sequences/stu5_50_sequence.npy,sit_up,train,1
stu2_28.mp4,/content/drive/MyDrive/FinalProjectCV/CV_Image_pose_detection/Data/LLSP/annotation_cleaned/pose_sequences/stu2_28_sequence.npy,jump_jacks,train,31
stu1_9.mp4,/content/drive/MyDrive/FinalProjectCV/CV_Image_pose_detection/Data/LLSP/annotation_cleaned/pose_sequences/stu1_9_sequence.npy,bench_pressing,train,10
stu8_59.mp4,/content/drive/MyDrive/FinalProjectCV/CV_Image_pose_detection/Data/LLSP/annotation_cleaned/pose_sequences/stu8_59_sequence.npy,squat,train,10
stu1_32.mp4,/content/drive/MyDrive/FinalProjectCV/CV_Image_pose_detection/Data/LLSP/annotation_cleaned/pose_sequences/stu1_32_sequence.npy,pull_up,train,8
stu7_14.mp4,/content/drive/MyDrive/FinalProjectCV/CV_Image_pose_detection/Data/LLSP/annotation_cleaned/pose_sequences/stu7_14_sequence.npy,bench_pressing,train,29
stu1_35.mp4,/content/drive/MyDrive/FinalProjectCV/CV_Image_pose_detection/Data/LLSP/annotation_cleaned/pose_sequences/stu1_35_sequence.npy,pull_up,train,35
stu1_0.mp4,/content/drive/MyDrive/FinalProjectCV/CV_Image_pose_detection/Data/LLSP/annotation_cleaned/pose_sequences/stu1_0_sequence.npy,battle_rope,train,4
stu6_58.mp4,/content/drive/MyDrive/FinalProjectCV/CV_Image_pose_detection/Data/LLSP/annotation_cleaned/pose_sequences/stu6_58_sequence.npy,squat,train,5
stu3_29.mp4,/content/drive/MyDrive/FinalProjectCV/CV_Image_pose_detection/Data/LLSP/annotation_cleaned/pose_sequences/stu3_29_sequence.npy,jump_jacks,train,28
stu2_63.mp4,/content/drive/MyDrive/FinalProjectCV/CV_Image_pose_detection/Data/LLSP/annotation_cleaned/pose_sequences/stu2_63_sequence.npy,sit_up,train,11
stu3_38.mp4,/content/drive/MyDrive/FinalProjectCV/CV_Image_pose_detection/Data/LLSP/annotation_cleaned/pose_sequences/stu3_38_sequence.npy,pull_up,train,9
stu8_40.mp4,/content/drive/MyDrive/FinalProjectCV/CV_Image_pose_detection/Data/LLSP/annotation_cleaned/pose_sequences/stu8_40_sequence.npy,push_up,train,4
stu5_20.mp4,/content/drive/MyDrive/FinalProjectCV/CV_Image_pose_detection/Data/LLSP/annotation_cleaned/pose_sequences/stu5_20_sequence.npy,jump_jacks,train,5
train156.mp4,/content/drive/MyDrive/FinalProjectCV/CV_Image_pose_detection/Data/LLSP/annotation_cleaned/pose_sequences/train156_sequence.npy,bench_pressing,train,3
stu4_21.mp4,/content/drive/MyDrive/FinalProjectCV/CV_Image_pose_detection/Data/LLSP/annotation_cleaned/pose_sequences/stu4_21_sequence.npy,jump_jacks,train,2
train2692.mp4,/content/drive/MyDrive/FinalProjectCV/CV_Image_pose_detection/Data/LLSP/annotation_cleaned/pose_sequences/train2692_sequence.npy,push_up,train,2
stu10_49.mp4,/content/drive/MyDrive/FinalProjectCV/CV_Image_pose_detection/Data/LLSP/annotation_cleaned/pose_sequences/stu10_49_sequence.npy,push_up,train,21
stu6_6.mp4,/content/drive/MyDrive/FinalProjectCV/CV_Image_pose_detection/Data/LLSP/annotation_cleaned/pose_sequences/stu6_6_sequence.npy,front_raise,train,9
stu1_11.mp4,/content/drive/MyDrive/FinalProjectCV/CV_Image_pose_detection/Data/LLSP/annotation_cleaned/pose_sequences/stu1_11_sequence.npy,bench_pressing,train,12
stu10_65.mp4,/content/drive/MyDrive/FinalProjectCV/CV_Image_pose_detection/Data/LLSP/annotation_cleaned/pose_sequences/stu10_65_sequence.npy,squat,train,4
stu7_40.mp4,/content/drive/MyDrive/FinalProjectCV/CV_Image_pose_detection/Data/LLSP/annotation_cleaned/pose_sequences/stu7_40_sequence.npy,pull_up,train,15
stu1_72.mp4,/content/drive/MyDrive/FinalProjectCV/CV_Image_pose_detection/Data/LLSP/annotation_cleaned/pose_sequences/stu1_72_sequence.npy,squat,train,21
stu6_70.mp4,/content/drive/MyDrive/FinalProjectCV/CV_Image_pose_detection/Data/LLSP/annotation_cleaned/pose_sequences/stu6_70_sequence.npy,squat,train,26
stu1_54.mp4,/content/drive/MyDrive/FinalProjectCV/CV_Image_pose_detection/Data/LLSP/annotation_cleaned/pose_sequences/stu1_54_sequence.npy,sit_up,train,7
stu2_43.mp4,/content/drive/MyDrive/FinalProjectCV/CV_Image_pose_detection/Data/LLSP/annotation_cleaned/pose_sequences/stu2_43_sequence.npy,pull_up,train,21
stu4_57.mp4,/content/drive/MyDrive/FinalProjectCV/CV_Image_pose_detection/Data/LLSP/annotation_cleaned/pose_sequences/stu4_57_sequence.npy,sit_up,train,31
stu9_28.mp4,/content/drive/MyDrive/FinalProjectCV/CV_Image_pose_detection/Data/LLSP/annotation_cleaned/pose_sequences/stu9_28_sequence.npy,jump_jacks,train,4
stu7_21.mp4,/content/drive/MyDrive/FinalProjectCV/CV_Image_pose_detection/Data/LLSP/annotation_cleaned/pose_sequences/stu7_21_sequence.npy,front_raise,train,7
stu8_41.mp4,/content/drive/MyDrive/FinalProjectCV/CV_Image_pose_detection/Data/LLSP/annotation_cleaned/pose_sequences/stu8_41_sequence.npy,push_up,train,22
stu4_34.mp4,/content/drive/MyDrive/FinalProjectCV/CV_Image_pose_detection/Data/LLSP/annotation_cleaned/pose_sequences/stu4_34_sequence.npy,pull_up,train,17
stu10_23.mp4,/content/drive/MyDrive/FinalProjectCV/CV_Image_pose_detection/Data/LLSP/annotation_cleaned/pose_sequences/stu10_23_sequence.npy,front_raise,train,9
stu10_58.mp4,/content/drive/MyDrive/FinalProjectCV/CV_Image_pose_detection/Data/LLSP/annotation_cleaned/pose_sequences/stu10_58_sequence.npy,sit_up,train,5
stu1_4.mp4,/content/drive/MyDrive/FinalProjectCV/CV_Image_pose_detection/Data/LLSP/annotation_cleaned/pose_sequences/stu1_4_sequence.npy,bench_pressing,train,3
val912.mp4,/content/drive/MyDrive/FinalProjectCV/CV_Image_pose_detection/Data/LLSP/annotation_cleaned/pose_sequences/val912_sequence.npy,push_up,train,1
stu6_38.mp4,/content/drive/MyDrive/FinalProjectCV/CV_Image_pose_detection/Data/LLSP/annotation_cleaned/pose_sequences/stu6_38_sequence.npy,push_up,train,16
stu1_66.mp4,/content/drive/MyDrive/FinalProjectCV/CV_Image_pose_detection/Data/LLSP/annotation_cleaned/pose_sequences/stu1_66_sequence.npy,sit_up,train,6
val826.mp4,/content/drive/MyDrive/FinalProjectCV/CV_Image_pose_detection/Data/LLSP/annotation_cleaned/pose_sequences/val826_sequence.npy,pull_up,train,7
stu2_3.mp4,/content/drive/MyDrive/FinalProjectCV/CV_Image_pose_detection/Data/LLSP/annotation_cleaned/pose_sequences/stu2_3_sequence.npy,bench_pressing,train,16
stu2_16.mp4,/content/drive/MyDrive/FinalProjectCV/CV_Image_pose_detection/Data/LLSP/annotation_cleaned/pose_sequences/stu2_16_sequence.npy,front_raise,train,2
stu9_3.mp4,/content/drive/MyDrive/FinalProjectCV/CV_Image_pose_detection/Data/LLSP/annotation_cleaned/pose_sequences/stu9_3_sequence.npy,bench_pressing,train,46
stu9_25.mp4,/content/drive/MyDrive/FinalProjectCV/CV_Image_pose_detection/Data/LLSP/annotation_cleaned/pose_sequences/stu9_25_sequence.npy,front_raise,train,1
stu7_55.mp4,/content/drive/MyDrive/FinalProjectCV/CV_Image_pose_detection/Data/LLSP/annotation_cleaned/pose_sequences/stu7_55_sequence.npy,sit_up,train,19
train3327.mp4,/content/drive/MyDrive/FinalProjectCV/CV_Image_pose_detection/Data/LLSP/annotation_cleaned/pose_sequences/train3327_sequence.npy,sit_up,train,3
stu4_24.mp4,/content/drive/MyDrive/FinalProjectCV/CV_Image_pose_detection/Data/LLSP/annotation_cleaned/pose_sequences/stu4_24_sequence.npy,jump_jacks,train,42
stu5_4.mp4,/content/drive/MyDrive/FinalProjectCV/CV_Image_pose_detection/Data/LLSP/annotation_cleaned/pose_sequences/stu5_4_sequence.npy,bench_pressing,train,5
stu7_31.mp4,/content/drive/MyDrive/FinalProjectCV/CV_Image_pose_detection/Data/LLSP/annotation_cleaned/pose_sequences/stu7_31_sequence.npy,jump_jacks,train,42
train3309.mp4,/content/drive/MyDrive/FinalProjectCV/CV_Image_pose_detection/Data/LLSP/annotation_cleaned/pose_sequences/train3309_sequence.npy,sit_up,train,3
train954.mp4,/content/drive/MyDrive/FinalProjectCV/CV_Image_pose_detection/Data/LLSP/annotation_cleaned/pose_sequences/train954_sequence.npy,front_raise,train,6
stu3_37.mp4,/content/drive/MyDrive/FinalProjectCV/CV_Image_pose_detection/Data/LLSP/annotation_cleaned/pose_sequences/stu3_37_sequence.npy,pull_up,train,8
stu4_18.mp4,/content/drive/MyDrive/FinalProjectCV/CV_Image_pose_detection/Data/LLSP/annotation_cleaned/pose_sequences/stu4_18_sequence.npy,jump_jacks,train,10
stu8_17.mp4,/content/drive/MyDrive/FinalProjectCV/CV_Image_pose_detection/Data/LLSP/annotation_cleaned/pose_sequences/stu8_17_sequence.npy,front_raise,train,23
stu1_63.mp4,/content/drive/MyDrive/FinalProjectCV/CV_Image_pose_detection/Data/LLSP/annotation_cleaned/pose_sequences/stu1_63_sequence.npy,sit_up,train,33
stu10_10.mp4,/content/drive/MyDrive/FinalProjectCV/CV_Image_pose_detection/Data/LLSP/annotation_cleaned/pose_sequences/stu10_10_sequence.npy,bench_pressing,train,16
val824.mp4,/content/drive/MyDrive/FinalProjectCV/CV_Image_pose_detection/Data/LLSP/annotation_cleaned/pose_sequences/val824_sequence.npy,pull_up,train,5
stu7_54.mp4,/content/drive/MyDrive/FinalProjectCV/CV_Image_pose_detection/Data/LLSP/annotation_cleaned/pose_sequences/stu7_54_sequence.npy,sit_up,train,19
stu5_70.mp4,/content/drive/MyDrive/FinalProjectCV/CV_Image_pose_detection/Data/LLSP/annotation_cleaned/pose_sequences/stu5_70_sequence.npy,squat,train,6
val890.mp4,/content/drive/MyDrive/FinalProjectCV/CV_Image_pose_detection/Data/LLSP/annotation_cleaned/pose_sequences/val890_sequence.npy,push_up,train,5
val1074.mp4,/content/drive/MyDrive/FinalProjectCV/CV_Image_pose_detection/Data/LLSP/annotation_cleaned/pose_sequences/val1074_sequence.npy,sit_up,train,4
stu4_41.mp4,/content/drive/MyDrive/FinalProjectCV/CV_Image_pose_detection/Data/LLSP/annotation_cleaned/pose_sequences/stu4_41_sequence.npy,push_up,train,35
stu3_64.mp4,/content/drive/MyDrive/FinalProjectCV/CV_Image_pose_detection/Data/LLSP/annotation_cleaned/pose_sequences/stu3_64_sequence.npy,squat,train,19
stu5_8.mp4,/content/drive/MyDrive/FinalProjectCV/CV_Image_pose_detection/Data/LLSP/annotation_cleaned/pose_sequences/stu5_8_sequence.npy,bench_pressing,train,1
stu10_18.mp4,/content/drive/MyDrive/FinalProjectCV/CV_Image_pose_detection/Data/LLSP/annotation_cleaned/pose_sequences/stu10_18_sequence.npy,front_raise,train,4
stu6_10.mp4,/content/drive/MyDrive/FinalProjectCV/CV_Image_pose_detection/Data/LLSP/annotation_cleaned/pose_sequences/stu6_10_sequence.npy,front_raise,train,3
stu5_66.mp4,/content/drive/MyDrive/FinalProjectCV/CV_Image_pose_detection/Data/LLSP/annotation_cleaned/pose_sequences/stu5_66_sequence.npy,squat,train,12
train1005.mp4,/content/drive/MyDrive/FinalProjectCV/CV_Image_pose_detection/Data/LLSP/annotation_cleaned/pose_sequences/train1005_sequence.npy,front_raise,train,4
val817.mp4,/content/drive/MyDrive/FinalProjectCV/CV_Image_pose_detection/Data/LLSP/annotation_cleaned/pose_sequences/val817_sequence.npy,pull_up,train,4
stu2_49.mp4,/content/drive/MyDrive/FinalProjectCV/CV_Image_pose_detection/Data/LLSP/annotation_cleaned/pose_sequences/stu2_49_sequence.npy,push_up,train,18
stu9_20.mp4,/content/drive/MyDrive/FinalProjectCV/CV_Image_pose_detection/Data/LLSP/annotation_cleaned/pose_sequences/stu9_20_sequence.npy,front_raise,train,7
val1235.mp4,/content/drive/MyDrive/FinalProjectCV/CV_Image_pose_detection/Data/LLSP/annotation_cleaned/pose_sequences/val1235_sequence.npy,squat,train,2
train181.mp4,/content/drive/MyDrive/FinalProjectCV/CV_Image_pose_detection/Data/LLSP/annotation_cleaned/pose_sequences/train181_sequence.npy,bench_pressing,train,2
train1617.mp4,/content/drive/MyDrive/FinalProjectCV/CV_Image_pose_detection/Data/LLSP/annotation_cleaned/pose_sequences/train1617_sequence.npy,jump_jacks,train,17
stu2_46.mp4,/content/drive/MyDrive/FinalProjectCV/CV_Image_pose_detection/Data/LLSP/annotation_cleaned/pose_sequences/stu2_46_sequence.npy,push_up,train,21
stu1_62.mp4,/content/drive/MyDrive/FinalProjectCV/CV_Image_pose_detection/Data/LLSP/annotation_cleaned/pose_sequences/stu1_62_sequence.npy,sit_up,train,19
stu4_13.mp4,/content/drive/MyDrive/FinalProjectCV/CV_Image_pose_detection/Data/LLSP/annotation_cleaned/pose_sequences/stu4_13_sequence.npy,front_raise,train,6
stu5_13.mp4,/content/drive/MyDrive/FinalProjectCV/CV_Image_pose_detection/Data/LLSP/annotation_cleaned/pose_sequences/stu5_13_sequence.npy,front_raise,train,4
stu10_9.mp4,/content/drive/MyDrive/FinalProjectCV/CV_Image_pose_detection/Data/LLSP/annotation_cleaned/pose_sequences/stu10_9_sequence.npy,bench_pressing,train,9
stu10_15.mp4,/content/drive/MyDrive/FinalProjectCV/CV_Image_pose_detection/Data/LLSP/annotation_cleaned/pose_sequences/stu10_15_sequence.npy,front_raise,train,17
stu5_31.mp4,/content/drive/MyDrive/FinalProjectCV/CV_Image_pose_detection/Data/LLSP/annotation_cleaned/pose_sequences/stu5_31_sequence.npy,pull_up,train,10
stu4_23.mp4,/content/drive/MyDrive/FinalProjectCV/CV_Image_pose_detection/Data/LLSP/annotation_cleaned/pose_sequences/stu4_23_sequence.npy,jump_jacks,train,21
stu5_43.mp4,/content/drive/MyDrive/FinalProjectCV/CV_Image_pose_detection/Data/LLSP/annotation_cleaned/pose_sequences/stu5_43_sequence.npy,push_up,train,14
train3959.mp4,/content/drive/MyDrive/FinalProjectCV/CV_Image_pose_detection/Data/LLSP/annotation_cleaned/pose_sequences/train3959_sequence.npy,squat,train,2
stu3_59.mp4,/content/drive/MyDrive/FinalProjectCV/CV_Image_pose_detection/Data/LLSP/annotation_cleaned/pose_sequences/stu3_59_sequence.npy,squat,train,1
train3323.mp4,/content/drive/MyDrive/FinalProjectCV/CV_Image_pose_detection/Data/LLSP/annotation_cleaned/pose_sequences/train3323_sequence.npy,sit_up,train,5
train1640.mp4,/content/drive/MyDrive/FinalProjectCV/CV_Image_pose_detection/Data/LLSP/annotation_cleaned/pose_sequences/train1640_sequence.npy,jump_jacks,train,10
stu2_45.mp4,/content/drive/MyDrive/FinalProjectCV/CV_Image_pose_detection/Data/LLSP/annotation_cleaned/pose_sequences/stu2_45_sequence.npy,push_up,train,4
stu10_3.mp4,/content/drive/MyDrive/FinalProjectCV/CV_Image_pose_detection/Data/LLSP/annotation_cleaned/pose_sequences/stu10_3_sequence.npy,bench_pressing,train,6
stu5_7.mp4,/content/drive/MyDrive/FinalProjectCV/CV_Image_pose_detection/Data/LLSP/annotation_cleaned/pose_sequences/stu5_7_sequence.npy,bench_pressing,train,25
stu4_52.mp4,/content/drive/MyDrive/FinalProjectCV/CV_Image_pose_detection/Data/LLSP/annotation_cleaned/pose_sequences/stu4_52_sequence.npy,sit_up,train,8
stu8_6.mp4,/content/drive/MyDrive/FinalProjectCV/CV_Image_pose_detection/Data/LLSP/annotation_cleaned/pose_sequences/stu8_6_sequence.npy,bench_pressing,train,8
stu9_41.mp4,/content/drive/MyDrive/FinalProjectCV/CV_Image_pose_detection/Data/LLSP/annotation_cleaned/pose_sequences/stu9_41_sequence.npy,pull_up,train,9
stu6_67.mp4,/content/drive/MyDrive/FinalProjectCV/CV_Image_pose_detection/Data/LLSP/annotation_cleaned/pose_sequences/stu6_67_sequence.npy,squat,train,20
stu3_36.mp4,/content/drive/MyDrive/FinalProjectCV/CV_Image_pose_detection/Data/LLSP/annotation_cleaned/pose_sequences/stu3_36_sequence.npy,pull_up,train,8
stu1_65.mp4,/content/drive/MyDrive/FinalProjectCV/CV_Image_pose_detection/Data/LLSP/annotation_cleaned/pose_sequences/stu1_65_sequence.npy,sit_up,train,3
test2319.mp4,/content/drive/MyDrive/FinalProjectCV/CV_Image_pose_detection/Data/LLSP/annotation_cleaned/pose_sequences/test2319_sequence.npy,squat,train,7
stu4_26.mp4,/content/drive/MyDrive/FinalProjectCV/CV_Image_pose_detection/Data/LLSP/annotation_cleaned/pose_sequences/stu4_26_sequence.npy,jump_jacks,train,20
stu3_11.mp4,/content/drive/MyDrive/FinalProjectCV/CV_Image_pose_detection/Data/LLSP/annotation_cleaned/pose_sequences/stu3_11_sequence.npy,front_raise,train,3
test1448.mp4,/content/drive/MyDrive/FinalProjectCV/CV_Image_pose_detection/Data/LLSP/annotation_cleaned/pose_sequences/test1448_sequence.npy,pull_up,train,7
stu5_1.mp4,/content/drive/MyDrive/FinalProjectCV/CV_Image_pose_detection/Data/LLSP/annotation_cleaned/pose_sequences/stu5_1_sequence.npy,battle_rope,train,17
stu5_35.mp4,/content/drive/MyDrive/FinalProjectCV/CV_Image_pose_detection/Data/LLSP/annotation_cleaned/pose_sequences/stu5_35_sequence.npy,pull_up,train,11
stu4_62.mp4,/content/drive/MyDrive/FinalProjectCV/CV_Image_pose_detection/Data/LLSP/annotation_cleaned/pose_sequences/stu4_62_sequence.npy,squat,train,14
stu6_36.mp4,/content/drive/MyDrive/FinalProjectCV/CV_Image_pose_detection/Data/LLSP/annotation_cleaned/pose_sequences/stu6_36_sequence.npy,pull_up,train,5
test531.mp4,/content/drive/MyDrive/FinalProjectCV/CV_Image_pose_detection/Data/LLSP/annotation_cleaned/pose_sequences/test531_sequence.npy,front_raise,train,4
stu9_42.mp4,/content/drive/MyDrive/FinalProjectCV/CV_Image_pose_detection/Data/LLSP/annotation_cleaned/pose_sequences/stu9_42_sequence.npy,pull_up,train,30
stu2_17.mp4,/content/drive/MyDrive/FinalProjectCV/CV_Image_pose_detection/Data/LLSP/annotation_cleaned/pose_sequences/stu2_17_sequence.npy,front_raise,train,5
stu9_16.mp4,/content/drive/MyDrive/FinalProjectCV/CV_Image_pose_detection/Data/LLSP/annotation_cleaned/pose_sequences/stu9_16_sequence.npy,front_raise,train,6
stu7_0.mp4,/content/drive/MyDrive/FinalProjectCV/CV_Image_pose_detection/Data/LLSP/annotation_cleaned/pose_sequences/stu7_0_sequence.npy,bench_pressing,train,1
stu1_15.mp4,/content/drive/MyDrive/FinalProjectCV/CV_Image_pose_detection/Data/LLSP/annotation_cleaned/pose_sequences/stu1_15_sequence.npy,front_raise,train,1
stu7_23.mp4,/content/drive/MyDrive/FinalProjectCV/CV_Image_pose_detection/Data/LLSP/annotation_cleaned/pose_sequences/stu7_23_sequence.npy,front_raise,train,4
stu8_30.mp4,/content/drive/MyDrive/FinalProjectCV/CV_Image_pose_detection/Data/LLSP/annotation_cleaned/pose_sequences/stu8_30_sequence.npy,jump_jacks,train,58
stu9_5.mp4,/content/drive/MyDrive/FinalProjectCV/CV_Image_pose_detection/Data/LLSP/annotation_cleaned/pose_sequences/stu9_5_sequence.npy,bench_pressing,train,13
stu2_72.mp4,/content/drive/MyDrive/FinalProjectCV/CV_Image_pose_detection/Data/LLSP/annotation_cleaned/pose_sequences/stu2_72_sequence.npy,squat,train,12
stu6_5.mp4,/content/drive/MyDrive/FinalProjectCV/CV_Image_pose_detection/Data/LLSP/annotation_cleaned/pose_sequences/stu6_5_sequence.npy,bench_pressing,train,12
stu9_10.mp4,/content/drive/MyDrive/FinalProjectCV/CV_Image_pose_detection/Data/LLSP/annotation_cleaned/pose_sequences/stu9_10_sequence.npy,bench_pressing,train,16
stu10_59.mp4,/content/drive/MyDrive/FinalProjectCV/CV_Image_pose_detection/Data/LLSP/annotation_cleaned/pose_sequences/stu10_59_sequence.npy,sit_up,train,9
test1465.mp4,/content/drive/MyDrive/FinalProjectCV/CV_Image_pose_detection/Data/LLSP/annotation_cleaned/pose_sequences/test1465_sequence.npy,pull_up,train,6
stu7_38.mp4,/content/drive/MyDrive/FinalProjectCV/CV_Image_pose_detection/Data/LLSP/annotation_cleaned/pose_sequences/stu7_38_sequence.npy,pull_up,train,20
stu9_61.mp4,/content/drive/MyDrive/FinalProjectCV/CV_Image_pose_detection/Data/LLSP/annotation_cleaned/pose_sequences/stu9_61_sequence.npy,sit_up,train,5
train3944.mp4,/content/drive/MyDrive/FinalProjectCV/CV_Image_pose_detection/Data/LLSP/annotation_cleaned/pose_sequences/train3944_sequence.npy,squat,train,2
val568.mp4,/content/drive/MyDrive/FinalProjectCV/CV_Image_pose_detection/Data/LLSP/annotation_cleaned/pose_sequences/val568_sequence.npy,jump_jacks,train,55
stu9_27.mp4,/content/drive/MyDrive/FinalProjectCV/CV_Image_pose_detection/Data/LLSP/annotation_cleaned/pose_sequences/stu9_27_sequence.npy,front_raise,train,17
train3303.mp4,/content/drive/MyDrive/FinalProjectCV/CV_Image_pose_detection/Data/LLSP/annotation_cleaned/pose_sequences/train3303_sequence.npy,sit_up,train,2
stu3_34.mp4,/content/drive/MyDrive/FinalProjectCV/CV_Image_pose_detection/Data/LLSP/annotation_cleaned/pose_sequences/stu3_34_sequence.npy,pull_up,train,5
stu1_10.mp4,/content/drive/MyDrive/FinalProjectCV/CV_Image_pose_detection/Data/LLSP/annotation_cleaned/pose_sequences/stu1_10_sequence.npy,bench_pressing,train,3
test153.mp4,/content/drive/MyDrive/FinalProjectCV/CV_Image_pose_detection/Data/LLSP/annotation_cleaned/pose_sequences/test153_sequence.npy,bench_pressing,train,5
stu4_3.mp4,/content/drive/MyDrive/FinalProjectCV/CV_Image_pose_detection/Data/LLSP/annotation_cleaned/pose_sequences/stu4_3_sequence.npy,bench_pressing,train,4
stu9_38.mp4,/content/drive/MyDrive/FinalProjectCV/CV_Image_pose_detection/Data/LLSP/annotation_cleaned/pose_sequences/stu9_38_sequence.npy,pull_up,train,5
stu8_39.mp4,/content/drive/MyDrive/FinalProjectCV/CV_Image_pose_detection/Data/LLSP/annotation_cleaned/pose_sequences/stu8_39_sequence.npy,pull_up,train,16
val578.mp4,/content/drive/MyDrive/FinalProjectCV/CV_Image_pose_detection/Data/LLSP/annotation_cleaned/pose_sequences/val578_sequence.npy,jump_jacks,train,2
stu7_2.mp4,/content/drive/MyDrive/FinalProjectCV/CV_Image_pose_detection/Data/LLSP/annotation_cleaned/pose_sequences/stu7_2_sequence.npy,bench_pressing,train,19
val359.mp4,/content/drive/MyDrive/FinalProjectCV/CV_Image_pose_detection/Data/LLSP/annotation_cleaned/pose_sequences/val359_sequence.npy,front_raise,train,1
stu2_69.mp4,/content/drive/MyDrive/FinalProjectCV/CV_Image_pose_detection/Data/LLSP/annotation_cleaned/pose_sequences/stu2_69_sequence.npy,squat,train,21
stu2_66.mp4,/content/drive/MyDrive/FinalProjectCV/CV_Image_pose_detection/Data/LLSP/annotation_cleaned/pose_sequences/stu2_66_sequence.npy,sit_up,train,6
stu2_32.mp4,/content/drive/MyDrive/FinalProjectCV/CV_Image_pose_detection/Data/LLSP/annotation_cleaned/pose_sequences/stu2_32_sequence.npy,jump_jacks,train,98
val1250.mp4,/content/drive/MyDrive/FinalProjectCV/CV_Image_pose_detection/Data/LLSP/annotation_cleaned/pose_sequences/val1250_sequence.npy,squat,train,4
stu1_51.mp4,/content/drive/MyDrive/FinalProjectCV/CV_Image_pose_detection/Data/LLSP/annotation_cleaned/pose_sequences/stu1_51_sequence.npy,push_up,train,40
stu8_50.mp4,/content/drive/MyDrive/FinalProjectCV/CV_Image_pose_detection/Data/LLSP/annotation_cleaned/pose_sequences/stu8_50_sequence.npy,sit_up,train,5
stu4_7.mp4,/content/drive/MyDrive/FinalProjectCV/CV_Image_pose_detection/Data/LLSP/annotation_cleaned/pose_sequences/stu4_7_sequence.npy,bench_pressing,train,12
stu5_64.mp4,/content/drive/MyDrive/FinalProjectCV/CV_Image_pose_detection/Data/LLSP/annotation_cleaned/pose_sequences/stu5_64_sequence.npy,squat,train,20
stu5_14.mp4,/content/drive/MyDrive/FinalProjectCV/CV_Image_pose_detection/Data/LLSP/annotation_cleaned/pose_sequences/stu5_14_sequence.npy,front_raise,train,9
stu3_23.mp4,/content/drive/MyDrive/FinalProjectCV/CV_Image_pose_detection/Data/LLSP/annotation_cleaned/pose_sequences/stu3_23_sequence.npy,jump_jacks,train,38
train139.mp4,/content/drive/MyDrive/FinalProjectCV/CV_Image_pose_detection/Data/LLSP/annotation_cleaned/pose_sequences/train139_sequence.npy,bench_pressing,train,1
stu1_71.mp4,/content/drive/MyDrive/FinalProjectCV/CV_Image_pose_detection/Data/LLSP/annotation_cleaned/pose_sequences/stu1_71_sequence.npy,squat,train,4
stu10_0.mp4,/content/drive/MyDrive/FinalProjectCV/CV_Image_pose_detection/Data/LLSP/annotation_cleaned/pose_sequences/stu10_0_sequence.npy,battle_rope,train,23
stu4_42.mp4,/content/drive/MyDrive/FinalProjectCV/CV_Image_pose_detection/Data/LLSP/annotation_cleaned/pose_sequences/stu4_42_sequence.npy,push_up,train,50
stu4_36.mp4,/content/drive/MyDrive/FinalProjectCV/CV_Image_pose_detection/Data/LLSP/annotation_cleaned/pose_sequences/stu4_36_sequence.npy,pull_up,train,6
stu10_41.mp4,/content/drive/MyDrive/FinalProjectCV/CV_Image_pose_detection/Data/LLSP/annotation_cleaned/pose_sequences/stu10_41_sequence.npy,push_up,train,8
stu8_0.mp4,/content/drive/MyDrive/FinalProjectCV/CV_Image_pose_detection/Data/LLSP/annotation_cleaned/pose_sequences/stu8_0_sequence.npy,battle_rope,train,62
stu7_15.mp4,/content/drive/MyDrive/FinalProjectCV/CV_Image_pose_detection/Data/LLSP/annotation_cleaned/pose_sequences/stu7_15_sequence.npy,front_raise,train,4
stu2_47.mp4,/content/drive/MyDrive/FinalProjectCV/CV_Image_pose_detection/Data/LLSP/annotation_cleaned/pose_sequences/stu2_47_sequence.npy,push_up,train,20
train2527.mp4,/content/drive/MyDrive/FinalProjectCV/CV_Image_pose_detection/Data/LLSP/annotation_cleaned/pose_sequences/train2527_sequence.npy,pull_up,train,4
stu10_38.mp4,/content/drive/MyDrive/FinalProjectCV/CV_Image_pose_detection/Data/LLSP/annotation_cleaned/pose_sequences/stu10_38_sequence.npy,pull_up,train,10
stu1_64.mp4,/content/drive/MyDrive/FinalProjectCV/CV_Image_pose_detection/Data/LLSP/annotation_cleaned/pose_sequences/stu1_64_sequence.npy,sit_up,train,9
stu3_13.mp4,/content/drive/MyDrive/FinalProjectCV/CV_Image_pose_detection/Data/LLSP/annotation_cleaned/pose_sequences/stu3_13_sequence.npy,front_raise,train,3
stu1_52.mp4,/content/drive/MyDrive/FinalProjectCV/CV_Image_pose_detection/Data/LLSP/annotation_cleaned/pose_sequences/stu1_52_sequence.npy,push_up,train,30
stu10_54.mp4,/content/drive/MyDrive/FinalProjectCV/CV_Image_pose_detection/Data/LLSP/annotation_cleaned/pose_sequences/stu10_54_sequence.npy,push_up,train,14
stu5_0.mp4,/content/drive/MyDrive/FinalProjectCV/CV_Image_pose_detection/Data/LLSP/annotation_cleaned/pose_sequences/stu5_0_sequence.npy,battle_rope,train,49
test558.mp4,/content/drive/MyDrive/FinalProjectCV/CV_Image_pose_detection/Data/LLSP/annotation_cleaned/pose_sequences/test558_sequence.npy,front_raise,train,2
stu2_54.mp4,/content/drive/MyDrive/FinalProjectCV/CV_Image_pose_detection/Data/LLSP/annotation_cleaned/pose_sequences/stu2_54_sequence.npy,push_up,train,23
val581.mp4,/content/drive/MyDrive/FinalProjectCV/CV_Image_pose_detection/Data/LLSP/annotation_cleaned/pose_sequences/val581_sequence.npy,jump_jacks,train,4
test989.mp4,/content/drive/MyDrive/FinalProjectCV/CV_Image_pose_detection/Data/LLSP/annotation_cleaned/pose_sequences/test989_sequence.npy,jump_jacks,train,9
stu8_15.mp4,/content/drive/MyDrive/FinalProjectCV/CV_Image_pose_detection/Data/LLSP/annotation_cleaned/pose_sequences/stu8_15_sequence.npy,bench_pressing,train,13
stu8_8.mp4,/content/drive/MyDrive/FinalProjectCV/CV_Image_pose_detection/Data/LLSP/annotation_cleaned/pose_sequences/stu8_8_sequence.npy,bench_pressing,train,11
stu4_9.mp4,/content/drive/MyDrive/FinalProjectCV/CV_Image_pose_detection/Data/LLSP/annotation_cleaned/pose_sequences/stu4_9_sequence.npy,front_raise,train,4
stu2_64.mp4,/content/drive/MyDrive/FinalProjectCV/CV_Image_pose_detection/Data/LLSP/annotation_cleaned/pose_sequences/stu2_64_sequence.npy,sit_up,train,36
stu6_59.mp4,/content/drive/MyDrive/FinalProjectCV/CV_Image_pose_detection/Data/LLSP/annotation_cleaned/pose_sequences/stu6_59_sequence.npy,squat,train,10
train929.mp4,/content/drive/MyDrive/FinalProjectCV/CV_Image_pose_detection/Data/LLSP/annotation_cleaned/pose_sequences/train929_sequence.npy,front_raise,train,4
test555.mp4,/content/drive/MyDrive/FinalProjectCV/CV_Image_pose_detection/Data/LLSP/annotation_cleaned/pose_sequences/test555_sequence.npy,front_raise,train,4
val1076.mp4,/content/drive/MyDrive/FinalProjectCV/CV_Image_pose_detection/Data/LLSP/annotation_cleaned/pose_sequences/val1076_sequence.npy,sit_up,train,2
stu5_57.mp4,/content/drive/MyDrive/FinalProjectCV/CV_Image_pose_detection/Data/LLSP/annotation_cleaned/pose_sequences/stu5_57_sequence.npy,sit_up,train,19
stu9_69.mp4,/content/drive/MyDrive/FinalProjectCV/CV_Image_pose_detection/Data/LLSP/annotation_cleaned/pose_sequences/stu9_69_sequence.npy,squat,train,21
val828.mp4,/content/drive/MyDrive/FinalProjectCV/CV_Image_pose_detection/Data/LLSP/annotation_cleaned/pose_sequences/val828_sequence.npy,pull_up,train,4
stu1_56.mp4,/content/drive/MyDrive/FinalProjectCV/CV_Image_pose_detection/Data/LLSP/annotation_cleaned/pose_sequences/stu1_56_sequence.npy,sit_up,train,141
train2734.mp4,/content/drive/MyDrive/FinalProjectCV/CV_Image_pose_detection/Data/LLSP/annotation_cleaned/pose_sequences/train2734_sequence.npy,push_up,train,2
train2649.mp4,/content/drive/MyDrive/FinalProjectCV/CV_Image_pose_detection/Data/LLSP/annotation_cleaned/pose_sequences/train2649_sequence.npy,push_up,train,4
stu1_2.mp4,/content/drive/MyDrive/FinalProjectCV/CV_Image_pose_detection/Data/LLSP/annotation_cleaned/pose_sequences/stu1_2_sequence.npy,bench_pressing,train,7
stu8_22.mp4,/content/drive/MyDrive/FinalProjectCV/CV_Image_pose_detection/Data/LLSP/annotation_cleaned/pose_sequences/stu8_22_sequence.npy,front_raise,train,10
stu2_52.mp4,/content/drive/MyDrive/FinalProjectCV/CV_Image_pose_detection/Data/LLSP/annotation_cleaned/pose_sequences/stu2_52_sequence.npy,push_up,train,6
stu1_16.mp4,/content/drive/MyDrive/FinalProjectCV/CV_Image_pose_detection/Data/LLSP/annotation_cleaned/pose_sequences/stu1_16_sequence.npy,front_raise,train,3
stu3_17.mp4,/content/drive/MyDrive/FinalProjectCV/CV_Image_pose_detection/Data/LLSP/annotation_cleaned/pose_sequences/stu3_17_sequence.npy,front_raise,train,5
test127.mp4,/content/drive/MyDrive/FinalProjectCV/CV_Image_pose_detection/Data/LLSP/annotation_cleaned/pose_sequences/test127_sequence.npy,bench_pressing,train,5
stu1_46.mp4,/content/drive/MyDrive/FinalProjectCV/CV_Image_pose_detection/Data/LLSP/annotation_cleaned/pose_sequences/stu1_46_sequence.npy,push_up,train,9
stu4_38.mp4,/content/drive/MyDrive/FinalProjectCV/CV_Image_pose_detection/Data/LLSP/annotation_cleaned/pose_sequences/stu4_38_sequence.npy,pull_up,train,26
stu10_71.mp4,/content/drive/MyDrive/FinalProjectCV/CV_Image_pose_detection/Data/LLSP/annotation_cleaned/pose_sequences/stu10_71_sequence.npy,squat,train,4
stu10_4.mp4,/content/drive/MyDrive/FinalProjectCV/CV_Image_pose_detection/Data/LLSP/annotation_cleaned/pose_sequences/stu10_4_sequence.npy,bench_pressing,train,12
stu7_47.mp4,/content/drive/MyDrive/FinalProjectCV/CV_Image_pose_detection/Data/LLSP/annotation_cleaned/pose_sequences/stu7_47_sequence.npy,push_up,train,16
stu5_6.mp4,/content/drive/MyDrive/FinalProjectCV/CV_Image_pose_detection/Data/LLSP/annotation_cleaned/pose_sequences/stu5_6_sequence.npy,bench_pressing,train,5
stu3_24.mp4,/content/drive/MyDrive/FinalProjectCV/CV_Image_pose_detection/Data/LLSP/annotation_cleaned/pose_sequences/stu3_24_sequence.npy,jump_jacks,train,13
train3316.mp4,/content/drive/MyDrive/FinalProjectCV/CV_Image_pose_detection/Data/LLSP/annotation_cleaned/pose_sequences/train3316_sequence.npy,sit_up,train,4
stu4_10.mp4,/content/drive/MyDrive/FinalProjectCV/CV_Image_pose_detection/Data/LLSP/annotation_cleaned/pose_sequences/stu4_10_sequence.npy,front_raise,train,13
stu2_50.mp4,/content/drive/MyDrive/FinalProjectCV/CV_Image_pose_detection/Data/LLSP/annotation_cleaned/pose_sequences/stu2_50_sequence.npy,push_up,train,25
stu4_30.mp4,/content/drive/MyDrive/FinalProjectCV/CV_Image_pose_detection/Data/LLSP/annotation_cleaned/pose_sequences/stu4_30_sequence.npy,pull_up,train,1
stu2_19.mp4,/content/drive/MyDrive/FinalProjectCV/CV_Image_pose_detection/Data/LLSP/annotation_cleaned/pose_sequences/stu2_19_sequence.npy,front_raise,train,5
stu8_2.mp4,/content/drive/MyDrive/FinalProjectCV/CV_Image_pose_detection/Data/LLSP/annotation_cleaned/pose_sequences/stu8_2_sequence.npy,bench_pressing,train,11
stu5_41.mp4,/content/drive/MyDrive/FinalProjectCV/CV_Image_pose_detection/Data/LLSP/annotation_cleaned/pose_sequences/stu5_41_sequence.npy,pull_up,train,34
stu1_21.mp4,/content/drive/MyDrive/FinalProjectCV/CV_Image_pose_detection/Data/LLSP/annotation_cleaned/pose_sequences/stu1_21_sequence.npy,front_raise,train,4
val1256.mp4,/content/drive/MyDrive/FinalProjectCV/CV_Image_pose_detection/Data/LLSP/annotation_cleaned/pose_sequences/val1256_sequence.npy,squat,train,2
stu9_49.mp4,/content/drive/MyDrive/FinalProjectCV/CV_Image_pose_detection/Data/LLSP/annotation_cleaned/pose_sequences/stu9_49_sequence.npy,push_up,train,5
stu6_45.mp4,/content/drive/MyDrive/FinalProjectCV/CV_Image_pose_detection/Data/LLSP/annotation_cleaned/pose_sequences/stu6_45_sequence.npy,push_up,train,10
stu4_6.mp4,/content/drive/MyDrive/FinalProjectCV/CV_Image_pose_detection/Data/LLSP/annotation_cleaned/pose_sequences/stu4_6_sequence.npy,bench_pressing,train,8
stu9_43.mp4,/content/drive/MyDrive/FinalProjectCV/CV_Image_pose_detection/Data/LLSP/annotation_cleaned/pose_sequences/stu9_43_sequence.npy,pull_up,train,18
test2326.mp4,/content/drive/MyDrive/FinalProjectCV/CV_Image_pose_detection/Data/LLSP/annotation_cleaned/pose_sequences/test2326_sequence.npy,squat,train,2
stu3_30.mp4,/content/drive/MyDrive/FinalProjectCV/CV_Image_pose_detection/Data/LLSP/annotation_cleaned/pose_sequences/stu3_30_sequence.npy,jump_jacks,train,16
stu8_29.mp4,/content/drive/MyDrive/FinalProjectCV/CV_Image_pose_detection/Data/LLSP/annotation_cleaned/pose_sequences/stu8_29_sequence.npy,jump_jacks,train,41
stu1_58.mp4,/content/drive/MyDrive/FinalProjectCV/CV_Image_pose_detection/Data/LLSP/annotation_cleaned/pose_sequences/stu1_58_sequence.npy,sit_up,train,7
stu4_55.mp4,/content/drive/MyDrive/FinalProjectCV/CV_Image_pose_detection/Data/LLSP/annotation_cleaned/pose_sequences/stu4_55_sequence.npy,sit_up,train,16
train2645.mp4,/content/drive/MyDrive/FinalProjectCV/CV_Image_pose_detection/Data/LLSP/annotation_cleaned/pose_sequences/train2645_sequence.npy,push_up,train,3
stu6_27.mp4,/content/drive/MyDrive/FinalProjectCV/CV_Image_pose_detection/Data/LLSP/annotation_cleaned/pose_sequences/stu6_27_sequence.npy,pull_up,train,5
stu4_31.mp4,/content/drive/MyDrive/FinalProjectCV/CV_Image_pose_detection/Data/LLSP/annotation_cleaned/pose_sequences/stu4_31_sequence.npy,pull_up,train,6
stu2_8.mp4,/content/drive/MyDrive/FinalProjectCV/CV_Image_pose_detection/Data/LLSP/annotation_cleaned/pose_sequences/stu2_8_sequence.npy,bench_pressing,train,14
stu3_72.mp4,/content/drive/MyDrive/FinalProjectCV/CV_Image_pose_detection/Data/LLSP/annotation_cleaned/pose_sequences/stu3_72_sequence.npy,squat,train,1
stu8_24.mp4,/content/drive/MyDrive/FinalProjectCV/CV_Image_pose_detection/Data/LLSP/annotation_cleaned/pose_sequences/stu8_24_sequence.npy,jump_jacks,train,21
val892.mp4,/content/drive/MyDrive/FinalProjectCV/CV_Image_pose_detection/Data/LLSP/annotation_cleaned/pose_sequences/val892_sequence.npy,push_up,train,2
test557.mp4,/content/drive/MyDrive/FinalProjectCV/CV_Image_pose_detection/Data/LLSP/annotation_cleaned/pose_sequences/test557_sequence.npy,front_raise,train,3
stu8_68.mp4,/content/drive/MyDrive/FinalProjectCV/CV_Image_pose_detection/Data/LLSP/annotation_cleaned/pose_sequences/stu8_68_sequence.npy,squat,train,3
stu5_10.mp4,/content/drive/MyDrive/FinalProjectCV/CV_Image_pose_detection/Data/LLSP/annotation_cleaned/pose_sequences/stu5_10_sequence.npy,bench_pressing,train,8
test1483.mp4,/content/drive/MyDrive/FinalProjectCV/CV_Image_pose_detection/Data/LLSP/annotation_cleaned/pose_sequences/test1483_sequence.npy,pull_up,train,5
stu4_53.mp4,/content/drive/MyDrive/FinalProjectCV/CV_Image_pose_detection/Data/LLSP/annotation_cleaned/pose_sequences/stu4_53_sequence.npy,sit_up,train,9
stu2_31.mp4,/content/drive/MyDrive/FinalProjectCV/CV_Image_pose_detection/Data/LLSP/annotation_cleaned/pose_sequences/stu2_31_sequence.npy,jump_jacks,train,19
test570.mp4,/content/drive/MyDrive/FinalProjectCV/CV_Image_pose_detection/Data/LLSP/annotation_cleaned/pose_sequences/test570_sequence.npy,front_raise,train,3
stu10_40.mp4,/content/drive/MyDrive/FinalProjectCV/CV_Image_pose_detection/Data/LLSP/annotation_cleaned/pose_sequences/stu10_40_sequence.npy,pull_up,train,12
stu2_70.mp4,/content/drive/MyDrive/FinalProjectCV/CV_Image_pose_detection/Data/LLSP/annotation_cleaned/pose_sequences/stu2_70_sequence.npy,squat,train,13
stu1_13.mp4,/content/drive/MyDrive/FinalProjectCV/CV_Image_pose_detection/Data/LLSP/annotation_cleaned/pose_sequences/stu1_13_sequence.npy,bench_pressing,train,34
stu4_67.mp4,/content/drive/MyDrive/FinalProjectCV/CV_Image_pose_detection/Data/LLSP/annotation_cleaned/pose_sequences/stu4_67_sequence.npy,squat,train,9
stu9_0.mp4,/content/drive/MyDrive/FinalProjectCV/CV_Image_pose_detection/Data/LLSP/annotation_cleaned/pose_sequences/stu9_0_sequence.npy,battle_rope,train,44
train1614.mp4,/content/drive/MyDrive/FinalProjectCV/CV_Image_pose_detection/Data/LLSP/annotation_cleaned/pose_sequences/train1614_sequence.npy,jump_jacks,train,9
stu1_69.mp4,/content/drive/MyDrive/FinalProjectCV/CV_Image_pose_detection/Data/LLSP/annotation_cleaned/pose_sequences/stu1_69_sequence.npy,squat,train,9
stu8_18.mp4,/content/drive/MyDrive/FinalProjectCV/CV_Image_pose_detection/Data/LLSP/annotation_cleaned/pose_sequences/stu8_18_sequence.npy,front_raise,train,9
stu8_33.mp4,/content/drive/MyDrive/FinalProjectCV/CV_Image_pose_detection/Data/LLSP/annotation_cleaned/pose_sequences/stu8_33_sequence.npy,jump_jacks,train,7
stu8_26.mp4,/content/drive/MyDrive/FinalProjectCV/CV_Image_pose_detection/Data/LLSP/annotation_cleaned/pose_sequences/stu8_26_sequence.npy,jump_jacks,train,10
stu1_43.mp4,/content/drive/MyDrive/FinalProjectCV/CV_Image_pose_detection/Data/LLSP/annotation_cleaned/pose_sequences/stu1_43_sequence.npy,push_up,train,9
stu3_71.mp4,/content/drive/MyDrive/FinalProjectCV/CV_Image_pose_detection/Data/LLSP/annotation_cleaned/pose_sequences/stu3_71_sequence.npy,squat,train,2
stu4_51.mp4,/content/drive/MyDrive/FinalProjectCV/CV_Image_pose_detection/Data/LLSP/annotation_cleaned/pose_sequences/stu4_51_sequence.npy,sit_up,train,6
stu2_42.mp4,/content/drive/MyDrive/FinalProjectCV/CV_Image_pose_detection/Data/LLSP/annotation_cleaned/pose_sequences/stu2_42_sequence.npy,pull_up,train,14
stu1_42.mp4,/content/drive/MyDrive/FinalProjectCV/CV_Image_pose_detection/Data/LLSP/annotation_cleaned/pose_sequences/stu1_42_sequence.npy,pull_up,train,10
stu3_48.mp4,/content/drive/MyDrive/FinalProjectCV/CV_Image_pose_detection/Data/LLSP/annotation_cleaned/pose_sequences/stu3_48_sequence.npy,push_up,train,54
stu8_66.mp4,/content/drive/MyDrive/FinalProjectCV/CV_Image_pose_detection/Data/LLSP/annotation_cleaned/pose_sequences/stu8_66_sequence.npy,squat,train,5
train1678.mp4,/content/drive/MyDrive/FinalProjectCV/CV_Image_pose_detection/Data/LLSP/annotation_cleaned/pose_sequences/train1678_sequence.npy,jump_jacks,train,11
stu9_62.mp4,/content/drive/MyDrive/FinalProjectCV/CV_Image_pose_detection/Data/LLSP/annotation_cleaned/pose_sequences/stu9_62_sequence.npy,sit_up,train,2
stu3_49.mp4,/content/drive/MyDrive/FinalProjectCV/CV_Image_pose_detection/Data/LLSP/annotation_cleaned/pose_sequences/stu3_49_sequence.npy,push_up,train,39
stu2_18.mp4,/content/drive/MyDrive/FinalProjectCV/CV_Image_pose_detection/Data/LLSP/annotation_cleaned/pose_sequences/stu2_18_sequence.npy,front_raise,train,39
stu2_2.mp4,/content/drive/MyDrive/FinalProjectCV/CV_Image_pose_detection/Data/LLSP/annotation_cleaned/pose_sequences/stu2_2_sequence.npy,bench_pressing,train,4
stu10_55.mp4,/content/drive/MyDrive/FinalProjectCV/CV_Image_pose_detection/Data/LLSP/annotation_cleaned/pose_sequences/stu10_55_sequence.npy,sit_up,train,24
stu10_7.mp4,/content/drive/MyDrive/FinalProjectCV/CV_Image_pose_detection/Data/LLSP/annotation_cleaned/pose_sequences/stu10_7_sequence.npy,bench_pressing,train,2
stu8_21.mp4,/content/drive/MyDrive/FinalProjectCV/CV_Image_pose_detection/Data/LLSP/annotation_cleaned/pose_sequences/stu8_21_sequence.npy,front_raise,train,3
stu7_69.mp4,/content/drive/MyDrive/FinalProjectCV/CV_Image_pose_detection/Data/LLSP/annotation_cleaned/pose_sequences/stu7_69_sequence.npy,squat,train,20
stu8_36.mp4,/content/drive/MyDrive/FinalProjectCV/CV_Image_pose_detection/Data/LLSP/annotation_cleaned/pose_sequences/stu8_36_sequence.npy,pull_up,train,6
stu3_22.mp4,/content/drive/MyDrive/FinalProjectCV/CV_Image_pose_detection/Data/LLSP/annotation_cleaned/pose_sequences/stu3_22_sequence.npy,jump_jacks,train,11
train3951.mp4,/content/drive/MyDrive/FinalProjectCV/CV_Image_pose_detection/Data/LLSP/annotation_cleaned/pose_sequences/train3951_sequence.npy,squat,train,4
stu5_54.mp4,/content/drive/MyDrive/FinalProjectCV/CV_Image_pose_detection/Data/LLSP/annotation_cleaned/pose_sequences/stu5_54_sequence.npy,sit_up,train,26
test577.mp4,/content/drive/MyDrive/FinalProjectCV/CV_Image_pose_detection/Data/LLSP/annotation_cleaned/pose_sequences/test577_sequence.npy,front_raise,train,3
stu9_70.mp4,/content/drive/MyDrive/FinalProjectCV/CV_Image_pose_detection/Data/LLSP/annotation_cleaned/pose_sequences/stu9_70_sequence.npy,squat,train,4
stu10_70.mp4,/content/drive/MyDrive/FinalProjectCV/CV_Image_pose_detection/Data/LLSP/annotation_cleaned/pose_sequences/stu10_70_sequence.npy,squat,train,5
stu9_14.mp4,/content/drive/MyDrive/FinalProjectCV/CV_Image_pose_detection/Data/LLSP/annotation_cleaned/pose_sequences/stu9_14_sequence.npy,front_raise,train,11
stu2_33.mp4,/content/drive/MyDrive/FinalProjectCV/CV_Image_pose_detection/Data/LLSP/annotation_cleaned/pose_sequences/stu2_33_sequence.npy,jump_jacks,train,27
stu7_11.mp4,/content/drive/MyDrive/FinalProjectCV/CV_Image_pose_detection/Data/LLSP/annotation_cleaned/pose_sequences/stu7_11_sequence.npy,bench_pressing,train,4
stu9_7.mp4,/content/drive/MyDrive/FinalProjectCV/CV_Image_pose_detection/Data/LLSP/annotation_cleaned/pose_sequences/stu9_7_sequence.npy,bench_pressing,train,6
stu2_7.mp4,/content/drive/MyDrive/FinalProjectCV/CV_Image_pose_detection/Data/LLSP/annotation_cleaned/pose_sequences/stu2_7_sequence.npy,bench_pressing,train,11
stu6_55.mp4,/content/drive/MyDrive/FinalProjectCV/CV_Image_pose_detection/Data/LLSP/annotation_cleaned/pose_sequences/stu6_55_sequence.npy,sit_up,train,2
stu2_68.mp4,/content/drive/MyDrive/FinalProjectCV/CV_Image_pose_detection/Data/LLSP/annotation_cleaned/pose_sequences/stu2_68_sequence.npy,squat,train,25
stu5_39.mp4,/content/drive/MyDrive/FinalProjectCV/CV_Image_pose_detection/Data/LLSP/annotation_cleaned/pose_sequences/stu5_39_sequence.npy,pull_up,train,7
stu9_68.mp4,/content/drive/MyDrive/FinalProjectCV/CV_Image_pose_detection/Data/LLSP/annotation_cleaned/pose_sequences/stu9_68_sequence.npy,squat,train,20
stu8_27.mp4,/content/drive/MyDrive/FinalProjectCV/CV_Image_pose_detection/Data/LLSP/annotation_cleaned/pose_sequences/stu8_27_sequence.npy,jump_jacks,train,49
stu9_53.mp4,/content/drive/MyDrive/FinalProjectCV/CV_Image_pose_detection/Data/LLSP/annotation_cleaned/pose_sequences/stu9_53_sequence.npy,push_up,train,39
stu1_1.mp4,/content/drive/MyDrive/FinalProjectCV/CV_Image_pose_detection/Data/LLSP/annotation_cleaned/pose_sequences/stu1_1_sequence.npy,battle_rope,train,23
train2676.mp4,/content/drive/MyDrive/FinalProjectCV/CV_Image_pose_detection/Data/LLSP/annotation_cleaned/pose_sequences/train2676_sequence.npy,push_up,train,3
stu1_49.mp4,/content/drive/MyDrive/FinalProjectCV/CV_Image_pose_detection/Data/LLSP/annotation_cleaned/pose_sequences/stu1_49_sequence.npy,push_up,train,15
test2299.mp4,/content/drive/MyDrive/FinalProjectCV/CV_Image_pose_detection/Data/LLSP/annotation_cleaned/pose_sequences/test2299_sequence.npy,squat,train,2
stu3_27.mp4,/content/drive/MyDrive/FinalProjectCV/CV_Image_pose_detection/Data/LLSP/annotation_cleaned/pose_sequences/stu3_27_sequence.npy,jump_jacks,train,70
test2309.mp4,/content/drive/MyDrive/FinalProjectCV/CV_Image_pose_detection/Data/LLSP/annotation_cleaned/pose_sequences/test2309_sequence.npy,squat,train,2
stu4_37.mp4,/content/drive/MyDrive/FinalProjectCV/CV_Image_pose_detection/Data/LLSP/annotation_cleaned/pose_sequences/stu4_37_sequence.npy,pull_up,train,6
stu9_39.mp4,/content/drive/MyDrive/FinalProjectCV/CV_Image_pose_detection/Data/LLSP/annotation_cleaned/pose_sequences/stu9_39_sequence.npy,pull_up,train,8
stu10_28.mp4,/content/drive/MyDrive/FinalProjectCV/CV_Image_pose_detection/Data/LLSP/annotation_cleaned/pose_sequences/stu10_28_sequence.npy,jump_jacks,train,8
stu7_48.mp4,/content/drive/MyDrive/FinalProjectCV/CV_Image_pose_detection/Data/LLSP/annotation_cleaned/pose_sequences/stu7_48_sequence.npy,push_up,train,9
stu6_25.mp4,/content/drive/MyDrive/FinalProjectCV/CV_Image_pose_detection/Data/LLSP/annotation_cleaned/pose_sequences/stu6_25_sequence.npy,jump_jacks,train,35
stu6_26.mp4,/content/drive/MyDrive/FinalProjectCV/CV_Image_pose_detection/Data/LLSP/annotation_cleaned/pose_sequences/stu6_26_sequence.npy,pull_up,train,10
train3365.mp4,/content/drive/MyDrive/FinalProjectCV/CV_Image_pose_detection/Data/LLSP/annotation_cleaned/pose_sequences/train3365_sequence.npy,sit_up,train,13
test584.mp4,/content/drive/MyDrive/FinalProjectCV/CV_Image_pose_detection/Data/LLSP/annotation_cleaned/pose_sequences/test584_sequence.npy,front_raise,train,5
stu9_46.mp4,/content/drive/MyDrive/FinalProjectCV/CV_Image_pose_detection/Data/LLSP/annotation_cleaned/pose_sequences/stu9_46_sequence.npy,push_up,train,6
stu7_68.mp4,/content/drive/MyDrive/FinalProjectCV/CV_Image_pose_detection/Data/LLSP/annotation_cleaned/pose_sequences/stu7_68_sequence.npy,squat,train,20
stu10_21.mp4,/content/drive/MyDrive/FinalProjectCV/CV_Image_pose_detection/Data/LLSP/annotation_cleaned/pose_sequences/stu10_21_sequence.npy,front_raise,train,2
stu7_51.mp4,/content/drive/MyDrive/FinalProjectCV/CV_Image_pose_detection/Data/LLSP/annotation_cleaned/pose_sequences/stu7_51_sequence.npy,push_up,train,47
train186.mp4,/content/drive/MyDrive/FinalProjectCV/CV_Image_pose_detection/Data/LLSP/annotation_cleaned/pose_sequences/train186_sequence.npy,bench_pressing,train,2
stu10_35.mp4,/content/drive/MyDrive/FinalProjectCV/CV_Image_pose_detection/Data/LLSP/annotation_cleaned/pose_sequences/stu10_35_sequence.npy,pull_up,train,11
stu7_27.mp4,/content/drive/MyDrive/FinalProjectCV/CV_Image_pose_detection/Data/LLSP/annotation_cleaned/pose_sequences/stu7_27_sequence.npy,jump_jacks,train,30
stu10_11.mp4,/content/drive/MyDrive/FinalProjectCV/CV_Image_pose_detection/Data/LLSP/annotation_cleaned/pose_sequences/stu10_11_sequence.npy,bench_pressing,train,20
stu10_2.mp4,/content/drive/MyDrive/FinalProjectCV/CV_Image_pose_detection/Data/LLSP/annotation_cleaned/pose_sequences/stu10_2_sequence.npy,bench_pressing,train,11
stu3_7.mp4,/content/drive/MyDrive/FinalProjectCV/CV_Image_pose_detection/Data/LLSP/annotation_cleaned/pose_sequences/stu3_7_sequence.npy,bench_pressing,train,16
stu3_26.mp4,/content/drive/MyDrive/FinalProjectCV/CV_Image_pose_detection/Data/LLSP/annotation_cleaned/pose_sequences/stu3_26_sequence.npy,jump_jacks,train,62
stu9_6.mp4,/content/drive/MyDrive/FinalProjectCV/CV_Image_pose_detection/Data/LLSP/annotation_cleaned/pose_sequences/stu9_6_sequence.npy,bench_pressing,train,5
stu8_67.mp4,/content/drive/MyDrive/FinalProjectCV/CV_Image_pose_detection/Data/LLSP/annotation_cleaned/pose_sequences/stu8_67_sequence.npy,squat,train,3
val1258.mp4,/content/drive/MyDrive/FinalProjectCV/CV_Image_pose_detection/Data/LLSP/annotation_cleaned/pose_sequences/val1258_sequence.npy,squat,train,3
stu2_29.mp4,/content/drive/MyDrive/FinalProjectCV/CV_Image_pose_detection/Data/LLSP/annotation_cleaned/pose_sequences/stu2_29_sequence.npy,jump_jacks,train,28
stu2_41.mp4,/content/drive/MyDrive/FinalProjectCV/CV_Image_pose_detection/Data/LLSP/annotation_cleaned/pose_sequences/stu2_41_sequence.npy,pull_up,train,26
stu6_43.mp4,/content/drive/MyDrive/FinalProjectCV/CV_Image_pose_detection/Data/LLSP/annotation_cleaned/pose_sequences/stu6_43_sequence.npy,push_up,train,19
stu7_41.mp4,/content/drive/MyDrive/FinalProjectCV/CV_Image_pose_detection/Data/LLSP/annotation_cleaned/pose_sequences/stu7_41_sequence.npy,pull_up,train,4
stu9_4.mp4,/content/drive/MyDrive/FinalProjectCV/CV_Image_pose_detection/Data/LLSP/annotation_cleaned/pose_sequences/stu9_4_sequence.npy,bench_pressing,train,8
stu9_23.mp4,/content/drive/MyDrive/FinalProjectCV/CV_Image_pose_detection/Data/LLSP/annotation_cleaned/pose_sequences/stu9_23_sequence.npy,front_raise,train,5
test118.mp4,/content/drive/MyDrive/FinalProjectCV/CV_Image_pose_detection/Data/LLSP/annotation_cleaned/pose_sequences/test118_sequence.npy,bench_pressing,train,6
stu10_57.mp4,/content/drive/MyDrive/FinalProjectCV/CV_Image_pose_detection/Data/LLSP/annotation_cleaned/pose_sequences/stu10_57_sequence.npy,sit_up,train,31
stu2_44.mp4,/content/drive/MyDrive/FinalProjectCV/CV_Image_pose_detection/Data/LLSP/annotation_cleaned/pose_sequences/stu2_44_sequence.npy,pull_up,train,10
stu10_45.mp4,/content/drive/MyDrive/FinalProjectCV/CV_Image_pose_detection/Data/LLSP/annotation_cleaned/pose_sequences/stu10_45_sequence.npy,push_up,train,14
train2464.mp4,/content/drive/MyDrive/FinalProjectCV/CV_Image_pose_detection/Data/LLSP/annotation_cleaned/pose_sequences/train2464_sequence.npy,pull_up,train,4
stu10_20.mp4,/content/drive/MyDrive/FinalProjectCV/CV_Image_pose_detection/Data/LLSP/annotation_cleaned/pose_sequences/stu10_20_sequence.npy,front_raise,train,8
test125.mp4,/content/drive/MyDrive/FinalProjectCV/CV_Image_pose_detection/Data/LLSP/annotation_cleaned/pose_sequences/test125_sequence.npy,bench_pressing,train,3
stu10_14.mp4,/content/drive/MyDrive/FinalProjectCV/CV_Image_pose_detection/Data/LLSP/annotation_cleaned/pose_sequences/stu10_14_sequence.npy,front_raise,train,14
stu1_3.mp4,/content/drive/MyDrive/FinalProjectCV/CV_Image_pose_detection/Data/LLSP/annotation_cleaned/pose_sequences/stu1_3_sequence.npy,bench_pressing,train,4
train2523.mp4,/content/drive/MyDrive/FinalProjectCV/CV_Image_pose_detection/Data/LLSP/annotation_cleaned/pose_sequences/train2523_sequence.npy,pull_up,train,4
stu3_69.mp4,/content/drive/MyDrive/FinalProjectCV/CV_Image_pose_detection/Data/LLSP/annotation_cleaned/pose_sequences/stu3_69_sequence.npy,squat,train,10
stu8_55.mp4,/content/drive/MyDrive/FinalProjectCV/CV_Image_pose_detection/Data/LLSP/annotation_cleaned/pose_sequences/stu8_55_sequence.npy,sit_up,train,10
stu4_43.mp4,/content/drive/MyDrive/FinalProjectCV/CV_Image_pose_detection/Data/LLSP/annotation_cleaned/pose_sequences/stu4_43_sequence.npy,push_up,train,10
test2318.mp4,/content/drive/MyDrive/FinalProjectCV/CV_Image_pose_detection/Data/LLSP/annotation_cleaned/pose_sequences/test2318_sequence.npy,squat,train,4
stu3_45.mp4,/content/drive/MyDrive/FinalProjectCV/CV_Image_pose_detection/Data/LLSP/annotation_cleaned/pose_sequences/stu3_45_sequence.npy,push_up,train,25
stu3_70.mp4,/content/drive/MyDrive/FinalProjectCV/CV_Image_pose_detection/Data/LLSP/annotation_cleaned/pose_sequences/stu3_70_sequence.npy,squat,train,12
stu10_30.mp4,/content/drive/MyDrive/FinalProjectCV/CV_Image_pose_detection/Data/LLSP/annotation_cleaned/pose_sequences/stu10_30_sequence.npy,jump_jacks,train,4
stu9_60.mp4,/content/drive/MyDrive/FinalProjectCV/CV_Image_pose_detection/Data/LLSP/annotation_cleaned/pose_sequences/stu9_60_sequence.npy,sit_up,train,4
train2484.mp4,/content/drive/MyDrive/FinalProjectCV/CV_Image_pose_detection/Data/LLSP/annotation_cleaned/pose_sequences/train2484_sequence.npy,pull_up,train,7
stu7_7.mp4,/content/drive/MyDrive/FinalProjectCV/CV_Image_pose_detection/Data/LLSP/annotation_cleaned/pose_sequences/stu7_7_sequence.npy,bench_pressing,train,4
stu3_60.mp4,/content/drive/MyDrive/FinalProjectCV/CV_Image_pose_detection/Data/LLSP/annotation_cleaned/pose_sequences/stu3_60_sequence.npy,squat,train,4
test990.mp4,/content/drive/MyDrive/FinalProjectCV/CV_Image_pose_detection/Data/LLSP/annotation_cleaned/pose_sequences/test990_sequence.npy,jump_jacks,train,5
stu2_10.mp4,/content/drive/MyDrive/FinalProjectCV/CV_Image_pose_detection/Data/LLSP/annotation_cleaned/pose_sequences/stu2_10_sequence.npy,bench_pressing,train,6
stu1_53.mp4,/content/drive/MyDrive/FinalProjectCV/CV_Image_pose_detection/Data/LLSP/annotation_cleaned/pose_sequences/stu1_53_sequence.npy,sit_up,train,9
stu6_60.mp4,/content/drive/MyDrive/FinalProjectCV/CV_Image_pose_detection/Data/LLSP/annotation_cleaned/pose_sequences/stu6_60_sequence.npy,squat,train,35
stu5_63.mp4,/content/drive/MyDrive/FinalProjectCV/CV_Image_pose_detection/Data/LLSP/annotation_cleaned/pose_sequences/stu5_63_sequence.npy,squat,train,21
stu6_50.mp4,/content/drive/MyDrive/FinalProjectCV/CV_Image_pose_detection/Data/LLSP/annotation_cleaned/pose_sequences/stu6_50_sequence.npy,sit_up,train,9
stu3_68.mp4,/content/drive/MyDrive/FinalProjectCV/CV_Image_pose_detection/Data/LLSP/annotation_cleaned/pose_sequences/stu3_68_sequence.npy,squat,train,17
stu4_44.mp4,/content/drive/MyDrive/FinalProjectCV/CV_Image_pose_detection/Data/LLSP/annotation_cleaned/pose_sequences/stu4_44_sequence.npy,push_up,train,9
stu3_33.mp4,/content/drive/MyDrive/FinalProjectCV/CV_Image_pose_detection/Data/LLSP/annotation_cleaned/pose_sequences/stu3_33_sequence.npy,pull_up,train,10
stu4_48.mp4,/content/drive/MyDrive/FinalProjectCV/CV_Image_pose_detection/Data/LLSP/annotation_cleaned/pose_sequences/stu4_48_sequence.npy,push_up,train,8
train1022.mp4,/content/drive/MyDrive/FinalProjectCV/CV_Image_pose_detection/Data/LLSP/annotation_cleaned/pose_sequences/train1022_sequence.npy,front_raise,train,3
stu10_52.mp4,/content/drive/MyDrive/FinalProjectCV/CV_Image_pose_detection/Data/LLSP/annotation_cleaned/pose_sequences/stu10_52_sequence.npy,push_up,train,37
stu10_27.mp4,/content/drive/MyDrive/FinalProjectCV/CV_Image_pose_detection/Data/LLSP/annotation_cleaned/pose_sequences/stu10_27_sequence.npy,jump_jacks,train,18
stu10_61.mp4,/content/drive/MyDrive/FinalProjectCV/CV_Image_pose_detection/Data/LLSP/annotation_cleaned/pose_sequences/stu10_61_sequence.npy,sit_up,train,15
stu1_45.mp4,/content/drive/MyDrive/FinalProjectCV/CV_Image_pose_detection/Data/LLSP/annotation_cleaned/pose_sequences/stu1_45_sequence.npy,push_up,train,6
val1075.mp4,/content/drive/MyDrive/FinalProjectCV/CV_Image_pose_detection/Data/LLSP/annotation_cleaned/pose_sequences/val1075_sequence.npy,sit_up,train,3
train2502.mp4,/content/drive/MyDrive/FinalProjectCV/CV_Image_pose_detection/Data/LLSP/annotation_cleaned/pose_sequences/train2502_sequence.npy,pull_up,train,6
stu3_40.mp4,/content/drive/MyDrive/FinalProjectCV/CV_Image_pose_detection/Data/LLSP/annotation_cleaned/pose_sequences/stu3_40_sequence.npy,pull_up,train,6
stu2_13.mp4,/content/drive/MyDrive/FinalProjectCV/CV_Image_pose_detection/Data/LLSP/annotation_cleaned/pose_sequences/stu2_13_sequence.npy,bench_pressing,train,11
train184.mp4,/content/drive/MyDrive/FinalProjectCV/CV_Image_pose_detection/Data/LLSP/annotation_cleaned/pose_sequences/train184_sequence.npy,bench_pressing,train,2
stu5_44.mp4,/content/drive/MyDrive/FinalProjectCV/CV_Image_pose_detection/Data/LLSP/annotation_cleaned/pose_sequences/stu5_44_sequence.npy,push_up,train,12
test2003.mp4,/content/drive/MyDrive/FinalProjectCV/CV_Image_pose_detection/Data/LLSP/annotation_cleaned/pose_sequences/test2003_sequence.npy,sit_up,train,6
stu3_6.mp4,/content/drive/MyDrive/FinalProjectCV/CV_Image_pose_detection/Data/LLSP/annotation_cleaned/pose_sequences/stu3_6_sequence.npy,bench_pressing,train,6
stu2_67.mp4,/content/drive/MyDrive/FinalProjectCV/CV_Image_pose_detection/Data/LLSP/annotation_cleaned/pose_sequences/stu2_67_sequence.npy,squat,train,11
stu10_66.mp4,/content/drive/MyDrive/FinalProjectCV/CV_Image_pose_detection/Data/LLSP/annotation_cleaned/pose_sequences/stu10_66_sequence.npy,squat,train,25
train2745.mp4,/content/drive/MyDrive/FinalProjectCV/CV_Image_pose_detection/Data/LLSP/annotation_cleaned/pose_sequences/train2745_sequence.npy,push_up,train,2
stu6_19.mp4,/content/drive/MyDrive/FinalProjectCV/CV_Image_pose_detection/Data/LLSP/annotation_cleaned/pose_sequences/stu6_19_sequence.npy,jump_jacks,train,16
val1099.mp4,/content/drive/MyDrive/FinalProjectCV/CV_Image_pose_detection/Data/LLSP/annotation_cleaned/pose_sequences/val1099_sequence.npy,sit_up,train,4
stu8_13.mp4,/content/drive/MyDrive/FinalProjectCV/CV_Image_pose_detection/Data/LLSP/annotation_cleaned/pose_sequences/stu8_13_sequence.npy,bench_pressing,train,5
stu1_6.mp4,/content/drive/MyDrive/FinalProjectCV/CV_Image_pose_detection/Data/LLSP/annotation_cleaned/pose_sequences/stu1_6_sequence.npy,bench_pressing,train,11
stu2_9.mp4,/content/drive/MyDrive/FinalProjectCV/CV_Image_pose_detection/Data/LLSP/annotation_cleaned/pose_sequences/stu2_9_sequence.npy,bench_pressing,train,9
stu3_63.mp4,/content/drive/MyDrive/FinalProjectCV/CV_Image_pose_detection/Data/LLSP/annotation_cleaned/pose_sequences/stu3_63_sequence.npy,squat,train,7
stu3_41.mp4,/content/drive/MyDrive/FinalProjectCV/CV_Image_pose_detection/Data/LLSP/annotation_cleaned/pose_sequences/stu3_41_sequence.npy,pull_up,train,1
stu4_20.mp4,/content/drive/MyDrive/FinalProjectCV/CV_Image_pose_detection/Data/LLSP/annotation_cleaned/pose_sequences/stu4_20_sequence.npy,jump_jacks,train,11
val820.mp4,/content/drive/MyDrive/FinalProjectCV/CV_Image_pose_detection/Data/LLSP/annotation_cleaned/pose_sequences/val820_sequence.npy,pull_up,train,4
stu5_42.mp4,/content/drive/MyDrive/FinalProjectCV/CV_Image_pose_detection/Data/LLSP/annotation_cleaned/pose_sequences/stu5_42_sequence.npy,push_up,train,23
test944.mp4,/content/drive/MyDrive/FinalProjectCV/CV_Image_pose_detection/Data/LLSP/annotation_cleaned/pose_sequences/test944_sequence.npy,jump_jacks,train,10
stu6_11.mp4,/content/drive/MyDrive/FinalProjectCV/CV_Image_pose_detection/Data/LLSP/annotation_cleaned/pose_sequences/stu6_11_sequence.npy,front_raise,train,22
stu6_14.mp4,/content/drive/MyDrive/FinalProjectCV/CV_Image_pose_detection/Data/LLSP/annotation_cleaned/pose_sequences/stu6_14_sequence.npy,front_raise,train,4
stu6_71.mp4,/content/drive/MyDrive/FinalProjectCV/CV_Image_pose_detection/Data/LLSP/annotation_cleaned/pose_sequences/stu6_71_sequence.npy,squat,train,2
stu7_37.mp4,/content/drive/MyDrive/FinalProjectCV/CV_Image_pose_detection/Data/LLSP/annotation_cleaned/pose_sequences/stu7_37_sequence.npy,pull_up,train,15
stu10_62.mp4,/content/drive/MyDrive/FinalProjectCV/CV_Image_pose_detection/Data/LLSP/annotation_cleaned/pose_sequences/stu10_62_sequence.npy,squat,train,3
stu8_51.mp4,/content/drive/MyDrive/FinalProjectCV/CV_Image_pose_detection/Data/LLSP/annotation_cleaned/pose_sequences/stu8_51_sequence.npy,sit_up,train,25
stu3_14.mp4,/content/drive/MyDrive/FinalProjectCV/CV_Image_pose_detection/Data/LLSP/annotation_cleaned/pose_sequences/stu3_14_sequence.npy,front_raise,train,3
train941.mp4,/content/drive/MyDrive/FinalProjectCV/CV_Image_pose_detection/Data/LLSP/annotation_cleaned/pose_sequences/train941_sequence.npy,front_raise,train,4
test1995.mp4,/content/drive/MyDrive/FinalProjectCV/CV_Image_pose_detection/Data/LLSP/annotation_cleaned/pose_sequences/test1995_sequence.npy,sit_up,train,5
test541.mp4,/content/drive/MyDrive/FinalProjectCV/CV_Image_pose_detection/Data/LLSP/annotation_cleaned/pose_sequences/test541_sequence.npy,front_raise,train,3
stu6_49.mp4,/content/drive/MyDrive/FinalProjectCV/CV_Image_pose_detection/Data/LLSP/annotation_cleaned/pose_sequences/stu6_49_sequence.npy,sit_up,train,5
test168.mp4,/content/drive/MyDrive/FinalProjectCV/CV_Image_pose_detection/Data/LLSP/annotation_cleaned/pose_sequences/test168_sequence.npy,bench_pressing,train,3
stu9_40.mp4,/content/drive/MyDrive/FinalProjectCV/CV_Image_pose_detection/Data/LLSP/annotation_cleaned/pose_sequences/stu9_40_sequence.npy,pull_up,train,27
stu6_64.mp4,/content/drive/MyDrive/FinalProjectCV/CV_Image_pose_detection/Data/LLSP/annotation_cleaned/pose_sequences/stu6_64_sequence.npy,squat,train,3
stu5_34.mp4,/content/drive/MyDrive/FinalProjectCV/CV_Image_pose_detection/Data/LLSP/annotation_cleaned/pose_sequences/stu5_34_sequence.npy,pull_up,train,52
stu8_31.mp4,/content/drive/MyDrive/FinalProjectCV/CV_Image_pose_detection/Data/LLSP/annotation_cleaned/pose_sequences/stu8_31_sequence.npy,jump_jacks,train,26
train970.mp4,/content/drive/MyDrive/FinalProjectCV/CV_Image_pose_detection/Data/LLSP/annotation_cleaned/pose_sequences/train970_sequence.npy,front_raise,train,5
stu9_54.mp4,/content/drive/MyDrive/FinalProjectCV/CV_Image_pose_detection/Data/LLSP/annotation_cleaned/pose_sequences/stu9_54_sequence.npy,push_up,train,26
stu4_32.mp4,/content/drive/MyDrive/FinalProjectCV/CV_Image_pose_detection/Data/LLSP/annotation_cleaned/pose_sequences/stu4_32_sequence.npy,pull_up,train,4
stu3_35.mp4,/content/drive/MyDrive/FinalProjectCV/CV_Image_pose_detection/Data/LLSP/annotation_cleaned/pose_sequences/stu3_35_sequence.npy,pull_up,train,5
val886.mp4,/content/drive/MyDrive/FinalProjectCV/CV_Image_pose_detection/Data/LLSP/annotation_cleaned/pose_sequences/val886_sequence.npy,push_up,train,5
stu1_67.mp4,/content/drive/MyDrive/FinalProjectCV/CV_Image_pose_detection/Data/LLSP/annotation_cleaned/pose_sequences/stu1_67_sequence.npy,squat,train,20
stu7_25.mp4,/content/drive/MyDrive/FinalProjectCV/CV_Image_pose_detection/Data/LLSP/annotation_cleaned/pose_sequences/stu7_25_sequence.npy,jump_jacks,train,15
stu6_53.mp4,/content/drive/MyDrive/FinalProjectCV/CV_Image_pose_detection/Data/LLSP/annotation_cleaned/pose_sequences/stu6_53_sequence.npy,sit_up,train,28
stu9_33.mp4,/content/drive/MyDrive/FinalProjectCV/CV_Image_pose_detection/Data/LLSP/annotation_cleaned/pose_sequences/stu9_33_sequence.npy,jump_jacks,train,16
stu3_43.mp4,/content/drive/MyDrive/FinalProjectCV/CV_Image_pose_detection/Data/LLSP/annotation_cleaned/pose_sequences/stu3_43_sequence.npy,push_up,train,45
stu1_7.mp4,/content/drive/MyDrive/FinalProjectCV/CV_Image_pose_detection/Data/LLSP/annotation_cleaned/pose_sequences/stu1_7_sequence.npy,bench_pressing,train,1
stu6_41.mp4,/content/drive/MyDrive/FinalProjectCV/CV_Image_pose_detection/Data/LLSP/annotation_cleaned/pose_sequences/stu6_41_sequence.npy,push_up,train,54
test2317.mp4,/content/drive/MyDrive/FinalProjectCV/CV_Image_pose_detection/Data/LLSP/annotation_cleaned/pose_sequences/test2317_sequence.npy,squat,train,3
stu8_16.mp4,/content/drive/MyDrive/FinalProjectCV/CV_Image_pose_detection/Data/LLSP/annotation_cleaned/pose_sequences/stu8_16_sequence.npy,bench_pressing,train,10
stu9_1.mp4,/content/drive/MyDrive/FinalProjectCV/CV_Image_pose_detection/Data/LLSP/annotation_cleaned/pose_sequences/stu9_1_sequence.npy,bench_pressing,train,6
stu7_6.mp4,/content/drive/MyDrive/FinalProjectCV/CV_Image_pose_detection/Data/LLSP/annotation_cleaned/pose_sequences/stu7_6_sequence.npy,bench_pressing,train,3
stu3_8.mp4,/content/drive/MyDrive/FinalProjectCV/CV_Image_pose_detection/Data/LLSP/annotation_cleaned/pose_sequences/stu3_8_sequence.npy,front_raise,train,6
test1977.mp4,/content/drive/MyDrive/FinalProjectCV/CV_Image_pose_detection/Data/LLSP/annotation_cleaned/pose_sequences/test1977_sequence.npy,sit_up,train,3
stu7_70.mp4,/content/drive/MyDrive/FinalProjectCV/CV_Image_pose_detection/Data/LLSP/annotation_cleaned/pose_sequences/stu7_70_sequence.npy,squat,train,6
stu2_12.mp4,/content/drive/MyDrive/FinalProjectCV/CV_Image_pose_detection/Data/LLSP/annotation_cleaned/pose_sequences/stu2_12_sequence.npy,bench_pressing,train,6
stu10_22.mp4,/content/drive/MyDrive/FinalProjectCV/CV_Image_pose_detection/Data/LLSP/annotation_cleaned/pose_sequences/stu10_22_sequence.npy,front_raise,train,4
stu7_29.mp4,/content/drive/MyDrive/FinalProjectCV/CV_Image_pose_detection/Data/LLSP/annotation_cleaned/pose_sequences/stu7_29_sequence.npy,jump_jacks,train,60
stu4_72.mp4,/content/drive/MyDrive/FinalProjectCV/CV_Image_pose_detection/Data/LLSP/annotation_cleaned/pose_sequences/stu4_72_sequence.npy,squat,train,3
stu1_18.mp4,/content/drive/MyDrive/FinalProjectCV/CV_Image_pose_detection/Data/LLSP/annotation_cleaned/pose_sequences/stu1_18_sequence.npy,front_raise,train,9
stu1_50.mp4,/content/drive/MyDrive/FinalProjectCV/CV_Image_pose_detection/Data/LLSP/annotation_cleaned/pose_sequences/stu1_50_sequence.npy,push_up,train,13
stu2_22.mp4,/content/drive/MyDrive/FinalProjectCV/CV_Image_pose_detection/Data/LLSP/annotation_cleaned/pose_sequences/stu2_22_sequence.npy,front_raise,train,7
stu8_61.mp4,/content/drive/MyDrive/FinalProjectCV/CV_Image_pose_detection/Data/LLSP/annotation_cleaned/pose_sequences/stu8_61_sequence.npy,squat,train,5
stu5_49.mp4,/content/drive/MyDrive/FinalProjectCV/CV_Image_pose_detection/Data/LLSP/annotation_cleaned/pose_sequences/stu5_49_sequence.npy,sit_up,train,3
stu2_53.mp4,/content/drive/MyDrive/FinalProjectCV/CV_Image_pose_detection/Data/LLSP/annotation_cleaned/pose_sequences/stu2_53_sequence.npy,push_up,train,49
stu2_24.mp4,/content/drive/MyDrive/FinalProjectCV/CV_Image_pose_detection/Data/LLSP/annotation_cleaned/pose_sequences/stu2_24_sequence.npy,front_raise,train,5
train2739.mp4,/content/drive/MyDrive/FinalProjectCV/CV_Image_pose_detection/Data/LLSP/annotation_cleaned/pose_sequences/train2739_sequence.npy,push_up,train,13
train960.mp4,/content/drive/MyDrive/FinalProjectCV/CV_Image_pose_detection/Data/LLSP/annotation_cleaned/pose_sequences/train960_sequence.npy,front_raise,train,2
stu2_26.mp4,/content/drive/MyDrive/FinalProjectCV/CV_Image_pose_detection/Data/LLSP/annotation_cleaned/pose_sequences/stu2_26_sequence.npy,jump_jacks,train,30
stu10_12.mp4,/content/drive/MyDrive/FinalProjectCV/CV_Image_pose_detection/Data/LLSP/annotation_cleaned/pose_sequences/stu10_12_sequence.npy,bench_pressing,train,15
stu4_4.mp4,/content/drive/MyDrive/FinalProjectCV/CV_Image_pose_detection/Data/LLSP/annotation_cleaned/pose_sequences/stu4_4_sequence.npy,bench_pressing,train,23
train1623.mp4,/content/drive/MyDrive/FinalProjectCV/CV_Image_pose_detection/Data/LLSP/annotation_cleaned/pose_sequences/train1623_sequence.npy,jump_jacks,train,10
train3324.mp4,/content/drive/MyDrive/FinalProjectCV/CV_Image_pose_detection/Data/LLSP/annotation_cleaned/pose_sequences/train3324_sequence.npy,sit_up,train,3
train172.mp4,/content/drive/MyDrive/FinalProjectCV/CV_Image_pose_detection/Data/LLSP/annotation_cleaned/pose_sequences/train172_sequence.npy,bench_pressing,train,4
stu5_33.mp4,/content/drive/MyDrive/FinalProjectCV/CV_Image_pose_detection/Data/LLSP/annotation_cleaned/pose_sequences/stu5_33_sequence.npy,pull_up,train,9
stu9_24.mp4,/content/drive/MyDrive/FinalProjectCV/CV_Image_pose_detection/Data/LLSP/annotation_cleaned/pose_sequences/stu9_24_sequence.npy,front_raise,train,2
stu4_35.mp4,/content/drive/MyDrive/FinalProjectCV/CV_Image_pose_detection/Data/LLSP/annotation_cleaned/pose_sequences/stu4_35_sequence.npy,pull_up,train,12
stu3_32.mp4,/content/drive/MyDrive/FinalProjectCV/CV_Image_pose_detection/Data/LLSP/annotation_cleaned/pose_sequences/stu3_32_sequence.npy,pull_up,train,7
train2666.mp4,/content/drive/MyDrive/FinalProjectCV/CV_Image_pose_detection/Data/LLSP/annotation_cleaned/pose_sequences/train2666_sequence.npy,push_up,train,5
stu8_60.mp4,/content/drive/MyDrive/FinalProjectCV/CV_Image_pose_detection/Data/LLSP/annotation_cleaned/pose_sequences/stu8_60_sequence.npy,squat,train,11
train1646.mp4,/content/drive/MyDrive/FinalProjectCV/CV_Image_pose_detection/Data/LLSP/annotation_cleaned/pose_sequences/train1646_sequence.npy,jump_jacks,train,9
stu5_2.mp4,/content/drive/MyDrive/FinalProjectCV/CV_Image_pose_detection/Data/LLSP/annotation_cleaned/pose_sequences/stu5_2_sequence.npy,battle_rope,train,40
stu6_12.mp4,/content/drive/MyDrive/FinalProjectCV/CV_Image_pose_detection/Data/LLSP/annotation_cleaned/pose_sequences/stu6_12_sequence.npy,front_raise,train,4
stu3_47.mp4,/content/drive/MyDrive/FinalProjectCV/CV_Image_pose_detection/Data/LLSP/annotation_cleaned/pose_sequences/stu3_47_sequence.npy,push_up,train,6
stu6_69.mp4,/content/drive/MyDrive/FinalProjectCV/CV_Image_pose_detection/Data/LLSP/annotation_cleaned/pose_sequences/stu6_69_sequence.npy,squat,train,15
stu6_46.mp4,/content/drive/MyDrive/FinalProjectCV/CV_Image_pose_detection/Data/LLSP/annotation_cleaned/pose_sequences/stu6_46_sequence.npy,push_up,train,33
stu10_37.mp4,/content/drive/MyDrive/FinalProjectCV/CV_Image_pose_detection/Data/LLSP/annotation_cleaned/pose_sequences/stu10_37_sequence.npy,pull_up,train,17
test2295.mp4,/content/drive/MyDrive/FinalProjectCV/CV_Image_pose_detection/Data/LLSP/annotation_cleaned/pose_sequences/test2295_sequence.npy,squat,train,1
stu1_12.mp4,/content/drive/MyDrive/FinalProjectCV/CV_Image_pose_detection/Data/LLSP/annotation_cleaned/pose_sequences/stu1_12_sequence.npy,bench_pressing,train,8
test528.mp4,/content/drive/MyDrive/FinalProjectCV/CV_Image_pose_detection/Data/LLSP/annotation_cleaned/pose_sequences/test528_sequence.npy,front_raise,train,2
stu1_61.mp4,/content/drive/MyDrive/FinalProjectCV/CV_Image_pose_detection/Data/LLSP/annotation_cleaned/pose_sequences/stu1_61_sequence.npy,sit_up,train,23
stu5_29.mp4,/content/drive/MyDrive/FinalProjectCV/CV_Image_pose_detection/Data/LLSP/annotation_cleaned/pose_sequences/stu5_29_sequence.npy,pull_up,train,4
stu9_44.mp4,/content/drive/MyDrive/FinalProjectCV/CV_Image_pose_detection/Data/LLSP/annotation_cleaned/pose_sequences/stu9_44_sequence.npy,pull_up,train,21
stu7_20.mp4,/content/drive/MyDrive/FinalProjectCV/CV_Image_pose_detection/Data/LLSP/annotation_cleaned/pose_sequences/stu7_20_sequence.npy,front_raise,train,6
stu1_23.mp4,/content/drive/MyDrive/FinalProjectCV/CV_Image_pose_detection/Data/LLSP/annotation_cleaned/pose_sequences/stu1_23_sequence.npy,jump_jacks,train,32
stu7_39.mp4,/content/drive/MyDrive/FinalProjectCV/CV_Image_pose_detection/Data/LLSP/annotation_cleaned/pose_sequences/stu7_39_sequence.npy,pull_up,train,7
stu5_37.mp4,/content/drive/MyDrive/FinalProjectCV/CV_Image_pose_detection/Data/LLSP/annotation_cleaned/pose_sequences/stu5_37_sequence.npy,pull_up,train,20
stu4_0.mp4,/content/drive/MyDrive/FinalProjectCV/CV_Image_pose_detection/Data/LLSP/annotation_cleaned/pose_sequences/stu4_0_sequence.npy,battle_rope,train,11
stu2_48.mp4,/content/drive/MyDrive/FinalProjectCV/CV_Image_pose_detection/Data/LLSP/annotation_cleaned/pose_sequences/stu2_48_sequence.npy,push_up,train,10
stu6_32.mp4,/content/drive/MyDrive/FinalProjectCV/CV_Image_pose_detection/Data/LLSP/annotation_cleaned/pose_sequences/stu6_32_sequence.npy,pull_up,train,7
stu5_69.mp4,/content/drive/MyDrive/FinalProjectCV/CV_Image_pose_detection/Data/LLSP/annotation_cleaned/pose_sequences/stu5_69_sequence.npy,squat,train,10
stu5_25.mp4,/content/drive/MyDrive/FinalProjectCV/CV_Image_pose_detection/Data/LLSP/annotation_cleaned/pose_sequences/stu5_25_sequence.npy,jump_jacks,train,68
stu6_9.mp4,/content/drive/MyDrive/FinalProjectCV/CV_Image_pose_detection/Data/LLSP/annotation_cleaned/pose_sequences/stu6_9_sequence.npy,front_raise,train,18
test1496.mp4,/content/drive/MyDrive/FinalProjectCV/CV_Image_pose_detection/Data/LLSP/annotation_cleaned/pose_sequences/test1496_sequence.npy,pull_up,train,6
stu7_61.mp4,/content/drive/MyDrive/FinalProjectCV/CV_Image_pose_detection/Data/LLSP/annotation_cleaned/pose_sequences/stu7_61_sequence.npy,sit_up,train,12
stu1_5.mp4,/content/drive/MyDrive/FinalProjectCV/CV_Image_pose_detection/Data/LLSP/annotation_cleaned/pose_sequences/stu1_5_sequence.npy,bench_pressing,train,11
stu7_62.mp4,/content/drive/MyDrive/FinalProjectCV/CV_Image_pose_detection/Data/LLSP/annotation_cleaned/pose_sequences/stu7_62_sequence.npy,squat,train,9
stu6_52.mp4,/content/drive/MyDrive/FinalProjectCV/CV_Image_pose_detection/Data/LLSP/annotation_cleaned/pose_sequences/stu6_52_sequence.npy,sit_up,train,23
stu1_24.mp4,/content/drive/MyDrive/FinalProjectCV/CV_Image_pose_detection/Data/LLSP/annotation_cleaned/pose_sequences/stu1_24_sequence.npy,jump_jacks,train,68
test138.mp4,/content/drive/MyDrive/FinalProjectCV/CV_Image_pose_detection/Data/LLSP/annotation_cleaned/pose_sequences/test138_sequence.npy,bench_pressing,train,12
stu6_51.mp4,/content/drive/MyDrive/FinalProjectCV/CV_Image_pose_detection/Data/LLSP/annotation_cleaned/pose_sequences/stu6_51_sequence.npy,sit_up,train,10
stu1_25.mp4,/content/drive/MyDrive/FinalProjectCV/CV_Image_pose_detection/Data/LLSP/annotation_cleaned/pose_sequences/stu1_25_sequence.npy,jump_jacks,train,43
stu6_56.mp4,/content/drive/MyDrive/FinalProjectCV/CV_Image_pose_detection/Data/LLSP/annotation_cleaned/pose_sequences/stu6_56_sequence.npy,sit_up,train,9
stu7_28.mp4,/content/drive/MyDrive/FinalProjectCV/CV_Image_pose_detection/Data/LLSP/annotation_cleaned/pose_sequences/stu7_28_sequence.npy,jump_jacks,train,10
stu8_20.mp4,/content/drive/MyDrive/FinalProjectCV/CV_Image_pose_detection/Data/LLSP/annotation_cleaned/pose_sequences/stu8_20_sequence.npy,front_raise,train,8
stu9_59.mp4,/content/drive/MyDrive/FinalProjectCV/CV_Image_pose_detection/Data/LLSP/annotation_cleaned/pose_sequences/stu9_59_sequence.npy,sit_up,train,7
stu7_58.mp4,/content/drive/MyDrive/FinalProjectCV/CV_Image_pose_detection/Data/LLSP/annotation_cleaned/pose_sequences/stu7_58_sequence.npy,sit_up,train,9
stu7_33.mp4,/content/drive/MyDrive/FinalProjectCV/CV_Image_pose_detection/Data/LLSP/annotation_cleaned/pose_sequences/stu7_33_sequence.npy,jump_jacks,train,7
stu7_46.mp4,/content/drive/MyDrive/FinalProjectCV/CV_Image_pose_detection/Data/LLSP/annotation_cleaned/pose_sequences/stu7_46_sequence.npy,push_up,train,16
stu5_60.mp4,/content/drive/MyDrive/FinalProjectCV/CV_Image_pose_detection/Data/LLSP/annotation_cleaned/pose_sequences/stu5_60_sequence.npy,sit_up,train,4
stu2_30.mp4,/content/drive/MyDrive/FinalProjectCV/CV_Image_pose_detection/Data/LLSP/annotation_cleaned/pose_sequences/stu2_30_sequence.npy,jump_jacks,train,25
stu4_58.mp4,/content/drive/MyDrive/FinalProjectCV/CV_Image_pose_detection/Data/LLSP/annotation_cleaned/pose_sequences/stu4_58_sequence.npy,sit_up,train,9
stu5_38.mp4,/content/drive/MyDrive/FinalProjectCV/CV_Image_pose_detection/Data/LLSP/annotation_cleaned/pose_sequences/stu5_38_sequence.npy,pull_up,train,13
stu4_65.mp4,/content/drive/MyDrive/FinalProjectCV/CV_Image_pose_detection/Data/LLSP/annotation_cleaned/pose_sequences/stu4_65_sequence.npy,squat,train,24
stu7_22.mp4,/content/drive/MyDrive/FinalProjectCV/CV_Image_pose_detection/Data/LLSP/annotation_cleaned/pose_sequences/stu7_22_sequence.npy,front_raise,train,2
stu1_31.mp4,/content/drive/MyDrive/FinalProjectCV/CV_Image_pose_detection/Data/LLSP/annotation_cleaned/pose_sequences/stu1_31_sequence.npy,pull_up,train,32
stu4_2.mp4,/content/drive/MyDrive/FinalProjectCV/CV_Image_pose_detection/Data/LLSP/annotation_cleaned/pose_sequences/stu4_2_sequence.npy,bench_pressing,train,15
stu9_21.mp4,/content/drive/MyDrive/FinalProjectCV/CV_Image_pose_detection/Data/LLSP/annotation_cleaned/pose_sequences/stu9_21_sequence.npy,front_raise,train,16
stu7_59.mp4,/content/drive/MyDrive/FinalProjectCV/CV_Image_pose_detection/Data/LLSP/annotation_cleaned/pose_sequences/stu7_59_sequence.npy,sit_up,train,5
stu5_58.mp4,/content/drive/MyDrive/FinalProjectCV/CV_Image_pose_detection/Data/LLSP/annotation_cleaned/pose_sequences/stu5_58_sequence.npy,sit_up,train,4
stu8_32.mp4,/content/drive/MyDrive/FinalProjectCV/CV_Image_pose_detection/Data/LLSP/annotation_cleaned/pose_sequences/stu8_32_sequence.npy,jump_jacks,train,5
stu7_71.mp4,/content/drive/MyDrive/FinalProjectCV/CV_Image_pose_detection/Data/LLSP/annotation_cleaned/pose_sequences/stu7_71_sequence.npy,squat,train,32
train3382.mp4,/content/drive/MyDrive/FinalProjectCV/CV_Image_pose_detection/Data/LLSP/annotation_cleaned/pose_sequences/train3382_sequence.npy,sit_up,train,4
stu9_12.mp4,/content/drive/MyDrive/FinalProjectCV/CV_Image_pose_detection/Data/LLSP/annotation_cleaned/pose_sequences/stu9_12_sequence.npy,front_raise,train,7
stu5_53.mp4,/content/drive/MyDrive/FinalProjectCV/CV_Image_pose_detection/Data/LLSP/annotation_cleaned/pose_sequences/stu5_53_sequence.npy,sit_up,train,27
stu5_51.mp4,/content/drive/MyDrive/FinalProjectCV/CV_Image_pose_detection/Data/LLSP/annotation_cleaned/pose_sequences/stu5_51_sequence.npy,sit_up,train,25
stu6_2.mp4,/content/drive/MyDrive/FinalProjectCV/CV_Image_pose_detection/Data/LLSP/annotation_cleaned/pose_sequences/stu6_2_sequence.npy,bench_pressing,train,9
test545.mp4,/content/drive/MyDrive/FinalProjectCV/CV_Image_pose_detection/Data/LLSP/annotation_cleaned/pose_sequences/test545_sequence.npy,front_raise,train,1
test2323.mp4,/content/drive/MyDrive/FinalProjectCV/CV_Image_pose_detection/Data/LLSP/annotation_cleaned/pose_sequences/test2323_sequence.npy,squat,train,2
train3312.mp4,/content/drive/MyDrive/FinalProjectCV/CV_Image_pose_detection/Data/LLSP/annotation_cleaned/pose_sequences/train3312_sequence.npy,sit_up,train,4
stu9_30.mp4,/content/drive/MyDrive/FinalProjectCV/CV_Image_pose_detection/Data/LLSP/annotation_cleaned/pose_sequences/stu9_30_sequence.npy,jump_jacks,train,11
stu4_60.mp4,/content/drive/MyDrive/FinalProjectCV/CV_Image_pose_detection/Data/LLSP/annotation_cleaned/pose_sequences/stu4_60_sequence.npy,sit_up,train,3
stu4_56.mp4,/content/drive/MyDrive/FinalProjectCV/CV_Image_pose_detection/Data/LLSP/annotation_cleaned/pose_sequences/stu4_56_sequence.npy,sit_up,train,7
stu3_21.mp4,/content/drive/MyDrive/FinalProjectCV/CV_Image_pose_detection/Data/LLSP/annotation_cleaned/pose_sequences/stu3_21_sequence.npy,jump_jacks,train,6
stu4_17.mp4,/content/drive/MyDrive/FinalProjectCV/CV_Image_pose_detection/Data/LLSP/annotation_cleaned/pose_sequences/stu4_17_sequence.npy,jump_jacks,train,8
stu2_61.mp4,/content/drive/MyDrive/FinalProjectCV/CV_Image_pose_detection/Data/LLSP/annotation_cleaned/pose_sequences/stu2_61_sequence.npy,sit_up,train,10
stu6_44.mp4,/content/drive/MyDrive/FinalProjectCV/CV_Image_pose_detection/Data/LLSP/annotation_cleaned/pose_sequences/stu6_44_sequence.npy,push_up,train,
stu5_46.mp4,/content/drive/MyDrive/FinalProjectCV/CV_Image_pose_detection/Data/LLSP/annotation_cleaned/pose_sequences/stu5_46_sequence.npy,push_up,train,3
stu3_67.mp4,/content/drive/MyDrive/FinalProjectCV/CV_Image_pose_detection/Data/LLSP/annotation_cleaned/pose_sequences/stu3_67_sequence.npy,squat,train,9
train2685.mp4,/content/drive/MyDrive/FinalProjectCV/CV_Image_pose_detection/Data/LLSP/annotation_cleaned/pose_sequences/train2685_sequence.npy,push_up,train,2
train1000.mp4,/content/drive/MyDrive/FinalProjectCV/CV_Image_pose_detection/Data/LLSP/annotation_cleaned/pose_sequences/train1000_sequence.npy,front_raise,train,3
stu9_56.mp4,/content/drive/MyDrive/FinalProjectCV/CV_Image_pose_detection/Data/LLSP/annotation_cleaned/pose_sequences/stu9_56_sequence.npy,sit_up,train,8
stu3_56.mp4,/content/drive/MyDrive/FinalProjectCV/CV_Image_pose_detection/Data/LLSP/annotation_cleaned/pose_sequences/stu3_56_sequence.npy,sit_up,train,25
stu6_54.mp4,/content/drive/MyDrive/FinalProjectCV/CV_Image_pose_detection/Data/LLSP/annotation_cleaned/pose_sequences/stu6_54_sequence.npy,sit_up,train,11
stu1_70.mp4,/content/drive/MyDrive/FinalProjectCV/CV_Image_pose_detection/Data/LLSP/annotation_cleaned/pose_sequences/stu1_70_sequence.npy,squat,train,1
stu2_4.mp4,/content/drive/MyDrive/FinalProjectCV/CV_Image_pose_detection/Data/LLSP/annotation_cleaned/pose_sequences/stu2_4_sequence.npy,bench_pressing,train,1
test1624.mp4,/content/drive/MyDrive/FinalProjectCV/CV_Image_pose_detection/Data/LLSP/annotation_cleaned/pose_sequences/test1624_sequence.npy,push_up,train,3
stu9_50.mp4,/content/drive/MyDrive/FinalProjectCV/CV_Image_pose_detection/Data/LLSP/annotation_cleaned/pose_sequences/stu9_50_sequence.npy,push_up,train,65
stu2_60.mp4,/content/drive/MyDrive/FinalProjectCV/CV_Image_pose_detection/Data/LLSP/annotation_cleaned/pose_sequences/stu2_60_sequence.npy,sit_up,train,43
stu6_20.mp4,/content/drive/MyDrive/FinalProjectCV/CV_Image_pose_detection/Data/LLSP/annotation_cleaned/pose_sequences/stu6_20_sequence.npy,jump_jacks,train,21
stu5_65.mp4,/content/drive/MyDrive/FinalProjectCV/CV_Image_pose_detection/Data/LLSP/annotation_cleaned/pose_sequences/stu5_65_sequence.npy,squat,train,18
stu8_65.mp4,/content/drive/MyDrive/FinalProjectCV/CV_Image_pose_detection/Data/LLSP/annotation_cleaned/pose_sequences/stu8_65_sequence.npy,squat,train,24
stu2_11.mp4,/content/drive/MyDrive/FinalProjectCV/CV_Image_pose_detection/Data/LLSP/annotation_cleaned/pose_sequences/stu2_11_sequence.npy,bench_pressing,train,8
stu3_46.mp4,/content/drive/MyDrive/FinalProjectCV/CV_Image_pose_detection/Data/LLSP/annotation_cleaned/pose_sequences/stu3_46_sequence.npy,push_up,train,9
stu7_56.mp4,/content/drive/MyDrive/FinalProjectCV/CV_Image_pose_detection/Data/LLSP/annotation_cleaned/pose_sequences/stu7_56_sequence.npy,sit_up,train,10
stu5_15.mp4,/content/drive/MyDrive/FinalProjectCV/CV_Image_pose_detection/Data/LLSP/annotation_cleaned/pose_sequences/stu5_15_sequence.npy,front_raise,train,18
test2015.mp4,/content/drive/MyDrive/FinalProjectCV/CV_Image_pose_detection/Data/LLSP/annotation_cleaned/pose_sequences/test2015_sequence.npy,sit_up,train,1
stu5_3.mp4,/content/drive/MyDrive/FinalProjectCV/CV_Image_pose_detection/Data/LLSP/annotation_cleaned/pose_sequences/stu5_3_sequence.npy,battle_rope,train,95
stu2_1.mp4,/content/drive/MyDrive/FinalProjectCV/CV_Image_pose_detection/Data/LLSP/annotation_cleaned/pose_sequences/stu2_1_sequence.npy,battle_rope,train,44
stu4_71.mp4,/content/drive/MyDrive/FinalProjectCV/CV_Image_pose_detection/Data/LLSP/annotation_cleaned/pose_sequences/stu4_71_sequence.npy,squat,train,36
stu7_42.mp4,/content/drive/MyDrive/FinalProjectCV/CV_Image_pose_detection/Data/LLSP/annotation_cleaned/pose_sequences/stu7_42_sequence.npy,pull_up,train,29
stu2_71.mp4,/content/drive/MyDrive/FinalProjectCV/CV_Image_pose_detection/Data/LLSP/annotation_cleaned/pose_sequences/stu2_71_sequence.npy,squat,train,14
train3367.mp4,/content/drive/MyDrive/FinalProjectCV/CV_Image_pose_detection/Data/LLSP/annotation_cleaned/pose_sequences/train3367_sequence.npy,sit_up,train,5
train2477.mp4,/content/drive/MyDrive/FinalProjectCV/CV_Image_pose_detection/Data/LLSP/annotation_cleaned/pose_sequences/train2477_sequence.npy,pull_up,train,9
train3932.mp4,/content/drive/MyDrive/FinalProjectCV/CV_Image_pose_detection/Data/LLSP/annotation_cleaned/pose_sequences/train3932_sequence.npy,squat,train,2
stu9_65.mp4,/content/drive/MyDrive/FinalProjectCV/CV_Image_pose_detection/Data/LLSP/annotation_cleaned/pose_sequences/stu9_65_sequence.npy,squat,train,24
stu4_16.mp4,/content/drive/MyDrive/FinalProjectCV/CV_Image_pose_detection/Data/LLSP/annotation_cleaned/pose_sequences/stu4_16_sequence.npy,jump_jacks,train,34
stu7_50.mp4,/content/drive/MyDrive/FinalProjectCV/CV_Image_pose_detection/Data/LLSP/annotation_cleaned/pose_sequences/stu7_50_sequence.npy,push_up,train,46
stu8_48.mp4,/content/drive/MyDrive/FinalProjectCV/CV_Image_pose_detection/Data/LLSP/annotation_cleaned/pose_sequences/stu8_48_sequence.npy,push_up,train,5
stu3_51.mp4,/content/drive/MyDrive/FinalProjectCV/CV_Image_pose_detection/Data/LLSP/annotation_cleaned/pose_sequences/stu3_51_sequence.npy,push_up,train,27
stu7_44.mp4,/content/drive/MyDrive/FinalProjectCV/CV_Image_pose_detection/Data/LLSP/annotation_cleaned/pose_sequences/stu7_44_sequence.npy,pull_up,train,10
stu8_19.mp4,/content/drive/MyDrive/FinalProjectCV/CV_Image_pose_detection/Data/LLSP/annotation_cleaned/pose_sequences/stu8_19_sequence.npy,front_raise,train,9
stu5_67.mp4,/content/drive/MyDrive/FinalProjectCV/CV_Image_pose_detection/Data/LLSP/annotation_cleaned/pose_sequences/stu5_67_sequence.npy,squat,train,16
stu7_32.mp4,/content/drive/MyDrive/FinalProjectCV/CV_Image_pose_detection/Data/LLSP/annotation_cleaned/pose_sequences/stu7_32_sequence.npy,jump_jacks,train,10
stu6_37.mp4,/content/drive/MyDrive/FinalProjectCV/CV_Image_pose_detection/Data/LLSP/annotation_cleaned/pose_sequences/stu6_37_sequence.npy,push_up,train,3
test2331.mp4,/content/drive/MyDrive/FinalProjectCV/CV_Image_pose_detection/Data/LLSP/annotation_cleaned/pose_sequences/test2331_sequence.npy,squat,train,2
stu7_5.mp4,/content/drive/MyDrive/FinalProjectCV/CV_Image_pose_detection/Data/LLSP/annotation_cleaned/pose_sequences/stu7_5_sequence.npy,bench_pressing,train,10
stu7_9.mp4,/content/drive/MyDrive/FinalProjectCV/CV_Image_pose_detection/Data/LLSP/annotation_cleaned/pose_sequences/stu7_9_sequence.npy,bench_pressing,train,10
stu1_48.mp4,/content/drive/MyDrive/FinalProjectCV/CV_Image_pose_detection/Data/LLSP/annotation_cleaned/pose_sequences/stu1_48_sequence.npy,push_up,train,111
stu4_49.mp4,/content/drive/MyDrive/FinalProjectCV/CV_Image_pose_detection/Data/LLSP/annotation_cleaned/pose_sequences/stu4_49_sequence.npy,push_up,train,8
stu10_26.mp4,/content/drive/MyDrive/FinalProjectCV/CV_Image_pose_detection/Data/LLSP/annotation_cleaned/pose_sequences/stu10_26_sequence.npy,jump_jacks,train,33
stu9_37.mp4,/content/drive/MyDrive/FinalProjectCV/CV_Image_pose_detection/Data/LLSP/annotation_cleaned/pose_sequences/stu9_37_sequence.npy,pull_up,train,15
stu3_4.mp4,/content/drive/MyDrive/FinalProjectCV/CV_Image_pose_detection/Data/LLSP/annotation_cleaned/pose_sequences/stu3_4_sequence.npy,bench_pressing,train,4
val914.mp4,/content/drive/MyDrive/FinalProjectCV/CV_Image_pose_detection/Data/LLSP/annotation_cleaned/pose_sequences/val914_sequence.npy,push_up,train,2
stu6_66.mp4,/content/drive/MyDrive/FinalProjectCV/CV_Image_pose_detection/Data/LLSP/annotation_cleaned/pose_sequences/stu6_66_sequence.npy,squat,train,21
stu3_19.mp4,/content/drive/MyDrive/FinalProjectCV/CV_Image_pose_detection/Data/LLSP/annotation_cleaned/pose_sequences/stu3_19_sequence.npy,jump_jacks,train,5
test142.mp4,/content/drive/MyDrive/FinalProjectCV/CV_Image_pose_detection/Data/LLSP/annotation_cleaned/pose_sequences/test142_sequence.npy,bench_pressing,train,2
stu6_31.mp4,/content/drive/MyDrive/FinalProjectCV/CV_Image_pose_detection/Data/LLSP/annotation_cleaned/pose_sequences/stu6_31_sequence.npy,pull_up,train,20
stu9_15.mp4,/content/drive/MyDrive/FinalProjectCV/CV_Image_pose_detection/Data/LLSP/annotation_cleaned/pose_sequences/stu9_15_sequence.npy,front_raise,train,3
test587.mp4,/content/drive/MyDrive/FinalProjectCV/CV_Image_pose_detection/Data/LLSP/annotation_cleaned/pose_sequences/test587_sequence.npy,front_raise,train,3
train168.mp4,/content/drive/MyDrive/FinalProjectCV/CV_Image_pose_detection/Data/LLSP/annotation_cleaned/pose_sequences/train168_sequence.npy,bench_pressing,train,4
stu7_12.mp4,/content/drive/MyDrive/FinalProjectCV/CV_Image_pose_detection/Data/LLSP/annotation_cleaned/pose_sequences/stu7_12_sequence.npy,bench_pressing,train,15
stu4_1.mp4,/content/drive/MyDrive/FinalProjectCV/CV_Image_pose_detection/Data/LLSP/annotation_cleaned/pose_sequences/stu4_1_sequence.npy,battle_rope,train,14
train1604.mp4,/content/drive/MyDrive/FinalProjectCV/CV_Image_pose_detection/Data/LLSP/annotation_cleaned/pose_sequences/train1604_sequence.npy,jump_jacks,train,10
stu10_29.mp4,/content/drive/MyDrive/FinalProjectCV/CV_Image_pose_detection/Data/LLSP/annotation_cleaned/pose_sequences/stu10_29_sequence.npy,jump_jacks,train,34
stu3_12.mp4,/content/drive/MyDrive/FinalProjectCV/CV_Image_pose_detection/Data/LLSP/annotation_cleaned/pose_sequences/stu3_12_sequence.npy,front_raise,train,2
stu4_8.mp4,/content/drive/MyDrive/FinalProjectCV/CV_Image_pose_detection/Data/LLSP/annotation_cleaned/pose_sequences/stu4_8_sequence.npy,front_raise,train,3
stu10_68.mp4,/content/drive/MyDrive/FinalProjectCV/CV_Image_pose_detection/Data/LLSP/annotation_cleaned/pose_sequences/stu10_68_sequence.npy,squat,train,20
train1715.mp4,/content/drive/MyDrive/FinalProjectCV/CV_Image_pose_detection/Data/LLSP/annotation_cleaned/pose_sequences/train1715_sequence.npy,jump_jacks,train,10
stu9_11.mp4,/content/drive/MyDrive/FinalProjectCV/CV_Image_pose_detection/Data/LLSP/annotation_cleaned/pose_sequences/stu9_11_sequence.npy,bench_pressing,train,15
stu1_44.mp4,/content/drive/MyDrive/FinalProjectCV/CV_Image_pose_detection/Data/LLSP/annotation_cleaned/pose_sequences/stu1_44_sequence.npy,push_up,train,6
stu9_66.mp4,/content/drive/MyDrive/FinalProjectCV/CV_Image_pose_detection/Data/LLSP/annotation_cleaned/pose_sequences/stu9_66_sequence.npy,squat,train,35
train3912.mp4,/content/drive/MyDrive/FinalProjectCV/CV_Image_pose_detection/Data/LLSP/annotation_cleaned/pose_sequences/train3912_sequence.npy,squat,train,4
stu6_40.mp4,/content/drive/MyDrive/FinalProjectCV/CV_Image_pose_detection/Data/LLSP/annotation_cleaned/pose_sequences/stu6_40_sequence.npy,push_up,train,8
test2298.mp4,/content/drive/MyDrive/FinalProjectCV/CV_Image_pose_detection/Data/LLSP/annotation_cleaned/pose_sequences/test2298_sequence.npy,squat,train,2
stu3_0.mp4,/content/drive/MyDrive/FinalProjectCV/CV_Image_pose_detection/Data/LLSP/annotation_cleaned/pose_sequences/stu3_0_sequence.npy,battle_rope,train,12
stu11_14.mp4,/content/drive/MyDrive/FinalProjectCV/CV_Image_pose_detection/Data/LLSP/annotation_cleaned/pose_sequences/stu11_14_sequence.npy,pommelhorse,train,27
stu11_15.mp4,/content/drive/MyDrive/FinalProjectCV/CV_Image_pose_detection/Data/LLSP/annotation_cleaned/pose_sequences/stu11_15_sequence.npy,pommelhorse,train,18
stu11_16.mp4,/content/drive/MyDrive/FinalProjectCV/CV_Image_pose_detection/Data/LLSP/annotation_cleaned/pose_sequences/stu11_16_sequence.npy,pommelhorse,train,16
stu11_17.mp4,/content/drive/MyDrive/FinalProjectCV/CV_Image_pose_detection/Data/LLSP/annotation_cleaned/pose_sequences/stu11_17_sequence.npy,pommelhorse,train,20
stu11_18.mp4,/content/drive/MyDrive/FinalProjectCV/CV_Image_pose_detection/Data/LLSP/annotation_cleaned/pose_sequences/stu11_18_sequence.npy,pommelhorse,train,21
stu11_19.mp4,/content/drive/MyDrive/FinalProjectCV/CV_Image_pose_detection/Data/LLSP/annotation_cleaned/pose_sequences/stu11_19_sequence.npy,pommelhorse,train,15
stu11_20.mp4,/content/drive/MyDrive/FinalProjectCV/CV_Image_pose_detection/Data/LLSP/annotation_cleaned/pose_sequences/stu11_20_sequence.npy,pommelhorse,train,16
stu11_21.mp4,/content/drive/MyDrive/FinalProjectCV/CV_Image_pose_detection/Data/LLSP/annotation_cleaned/pose_sequences/stu11_21_sequence.npy,pommelhorse,train,18
stu11_22.mp4,/content/drive/MyDrive/FinalProjectCV/CV_Image_pose_detection/Data/LLSP/annotation_cleaned/pose_sequences/stu11_22_sequence.npy,pommelhorse,train,23
stu11_23.mp4,/content/drive/MyDrive/FinalProjectCV/CV_Image_pose_detection/Data/LLSP/annotation_cleaned/pose_sequences/stu11_23_sequence.npy,pommelhorse,train,32
stu11_24.mp4,/content/drive/MyDrive/FinalProjectCV/CV_Image_pose_detection/Data/LLSP/annotation_cleaned/pose_sequences/stu11_24_sequence.npy,pommelhorse,train,40
stu11_25.mp4,/content/drive/MyDrive/FinalProjectCV/CV_Image_pose_detection/Data/LLSP/annotation_cleaned/pose_sequences/stu11_25_sequence.npy,pommelhorse,train,39
stu11_26.mp4,/content/drive/MyDrive/FinalProjectCV/CV_Image_pose_detection/Data/LLSP/annotation_cleaned/pose_sequences/stu11_26_sequence.npy,pommelhorse,train,32
stu11_27.mp4,/content/drive/MyDrive/FinalProjectCV/CV_Image_pose_detection/Data/LLSP/annotation_cleaned/pose_sequences/stu11_27_sequence.npy,pommelhorse,train,30
stu11_28.mp4,/content/drive/MyDrive/FinalProjectCV/CV_Image_pose_detection/Data/LLSP/annotation_cleaned/pose_sequences/stu11_28_sequence.npy,pommelhorse,train,22
stu11_29.mp4,/content/drive/MyDrive/FinalProjectCV/CV_Image_pose_detection/Data/LLSP/annotation_cleaned/pose_sequences/stu11_29_sequence.npy,pommelhorse,train,23
stu11_40.mp4,/content/drive/MyDrive/FinalProjectCV/CV_Image_pose_detection/Data/LLSP/annotation_cleaned/pose_sequences/stu11_40_sequence.npy,pommelhorse,train,32
stu11_41.mp4,/content/drive/MyDrive/FinalProjectCV/CV_Image_pose_detection/Data/LLSP/annotation_cleaned/pose_sequences/stu11_41_sequence.npy,pommelhorse,train,35
stu11_42.mp4,/content/drive/MyDrive/FinalProjectCV/CV_Image_pose_detection/Data/LLSP/annotation_cleaned/pose_sequences/stu11_42_sequence.npy,pommelhorse,train,31
stu11_43.mp4,/content/drive/MyDrive/FinalProjectCV/CV_Image_pose_detection/Data/LLSP/annotation_cleaned/pose_sequences/stu11_43_sequence.npy,pommelhorse,train,22
stu12_11.mp4,/content/drive/MyDrive/FinalProjectCV/CV_Image_pose_detection/Data/LLSP/annotation_cleaned/pose_sequences/stu12_11_sequence.npy,pommelhorse,train,18
stu12_12.mp4,/content/drive/MyDrive/FinalProjectCV/CV_Image_pose_detection/Data/LLSP/annotation_cleaned/pose_sequences/stu12_12_sequence.npy,pommelhorse,train,35
stu12_14.mp4,/content/drive/MyDrive/FinalProjectCV/CV_Image_pose_detection/Data/LLSP/annotation_cleaned/pose_sequences/stu12_14_sequence.npy,pommelhorse,train,31
stu12_15.mp4,/content/drive/MyDrive/FinalProjectCV/CV_Image_pose_detection/Data/LLSP/annotation_cleaned/pose_sequences/stu12_15_sequence.npy,pommelhorse,train,34
stu12_16.mp4,/content/drive/MyDrive/FinalProjectCV/CV_Image_pose_detection/Data/LLSP/annotation_cleaned/pose_sequences/stu12_16_sequence.npy,pommelhorse,train,19
stu12_17.mp4,/content/drive/MyDrive/FinalProjectCV/CV_Image_pose_detection/Data/LLSP/annotation_cleaned/pose_sequences/stu12_17_sequence.npy,pommelhorse,train,30
stu12_18.mp4,/content/drive/MyDrive/FinalProjectCV/CV_Image_pose_detection/Data/LLSP/annotation_cleaned/pose_sequences/stu12_18_sequence.npy,pommelhorse,train,19
stu12_19.mp4,/content/drive/MyDrive/FinalProjectCV/CV_Image_pose_detection/Data/LLSP/annotation_cleaned/pose_sequences/stu12_19_sequence.npy,pommelhorse,train,37
stu12_20.mp4,/content/drive/MyDrive/FinalProjectCV/CV_Image_pose_detection/Data/LLSP/annotation_cleaned/pose_sequences/stu12_20_sequence.npy,pommelhorse,train,35
stu12_21.mp4,/content/drive/MyDrive/FinalProjectCV/CV_Image_pose_detection/Data/LLSP/annotation_cleaned/pose_sequences/stu12_21_sequence.npy,pommelhorse,train,11
stu12_22.mp4,/content/drive/MyDrive/FinalProjectCV/CV_Image_pose_detection/Data/LLSP/annotation_cleaned/pose_sequences/stu12_22_sequence.npy,pommelhorse,train,32
stu12_23.mp4,/content/drive/MyDrive/FinalProjectCV/CV_Image_pose_detection/Data/LLSP/annotation_cleaned/pose_sequences/stu12_23_sequence.npy,pommelhorse,train,35
stu12_24.mp4,/content/drive/MyDrive/FinalProjectCV/CV_Image_pose_detection/Data/LLSP/annotation_cleaned/pose_sequences/stu12_24_sequence.npy,pommelhorse,train,35
stu12_25.mp4,/content/drive/MyDrive/FinalProjectCV/CV_Image_pose_detection/Data/LLSP/annotation_cleaned/pose_sequences/stu12_25_sequence.npy,pommelhorse,train,30
stu12_26.mp4,/content/drive/MyDrive/FinalProjectCV/CV_Image_pose_detection/Data/LLSP/annotation_cleaned/pose_sequences/stu12_26_sequence.npy,pommelhorse,train,33
stu12_27.mp4,/content/drive/MyDrive/FinalProjectCV/CV_Image_pose_detection/Data/LLSP/annotation_cleaned/pose_sequences/stu12_27_sequence.npy,pommelhorse,train,16
stu12_28.mp4,/content/drive/MyDrive/FinalProjectCV/CV_Image_pose_detection/Data/LLSP/annotation_cleaned/pose_sequences/stu12_28_sequence.npy,pommelhorse,train,34
stu12_29.mp4,/content/drive/MyDrive/FinalProjectCV/CV_Image_pose_detection/Data/LLSP/annotation_cleaned/pose_sequences/stu12_29_sequence.npy,pommelhorse,train,37
stu12_40.mp4,/content/drive/MyDrive/FinalProjectCV/CV_Image_pose_detection/Data/LLSP/annotation_cleaned/pose_sequences/stu12_40_sequence.npy,pommelhorse,train,16
stu12_41.mp4,/content/drive/MyDrive/FinalProjectCV/CV_Image_pose_detection/Data/LLSP/annotation_cleaned/pose_sequences/stu12_41_sequence.npy,pommelhorse,train,38
stu12_42.mp4,/content/drive/MyDrive/FinalProjectCV/CV_Image_pose_detection/Data/LLSP/annotation_cleaned/pose_sequences/stu12_42_sequence.npy,pommelhorse,train,28
stu12_43.mp4,/content/drive/MyDrive/FinalProjectCV/CV_Image_pose_detection/Data/LLSP/annotation_cleaned/pose_sequences/stu12_43_sequence.npy,pommelhorse,train,26
stu13_10.mp4,/content/drive/MyDrive/FinalProjectCV/CV_Image_pose_detection/Data/LLSP/annotation_cleaned/pose_sequences/stu13_10_sequence.npy,pommelhorse,train,27
stu13_11.mp4,/content/drive/MyDrive/FinalProjectCV/CV_Image_pose_detection/Data/LLSP/annotation_cleaned/pose_sequences/stu13_11_sequence.npy,pommelhorse,train,22
stu13_12.mp4,/content/drive/MyDrive/FinalProjectCV/CV_Image_pose_detection/Data/LLSP/annotation_cleaned/pose_sequences/stu13_12_sequence.npy,pommelhorse,train,17
stu13_13.mp4,/content/drive/MyDrive/FinalProjectCV/CV_Image_pose_detection/Data/LLSP/annotation_cleaned/pose_sequences/stu13_13_sequence.npy,pommelhorse,train,27
stu13_14.mp4,/content/drive/MyDrive/FinalProjectCV/CV_Image_pose_detection/Data/LLSP/annotation_cleaned/pose_sequences/stu13_14_sequence.npy,pommelhorse,train,11
stu13_15.mp4,/content/drive/MyDrive/FinalProjectCV/CV_Image_pose_detection/Data/LLSP/annotation_cleaned/pose_sequences/stu13_15_sequence.npy,pommelhorse,train,30
stu13_16.mp4,/content/drive/MyDrive/FinalProjectCV/CV_Image_pose_detection/Data/LLSP/annotation_cleaned/pose_sequences/stu13_16_sequence.npy,pommelhorse,train,28
stu13_17.mp4,/content/drive/MyDrive/FinalProjectCV/CV_Image_pose_detection/Data/LLSP/annotation_cleaned/pose_sequences/stu13_17_sequence.npy,pommelhorse,train,27
stu13_18.mp4,/content/drive/MyDrive/FinalProjectCV/CV_Image_pose_detection/Data/LLSP/annotation_cleaned/pose_sequences/stu13_18_sequence.npy,pommelhorse,train,36
stu13_19.mp4,/content/drive/MyDrive/FinalProjectCV/CV_Image_pose_detection/Data/LLSP/annotation_cleaned/pose_sequences/stu13_19_sequence.npy,pommelhorse,train,39
stu13_20.mp4,/content/drive/MyDrive/FinalProjectCV/CV_Image_pose_detection/Data/LLSP/annotation_cleaned/pose_sequences/stu13_20_sequence.npy,pommelhorse,train,30
stu13_21.mp4,/content/drive/MyDrive/FinalProjectCV/CV_Image_pose_detection/Data/LLSP/annotation_cleaned/pose_sequences/stu13_21_sequence.npy,pommelhorse,train,23
stu13_22.mp4,/content/drive/MyDrive/FinalProjectCV/CV_Image_pose_detection/Data/LLSP/annotation_cleaned/pose_sequences/stu13_22_sequence.npy,pommelhorse,train,25
stu13_23.mp4,/content/drive/MyDrive/FinalProjectCV/CV_Image_pose_detection/Data/LLSP/annotation_cleaned/pose_sequences/stu13_23_sequence.npy,pommelhorse,train,27
stu13_24.mp4,/content/drive/MyDrive/FinalProjectCV/CV_Image_pose_detection/Data/LLSP/annotation_cleaned/pose_sequences/stu13_24_sequence.npy,pommelhorse,train,18
stu13_25.mp4,/content/drive/MyDrive/FinalProjectCV/CV_Image_pose_detection/Data/LLSP/annotation_cleaned/pose_sequences/stu13_25_sequence.npy,pommelhorse,train,16
stu13_26.mp4,/content/drive/MyDrive/FinalProjectCV/CV_Image_pose_detection/Data/LLSP/annotation_cleaned/pose_sequences/stu13_26_sequence.npy,pommelhorse,train,29
stu13_27.mp4,/content/drive/MyDrive/FinalProjectCV/CV_Image_pose_detection/Data/LLSP/annotation_cleaned/pose_sequences/stu13_27_sequence.npy,pommelhorse,train,31
stu13_28.mp4,/content/drive/MyDrive/FinalProjectCV/CV_Image_pose_detection/Data/LLSP/annotation_cleaned/pose_sequences/stu13_28_sequence.npy,pommelhorse,train,33
stu13_29.mp4,/content/drive/MyDrive/FinalProjectCV/CV_Image_pose_detection/Data/LLSP/annotation_cleaned/pose_sequences/stu13_29_sequence.npy,pommelhorse,train,28
stu13_40.mp4,/content/drive/MyDrive/FinalProjectCV/CV_Image_pose_detection/Data/LLSP/annotation_cleaned/pose_sequences/stu13_40_sequence.npy,pommelhorse,train,25
stu13_41.mp4,/content/drive/MyDrive/FinalProjectCV/CV_Image_pose_detection/Data/LLSP/annotation_cleaned/pose_sequences/stu13_41_sequence.npy,pommelhorse,train,16
stu13_42.mp4,/content/drive/MyDrive/FinalProjectCV/CV_Image_pose_detection/Data/LLSP/annotation_cleaned/pose_sequences/stu13_42_sequence.npy,pommelhorse,train,37
stu13_43.mp4,/content/drive/MyDrive/FinalProjectCV/CV_Image_pose_detection/Data/LLSP/annotation_cleaned/pose_sequences/stu13_43_sequence.npy,pommelhorse,train,34
stu13_7.mp4,/content/drive/MyDrive/FinalProjectCV/CV_Image_pose_detection/Data/LLSP/annotation_cleaned/pose_sequences/stu13_7_sequence.npy,pommelhorse,train,30
stu13_8.mp4,/content/drive/MyDrive/FinalProjectCV/CV_Image_pose_detection/Data/LLSP/annotation_cleaned/pose_sequences/stu13_8_sequence.npy,pommelhorse,train,16
stu13_9.mp4,/content/drive/MyDrive/FinalProjectCV/CV_Image_pose_detection/Data/LLSP/annotation_cleaned/pose_sequences/stu13_9_sequence.npy,pommelhorse,train,34
stu3_3.mp4,/content/drive/MyDrive/FinalProjectCV/CV_Image_pose_detection/Data/LLSP/annotation_cleaned/pose_sequences/stu3_3_sequence.npy,bench_pressing,valid,9
stu5_24.mp4,/content/drive/MyDrive/FinalProjectCV/CV_Image_pose_detection/Data/LLSP/annotation_cleaned/pose_sequences/stu5_24_sequence.npy,jump_jacks,valid,3
stu2_15.mp4,/content/drive/MyDrive/FinalProjectCV/CV_Image_pose_detection/Data/LLSP/annotation_cleaned/pose_sequences/stu2_15_sequence.npy,front_raise,valid,8
stu5_40.mp4,/content/drive/MyDrive/FinalProjectCV/CV_Image_pose_detection/Data/LLSP/annotation_cleaned/pose_sequences/stu5_40_sequence.npy,pull_up,valid,17
stu4_70.mp4,/content/drive/MyDrive/FinalProjectCV/CV_Image_pose_detection/Data/LLSP/annotation_cleaned/pose_sequences/stu4_70_sequence.npy,squat,valid,44
stu7_1.mp4,/content/drive/MyDrive/FinalProjectCV/CV_Image_pose_detection/Data/LLSP/annotation_cleaned/pose_sequences/stu7_1_sequence.npy,bench_pressing,valid,10
train2720.mp4,/content/drive/MyDrive/FinalProjectCV/CV_Image_pose_detection/Data/LLSP/annotation_cleaned/pose_sequences/train2720_sequence.npy,push_up,valid,10
stu9_8.mp4,/content/drive/MyDrive/FinalProjectCV/CV_Image_pose_detection/Data/LLSP/annotation_cleaned/pose_sequences/stu9_8_sequence.npy,bench_pressing,valid,12
stu1_47.mp4,/content/drive/MyDrive/FinalProjectCV/CV_Image_pose_detection/Data/LLSP/annotation_cleaned/pose_sequences/stu1_47_sequence.npy,push_up,valid,6
train3946.mp4,/content/drive/MyDrive/FinalProjectCV/CV_Image_pose_detection/Data/LLSP/annotation_cleaned/pose_sequences/train3946_sequence.npy,squat,valid,2
train2481.mp4,/content/drive/MyDrive/FinalProjectCV/CV_Image_pose_detection/Data/LLSP/annotation_cleaned/pose_sequences/train2481_sequence.npy,pull_up,valid,1
stu10_56.mp4,/content/drive/MyDrive/FinalProjectCV/CV_Image_pose_detection/Data/LLSP/annotation_cleaned/pose_sequences/stu10_56_sequence.npy,sit_up,valid,24
stu8_7.mp4,/content/drive/MyDrive/FinalProjectCV/CV_Image_pose_detection/Data/LLSP/annotation_cleaned/pose_sequences/stu8_7_sequence.npy,bench_pressing,valid,5
stu2_57.mp4,/content/drive/MyDrive/FinalProjectCV/CV_Image_pose_detection/Data/LLSP/annotation_cleaned/pose_sequences/stu2_57_sequence.npy,sit_up,valid,3
stu2_23.mp4,/content/drive/MyDrive/FinalProjectCV/CV_Image_pose_detection/Data/LLSP/annotation_cleaned/pose_sequences/stu2_23_sequence.npy,front_raise,valid,6
stu1_26.mp4,/content/drive/MyDrive/FinalProjectCV/CV_Image_pose_detection/Data/LLSP/annotation_cleaned/pose_sequences/stu1_26_sequence.npy,jump_jacks,valid,4
stu6_7.mp4,/content/drive/MyDrive/FinalProjectCV/CV_Image_pose_detection/Data/LLSP/annotation_cleaned/pose_sequences/stu6_7_sequence.npy,front_raise,valid,5
stu9_18.mp4,/content/drive/MyDrive/FinalProjectCV/CV_Image_pose_detection/Data/LLSP/annotation_cleaned/pose_sequences/stu9_18_sequence.npy,front_raise,valid,23
stu8_37.mp4,/content/drive/MyDrive/FinalProjectCV/CV_Image_pose_detection/Data/LLSP/annotation_cleaned/pose_sequences/stu8_37_sequence.npy,pull_up,valid,10
stu7_19.mp4,/content/drive/MyDrive/FinalProjectCV/CV_Image_pose_detection/Data/LLSP/annotation_cleaned/pose_sequences/stu7_19_sequence.npy,front_raise,valid,4
stu7_16.mp4,/content/drive/MyDrive/FinalProjectCV/CV_Image_pose_detection/Data/LLSP/annotation_cleaned/pose_sequences/stu7_16_sequence.npy,front_raise,valid,4
test2023.mp4,/content/drive/MyDrive/FinalProjectCV/CV_Image_pose_detection/Data/LLSP/annotation_cleaned/pose_sequences/test2023_sequence.npy,sit_up,valid,4
stu10_44.mp4,/content/drive/MyDrive/FinalProjectCV/CV_Image_pose_detection/Data/LLSP/annotation_cleaned/pose_sequences/stu10_44_sequence.npy,push_up,valid,40
train2542.mp4,/content/drive/MyDrive/FinalProjectCV/CV_Image_pose_detection/Data/LLSP/annotation_cleaned/pose_sequences/train2542_sequence.npy,pull_up,valid,1
stu5_17.mp4,/content/drive/MyDrive/FinalProjectCV/CV_Image_pose_detection/Data/LLSP/annotation_cleaned/pose_sequences/stu5_17_sequence.npy,front_raise,valid,4
stu6_57.mp4,/content/drive/MyDrive/FinalProjectCV/CV_Image_pose_detection/Data/LLSP/annotation_cleaned/pose_sequences/stu6_57_sequence.npy,squat,valid,15
stu1_38.mp4,/content/drive/MyDrive/FinalProjectCV/CV_Image_pose_detection/Data/LLSP/annotation_cleaned/pose_sequences/stu1_38_sequence.npy,pull_up,valid,19
stu2_21.mp4,/content/drive/MyDrive/FinalProjectCV/CV_Image_pose_detection/Data/LLSP/annotation_cleaned/pose_sequences/stu2_21_sequence.npy,front_raise,valid,4
stu7_66.mp4,/content/drive/MyDrive/FinalProjectCV/CV_Image_pose_detection/Data/LLSP/annotation_cleaned/pose_sequences/stu7_66_sequence.npy,squat,valid,13
stu6_61.mp4,/content/drive/MyDrive/FinalProjectCV/CV_Image_pose_detection/Data/LLSP/annotation_cleaned/pose_sequences/stu6_61_sequence.npy,squat,valid,19
stu8_62.mp4,/content/drive/MyDrive/FinalProjectCV/CV_Image_pose_detection/Data/LLSP/annotation_cleaned/pose_sequences/stu8_62_sequence.npy,squat,valid,22
test159.mp4,/content/drive/MyDrive/FinalProjectCV/CV_Image_pose_detection/Data/LLSP/annotation_cleaned/pose_sequences/test159_sequence.npy,bench_pressing,valid,3
stu10_47.mp4,/content/drive/MyDrive/FinalProjectCV/CV_Image_pose_detection/Data/LLSP/annotation_cleaned/pose_sequences/stu10_47_sequence.npy,push_up,valid,21
train3921.mp4,/content/drive/MyDrive/FinalProjectCV/CV_Image_pose_detection/Data/LLSP/annotation_cleaned/pose_sequences/train3921_sequence.npy,squat,valid,4
stu9_32.mp4,/content/drive/MyDrive/FinalProjectCV/CV_Image_pose_detection/Data/LLSP/annotation_cleaned/pose_sequences/stu9_32_sequence.npy,jump_jacks,valid,7
stu10_63.mp4,/content/drive/MyDrive/FinalProjectCV/CV_Image_pose_detection/Data/LLSP/annotation_cleaned/pose_sequences/stu10_63_sequence.npy,squat,valid,16
stu9_55.mp4,/content/drive/MyDrive/FinalProjectCV/CV_Image_pose_detection/Data/LLSP/annotation_cleaned/pose_sequences/stu9_55_sequence.npy,push_up,valid,14
stu5_21.mp4,/content/drive/MyDrive/FinalProjectCV/CV_Image_pose_detection/Data/LLSP/annotation_cleaned/pose_sequences/stu5_21_sequence.npy,jump_jacks,valid,14
stu6_0.mp4,/content/drive/MyDrive/FinalProjectCV/CV_Image_pose_detection/Data/LLSP/annotation_cleaned/pose_sequences/stu6_0_sequence.npy,battle_rope,valid,8
stu5_45.mp4,/content/drive/MyDrive/FinalProjectCV/CV_Image_pose_detection/Data/LLSP/annotation_cleaned/pose_sequences/stu5_45_sequence.npy,push_up,valid,7
stu7_43.mp4,/content/drive/MyDrive/FinalProjectCV/CV_Image_pose_detection/Data/LLSP/annotation_cleaned/pose_sequences/stu7_43_sequence.npy,pull_up,valid,23
stu1_17.mp4,/content/drive/MyDrive/FinalProjectCV/CV_Image_pose_detection/Data/LLSP/annotation_cleaned/pose_sequences/stu1_17_sequence.npy,front_raise,valid,6
train2748.mp4,/content/drive/MyDrive/FinalProjectCV/CV_Image_pose_detection/Data/LLSP/annotation_cleaned/pose_sequences/train2748_sequence.npy,push_up,valid,5
stu6_17.mp4,/content/drive/MyDrive/FinalProjectCV/CV_Image_pose_detection/Data/LLSP/annotation_cleaned/pose_sequences/stu6_17_sequence.npy,jump_jacks,valid,19
train1025.mp4,/content/drive/MyDrive/FinalProjectCV/CV_Image_pose_detection/Data/LLSP/annotation_cleaned/pose_sequences/train1025_sequence.npy,front_raise,valid,3
val901.mp4,/content/drive/MyDrive/FinalProjectCV/CV_Image_pose_detection/Data/LLSP/annotation_cleaned/pose_sequences/val901_sequence.npy,push_up,valid,7
stu3_50.mp4,/content/drive/MyDrive/FinalProjectCV/CV_Image_pose_detection/Data/LLSP/annotation_cleaned/pose_sequences/stu3_50_sequence.npy,push_up,valid,28
stu5_36.mp4,/content/drive/MyDrive/FinalProjectCV/CV_Image_pose_detection/Data/LLSP/annotation_cleaned/pose_sequences/stu5_36_sequence.npy,pull_up,valid,6
stu3_66.mp4,/content/drive/MyDrive/FinalProjectCV/CV_Image_pose_detection/Data/LLSP/annotation_cleaned/pose_sequences/stu3_66_sequence.npy,squat,valid,9
stu6_4.mp4,/content/drive/MyDrive/FinalProjectCV/CV_Image_pose_detection/Data/LLSP/annotation_cleaned/pose_sequences/stu6_4_sequence.npy,bench_pressing,valid,5
stu5_71.mp4,/content/drive/MyDrive/FinalProjectCV/CV_Image_pose_detection/Data/LLSP/annotation_cleaned/pose_sequences/stu5_71_sequence.npy,squat,valid,19
stu5_19.mp4,/content/drive/MyDrive/FinalProjectCV/CV_Image_pose_detection/Data/LLSP/annotation_cleaned/pose_sequences/stu5_19_sequence.npy,jump_jacks,valid,18
stu10_8.mp4,/content/drive/MyDrive/FinalProjectCV/CV_Image_pose_detection/Data/LLSP/annotation_cleaned/pose_sequences/stu10_8_sequence.npy,bench_pressing,valid,4
stu6_16.mp4,/content/drive/MyDrive/FinalProjectCV/CV_Image_pose_detection/Data/LLSP/annotation_cleaned/pose_sequences/stu6_16_sequence.npy,jump_jacks,valid,66
stu3_54.mp4,/content/drive/MyDrive/FinalProjectCV/CV_Image_pose_detection/Data/LLSP/annotation_cleaned/pose_sequences/stu3_54_sequence.npy,sit_up,valid,8
stu1_34.mp4,/content/drive/MyDrive/FinalProjectCV/CV_Image_pose_detection/Data/LLSP/annotation_cleaned/pose_sequences/stu1_34_sequence.npy,pull_up,valid,13
stu1_57.mp4,/content/drive/MyDrive/FinalProjectCV/CV_Image_pose_detection/Data/LLSP/annotation_cleaned/pose_sequences/stu1_57_sequence.npy,sit_up,valid,40
stu2_0.mp4,/content/drive/MyDrive/FinalProjectCV/CV_Image_pose_detection/Data/LLSP/annotation_cleaned/pose_sequences/stu2_0_sequence.npy,battle_rope,valid,21
test571.mp4,/content/drive/MyDrive/FinalProjectCV/CV_Image_pose_detection/Data/LLSP/annotation_cleaned/pose_sequences/test571_sequence.npy,front_raise,valid,3
train3348.mp4,/content/drive/MyDrive/FinalProjectCV/CV_Image_pose_detection/Data/LLSP/annotation_cleaned/pose_sequences/train3348_sequence.npy,sit_up,valid,1
stu8_14.mp4,/content/drive/MyDrive/FinalProjectCV/CV_Image_pose_detection/Data/LLSP/annotation_cleaned/pose_sequences/stu8_14_sequence.npy,bench_pressing,valid,13
stu8_47.mp4,/content/drive/MyDrive/FinalProjectCV/CV_Image_pose_detection/Data/LLSP/annotation_cleaned/pose_sequences/stu8_47_sequence.npy,push_up,valid,18
stu10_42.mp4,/content/drive/MyDrive/FinalProjectCV/CV_Image_pose_detection/Data/LLSP/annotation_cleaned/pose_sequences/stu10_42_sequence.npy,push_up,valid,11
stu7_26.mp4,/content/drive/MyDrive/FinalProjectCV/CV_Image_pose_detection/Data/LLSP/annotation_cleaned/pose_sequences/stu7_26_sequence.npy,jump_jacks,valid,39
stu6_48.mp4,/content/drive/MyDrive/FinalProjectCV/CV_Image_pose_detection/Data/LLSP/annotation_cleaned/pose_sequences/stu6_48_sequence.npy,sit_up,valid,2
test1595.mp4,/content/drive/MyDrive/FinalProjectCV/CV_Image_pose_detection/Data/LLSP/annotation_cleaned/pose_sequences/test1595_sequence.npy,push_up,valid,3
stu7_53.mp4,/content/drive/MyDrive/FinalProjectCV/CV_Image_pose_detection/Data/LLSP/annotation_cleaned/pose_sequences/stu7_53_sequence.npy,sit_up,valid,17
stu2_59.mp4,/content/drive/MyDrive/FinalProjectCV/CV_Image_pose_detection/Data/LLSP/annotation_cleaned/pose_sequences/stu2_59_sequence.npy,sit_up,valid,8
stu7_36.mp4,/content/drive/MyDrive/FinalProjectCV/CV_Image_pose_detection/Data/LLSP/annotation_cleaned/pose_sequences/stu7_36_sequence.npy,pull_up,valid,20
stu3_16.mp4,/content/drive/MyDrive/FinalProjectCV/CV_Image_pose_detection/Data/LLSP/annotation_cleaned/pose_sequences/stu3_16_sequence.npy,front_raise,valid,5
stu1_39.mp4,/content/drive/MyDrive/FinalProjectCV/CV_Image_pose_detection/Data/LLSP/annotation_cleaned/pose_sequences/stu1_39_sequence.npy,pull_up,valid,6
stu1_19.mp4,/content/drive/MyDrive/FinalProjectCV/CV_Image_pose_detection/Data/LLSP/annotation_cleaned/pose_sequences/stu1_19_sequence.npy,front_raise,valid,3
stu5_59.mp4,/content/drive/MyDrive/FinalProjectCV/CV_Image_pose_detection/Data/LLSP/annotation_cleaned/pose_sequences/stu5_59_sequence.npy,sit_up,valid,36
stu10_67.mp4,/content/drive/MyDrive/FinalProjectCV/CV_Image_pose_detection/Data/LLSP/annotation_cleaned/pose_sequences/stu10_67_sequence.npy,squat,valid,6
stu7_65.mp4,/content/drive/MyDrive/FinalProjectCV/CV_Image_pose_detection/Data/LLSP/annotation_cleaned/pose_sequences/stu7_65_sequence.npy,squat,valid,9
stu10_34.mp4,/content/drive/MyDrive/FinalProjectCV/CV_Image_pose_detection/Data/LLSP/annotation_cleaned/pose_sequences/stu10_34_sequence.npy,pull_up,valid,7
stu8_52.mp4,/content/drive/MyDrive/FinalProjectCV/CV_Image_pose_detection/Data/LLSP/annotation_cleaned/pose_sequences/stu8_52_sequence.npy,sit_up,valid,47
stu6_34.mp4,/content/drive/MyDrive/FinalProjectCV/CV_Image_pose_detection/Data/LLSP/annotation_cleaned/pose_sequences/stu6_34_sequence.npy,pull_up,valid,11
stu4_11.mp4,/content/drive/MyDrive/FinalProjectCV/CV_Image_pose_detection/Data/LLSP/annotation_cleaned/pose_sequences/stu4_11_sequence.npy,front_raise,valid,4
stu4_22.mp4,/content/drive/MyDrive/FinalProjectCV/CV_Image_pose_detection/Data/LLSP/annotation_cleaned/pose_sequences/stu4_22_sequence.npy,jump_jacks,valid,7
stu8_43.mp4,/content/drive/MyDrive/FinalProjectCV/CV_Image_pose_detection/Data/LLSP/annotation_cleaned/pose_sequences/stu8_43_sequence.npy,push_up,valid,25
stu4_40.mp4,/content/drive/MyDrive/FinalProjectCV/CV_Image_pose_detection/Data/LLSP/annotation_cleaned/pose_sequences/stu4_40_sequence.npy,push_up,valid,6
stu5_5.mp4,/content/drive/MyDrive/FinalProjectCV/CV_Image_pose_detection/Data/LLSP/annotation_cleaned/pose_sequences/stu5_5_sequence.npy,bench_pressing,valid,30
stu9_13.mp4,/content/drive/MyDrive/FinalProjectCV/CV_Image_pose_detection/Data/LLSP/annotation_cleaned/pose_sequences/stu9_13_sequence.npy,front_raise,valid,2
train3898.mp4,/content/drive/MyDrive/FinalProjectCV/CV_Image_pose_detection/Data/LLSP/annotation_cleaned/pose_sequences/train3898_sequence.npy,squat,valid,2
stu2_56.mp4,/content/drive/MyDrive/FinalProjectCV/CV_Image_pose_detection/Data/LLSP/annotation_cleaned/pose_sequences/stu2_56_sequence.npy,sit_up,valid,19
stu6_21.mp4,/content/drive/MyDrive/FinalProjectCV/CV_Image_pose_detection/Data/LLSP/annotation_cleaned/pose_sequences/stu6_21_sequence.npy,jump_jacks,valid,7
train1630.mp4,/content/drive/MyDrive/FinalProjectCV/CV_Image_pose_detection/Data/LLSP/annotation_cleaned/pose_sequences/train1630_sequence.npy,jump_jacks,valid,11
val1093.mp4,/content/drive/MyDrive/FinalProjectCV/CV_Image_pose_detection/Data/LLSP/annotation_cleaned/pose_sequences/val1093_sequence.npy,sit_up,valid,5
test2349.mp4,/content/drive/MyDrive/FinalProjectCV/CV_Image_pose_detection/Data/LLSP/annotation_cleaned/pose_sequences/test2349_sequence.npy,squat,valid,6
stu3_52.mp4,/content/drive/MyDrive/FinalProjectCV/CV_Image_pose_detection/Data/LLSP/annotation_cleaned/pose_sequences/stu3_52_sequence.npy,sit_up,valid,26
train2711.mp4,/content/drive/MyDrive/FinalProjectCV/CV_Image_pose_detection/Data/LLSP/annotation_cleaned/pose_sequences/train2711_sequence.npy,push_up,valid,5
stu10_39.mp4,/content/drive/MyDrive/FinalProjectCV/CV_Image_pose_detection/Data/LLSP/annotation_cleaned/pose_sequences/stu10_39_sequence.npy,pull_up,valid,10
stu2_27.mp4,/content/drive/MyDrive/FinalProjectCV/CV_Image_pose_detection/Data/LLSP/annotation_cleaned/pose_sequences/stu2_27_sequence.npy,jump_jacks,valid,100
stu9_67.mp4,/content/drive/MyDrive/FinalProjectCV/CV_Image_pose_detection/Data/LLSP/annotation_cleaned/pose_sequences/stu9_67_sequence.npy,squat,valid,0
stu1_37.mp4,/content/drive/MyDrive/FinalProjectCV/CV_Image_pose_detection/Data/LLSP/annotation_cleaned/pose_sequences/stu1_37_sequence.npy,pull_up,valid,18
stu10_13.mp4,/content/drive/MyDrive/FinalProjectCV/CV_Image_pose_detection/Data/LLSP/annotation_cleaned/pose_sequences/stu10_13_sequence.npy,front_raise,valid,3
stu3_2.mp4,/content/drive/MyDrive/FinalProjectCV/CV_Image_pose_detection/Data/LLSP/annotation_cleaned/pose_sequences/stu3_2_sequence.npy,bench_pressing,valid,3
stu9_19.mp4,/content/drive/MyDrive/FinalProjectCV/CV_Image_pose_detection/Data/LLSP/annotation_cleaned/pose_sequences/stu9_19_sequence.npy,front_raise,valid,7
stu4_45.mp4,/content/drive/MyDrive/FinalProjectCV/CV_Image_pose_detection/Data/LLSP/annotation_cleaned/pose_sequences/stu4_45_sequence.npy,push_up,valid,16
stu5_9.mp4,/content/drive/MyDrive/FinalProjectCV/CV_Image_pose_detection/Data/LLSP/annotation_cleaned/pose_sequences/stu5_9_sequence.npy,bench_pressing,valid,18
stu10_69.mp4,/content/drive/MyDrive/FinalProjectCV/CV_Image_pose_detection/Data/LLSP/annotation_cleaned/pose_sequences/stu10_69_sequence.npy,squat,valid,39
test2029.mp4,/content/drive/MyDrive/FinalProjectCV/CV_Image_pose_detection/Data/LLSP/annotation_cleaned/pose_sequences/test2029_sequence.npy,sit_up,valid,2
stu4_59.mp4,/content/drive/MyDrive/FinalProjectCV/CV_Image_pose_detection/Data/LLSP/annotation_cleaned/pose_sequences/stu4_59_sequence.npy,sit_up,valid,7
stu3_1.mp4,/content/drive/MyDrive/FinalProjectCV/CV_Image_pose_detection/Data/LLSP/annotation_cleaned/pose_sequences/stu3_1_sequence.npy,battle_rope,valid,13
train990.mp4,/content/drive/MyDrive/FinalProjectCV/CV_Image_pose_detection/Data/LLSP/annotation_cleaned/pose_sequences/train990_sequence.npy,front_raise,valid,4
train2716.mp4,/content/drive/MyDrive/FinalProjectCV/CV_Image_pose_detection/Data/LLSP/annotation_cleaned/pose_sequences/train2716_sequence.npy,push_up,valid,10
train1010.mp4,/content/drive/MyDrive/FinalProjectCV/CV_Image_pose_detection/Data/LLSP/annotation_cleaned/pose_sequences/train1010_sequence.npy,front_raise,valid,6
stu8_53.mp4,/content/drive/MyDrive/FinalProjectCV/CV_Image_pose_detection/Data/LLSP/annotation_cleaned/pose_sequences/stu8_53_sequence.npy,sit_up,valid,16
stu5_26.mp4,/content/drive/MyDrive/FinalProjectCV/CV_Image_pose_detection/Data/LLSP/annotation_cleaned/pose_sequences/stu5_26_sequence.npy,jump_jacks,valid,42
stu6_47.mp4,/content/drive/MyDrive/FinalProjectCV/CV_Image_pose_detection/Data/LLSP/annotation_cleaned/pose_sequences/stu6_47_sequence.npy,push_up,valid,3
stu5_22.mp4,/content/drive/MyDrive/FinalProjectCV/CV_Image_pose_detection/Data/LLSP/annotation_cleaned/pose_sequences/stu5_22_sequence.npy,jump_jacks,valid,11
stu8_54.mp4,/content/drive/MyDrive/FinalProjectCV/CV_Image_pose_detection/Data/LLSP/annotation_cleaned/pose_sequences/stu8_54_sequence.npy,sit_up,valid,3
stu1_8.mp4,/content/drive/MyDrive/FinalProjectCV/CV_Image_pose_detection/Data/LLSP/annotation_cleaned/pose_sequences/stu1_8_sequence.npy,bench_pressing,valid,4
stu9_9.mp4,/content/drive/MyDrive/FinalProjectCV/CV_Image_pose_detection/Data/LLSP/annotation_cleaned/pose_sequences/stu9_9_sequence.npy,bench_pressing,valid,12
stu7_24.mp4,/content/drive/MyDrive/FinalProjectCV/CV_Image_pose_detection/Data/LLSP/annotation_cleaned/pose_sequences/stu7_24_sequence.npy,jump_jacks,valid,40
stu12_35.mp4,/content/drive/MyDrive/FinalProjectCV/CV_Image_pose_detection/Data/LLSP/annotation_cleaned/pose_sequences/stu12_35_sequence.npy,pommelhorse,valid,14
stu12_36.mp4,/content/drive/MyDrive/FinalProjectCV/CV_Image_pose_detection/Data/LLSP/annotation_cleaned/pose_sequences/stu12_36_sequence.npy,pommelhorse,valid,12
stu12_37.mp4,/content/drive/MyDrive/FinalProjectCV/CV_Image_pose_detection/Data/LLSP/annotation_cleaned/pose_sequences/stu12_37_sequence.npy,pommelhorse,valid,36
stu12_38.mp4,/content/drive/MyDrive/FinalProjectCV/CV_Image_pose_detection/Data/LLSP/annotation_cleaned/pose_sequences/stu12_38_sequence.npy,pommelhorse,valid,33
stu12_39.mp4,/content/drive/MyDrive/FinalProjectCV/CV_Image_pose_detection/Data/LLSP/annotation_cleaned/pose_sequences/stu12_39_sequence.npy,pommelhorse,valid,36
stu11_30.mp4,/content/drive/MyDrive/FinalProjectCV/CV_Image_pose_detection/Data/LLSP/annotation_cleaned/pose_sequences/stu11_30_sequence.npy,pommelhorse,valid,32
stu11_31.mp4,/content/drive/MyDrive/FinalProjectCV/CV_Image_pose_detection/Data/LLSP/annotation_cleaned/pose_sequences/stu11_31_sequence.npy,pommelhorse,valid,32
stu11_32.mp4,/content/drive/MyDrive/FinalProjectCV/CV_Image_pose_detection/Data/LLSP/annotation_cleaned/pose_sequences/stu11_32_sequence.npy,pommelhorse,valid,33
stu11_33.mp4,/content/drive/MyDrive/FinalProjectCV/CV_Image_pose_detection/Data/LLSP/annotation_cleaned/pose_sequences/stu11_33_sequence.npy,pommelhorse,valid,32
stu11_34.mp4,/content/drive/MyDrive/FinalProjectCV/CV_Image_pose_detection/Data/LLSP/annotation_cleaned/pose_sequences/stu11_34_sequence.npy,pommelhorse,valid,35
stu11_35.mp4,/content/drive/MyDrive/FinalProjectCV/CV_Image_pose_detection/Data/LLSP/annotation_cleaned/pose_sequences/stu11_35_sequence.npy,pommelhorse,valid,18
stu11_36.mp4,/content/drive/MyDrive/FinalProjectCV/CV_Image_pose_detection/Data/LLSP/annotation_cleaned/pose_sequences/stu11_36_sequence.npy,pommelhorse,valid,35
stu11_37.mp4,/content/drive/MyDrive/FinalProjectCV/CV_Image_pose_detection/Data/LLSP/annotation_cleaned/pose_sequences/stu11_37_sequence.npy,pommelhorse,valid,23
stu11_38.mp4,/content/drive/MyDrive/FinalProjectCV/CV_Image_pose_detection/Data/LLSP/annotation_cleaned/pose_sequences/stu11_38_sequence.npy,pommelhorse,valid,39
stu11_39.mp4,/content/drive/MyDrive/FinalProjectCV/CV_Image_pose_detection/Data/LLSP/annotation_cleaned/pose_sequences/stu11_39_sequence.npy,pommelhorse,valid,32
