name,feature_path
stu10_1.mp4,/Users/lindaperez/Documents/COMPUTER_VISION/Final_project/personal-git/CV_Image_pose_detection/Data/LLSP/annotation_cleaned/pose_features/stu10_1.npy
stu10_17.mp4,/Users/lindaperez/Documents/COMPUTER_VISION/Final_project/personal-git/CV_Image_pose_detection/Data/LLSP/annotation_cleaned/pose_features/stu10_17.npy
stu10_19.mp4,/Users/lindaperez/Documents/COMPUTER_VISION/Final_project/personal-git/CV_Image_pose_detection/Data/LLSP/annotation_cleaned/pose_features/stu10_19.npy
stu10_24.mp4,/Users/lindaperez/Documents/COMPUTER_VISION/Final_project/personal-git/CV_Image_pose_detection/Data/LLSP/annotation_cleaned/pose_features/stu10_24.npy
stu10_25.mp4,/Users/lindaperez/Documents/COMPUTER_VISION/Final_project/personal-git/CV_Image_pose_detection/Data/LLSP/annotation_cleaned/pose_features/stu10_25.npy
stu10_36.mp4,/Users/lindaperez/Documents/COMPUTER_VISION/Final_project/personal-git/CV_Image_pose_detection/Data/LLSP/annotation_cleaned/pose_features/stu10_36.npy
stu10_43.mp4,/Users/lindaperez/Documents/COMPUTER_VISION/Final_project/personal-git/CV_Image_pose_detection/Data/LLSP/annotation_cleaned/pose_features/stu10_43.npy
stu10_48.mp4,/Users/lindaperez/Documents/COMPUTER_VISION/Final_project/personal-git/CV_Image_pose_detection/Data/LLSP/annotation_cleaned/pose_features/stu10_48.npy
stu10_5.mp4,/Users/lindaperez/Documents/COMPUTER_VISION/Final_project/personal-git/CV_Image_pose_detection/Data/LLSP/annotation_cleaned/pose_features/stu10_5.npy
stu10_6.mp4,/Users/lindaperez/Documents/COMPUTER_VISION/Final_project/personal-git/CV_Image_pose_detection/Data/LLSP/annotation_cleaned/pose_features/stu10_6.npy
stu10_60.mp4,/Users/lindaperez/Documents/COMPUTER_VISION/Final_project/personal-git/CV_Image_pose_detection/Data/LLSP/annotation_cleaned/pose_features/stu10_60.npy
stu12_30.mp4,/Users/lindaperez/Documents/COMPUTER_VISION/Final_project/personal-git/CV_Image_pose_detection/Data/LLSP/annotation_cleaned/pose_features/stu12_30.npy
stu12_31.mp4,/Users/lindaperez/Documents/COMPUTER_VISION/Final_project/personal-git/CV_Image_pose_detection/Data/LLSP/annotation_cleaned/pose_features/stu12_31.npy
stu12_32.mp4,/Users/lindaperez/Documents/COMPUTER_VISION/Final_project/personal-git/CV_Image_pose_detection/Data/LLSP/annotation_cleaned/pose_features/stu12_32.npy
stu12_33.mp4,/Users/lindaperez/Documents/COMPUTER_VISION/Final_project/personal-git/CV_Image_pose_detection/Data/LLSP/annotation_cleaned/pose_features/stu12_33.npy
stu12_34.mp4,/Users/lindaperez/Documents/COMPUTER_VISION/Final_project/personal-git/CV_Image_pose_detection/Data/LLSP/annotation_cleaned/pose_features/stu12_34.npy
stu13_30.mp4,/Users/lindaperez/Documents/COMPUTER_VISION/Final_project/personal-git/CV_Image_pose_detection/Data/LLSP/annotation_cleaned/pose_features/stu13_30.npy
stu13_31.mp4,/Users/lindaperez/Documents/COMPUTER_VISION/Final_project/personal-git/CV_Image_pose_detection/Data/LLSP/annotation_cleaned/pose_features/stu13_31.npy
stu13_32.mp4,/Users/lindaperez/Documents/COMPUTER_VISION/Final_project/personal-git/CV_Image_pose_detection/Data/LLSP/annotation_cleaned/pose_features/stu13_32.npy
stu13_33.mp4,/Users/lindaperez/Documents/COMPUTER_VISION/Final_project/personal-git/CV_Image_pose_detection/Data/LLSP/annotation_cleaned/pose_features/stu13_33.npy
stu13_34.mp4,/Users/lindaperez/Documents/COMPUTER_VISION/Final_project/personal-git/CV_Image_pose_detection/Data/LLSP/annotation_cleaned/pose_features/stu13_34.npy
stu13_35.mp4,/Users/lindaperez/Documents/COMPUTER_VISION/Final_project/personal-git/CV_Image_pose_detection/Data/LLSP/annotation_cleaned/pose_features/stu13_35.npy
stu13_36.mp4,/Users/lindaperez/Documents/COMPUTER_VISION/Final_project/personal-git/CV_Image_pose_detection/Data/LLSP/annotation_cleaned/pose_features/stu13_36.npy
stu13_37.mp4,/Users/lindaperez/Documents/COMPUTER_VISION/Final_project/personal-git/CV_Image_pose_detection/Data/LLSP/annotation_cleaned/pose_features/stu13_37.npy
stu13_38.mp4,/Users/lindaperez/Documents/COMPUTER_VISION/Final_project/personal-git/CV_Image_pose_detection/Data/LLSP/annotation_cleaned/pose_features/stu13_38.npy
stu13_39.mp4,/Users/lindaperez/Documents/COMPUTER_VISION/Final_project/personal-git/CV_Image_pose_detection/Data/LLSP/annotation_cleaned/pose_features/stu13_39.npy
stu1_27.mp4,/Users/lindaperez/Documents/COMPUTER_VISION/Final_project/personal-git/CV_Image_pose_detection/Data/LLSP/annotation_cleaned/pose_features/stu1_27.npy
stu1_30.mp4,/Users/lindaperez/Documents/COMPUTER_VISION/Final_project/personal-git/CV_Image_pose_detection/Data/LLSP/annotation_cleaned/pose_features/stu1_30.npy
stu1_36.mp4,/Users/lindaperez/Documents/COMPUTER_VISION/Final_project/personal-git/CV_Image_pose_detection/Data/LLSP/annotation_cleaned/pose_features/stu1_36.npy
stu1_40.mp4,/Users/lindaperez/Documents/COMPUTER_VISION/Final_project/personal-git/CV_Image_pose_detection/Data/LLSP/annotation_cleaned/pose_features/stu1_40.npy
stu1_59.mp4,/Users/lindaperez/Documents/COMPUTER_VISION/Final_project/personal-git/CV_Image_pose_detection/Data/LLSP/annotation_cleaned/pose_features/stu1_59.npy
stu1_60.mp4,/Users/lindaperez/Documents/COMPUTER_VISION/Final_project/personal-git/CV_Image_pose_detection/Data/LLSP/annotation_cleaned/pose_features/stu1_60.npy
stu2_14.mp4,/Users/lindaperez/Documents/COMPUTER_VISION/Final_project/personal-git/CV_Image_pose_detection/Data/LLSP/annotation_cleaned/pose_features/stu2_14.npy
stu2_25.mp4,/Users/lindaperez/Documents/COMPUTER_VISION/Final_project/personal-git/CV_Image_pose_detection/Data/LLSP/annotation_cleaned/pose_features/stu2_25.npy
stu2_34.mp4,/Users/lindaperez/Documents/COMPUTER_VISION/Final_project/personal-git/CV_Image_pose_detection/Data/LLSP/annotation_cleaned/pose_features/stu2_34.npy
stu2_36.mp4,/Users/lindaperez/Documents/COMPUTER_VISION/Final_project/personal-git/CV_Image_pose_detection/Data/LLSP/annotation_cleaned/pose_features/stu2_36.npy
stu2_37.mp4,/Users/lindaperez/Documents/COMPUTER_VISION/Final_project/personal-git/CV_Image_pose_detection/Data/LLSP/annotation_cleaned/pose_features/stu2_37.npy
stu2_39.mp4,/Users/lindaperez/Documents/COMPUTER_VISION/Final_project/personal-git/CV_Image_pose_detection/Data/LLSP/annotation_cleaned/pose_features/stu2_39.npy
stu2_5.mp4,/Users/lindaperez/Documents/COMPUTER_VISION/Final_project/personal-git/CV_Image_pose_detection/Data/LLSP/annotation_cleaned/pose_features/stu2_5.npy
stu2_55.mp4,/Users/lindaperez/Documents/COMPUTER_VISION/Final_project/personal-git/CV_Image_pose_detection/Data/LLSP/annotation_cleaned/pose_features/stu2_55.npy
stu2_6.mp4,/Users/lindaperez/Documents/COMPUTER_VISION/Final_project/personal-git/CV_Image_pose_detection/Data/LLSP/annotation_cleaned/pose_features/stu2_6.npy
stu2_62.mp4,/Users/lindaperez/Documents/COMPUTER_VISION/Final_project/personal-git/CV_Image_pose_detection/Data/LLSP/annotation_cleaned/pose_features/stu2_62.npy
stu2_65.mp4,/Users/lindaperez/Documents/COMPUTER_VISION/Final_project/personal-git/CV_Image_pose_detection/Data/LLSP/annotation_cleaned/pose_features/stu2_65.npy
stu3_10.mp4,/Users/lindaperez/Documents/COMPUTER_VISION/Final_project/personal-git/CV_Image_pose_detection/Data/LLSP/annotation_cleaned/pose_features/stu3_10.npy
stu3_15.mp4,/Users/lindaperez/Documents/COMPUTER_VISION/Final_project/personal-git/CV_Image_pose_detection/Data/LLSP/annotation_cleaned/pose_features/stu3_15.npy
stu3_18.mp4,/Users/lindaperez/Documents/COMPUTER_VISION/Final_project/personal-git/CV_Image_pose_detection/Data/LLSP/annotation_cleaned/pose_features/stu3_18.npy
stu3_20.mp4,/Users/lindaperez/Documents/COMPUTER_VISION/Final_project/personal-git/CV_Image_pose_detection/Data/LLSP/annotation_cleaned/pose_features/stu3_20.npy
stu3_25.mp4,/Users/lindaperez/Documents/COMPUTER_VISION/Final_project/personal-git/CV_Image_pose_detection/Data/LLSP/annotation_cleaned/pose_features/stu3_25.npy
stu3_28.mp4,/Users/lindaperez/Documents/COMPUTER_VISION/Final_project/personal-git/CV_Image_pose_detection/Data/LLSP/annotation_cleaned/pose_features/stu3_28.npy
stu3_31.mp4,/Users/lindaperez/Documents/COMPUTER_VISION/Final_project/personal-git/CV_Image_pose_detection/Data/LLSP/annotation_cleaned/pose_features/stu3_31.npy
stu3_39.mp4,/Users/lindaperez/Documents/COMPUTER_VISION/Final_project/personal-git/CV_Image_pose_detection/Data/LLSP/annotation_cleaned/pose_features/stu3_39.npy
stu3_5.mp4,/Users/lindaperez/Documents/COMPUTER_VISION/Final_project/personal-git/CV_Image_pose_detection/Data/LLSP/annotation_cleaned/pose_features/stu3_5.npy
stu3_53.mp4,/Users/lindaperez/Documents/COMPUTER_VISION/Final_project/personal-git/CV_Image_pose_detection/Data/LLSP/annotation_cleaned/pose_features/stu3_53.npy
stu3_55.mp4,/Users/lindaperez/Documents/COMPUTER_VISION/Final_project/personal-git/CV_Image_pose_detection/Data/LLSP/annotation_cleaned/pose_features/stu3_55.npy
stu3_57.mp4,/Users/lindaperez/Documents/COMPUTER_VISION/Final_project/personal-git/CV_Image_pose_detection/Data/LLSP/annotation_cleaned/pose_features/stu3_57.npy
stu3_58.mp4,/Users/lindaperez/Documents/COMPUTER_VISION/Final_project/personal-git/CV_Image_pose_detection/Data/LLSP/annotation_cleaned/pose_features/stu3_58.npy
stu4_12.mp4,/Users/lindaperez/Documents/COMPUTER_VISION/Final_project/personal-git/CV_Image_pose_detection/Data/LLSP/annotation_cleaned/pose_features/stu4_12.npy
stu4_19.mp4,/Users/lindaperez/Documents/COMPUTER_VISION/Final_project/personal-git/CV_Image_pose_detection/Data/LLSP/annotation_cleaned/pose_features/stu4_19.npy
stu4_27.mp4,/Users/lindaperez/Documents/COMPUTER_VISION/Final_project/personal-git/CV_Image_pose_detection/Data/LLSP/annotation_cleaned/pose_features/stu4_27.npy
stu4_28.mp4,/Users/lindaperez/Documents/COMPUTER_VISION/Final_project/personal-git/CV_Image_pose_detection/Data/LLSP/annotation_cleaned/pose_features/stu4_28.npy
stu4_29.mp4,/Users/lindaperez/Documents/COMPUTER_VISION/Final_project/personal-git/CV_Image_pose_detection/Data/LLSP/annotation_cleaned/pose_features/stu4_29.npy
stu4_46.mp4,/Users/lindaperez/Documents/COMPUTER_VISION/Final_project/personal-git/CV_Image_pose_detection/Data/LLSP/annotation_cleaned/pose_features/stu4_46.npy
stu4_47.mp4,/Users/lindaperez/Documents/COMPUTER_VISION/Final_project/personal-git/CV_Image_pose_detection/Data/LLSP/annotation_cleaned/pose_features/stu4_47.npy
stu4_5.mp4,/Users/lindaperez/Documents/COMPUTER_VISION/Final_project/personal-git/CV_Image_pose_detection/Data/LLSP/annotation_cleaned/pose_features/stu4_5.npy
stu4_63.mp4,/Users/lindaperez/Documents/COMPUTER_VISION/Final_project/personal-git/CV_Image_pose_detection/Data/LLSP/annotation_cleaned/pose_features/stu4_63.npy
stu4_64.mp4,/Users/lindaperez/Documents/COMPUTER_VISION/Final_project/personal-git/CV_Image_pose_detection/Data/LLSP/annotation_cleaned/pose_features/stu4_64.npy
stu4_68.mp4,/Users/lindaperez/Documents/COMPUTER_VISION/Final_project/personal-git/CV_Image_pose_detection/Data/LLSP/annotation_cleaned/pose_features/stu4_68.npy
stu4_69.mp4,/Users/lindaperez/Documents/COMPUTER_VISION/Final_project/personal-git/CV_Image_pose_detection/Data/LLSP/annotation_cleaned/pose_features/stu4_69.npy
stu5_12.mp4,/Users/lindaperez/Documents/COMPUTER_VISION/Final_project/personal-git/CV_Image_pose_detection/Data/LLSP/annotation_cleaned/pose_features/stu5_12.npy
stu5_16.mp4,/Users/lindaperez/Documents/COMPUTER_VISION/Final_project/personal-git/CV_Image_pose_detection/Data/LLSP/annotation_cleaned/pose_features/stu5_16.npy
stu5_18.mp4,/Users/lindaperez/Documents/COMPUTER_VISION/Final_project/personal-git/CV_Image_pose_detection/Data/LLSP/annotation_cleaned/pose_features/stu5_18.npy
stu5_23.mp4,/Users/lindaperez/Documents/COMPUTER_VISION/Final_project/personal-git/CV_Image_pose_detection/Data/LLSP/annotation_cleaned/pose_features/stu5_23.npy
stu5_27.mp4,/Users/lindaperez/Documents/COMPUTER_VISION/Final_project/personal-git/CV_Image_pose_detection/Data/LLSP/annotation_cleaned/pose_features/stu5_27.npy
stu5_32.mp4,/Users/lindaperez/Documents/COMPUTER_VISION/Final_project/personal-git/CV_Image_pose_detection/Data/LLSP/annotation_cleaned/pose_features/stu5_32.npy
stu5_47.mp4,/Users/lindaperez/Documents/COMPUTER_VISION/Final_project/personal-git/CV_Image_pose_detection/Data/LLSP/annotation_cleaned/pose_features/stu5_47.npy
stu5_55.mp4,/Users/lindaperez/Documents/COMPUTER_VISION/Final_project/personal-git/CV_Image_pose_detection/Data/LLSP/annotation_cleaned/pose_features/stu5_55.npy
stu5_62.mp4,/Users/lindaperez/Documents/COMPUTER_VISION/Final_project/personal-git/CV_Image_pose_detection/Data/LLSP/annotation_cleaned/pose_features/stu5_62.npy
stu5_68.mp4,/Users/lindaperez/Documents/COMPUTER_VISION/Final_project/personal-git/CV_Image_pose_detection/Data/LLSP/annotation_cleaned/pose_features/stu5_68.npy
stu6_13.mp4,/Users/lindaperez/Documents/COMPUTER_VISION/Final_project/personal-git/CV_Image_pose_detection/Data/LLSP/annotation_cleaned/pose_features/stu6_13.npy
stu6_15.mp4,/Users/lindaperez/Documents/COMPUTER_VISION/Final_project/personal-git/CV_Image_pose_detection/Data/LLSP/annotation_cleaned/pose_features/stu6_15.npy
stu6_22.mp4,/Users/lindaperez/Documents/COMPUTER_VISION/Final_project/personal-git/CV_Image_pose_detection/Data/LLSP/annotation_cleaned/pose_features/stu6_22.npy
stu6_23.mp4,/Users/lindaperez/Documents/COMPUTER_VISION/Final_project/personal-git/CV_Image_pose_detection/Data/LLSP/annotation_cleaned/pose_features/stu6_23.npy
stu6_24.mp4,/Users/lindaperez/Documents/COMPUTER_VISION/Final_project/personal-git/CV_Image_pose_detection/Data/LLSP/annotation_cleaned/pose_features/stu6_24.npy
stu6_3.mp4,/Users/lindaperez/Documents/COMPUTER_VISION/Final_project/personal-git/CV_Image_pose_detection/Data/LLSP/annotation_cleaned/pose_features/stu6_3.npy
stu6_30.mp4,/Users/lindaperez/Documents/COMPUTER_VISION/Final_project/personal-git/CV_Image_pose_detection/Data/LLSP/annotation_cleaned/pose_features/stu6_30.npy
stu6_39.mp4,/Users/lindaperez/Documents/COMPUTER_VISION/Final_project/personal-git/CV_Image_pose_detection/Data/LLSP/annotation_cleaned/pose_features/stu6_39.npy
stu6_42.mp4,/Users/lindaperez/Documents/COMPUTER_VISION/Final_project/personal-git/CV_Image_pose_detection/Data/LLSP/annotation_cleaned/pose_features/stu6_42.npy
stu6_63.mp4,/Users/lindaperez/Documents/COMPUTER_VISION/Final_project/personal-git/CV_Image_pose_detection/Data/LLSP/annotation_cleaned/pose_features/stu6_63.npy
stu6_65.mp4,/Users/lindaperez/Documents/COMPUTER_VISION/Final_project/personal-git/CV_Image_pose_detection/Data/LLSP/annotation_cleaned/pose_features/stu6_65.npy
stu6_68.mp4,/Users/lindaperez/Documents/COMPUTER_VISION/Final_project/personal-git/CV_Image_pose_detection/Data/LLSP/annotation_cleaned/pose_features/stu6_68.npy
stu7_10.mp4,/Users/lindaperez/Documents/COMPUTER_VISION/Final_project/personal-git/CV_Image_pose_detection/Data/LLSP/annotation_cleaned/pose_features/stu7_10.npy
stu7_13.mp4,/Users/lindaperez/Documents/COMPUTER_VISION/Final_project/personal-git/CV_Image_pose_detection/Data/LLSP/annotation_cleaned/pose_features/stu7_13.npy
stu7_17.mp4,/Users/lindaperez/Documents/COMPUTER_VISION/Final_project/personal-git/CV_Image_pose_detection/Data/LLSP/annotation_cleaned/pose_features/stu7_17.npy
stu7_30.mp4,/Users/lindaperez/Documents/COMPUTER_VISION/Final_project/personal-git/CV_Image_pose_detection/Data/LLSP/annotation_cleaned/pose_features/stu7_30.npy
stu7_35.mp4,/Users/lindaperez/Documents/COMPUTER_VISION/Final_project/personal-git/CV_Image_pose_detection/Data/LLSP/annotation_cleaned/pose_features/stu7_35.npy
stu7_4.mp4,/Users/lindaperez/Documents/COMPUTER_VISION/Final_project/personal-git/CV_Image_pose_detection/Data/LLSP/annotation_cleaned/pose_features/stu7_4.npy
stu7_45.mp4,/Users/lindaperez/Documents/COMPUTER_VISION/Final_project/personal-git/CV_Image_pose_detection/Data/LLSP/annotation_cleaned/pose_features/stu7_45.npy
stu7_52.mp4,/Users/lindaperez/Documents/COMPUTER_VISION/Final_project/personal-git/CV_Image_pose_detection/Data/LLSP/annotation_cleaned/pose_features/stu7_52.npy
stu7_8.mp4,/Users/lindaperez/Documents/COMPUTER_VISION/Final_project/personal-git/CV_Image_pose_detection/Data/LLSP/annotation_cleaned/pose_features/stu7_8.npy
stu8_10.mp4,/Users/lindaperez/Documents/COMPUTER_VISION/Final_project/personal-git/CV_Image_pose_detection/Data/LLSP/annotation_cleaned/pose_features/stu8_10.npy
stu8_11.mp4,/Users/lindaperez/Documents/COMPUTER_VISION/Final_project/personal-git/CV_Image_pose_detection/Data/LLSP/annotation_cleaned/pose_features/stu8_11.npy
stu8_12.mp4,/Users/lindaperez/Documents/COMPUTER_VISION/Final_project/personal-git/CV_Image_pose_detection/Data/LLSP/annotation_cleaned/pose_features/stu8_12.npy
stu8_23.mp4,/Users/lindaperez/Documents/COMPUTER_VISION/Final_project/personal-git/CV_Image_pose_detection/Data/LLSP/annotation_cleaned/pose_features/stu8_23.npy
stu8_25.mp4,/Users/lindaperez/Documents/COMPUTER_VISION/Final_project/personal-git/CV_Image_pose_detection/Data/LLSP/annotation_cleaned/pose_features/stu8_25.npy
stu8_28.mp4,/Users/lindaperez/Documents/COMPUTER_VISION/Final_project/personal-git/CV_Image_pose_detection/Data/LLSP/annotation_cleaned/pose_features/stu8_28.npy
stu8_34.mp4,/Users/lindaperez/Documents/COMPUTER_VISION/Final_project/personal-git/CV_Image_pose_detection/Data/LLSP/annotation_cleaned/pose_features/stu8_34.npy
stu8_38.mp4,/Users/lindaperez/Documents/COMPUTER_VISION/Final_project/personal-git/CV_Image_pose_detection/Data/LLSP/annotation_cleaned/pose_features/stu8_38.npy
stu8_42.mp4,/Users/lindaperez/Documents/COMPUTER_VISION/Final_project/personal-git/CV_Image_pose_detection/Data/LLSP/annotation_cleaned/pose_features/stu8_42.npy
stu8_45.mp4,/Users/lindaperez/Documents/COMPUTER_VISION/Final_project/personal-git/CV_Image_pose_detection/Data/LLSP/annotation_cleaned/pose_features/stu8_45.npy
stu8_46.mp4,/Users/lindaperez/Documents/COMPUTER_VISION/Final_project/personal-git/CV_Image_pose_detection/Data/LLSP/annotation_cleaned/pose_features/stu8_46.npy
stu8_49.mp4,/Users/lindaperez/Documents/COMPUTER_VISION/Final_project/personal-git/CV_Image_pose_detection/Data/LLSP/annotation_cleaned/pose_features/stu8_49.npy
stu8_57.mp4,/Users/lindaperez/Documents/COMPUTER_VISION/Final_project/personal-git/CV_Image_pose_detection/Data/LLSP/annotation_cleaned/pose_features/stu8_57.npy
stu8_58.mp4,/Users/lindaperez/Documents/COMPUTER_VISION/Final_project/personal-git/CV_Image_pose_detection/Data/LLSP/annotation_cleaned/pose_features/stu8_58.npy
stu8_70.mp4,/Users/lindaperez/Documents/COMPUTER_VISION/Final_project/personal-git/CV_Image_pose_detection/Data/LLSP/annotation_cleaned/pose_features/stu8_70.npy
stu8_71.mp4,/Users/lindaperez/Documents/COMPUTER_VISION/Final_project/personal-git/CV_Image_pose_detection/Data/LLSP/annotation_cleaned/pose_features/stu8_71.npy
stu8_9.mp4,/Users/lindaperez/Documents/COMPUTER_VISION/Final_project/personal-git/CV_Image_pose_detection/Data/LLSP/annotation_cleaned/pose_features/stu8_9.npy
stu9_17.mp4,/Users/lindaperez/Documents/COMPUTER_VISION/Final_project/personal-git/CV_Image_pose_detection/Data/LLSP/annotation_cleaned/pose_features/stu9_17.npy
stu9_29.mp4,/Users/lindaperez/Documents/COMPUTER_VISION/Final_project/personal-git/CV_Image_pose_detection/Data/LLSP/annotation_cleaned/pose_features/stu9_29.npy
stu9_31.mp4,/Users/lindaperez/Documents/COMPUTER_VISION/Final_project/personal-git/CV_Image_pose_detection/Data/LLSP/annotation_cleaned/pose_features/stu9_31.npy
stu9_34.mp4,/Users/lindaperez/Documents/COMPUTER_VISION/Final_project/personal-git/CV_Image_pose_detection/Data/LLSP/annotation_cleaned/pose_features/stu9_34.npy
stu9_36.mp4,/Users/lindaperez/Documents/COMPUTER_VISION/Final_project/personal-git/CV_Image_pose_detection/Data/LLSP/annotation_cleaned/pose_features/stu9_36.npy
stu9_45.mp4,/Users/lindaperez/Documents/COMPUTER_VISION/Final_project/personal-git/CV_Image_pose_detection/Data/LLSP/annotation_cleaned/pose_features/stu9_45.npy
stu9_47.mp4,/Users/lindaperez/Documents/COMPUTER_VISION/Final_project/personal-git/CV_Image_pose_detection/Data/LLSP/annotation_cleaned/pose_features/stu9_47.npy
stu9_48.mp4,/Users/lindaperez/Documents/COMPUTER_VISION/Final_project/personal-git/CV_Image_pose_detection/Data/LLSP/annotation_cleaned/pose_features/stu9_48.npy
stu9_52.mp4,/Users/lindaperez/Documents/COMPUTER_VISION/Final_project/personal-git/CV_Image_pose_detection/Data/LLSP/annotation_cleaned/pose_features/stu9_52.npy
stu9_57.mp4,/Users/lindaperez/Documents/COMPUTER_VISION/Final_project/personal-git/CV_Image_pose_detection/Data/LLSP/annotation_cleaned/pose_features/stu9_57.npy
stu9_64.mp4,/Users/lindaperez/Documents/COMPUTER_VISION/Final_project/personal-git/CV_Image_pose_detection/Data/LLSP/annotation_cleaned/pose_features/stu9_64.npy
stu9_71.mp4,/Users/lindaperez/Documents/COMPUTER_VISION/Final_project/personal-git/CV_Image_pose_detection/Data/LLSP/annotation_cleaned/pose_features/stu9_71.npy
test135.mp4,/Users/lindaperez/Documents/COMPUTER_VISION/Final_project/personal-git/CV_Image_pose_detection/Data/LLSP/annotation_cleaned/pose_features/test135.npy
test1454.mp4,/Users/lindaperez/Documents/COMPUTER_VISION/Final_project/personal-git/CV_Image_pose_detection/Data/LLSP/annotation_cleaned/pose_features/test1454.npy
test2021.mp4,/Users/lindaperez/Documents/COMPUTER_VISION/Final_project/personal-git/CV_Image_pose_detection/Data/LLSP/annotation_cleaned/pose_features/test2021.npy
test2025.mp4,/Users/lindaperez/Documents/COMPUTER_VISION/Final_project/personal-git/CV_Image_pose_detection/Data/LLSP/annotation_cleaned/pose_features/test2025.npy
test2315.mp4,/Users/lindaperez/Documents/COMPUTER_VISION/Final_project/personal-git/CV_Image_pose_detection/Data/LLSP/annotation_cleaned/pose_features/test2315.npy
test2320.mp4,/Users/lindaperez/Documents/COMPUTER_VISION/Final_project/personal-git/CV_Image_pose_detection/Data/LLSP/annotation_cleaned/pose_features/test2320.npy
test534.mp4,/Users/lindaperez/Documents/COMPUTER_VISION/Final_project/personal-git/CV_Image_pose_detection/Data/LLSP/annotation_cleaned/pose_features/test534.npy
test536.mp4,/Users/lindaperez/Documents/COMPUTER_VISION/Final_project/personal-git/CV_Image_pose_detection/Data/LLSP/annotation_cleaned/pose_features/test536.npy
test538.mp4,/Users/lindaperez/Documents/COMPUTER_VISION/Final_project/personal-git/CV_Image_pose_detection/Data/LLSP/annotation_cleaned/pose_features/test538.npy
test539.mp4,/Users/lindaperez/Documents/COMPUTER_VISION/Final_project/personal-git/CV_Image_pose_detection/Data/LLSP/annotation_cleaned/pose_features/test539.npy
train143.mp4,/Users/lindaperez/Documents/COMPUTER_VISION/Final_project/personal-git/CV_Image_pose_detection/Data/LLSP/annotation_cleaned/pose_features/train143.npy
train151.mp4,/Users/lindaperez/Documents/COMPUTER_VISION/Final_project/personal-git/CV_Image_pose_detection/Data/LLSP/annotation_cleaned/pose_features/train151.npy
train1615.mp4,/Users/lindaperez/Documents/COMPUTER_VISION/Final_project/personal-git/CV_Image_pose_detection/Data/LLSP/annotation_cleaned/pose_features/train1615.npy
train1665.mp4,/Users/lindaperez/Documents/COMPUTER_VISION/Final_project/personal-git/CV_Image_pose_detection/Data/LLSP/annotation_cleaned/pose_features/train1665.npy
train2508.mp4,/Users/lindaperez/Documents/COMPUTER_VISION/Final_project/personal-git/CV_Image_pose_detection/Data/LLSP/annotation_cleaned/pose_features/train2508.npy
train2534.mp4,/Users/lindaperez/Documents/COMPUTER_VISION/Final_project/personal-git/CV_Image_pose_detection/Data/LLSP/annotation_cleaned/pose_features/train2534.npy
train2659.mp4,/Users/lindaperez/Documents/COMPUTER_VISION/Final_project/personal-git/CV_Image_pose_detection/Data/LLSP/annotation_cleaned/pose_features/train2659.npy
train2737.mp4,/Users/lindaperez/Documents/COMPUTER_VISION/Final_project/personal-git/CV_Image_pose_detection/Data/LLSP/annotation_cleaned/pose_features/train2737.npy
train3335.mp4,/Users/lindaperez/Documents/COMPUTER_VISION/Final_project/personal-git/CV_Image_pose_detection/Data/LLSP/annotation_cleaned/pose_features/train3335.npy
train3344.mp4,/Users/lindaperez/Documents/COMPUTER_VISION/Final_project/personal-git/CV_Image_pose_detection/Data/LLSP/annotation_cleaned/pose_features/train3344.npy
train3899.mp4,/Users/lindaperez/Documents/COMPUTER_VISION/Final_project/personal-git/CV_Image_pose_detection/Data/LLSP/annotation_cleaned/pose_features/train3899.npy
val1244.mp4,/Users/lindaperez/Documents/COMPUTER_VISION/Final_project/personal-git/CV_Image_pose_detection/Data/LLSP/annotation_cleaned/pose_features/val1244.npy
val1257.mp4,/Users/lindaperez/Documents/COMPUTER_VISION/Final_project/personal-git/CV_Image_pose_detection/Data/LLSP/annotation_cleaned/pose_features/val1257.npy
val579.mp4,/Users/lindaperez/Documents/COMPUTER_VISION/Final_project/personal-git/CV_Image_pose_detection/Data/LLSP/annotation_cleaned/pose_features/val579.npy
stu1_1-checkpoint.mp4,/Users/lindaperez/Documents/COMPUTER_VISION/Final_project/personal-git/CV_Image_pose_detection/Data/LLSP/annotation_cleaned/pose_features/stu1_1-checkpoint.npy
stu10_0.mp4,/Users/lindaperez/Documents/COMPUTER_VISION/Final_project/personal-git/CV_Image_pose_detection/Data/LLSP/annotation_cleaned/pose_features/stu10_0.npy
stu10_10.mp4,/Users/lindaperez/Documents/COMPUTER_VISION/Final_project/personal-git/CV_Image_pose_detection/Data/LLSP/annotation_cleaned/pose_features/stu10_10.npy
stu10_11.mp4,/Users/lindaperez/Documents/COMPUTER_VISION/Final_project/personal-git/CV_Image_pose_detection/Data/LLSP/annotation_cleaned/pose_features/stu10_11.npy
stu10_12.mp4,/Users/lindaperez/Documents/COMPUTER_VISION/Final_project/personal-git/CV_Image_pose_detection/Data/LLSP/annotation_cleaned/pose_features/stu10_12.npy
stu10_14.mp4,/Users/lindaperez/Documents/COMPUTER_VISION/Final_project/personal-git/CV_Image_pose_detection/Data/LLSP/annotation_cleaned/pose_features/stu10_14.npy
stu10_15.mp4,/Users/lindaperez/Documents/COMPUTER_VISION/Final_project/personal-git/CV_Image_pose_detection/Data/LLSP/annotation_cleaned/pose_features/stu10_15.npy
stu10_16.mp4,/Users/lindaperez/Documents/COMPUTER_VISION/Final_project/personal-git/CV_Image_pose_detection/Data/LLSP/annotation_cleaned/pose_features/stu10_16.npy
stu10_18.mp4,/Users/lindaperez/Documents/COMPUTER_VISION/Final_project/personal-git/CV_Image_pose_detection/Data/LLSP/annotation_cleaned/pose_features/stu10_18.npy
stu10_2.mp4,/Users/lindaperez/Documents/COMPUTER_VISION/Final_project/personal-git/CV_Image_pose_detection/Data/LLSP/annotation_cleaned/pose_features/stu10_2.npy
stu10_20.mp4,/Users/lindaperez/Documents/COMPUTER_VISION/Final_project/personal-git/CV_Image_pose_detection/Data/LLSP/annotation_cleaned/pose_features/stu10_20.npy
stu10_21.mp4,/Users/lindaperez/Documents/COMPUTER_VISION/Final_project/personal-git/CV_Image_pose_detection/Data/LLSP/annotation_cleaned/pose_features/stu10_21.npy
stu10_22.mp4,/Users/lindaperez/Documents/COMPUTER_VISION/Final_project/personal-git/CV_Image_pose_detection/Data/LLSP/annotation_cleaned/pose_features/stu10_22.npy
stu10_23.mp4,/Users/lindaperez/Documents/COMPUTER_VISION/Final_project/personal-git/CV_Image_pose_detection/Data/LLSP/annotation_cleaned/pose_features/stu10_23.npy
stu10_26.mp4,/Users/lindaperez/Documents/COMPUTER_VISION/Final_project/personal-git/CV_Image_pose_detection/Data/LLSP/annotation_cleaned/pose_features/stu10_26.npy
stu10_27.mp4,/Users/lindaperez/Documents/COMPUTER_VISION/Final_project/personal-git/CV_Image_pose_detection/Data/LLSP/annotation_cleaned/pose_features/stu10_27.npy
stu10_28.mp4,/Users/lindaperez/Documents/COMPUTER_VISION/Final_project/personal-git/CV_Image_pose_detection/Data/LLSP/annotation_cleaned/pose_features/stu10_28.npy
stu10_29.mp4,/Users/lindaperez/Documents/COMPUTER_VISION/Final_project/personal-git/CV_Image_pose_detection/Data/LLSP/annotation_cleaned/pose_features/stu10_29.npy
stu10_3.mp4,/Users/lindaperez/Documents/COMPUTER_VISION/Final_project/personal-git/CV_Image_pose_detection/Data/LLSP/annotation_cleaned/pose_features/stu10_3.npy
stu10_30.mp4,/Users/lindaperez/Documents/COMPUTER_VISION/Final_project/personal-git/CV_Image_pose_detection/Data/LLSP/annotation_cleaned/pose_features/stu10_30.npy
stu10_31.mp4,/Users/lindaperez/Documents/COMPUTER_VISION/Final_project/personal-git/CV_Image_pose_detection/Data/LLSP/annotation_cleaned/pose_features/stu10_31.npy
stu10_32.mp4,/Users/lindaperez/Documents/COMPUTER_VISION/Final_project/personal-git/CV_Image_pose_detection/Data/LLSP/annotation_cleaned/pose_features/stu10_32.npy
stu10_33.mp4,/Users/lindaperez/Documents/COMPUTER_VISION/Final_project/personal-git/CV_Image_pose_detection/Data/LLSP/annotation_cleaned/pose_features/stu10_33.npy
stu10_35.mp4,/Users/lindaperez/Documents/COMPUTER_VISION/Final_project/personal-git/CV_Image_pose_detection/Data/LLSP/annotation_cleaned/pose_features/stu10_35.npy
stu10_37.mp4,/Users/lindaperez/Documents/COMPUTER_VISION/Final_project/personal-git/CV_Image_pose_detection/Data/LLSP/annotation_cleaned/pose_features/stu10_37.npy
stu10_38.mp4,/Users/lindaperez/Documents/COMPUTER_VISION/Final_project/personal-git/CV_Image_pose_detection/Data/LLSP/annotation_cleaned/pose_features/stu10_38.npy
stu10_4.mp4,/Users/lindaperez/Documents/COMPUTER_VISION/Final_project/personal-git/CV_Image_pose_detection/Data/LLSP/annotation_cleaned/pose_features/stu10_4.npy
stu10_40.mp4,/Users/lindaperez/Documents/COMPUTER_VISION/Final_project/personal-git/CV_Image_pose_detection/Data/LLSP/annotation_cleaned/pose_features/stu10_40.npy
stu10_41.mp4,/Users/lindaperez/Documents/COMPUTER_VISION/Final_project/personal-git/CV_Image_pose_detection/Data/LLSP/annotation_cleaned/pose_features/stu10_41.npy
stu10_45.mp4,/Users/lindaperez/Documents/COMPUTER_VISION/Final_project/personal-git/CV_Image_pose_detection/Data/LLSP/annotation_cleaned/pose_features/stu10_45.npy
stu10_46.mp4,/Users/lindaperez/Documents/COMPUTER_VISION/Final_project/personal-git/CV_Image_pose_detection/Data/LLSP/annotation_cleaned/pose_features/stu10_46.npy
stu10_49.mp4,/Users/lindaperez/Documents/COMPUTER_VISION/Final_project/personal-git/CV_Image_pose_detection/Data/LLSP/annotation_cleaned/pose_features/stu10_49.npy
stu10_50.mp4,/Users/lindaperez/Documents/COMPUTER_VISION/Final_project/personal-git/CV_Image_pose_detection/Data/LLSP/annotation_cleaned/pose_features/stu10_50.npy
stu10_51.mp4,/Users/lindaperez/Documents/COMPUTER_VISION/Final_project/personal-git/CV_Image_pose_detection/Data/LLSP/annotation_cleaned/pose_features/stu10_51.npy
stu10_52.mp4,/Users/lindaperez/Documents/COMPUTER_VISION/Final_project/personal-git/CV_Image_pose_detection/Data/LLSP/annotation_cleaned/pose_features/stu10_52.npy
stu10_53.mp4,/Users/lindaperez/Documents/COMPUTER_VISION/Final_project/personal-git/CV_Image_pose_detection/Data/LLSP/annotation_cleaned/pose_features/stu10_53.npy
stu10_54.mp4,/Users/lindaperez/Documents/COMPUTER_VISION/Final_project/personal-git/CV_Image_pose_detection/Data/LLSP/annotation_cleaned/pose_features/stu10_54.npy
stu10_55.mp4,/Users/lindaperez/Documents/COMPUTER_VISION/Final_project/personal-git/CV_Image_pose_detection/Data/LLSP/annotation_cleaned/pose_features/stu10_55.npy
stu10_57.mp4,/Users/lindaperez/Documents/COMPUTER_VISION/Final_project/personal-git/CV_Image_pose_detection/Data/LLSP/annotation_cleaned/pose_features/stu10_57.npy
stu10_58.mp4,/Users/lindaperez/Documents/COMPUTER_VISION/Final_project/personal-git/CV_Image_pose_detection/Data/LLSP/annotation_cleaned/pose_features/stu10_58.npy
stu10_59.mp4,/Users/lindaperez/Documents/COMPUTER_VISION/Final_project/personal-git/CV_Image_pose_detection/Data/LLSP/annotation_cleaned/pose_features/stu10_59.npy
stu10_61.mp4,/Users/lindaperez/Documents/COMPUTER_VISION/Final_project/personal-git/CV_Image_pose_detection/Data/LLSP/annotation_cleaned/pose_features/stu10_61.npy
stu10_62.mp4,/Users/lindaperez/Documents/COMPUTER_VISION/Final_project/personal-git/CV_Image_pose_detection/Data/LLSP/annotation_cleaned/pose_features/stu10_62.npy
stu10_64.mp4,/Users/lindaperez/Documents/COMPUTER_VISION/Final_project/personal-git/CV_Image_pose_detection/Data/LLSP/annotation_cleaned/pose_features/stu10_64.npy
stu10_65.mp4,/Users/lindaperez/Documents/COMPUTER_VISION/Final_project/personal-git/CV_Image_pose_detection/Data/LLSP/annotation_cleaned/pose_features/stu10_65.npy
stu10_66.mp4,/Users/lindaperez/Documents/COMPUTER_VISION/Final_project/personal-git/CV_Image_pose_detection/Data/LLSP/annotation_cleaned/pose_features/stu10_66.npy
stu10_68.mp4,/Users/lindaperez/Documents/COMPUTER_VISION/Final_project/personal-git/CV_Image_pose_detection/Data/LLSP/annotation_cleaned/pose_features/stu10_68.npy
stu10_7.mp4,/Users/lindaperez/Documents/COMPUTER_VISION/Final_project/personal-git/CV_Image_pose_detection/Data/LLSP/annotation_cleaned/pose_features/stu10_7.npy
stu10_70.mp4,/Users/lindaperez/Documents/COMPUTER_VISION/Final_project/personal-git/CV_Image_pose_detection/Data/LLSP/annotation_cleaned/pose_features/stu10_70.npy
stu10_71.mp4,/Users/lindaperez/Documents/COMPUTER_VISION/Final_project/personal-git/CV_Image_pose_detection/Data/LLSP/annotation_cleaned/pose_features/stu10_71.npy
stu10_9.mp4,/Users/lindaperez/Documents/COMPUTER_VISION/Final_project/personal-git/CV_Image_pose_detection/Data/LLSP/annotation_cleaned/pose_features/stu10_9.npy
stu11_0.mp4,/Users/lindaperez/Documents/COMPUTER_VISION/Final_project/personal-git/CV_Image_pose_detection/Data/LLSP/annotation_cleaned/pose_features/stu11_0.npy
stu11_1.mp4,/Users/lindaperez/Documents/COMPUTER_VISION/Final_project/personal-git/CV_Image_pose_detection/Data/LLSP/annotation_cleaned/pose_features/stu11_1.npy
stu11_10.mp4,/Users/lindaperez/Documents/COMPUTER_VISION/Final_project/personal-git/CV_Image_pose_detection/Data/LLSP/annotation_cleaned/pose_features/stu11_10.npy
stu11_11.mp4,/Users/lindaperez/Documents/COMPUTER_VISION/Final_project/personal-git/CV_Image_pose_detection/Data/LLSP/annotation_cleaned/pose_features/stu11_11.npy
stu11_12.mp4,/Users/lindaperez/Documents/COMPUTER_VISION/Final_project/personal-git/CV_Image_pose_detection/Data/LLSP/annotation_cleaned/pose_features/stu11_12.npy
stu11_13.mp4,/Users/lindaperez/Documents/COMPUTER_VISION/Final_project/personal-git/CV_Image_pose_detection/Data/LLSP/annotation_cleaned/pose_features/stu11_13.npy
stu11_14.mp4,/Users/lindaperez/Documents/COMPUTER_VISION/Final_project/personal-git/CV_Image_pose_detection/Data/LLSP/annotation_cleaned/pose_features/stu11_14.npy
stu11_15.mp4,/Users/lindaperez/Documents/COMPUTER_VISION/Final_project/personal-git/CV_Image_pose_detection/Data/LLSP/annotation_cleaned/pose_features/stu11_15.npy
stu11_16.mp4,/Users/lindaperez/Documents/COMPUTER_VISION/Final_project/personal-git/CV_Image_pose_detection/Data/LLSP/annotation_cleaned/pose_features/stu11_16.npy
stu11_17.mp4,/Users/lindaperez/Documents/COMPUTER_VISION/Final_project/personal-git/CV_Image_pose_detection/Data/LLSP/annotation_cleaned/pose_features/stu11_17.npy
stu11_18.mp4,/Users/lindaperez/Documents/COMPUTER_VISION/Final_project/personal-git/CV_Image_pose_detection/Data/LLSP/annotation_cleaned/pose_features/stu11_18.npy
stu11_19.mp4,/Users/lindaperez/Documents/COMPUTER_VISION/Final_project/personal-git/CV_Image_pose_detection/Data/LLSP/annotation_cleaned/pose_features/stu11_19.npy
stu11_2.mp4,/Users/lindaperez/Documents/COMPUTER_VISION/Final_project/personal-git/CV_Image_pose_detection/Data/LLSP/annotation_cleaned/pose_features/stu11_2.npy
stu11_20.mp4,/Users/lindaperez/Documents/COMPUTER_VISION/Final_project/personal-git/CV_Image_pose_detection/Data/LLSP/annotation_cleaned/pose_features/stu11_20.npy
stu11_21.mp4,/Users/lindaperez/Documents/COMPUTER_VISION/Final_project/personal-git/CV_Image_pose_detection/Data/LLSP/annotation_cleaned/pose_features/stu11_21.npy
stu11_22.mp4,/Users/lindaperez/Documents/COMPUTER_VISION/Final_project/personal-git/CV_Image_pose_detection/Data/LLSP/annotation_cleaned/pose_features/stu11_22.npy
stu11_23.mp4,/Users/lindaperez/Documents/COMPUTER_VISION/Final_project/personal-git/CV_Image_pose_detection/Data/LLSP/annotation_cleaned/pose_features/stu11_23.npy
stu11_24.mp4,/Users/lindaperez/Documents/COMPUTER_VISION/Final_project/personal-git/CV_Image_pose_detection/Data/LLSP/annotation_cleaned/pose_features/stu11_24.npy
stu11_25.mp4,/Users/lindaperez/Documents/COMPUTER_VISION/Final_project/personal-git/CV_Image_pose_detection/Data/LLSP/annotation_cleaned/pose_features/stu11_25.npy
stu11_26.mp4,/Users/lindaperez/Documents/COMPUTER_VISION/Final_project/personal-git/CV_Image_pose_detection/Data/LLSP/annotation_cleaned/pose_features/stu11_26.npy
stu11_27.mp4,/Users/lindaperez/Documents/COMPUTER_VISION/Final_project/personal-git/CV_Image_pose_detection/Data/LLSP/annotation_cleaned/pose_features/stu11_27.npy
stu11_28.mp4,/Users/lindaperez/Documents/COMPUTER_VISION/Final_project/personal-git/CV_Image_pose_detection/Data/LLSP/annotation_cleaned/pose_features/stu11_28.npy
stu11_29.mp4,/Users/lindaperez/Documents/COMPUTER_VISION/Final_project/personal-git/CV_Image_pose_detection/Data/LLSP/annotation_cleaned/pose_features/stu11_29.npy
stu11_3.mp4,/Users/lindaperez/Documents/COMPUTER_VISION/Final_project/personal-git/CV_Image_pose_detection/Data/LLSP/annotation_cleaned/pose_features/stu11_3.npy
stu11_4.mp4,/Users/lindaperez/Documents/COMPUTER_VISION/Final_project/personal-git/CV_Image_pose_detection/Data/LLSP/annotation_cleaned/pose_features/stu11_4.npy
stu11_40.mp4,/Users/lindaperez/Documents/COMPUTER_VISION/Final_project/personal-git/CV_Image_pose_detection/Data/LLSP/annotation_cleaned/pose_features/stu11_40.npy
stu11_41.mp4,/Users/lindaperez/Documents/COMPUTER_VISION/Final_project/personal-git/CV_Image_pose_detection/Data/LLSP/annotation_cleaned/pose_features/stu11_41.npy
stu11_42.mp4,/Users/lindaperez/Documents/COMPUTER_VISION/Final_project/personal-git/CV_Image_pose_detection/Data/LLSP/annotation_cleaned/pose_features/stu11_42.npy
stu11_43.mp4,/Users/lindaperez/Documents/COMPUTER_VISION/Final_project/personal-git/CV_Image_pose_detection/Data/LLSP/annotation_cleaned/pose_features/stu11_43.npy
stu11_5.mp4,/Users/lindaperez/Documents/COMPUTER_VISION/Final_project/personal-git/CV_Image_pose_detection/Data/LLSP/annotation_cleaned/pose_features/stu11_5.npy
stu11_6.mp4,/Users/lindaperez/Documents/COMPUTER_VISION/Final_project/personal-git/CV_Image_pose_detection/Data/LLSP/annotation_cleaned/pose_features/stu11_6.npy
stu11_7.mp4,/Users/lindaperez/Documents/COMPUTER_VISION/Final_project/personal-git/CV_Image_pose_detection/Data/LLSP/annotation_cleaned/pose_features/stu11_7.npy
stu11_8.mp4,/Users/lindaperez/Documents/COMPUTER_VISION/Final_project/personal-git/CV_Image_pose_detection/Data/LLSP/annotation_cleaned/pose_features/stu11_8.npy
stu11_9.mp4,/Users/lindaperez/Documents/COMPUTER_VISION/Final_project/personal-git/CV_Image_pose_detection/Data/LLSP/annotation_cleaned/pose_features/stu11_9.npy
stu12_0.mp4,/Users/lindaperez/Documents/COMPUTER_VISION/Final_project/personal-git/CV_Image_pose_detection/Data/LLSP/annotation_cleaned/pose_features/stu12_0.npy
stu12_1.mp4,/Users/lindaperez/Documents/COMPUTER_VISION/Final_project/personal-git/CV_Image_pose_detection/Data/LLSP/annotation_cleaned/pose_features/stu12_1.npy
stu12_10.mp4,/Users/lindaperez/Documents/COMPUTER_VISION/Final_project/personal-git/CV_Image_pose_detection/Data/LLSP/annotation_cleaned/pose_features/stu12_10.npy
stu12_11.mp4,/Users/lindaperez/Documents/COMPUTER_VISION/Final_project/personal-git/CV_Image_pose_detection/Data/LLSP/annotation_cleaned/pose_features/stu12_11.npy
stu12_12.mp4,/Users/lindaperez/Documents/COMPUTER_VISION/Final_project/personal-git/CV_Image_pose_detection/Data/LLSP/annotation_cleaned/pose_features/stu12_12.npy
stu12_14.mp4,/Users/lindaperez/Documents/COMPUTER_VISION/Final_project/personal-git/CV_Image_pose_detection/Data/LLSP/annotation_cleaned/pose_features/stu12_14.npy
stu12_15.mp4,/Users/lindaperez/Documents/COMPUTER_VISION/Final_project/personal-git/CV_Image_pose_detection/Data/LLSP/annotation_cleaned/pose_features/stu12_15.npy
stu12_16.mp4,/Users/lindaperez/Documents/COMPUTER_VISION/Final_project/personal-git/CV_Image_pose_detection/Data/LLSP/annotation_cleaned/pose_features/stu12_16.npy
stu12_17.mp4,/Users/lindaperez/Documents/COMPUTER_VISION/Final_project/personal-git/CV_Image_pose_detection/Data/LLSP/annotation_cleaned/pose_features/stu12_17.npy
stu12_18.mp4,/Users/lindaperez/Documents/COMPUTER_VISION/Final_project/personal-git/CV_Image_pose_detection/Data/LLSP/annotation_cleaned/pose_features/stu12_18.npy
stu12_19.mp4,/Users/lindaperez/Documents/COMPUTER_VISION/Final_project/personal-git/CV_Image_pose_detection/Data/LLSP/annotation_cleaned/pose_features/stu12_19.npy
stu12_2.mp4,/Users/lindaperez/Documents/COMPUTER_VISION/Final_project/personal-git/CV_Image_pose_detection/Data/LLSP/annotation_cleaned/pose_features/stu12_2.npy
stu12_20.mp4,/Users/lindaperez/Documents/COMPUTER_VISION/Final_project/personal-git/CV_Image_pose_detection/Data/LLSP/annotation_cleaned/pose_features/stu12_20.npy
stu12_21.mp4,/Users/lindaperez/Documents/COMPUTER_VISION/Final_project/personal-git/CV_Image_pose_detection/Data/LLSP/annotation_cleaned/pose_features/stu12_21.npy
stu12_22.mp4,/Users/lindaperez/Documents/COMPUTER_VISION/Final_project/personal-git/CV_Image_pose_detection/Data/LLSP/annotation_cleaned/pose_features/stu12_22.npy
stu12_23.mp4,/Users/lindaperez/Documents/COMPUTER_VISION/Final_project/personal-git/CV_Image_pose_detection/Data/LLSP/annotation_cleaned/pose_features/stu12_23.npy
stu12_24.mp4,/Users/lindaperez/Documents/COMPUTER_VISION/Final_project/personal-git/CV_Image_pose_detection/Data/LLSP/annotation_cleaned/pose_features/stu12_24.npy
stu12_25.mp4,/Users/lindaperez/Documents/COMPUTER_VISION/Final_project/personal-git/CV_Image_pose_detection/Data/LLSP/annotation_cleaned/pose_features/stu12_25.npy
stu12_26.mp4,/Users/lindaperez/Documents/COMPUTER_VISION/Final_project/personal-git/CV_Image_pose_detection/Data/LLSP/annotation_cleaned/pose_features/stu12_26.npy
stu12_27.mp4,/Users/lindaperez/Documents/COMPUTER_VISION/Final_project/personal-git/CV_Image_pose_detection/Data/LLSP/annotation_cleaned/pose_features/stu12_27.npy
stu12_28.mp4,/Users/lindaperez/Documents/COMPUTER_VISION/Final_project/personal-git/CV_Image_pose_detection/Data/LLSP/annotation_cleaned/pose_features/stu12_28.npy
stu12_29.mp4,/Users/lindaperez/Documents/COMPUTER_VISION/Final_project/personal-git/CV_Image_pose_detection/Data/LLSP/annotation_cleaned/pose_features/stu12_29.npy
stu12_3.mp4,/Users/lindaperez/Documents/COMPUTER_VISION/Final_project/personal-git/CV_Image_pose_detection/Data/LLSP/annotation_cleaned/pose_features/stu12_3.npy
stu12_4.mp4,/Users/lindaperez/Documents/COMPUTER_VISION/Final_project/personal-git/CV_Image_pose_detection/Data/LLSP/annotation_cleaned/pose_features/stu12_4.npy
stu12_40.mp4,/Users/lindaperez/Documents/COMPUTER_VISION/Final_project/personal-git/CV_Image_pose_detection/Data/LLSP/annotation_cleaned/pose_features/stu12_40.npy
stu12_41.mp4,/Users/lindaperez/Documents/COMPUTER_VISION/Final_project/personal-git/CV_Image_pose_detection/Data/LLSP/annotation_cleaned/pose_features/stu12_41.npy
stu12_42.mp4,/Users/lindaperez/Documents/COMPUTER_VISION/Final_project/personal-git/CV_Image_pose_detection/Data/LLSP/annotation_cleaned/pose_features/stu12_42.npy
stu12_43.mp4,/Users/lindaperez/Documents/COMPUTER_VISION/Final_project/personal-git/CV_Image_pose_detection/Data/LLSP/annotation_cleaned/pose_features/stu12_43.npy
stu12_5.mp4,/Users/lindaperez/Documents/COMPUTER_VISION/Final_project/personal-git/CV_Image_pose_detection/Data/LLSP/annotation_cleaned/pose_features/stu12_5.npy
stu12_6.mp4,/Users/lindaperez/Documents/COMPUTER_VISION/Final_project/personal-git/CV_Image_pose_detection/Data/LLSP/annotation_cleaned/pose_features/stu12_6.npy
stu12_7.mp4,/Users/lindaperez/Documents/COMPUTER_VISION/Final_project/personal-git/CV_Image_pose_detection/Data/LLSP/annotation_cleaned/pose_features/stu12_7.npy
stu12_8.mp4,/Users/lindaperez/Documents/COMPUTER_VISION/Final_project/personal-git/CV_Image_pose_detection/Data/LLSP/annotation_cleaned/pose_features/stu12_8.npy
stu12_9.mp4,/Users/lindaperez/Documents/COMPUTER_VISION/Final_project/personal-git/CV_Image_pose_detection/Data/LLSP/annotation_cleaned/pose_features/stu12_9.npy
stu13_0.mp4,/Users/lindaperez/Documents/COMPUTER_VISION/Final_project/personal-git/CV_Image_pose_detection/Data/LLSP/annotation_cleaned/pose_features/stu13_0.npy
stu13_1.mp4,/Users/lindaperez/Documents/COMPUTER_VISION/Final_project/personal-git/CV_Image_pose_detection/Data/LLSP/annotation_cleaned/pose_features/stu13_1.npy
stu13_10.mp4,/Users/lindaperez/Documents/COMPUTER_VISION/Final_project/personal-git/CV_Image_pose_detection/Data/LLSP/annotation_cleaned/pose_features/stu13_10.npy
stu13_11.mp4,/Users/lindaperez/Documents/COMPUTER_VISION/Final_project/personal-git/CV_Image_pose_detection/Data/LLSP/annotation_cleaned/pose_features/stu13_11.npy
stu13_12.mp4,/Users/lindaperez/Documents/COMPUTER_VISION/Final_project/personal-git/CV_Image_pose_detection/Data/LLSP/annotation_cleaned/pose_features/stu13_12.npy
stu13_13.mp4,/Users/lindaperez/Documents/COMPUTER_VISION/Final_project/personal-git/CV_Image_pose_detection/Data/LLSP/annotation_cleaned/pose_features/stu13_13.npy
stu13_14.mp4,/Users/lindaperez/Documents/COMPUTER_VISION/Final_project/personal-git/CV_Image_pose_detection/Data/LLSP/annotation_cleaned/pose_features/stu13_14.npy
stu13_15.mp4,/Users/lindaperez/Documents/COMPUTER_VISION/Final_project/personal-git/CV_Image_pose_detection/Data/LLSP/annotation_cleaned/pose_features/stu13_15.npy
stu13_16.mp4,/Users/lindaperez/Documents/COMPUTER_VISION/Final_project/personal-git/CV_Image_pose_detection/Data/LLSP/annotation_cleaned/pose_features/stu13_16.npy
stu13_17.mp4,/Users/lindaperez/Documents/COMPUTER_VISION/Final_project/personal-git/CV_Image_pose_detection/Data/LLSP/annotation_cleaned/pose_features/stu13_17.npy
stu13_18.mp4,/Users/lindaperez/Documents/COMPUTER_VISION/Final_project/personal-git/CV_Image_pose_detection/Data/LLSP/annotation_cleaned/pose_features/stu13_18.npy
stu13_19.mp4,/Users/lindaperez/Documents/COMPUTER_VISION/Final_project/personal-git/CV_Image_pose_detection/Data/LLSP/annotation_cleaned/pose_features/stu13_19.npy
stu13_2.mp4,/Users/lindaperez/Documents/COMPUTER_VISION/Final_project/personal-git/CV_Image_pose_detection/Data/LLSP/annotation_cleaned/pose_features/stu13_2.npy
stu13_20.mp4,/Users/lindaperez/Documents/COMPUTER_VISION/Final_project/personal-git/CV_Image_pose_detection/Data/LLSP/annotation_cleaned/pose_features/stu13_20.npy
stu13_21.mp4,/Users/lindaperez/Documents/COMPUTER_VISION/Final_project/personal-git/CV_Image_pose_detection/Data/LLSP/annotation_cleaned/pose_features/stu13_21.npy
stu13_22.mp4,/Users/lindaperez/Documents/COMPUTER_VISION/Final_project/personal-git/CV_Image_pose_detection/Data/LLSP/annotation_cleaned/pose_features/stu13_22.npy
stu13_23.mp4,/Users/lindaperez/Documents/COMPUTER_VISION/Final_project/personal-git/CV_Image_pose_detection/Data/LLSP/annotation_cleaned/pose_features/stu13_23.npy
stu13_24.mp4,/Users/lindaperez/Documents/COMPUTER_VISION/Final_project/personal-git/CV_Image_pose_detection/Data/LLSP/annotation_cleaned/pose_features/stu13_24.npy
stu13_25.mp4,/Users/lindaperez/Documents/COMPUTER_VISION/Final_project/personal-git/CV_Image_pose_detection/Data/LLSP/annotation_cleaned/pose_features/stu13_25.npy
stu13_26.mp4,/Users/lindaperez/Documents/COMPUTER_VISION/Final_project/personal-git/CV_Image_pose_detection/Data/LLSP/annotation_cleaned/pose_features/stu13_26.npy
stu13_27.mp4,/Users/lindaperez/Documents/COMPUTER_VISION/Final_project/personal-git/CV_Image_pose_detection/Data/LLSP/annotation_cleaned/pose_features/stu13_27.npy
stu13_28.mp4,/Users/lindaperez/Documents/COMPUTER_VISION/Final_project/personal-git/CV_Image_pose_detection/Data/LLSP/annotation_cleaned/pose_features/stu13_28.npy
stu13_29.mp4,/Users/lindaperez/Documents/COMPUTER_VISION/Final_project/personal-git/CV_Image_pose_detection/Data/LLSP/annotation_cleaned/pose_features/stu13_29.npy
stu13_3.mp4,/Users/lindaperez/Documents/COMPUTER_VISION/Final_project/personal-git/CV_Image_pose_detection/Data/LLSP/annotation_cleaned/pose_features/stu13_3.npy
stu13_4.mp4,/Users/lindaperez/Documents/COMPUTER_VISION/Final_project/personal-git/CV_Image_pose_detection/Data/LLSP/annotation_cleaned/pose_features/stu13_4.npy
stu13_40.mp4,/Users/lindaperez/Documents/COMPUTER_VISION/Final_project/personal-git/CV_Image_pose_detection/Data/LLSP/annotation_cleaned/pose_features/stu13_40.npy
stu13_41.mp4,/Users/lindaperez/Documents/COMPUTER_VISION/Final_project/personal-git/CV_Image_pose_detection/Data/LLSP/annotation_cleaned/pose_features/stu13_41.npy
stu13_42.mp4,/Users/lindaperez/Documents/COMPUTER_VISION/Final_project/personal-git/CV_Image_pose_detection/Data/LLSP/annotation_cleaned/pose_features/stu13_42.npy
stu13_43.mp4,/Users/lindaperez/Documents/COMPUTER_VISION/Final_project/personal-git/CV_Image_pose_detection/Data/LLSP/annotation_cleaned/pose_features/stu13_43.npy
stu13_5.mp4,/Users/lindaperez/Documents/COMPUTER_VISION/Final_project/personal-git/CV_Image_pose_detection/Data/LLSP/annotation_cleaned/pose_features/stu13_5.npy
stu13_6.mp4,/Users/lindaperez/Documents/COMPUTER_VISION/Final_project/personal-git/CV_Image_pose_detection/Data/LLSP/annotation_cleaned/pose_features/stu13_6.npy
stu13_7.mp4,/Users/lindaperez/Documents/COMPUTER_VISION/Final_project/personal-git/CV_Image_pose_detection/Data/LLSP/annotation_cleaned/pose_features/stu13_7.npy
stu13_8.mp4,/Users/lindaperez/Documents/COMPUTER_VISION/Final_project/personal-git/CV_Image_pose_detection/Data/LLSP/annotation_cleaned/pose_features/stu13_8.npy
stu13_9.mp4,/Users/lindaperez/Documents/COMPUTER_VISION/Final_project/personal-git/CV_Image_pose_detection/Data/LLSP/annotation_cleaned/pose_features/stu13_9.npy
stu1_0.mp4,/Users/lindaperez/Documents/COMPUTER_VISION/Final_project/personal-git/CV_Image_pose_detection/Data/LLSP/annotation_cleaned/pose_features/stu1_0.npy
stu1_1.mp4,/Users/lindaperez/Documents/COMPUTER_VISION/Final_project/personal-git/CV_Image_pose_detection/Data/LLSP/annotation_cleaned/pose_features/stu1_1.npy
stu1_10.mp4,/Users/lindaperez/Documents/COMPUTER_VISION/Final_project/personal-git/CV_Image_pose_detection/Data/LLSP/annotation_cleaned/pose_features/stu1_10.npy
stu1_11.mp4,/Users/lindaperez/Documents/COMPUTER_VISION/Final_project/personal-git/CV_Image_pose_detection/Data/LLSP/annotation_cleaned/pose_features/stu1_11.npy
stu1_12.mp4,/Users/lindaperez/Documents/COMPUTER_VISION/Final_project/personal-git/CV_Image_pose_detection/Data/LLSP/annotation_cleaned/pose_features/stu1_12.npy
stu1_13.mp4,/Users/lindaperez/Documents/COMPUTER_VISION/Final_project/personal-git/CV_Image_pose_detection/Data/LLSP/annotation_cleaned/pose_features/stu1_13.npy
stu1_14.mp4,/Users/lindaperez/Documents/COMPUTER_VISION/Final_project/personal-git/CV_Image_pose_detection/Data/LLSP/annotation_cleaned/pose_features/stu1_14.npy
stu1_15.mp4,/Users/lindaperez/Documents/COMPUTER_VISION/Final_project/personal-git/CV_Image_pose_detection/Data/LLSP/annotation_cleaned/pose_features/stu1_15.npy
stu1_16.mp4,/Users/lindaperez/Documents/COMPUTER_VISION/Final_project/personal-git/CV_Image_pose_detection/Data/LLSP/annotation_cleaned/pose_features/stu1_16.npy
stu1_18.mp4,/Users/lindaperez/Documents/COMPUTER_VISION/Final_project/personal-git/CV_Image_pose_detection/Data/LLSP/annotation_cleaned/pose_features/stu1_18.npy
stu1_2.mp4,/Users/lindaperez/Documents/COMPUTER_VISION/Final_project/personal-git/CV_Image_pose_detection/Data/LLSP/annotation_cleaned/pose_features/stu1_2.npy
stu1_20.mp4,/Users/lindaperez/Documents/COMPUTER_VISION/Final_project/personal-git/CV_Image_pose_detection/Data/LLSP/annotation_cleaned/pose_features/stu1_20.npy
stu1_21.mp4,/Users/lindaperez/Documents/COMPUTER_VISION/Final_project/personal-git/CV_Image_pose_detection/Data/LLSP/annotation_cleaned/pose_features/stu1_21.npy
stu1_22.mp4,/Users/lindaperez/Documents/COMPUTER_VISION/Final_project/personal-git/CV_Image_pose_detection/Data/LLSP/annotation_cleaned/pose_features/stu1_22.npy
stu1_23.mp4,/Users/lindaperez/Documents/COMPUTER_VISION/Final_project/personal-git/CV_Image_pose_detection/Data/LLSP/annotation_cleaned/pose_features/stu1_23.npy
stu1_24.mp4,/Users/lindaperez/Documents/COMPUTER_VISION/Final_project/personal-git/CV_Image_pose_detection/Data/LLSP/annotation_cleaned/pose_features/stu1_24.npy
stu1_25.mp4,/Users/lindaperez/Documents/COMPUTER_VISION/Final_project/personal-git/CV_Image_pose_detection/Data/LLSP/annotation_cleaned/pose_features/stu1_25.npy
stu1_28.mp4,/Users/lindaperez/Documents/COMPUTER_VISION/Final_project/personal-git/CV_Image_pose_detection/Data/LLSP/annotation_cleaned/pose_features/stu1_28.npy
stu1_29.mp4,/Users/lindaperez/Documents/COMPUTER_VISION/Final_project/personal-git/CV_Image_pose_detection/Data/LLSP/annotation_cleaned/pose_features/stu1_29.npy
stu1_3.mp4,/Users/lindaperez/Documents/COMPUTER_VISION/Final_project/personal-git/CV_Image_pose_detection/Data/LLSP/annotation_cleaned/pose_features/stu1_3.npy
stu1_31.mp4,/Users/lindaperez/Documents/COMPUTER_VISION/Final_project/personal-git/CV_Image_pose_detection/Data/LLSP/annotation_cleaned/pose_features/stu1_31.npy
stu1_32.mp4,/Users/lindaperez/Documents/COMPUTER_VISION/Final_project/personal-git/CV_Image_pose_detection/Data/LLSP/annotation_cleaned/pose_features/stu1_32.npy
stu1_33.mp4,/Users/lindaperez/Documents/COMPUTER_VISION/Final_project/personal-git/CV_Image_pose_detection/Data/LLSP/annotation_cleaned/pose_features/stu1_33.npy
stu1_35.mp4,/Users/lindaperez/Documents/COMPUTER_VISION/Final_project/personal-git/CV_Image_pose_detection/Data/LLSP/annotation_cleaned/pose_features/stu1_35.npy
stu1_4.mp4,/Users/lindaperez/Documents/COMPUTER_VISION/Final_project/personal-git/CV_Image_pose_detection/Data/LLSP/annotation_cleaned/pose_features/stu1_4.npy
stu1_41.mp4,/Users/lindaperez/Documents/COMPUTER_VISION/Final_project/personal-git/CV_Image_pose_detection/Data/LLSP/annotation_cleaned/pose_features/stu1_41.npy
stu1_42.mp4,/Users/lindaperez/Documents/COMPUTER_VISION/Final_project/personal-git/CV_Image_pose_detection/Data/LLSP/annotation_cleaned/pose_features/stu1_42.npy
stu1_43.mp4,/Users/lindaperez/Documents/COMPUTER_VISION/Final_project/personal-git/CV_Image_pose_detection/Data/LLSP/annotation_cleaned/pose_features/stu1_43.npy
stu1_44.mp4,/Users/lindaperez/Documents/COMPUTER_VISION/Final_project/personal-git/CV_Image_pose_detection/Data/LLSP/annotation_cleaned/pose_features/stu1_44.npy
stu1_45.mp4,/Users/lindaperez/Documents/COMPUTER_VISION/Final_project/personal-git/CV_Image_pose_detection/Data/LLSP/annotation_cleaned/pose_features/stu1_45.npy
stu1_46.mp4,/Users/lindaperez/Documents/COMPUTER_VISION/Final_project/personal-git/CV_Image_pose_detection/Data/LLSP/annotation_cleaned/pose_features/stu1_46.npy
stu1_48.mp4,/Users/lindaperez/Documents/COMPUTER_VISION/Final_project/personal-git/CV_Image_pose_detection/Data/LLSP/annotation_cleaned/pose_features/stu1_48.npy
stu1_49.mp4,/Users/lindaperez/Documents/COMPUTER_VISION/Final_project/personal-git/CV_Image_pose_detection/Data/LLSP/annotation_cleaned/pose_features/stu1_49.npy
stu1_5.mp4,/Users/lindaperez/Documents/COMPUTER_VISION/Final_project/personal-git/CV_Image_pose_detection/Data/LLSP/annotation_cleaned/pose_features/stu1_5.npy
stu1_50.mp4,/Users/lindaperez/Documents/COMPUTER_VISION/Final_project/personal-git/CV_Image_pose_detection/Data/LLSP/annotation_cleaned/pose_features/stu1_50.npy
stu1_51.mp4,/Users/lindaperez/Documents/COMPUTER_VISION/Final_project/personal-git/CV_Image_pose_detection/Data/LLSP/annotation_cleaned/pose_features/stu1_51.npy
stu1_52.mp4,/Users/lindaperez/Documents/COMPUTER_VISION/Final_project/personal-git/CV_Image_pose_detection/Data/LLSP/annotation_cleaned/pose_features/stu1_52.npy
stu1_53.mp4,/Users/lindaperez/Documents/COMPUTER_VISION/Final_project/personal-git/CV_Image_pose_detection/Data/LLSP/annotation_cleaned/pose_features/stu1_53.npy
stu1_54.mp4,/Users/lindaperez/Documents/COMPUTER_VISION/Final_project/personal-git/CV_Image_pose_detection/Data/LLSP/annotation_cleaned/pose_features/stu1_54.npy
stu1_55.mp4,/Users/lindaperez/Documents/COMPUTER_VISION/Final_project/personal-git/CV_Image_pose_detection/Data/LLSP/annotation_cleaned/pose_features/stu1_55.npy
stu1_56.mp4,/Users/lindaperez/Documents/COMPUTER_VISION/Final_project/personal-git/CV_Image_pose_detection/Data/LLSP/annotation_cleaned/pose_features/stu1_56.npy
stu1_58.mp4,/Users/lindaperez/Documents/COMPUTER_VISION/Final_project/personal-git/CV_Image_pose_detection/Data/LLSP/annotation_cleaned/pose_features/stu1_58.npy
stu1_6.mp4,/Users/lindaperez/Documents/COMPUTER_VISION/Final_project/personal-git/CV_Image_pose_detection/Data/LLSP/annotation_cleaned/pose_features/stu1_6.npy
stu1_61.mp4,/Users/lindaperez/Documents/COMPUTER_VISION/Final_project/personal-git/CV_Image_pose_detection/Data/LLSP/annotation_cleaned/pose_features/stu1_61.npy
stu1_62.mp4,/Users/lindaperez/Documents/COMPUTER_VISION/Final_project/personal-git/CV_Image_pose_detection/Data/LLSP/annotation_cleaned/pose_features/stu1_62.npy
stu1_63.mp4,/Users/lindaperez/Documents/COMPUTER_VISION/Final_project/personal-git/CV_Image_pose_detection/Data/LLSP/annotation_cleaned/pose_features/stu1_63.npy
stu1_64.mp4,/Users/lindaperez/Documents/COMPUTER_VISION/Final_project/personal-git/CV_Image_pose_detection/Data/LLSP/annotation_cleaned/pose_features/stu1_64.npy
stu1_65.mp4,/Users/lindaperez/Documents/COMPUTER_VISION/Final_project/personal-git/CV_Image_pose_detection/Data/LLSP/annotation_cleaned/pose_features/stu1_65.npy
stu1_66.mp4,/Users/lindaperez/Documents/COMPUTER_VISION/Final_project/personal-git/CV_Image_pose_detection/Data/LLSP/annotation_cleaned/pose_features/stu1_66.npy
stu1_67.mp4,/Users/lindaperez/Documents/COMPUTER_VISION/Final_project/personal-git/CV_Image_pose_detection/Data/LLSP/annotation_cleaned/pose_features/stu1_67.npy
stu1_68.mp4,/Users/lindaperez/Documents/COMPUTER_VISION/Final_project/personal-git/CV_Image_pose_detection/Data/LLSP/annotation_cleaned/pose_features/stu1_68.npy
stu1_69.mp4,/Users/lindaperez/Documents/COMPUTER_VISION/Final_project/personal-git/CV_Image_pose_detection/Data/LLSP/annotation_cleaned/pose_features/stu1_69.npy
stu1_7.mp4,/Users/lindaperez/Documents/COMPUTER_VISION/Final_project/personal-git/CV_Image_pose_detection/Data/LLSP/annotation_cleaned/pose_features/stu1_7.npy
stu1_70.mp4,/Users/lindaperez/Documents/COMPUTER_VISION/Final_project/personal-git/CV_Image_pose_detection/Data/LLSP/annotation_cleaned/pose_features/stu1_70.npy
stu1_71.mp4,/Users/lindaperez/Documents/COMPUTER_VISION/Final_project/personal-git/CV_Image_pose_detection/Data/LLSP/annotation_cleaned/pose_features/stu1_71.npy
stu1_72.mp4,/Users/lindaperez/Documents/COMPUTER_VISION/Final_project/personal-git/CV_Image_pose_detection/Data/LLSP/annotation_cleaned/pose_features/stu1_72.npy
stu1_9.mp4,/Users/lindaperez/Documents/COMPUTER_VISION/Final_project/personal-git/CV_Image_pose_detection/Data/LLSP/annotation_cleaned/pose_features/stu1_9.npy
stu2_1.mp4,/Users/lindaperez/Documents/COMPUTER_VISION/Final_project/personal-git/CV_Image_pose_detection/Data/LLSP/annotation_cleaned/pose_features/stu2_1.npy
stu2_10.mp4,/Users/lindaperez/Documents/COMPUTER_VISION/Final_project/personal-git/CV_Image_pose_detection/Data/LLSP/annotation_cleaned/pose_features/stu2_10.npy
stu2_11.mp4,/Users/lindaperez/Documents/COMPUTER_VISION/Final_project/personal-git/CV_Image_pose_detection/Data/LLSP/annotation_cleaned/pose_features/stu2_11.npy
stu2_12.mp4,/Users/lindaperez/Documents/COMPUTER_VISION/Final_project/personal-git/CV_Image_pose_detection/Data/LLSP/annotation_cleaned/pose_features/stu2_12.npy
stu2_13.mp4,/Users/lindaperez/Documents/COMPUTER_VISION/Final_project/personal-git/CV_Image_pose_detection/Data/LLSP/annotation_cleaned/pose_features/stu2_13.npy
stu2_16.mp4,/Users/lindaperez/Documents/COMPUTER_VISION/Final_project/personal-git/CV_Image_pose_detection/Data/LLSP/annotation_cleaned/pose_features/stu2_16.npy
stu2_17.mp4,/Users/lindaperez/Documents/COMPUTER_VISION/Final_project/personal-git/CV_Image_pose_detection/Data/LLSP/annotation_cleaned/pose_features/stu2_17.npy
stu2_18.mp4,/Users/lindaperez/Documents/COMPUTER_VISION/Final_project/personal-git/CV_Image_pose_detection/Data/LLSP/annotation_cleaned/pose_features/stu2_18.npy
stu2_19.mp4,/Users/lindaperez/Documents/COMPUTER_VISION/Final_project/personal-git/CV_Image_pose_detection/Data/LLSP/annotation_cleaned/pose_features/stu2_19.npy
stu2_2.mp4,/Users/lindaperez/Documents/COMPUTER_VISION/Final_project/personal-git/CV_Image_pose_detection/Data/LLSP/annotation_cleaned/pose_features/stu2_2.npy
stu2_20.mp4,/Users/lindaperez/Documents/COMPUTER_VISION/Final_project/personal-git/CV_Image_pose_detection/Data/LLSP/annotation_cleaned/pose_features/stu2_20.npy
stu2_22.mp4,/Users/lindaperez/Documents/COMPUTER_VISION/Final_project/personal-git/CV_Image_pose_detection/Data/LLSP/annotation_cleaned/pose_features/stu2_22.npy
stu2_24.mp4,/Users/lindaperez/Documents/COMPUTER_VISION/Final_project/personal-git/CV_Image_pose_detection/Data/LLSP/annotation_cleaned/pose_features/stu2_24.npy
stu2_26.mp4,/Users/lindaperez/Documents/COMPUTER_VISION/Final_project/personal-git/CV_Image_pose_detection/Data/LLSP/annotation_cleaned/pose_features/stu2_26.npy
stu2_28.mp4,/Users/lindaperez/Documents/COMPUTER_VISION/Final_project/personal-git/CV_Image_pose_detection/Data/LLSP/annotation_cleaned/pose_features/stu2_28.npy
stu2_29.mp4,/Users/lindaperez/Documents/COMPUTER_VISION/Final_project/personal-git/CV_Image_pose_detection/Data/LLSP/annotation_cleaned/pose_features/stu2_29.npy
stu2_3.mp4,/Users/lindaperez/Documents/COMPUTER_VISION/Final_project/personal-git/CV_Image_pose_detection/Data/LLSP/annotation_cleaned/pose_features/stu2_3.npy
stu2_30.mp4,/Users/lindaperez/Documents/COMPUTER_VISION/Final_project/personal-git/CV_Image_pose_detection/Data/LLSP/annotation_cleaned/pose_features/stu2_30.npy
stu2_31.mp4,/Users/lindaperez/Documents/COMPUTER_VISION/Final_project/personal-git/CV_Image_pose_detection/Data/LLSP/annotation_cleaned/pose_features/stu2_31.npy
stu2_32.mp4,/Users/lindaperez/Documents/COMPUTER_VISION/Final_project/personal-git/CV_Image_pose_detection/Data/LLSP/annotation_cleaned/pose_features/stu2_32.npy
stu2_33.mp4,/Users/lindaperez/Documents/COMPUTER_VISION/Final_project/personal-git/CV_Image_pose_detection/Data/LLSP/annotation_cleaned/pose_features/stu2_33.npy
stu2_35.mp4,/Users/lindaperez/Documents/COMPUTER_VISION/Final_project/personal-git/CV_Image_pose_detection/Data/LLSP/annotation_cleaned/pose_features/stu2_35.npy
stu2_38.mp4,/Users/lindaperez/Documents/COMPUTER_VISION/Final_project/personal-git/CV_Image_pose_detection/Data/LLSP/annotation_cleaned/pose_features/stu2_38.npy
stu2_4.mp4,/Users/lindaperez/Documents/COMPUTER_VISION/Final_project/personal-git/CV_Image_pose_detection/Data/LLSP/annotation_cleaned/pose_features/stu2_4.npy
stu2_40.mp4,/Users/lindaperez/Documents/COMPUTER_VISION/Final_project/personal-git/CV_Image_pose_detection/Data/LLSP/annotation_cleaned/pose_features/stu2_40.npy
stu2_41.mp4,/Users/lindaperez/Documents/COMPUTER_VISION/Final_project/personal-git/CV_Image_pose_detection/Data/LLSP/annotation_cleaned/pose_features/stu2_41.npy
stu2_42.mp4,/Users/lindaperez/Documents/COMPUTER_VISION/Final_project/personal-git/CV_Image_pose_detection/Data/LLSP/annotation_cleaned/pose_features/stu2_42.npy
stu2_43.mp4,/Users/lindaperez/Documents/COMPUTER_VISION/Final_project/personal-git/CV_Image_pose_detection/Data/LLSP/annotation_cleaned/pose_features/stu2_43.npy
stu2_44.mp4,/Users/lindaperez/Documents/COMPUTER_VISION/Final_project/personal-git/CV_Image_pose_detection/Data/LLSP/annotation_cleaned/pose_features/stu2_44.npy
stu2_45.mp4,/Users/lindaperez/Documents/COMPUTER_VISION/Final_project/personal-git/CV_Image_pose_detection/Data/LLSP/annotation_cleaned/pose_features/stu2_45.npy
stu2_46.mp4,/Users/lindaperez/Documents/COMPUTER_VISION/Final_project/personal-git/CV_Image_pose_detection/Data/LLSP/annotation_cleaned/pose_features/stu2_46.npy
stu2_47.mp4,/Users/lindaperez/Documents/COMPUTER_VISION/Final_project/personal-git/CV_Image_pose_detection/Data/LLSP/annotation_cleaned/pose_features/stu2_47.npy
stu2_48.mp4,/Users/lindaperez/Documents/COMPUTER_VISION/Final_project/personal-git/CV_Image_pose_detection/Data/LLSP/annotation_cleaned/pose_features/stu2_48.npy
stu2_49.mp4,/Users/lindaperez/Documents/COMPUTER_VISION/Final_project/personal-git/CV_Image_pose_detection/Data/LLSP/annotation_cleaned/pose_features/stu2_49.npy
stu2_50.mp4,/Users/lindaperez/Documents/COMPUTER_VISION/Final_project/personal-git/CV_Image_pose_detection/Data/LLSP/annotation_cleaned/pose_features/stu2_50.npy
stu2_51.mp4,/Users/lindaperez/Documents/COMPUTER_VISION/Final_project/personal-git/CV_Image_pose_detection/Data/LLSP/annotation_cleaned/pose_features/stu2_51.npy
stu2_52.mp4,/Users/lindaperez/Documents/COMPUTER_VISION/Final_project/personal-git/CV_Image_pose_detection/Data/LLSP/annotation_cleaned/pose_features/stu2_52.npy
stu2_53.mp4,/Users/lindaperez/Documents/COMPUTER_VISION/Final_project/personal-git/CV_Image_pose_detection/Data/LLSP/annotation_cleaned/pose_features/stu2_53.npy
stu2_54.mp4,/Users/lindaperez/Documents/COMPUTER_VISION/Final_project/personal-git/CV_Image_pose_detection/Data/LLSP/annotation_cleaned/pose_features/stu2_54.npy
stu2_58.mp4,/Users/lindaperez/Documents/COMPUTER_VISION/Final_project/personal-git/CV_Image_pose_detection/Data/LLSP/annotation_cleaned/pose_features/stu2_58.npy
stu2_60.mp4,/Users/lindaperez/Documents/COMPUTER_VISION/Final_project/personal-git/CV_Image_pose_detection/Data/LLSP/annotation_cleaned/pose_features/stu2_60.npy
stu2_61.mp4,/Users/lindaperez/Documents/COMPUTER_VISION/Final_project/personal-git/CV_Image_pose_detection/Data/LLSP/annotation_cleaned/pose_features/stu2_61.npy
stu2_63.mp4,/Users/lindaperez/Documents/COMPUTER_VISION/Final_project/personal-git/CV_Image_pose_detection/Data/LLSP/annotation_cleaned/pose_features/stu2_63.npy
stu2_64.mp4,/Users/lindaperez/Documents/COMPUTER_VISION/Final_project/personal-git/CV_Image_pose_detection/Data/LLSP/annotation_cleaned/pose_features/stu2_64.npy
stu2_66.mp4,/Users/lindaperez/Documents/COMPUTER_VISION/Final_project/personal-git/CV_Image_pose_detection/Data/LLSP/annotation_cleaned/pose_features/stu2_66.npy
stu2_67.mp4,/Users/lindaperez/Documents/COMPUTER_VISION/Final_project/personal-git/CV_Image_pose_detection/Data/LLSP/annotation_cleaned/pose_features/stu2_67.npy
stu2_68.mp4,/Users/lindaperez/Documents/COMPUTER_VISION/Final_project/personal-git/CV_Image_pose_detection/Data/LLSP/annotation_cleaned/pose_features/stu2_68.npy
stu2_69.mp4,/Users/lindaperez/Documents/COMPUTER_VISION/Final_project/personal-git/CV_Image_pose_detection/Data/LLSP/annotation_cleaned/pose_features/stu2_69.npy
stu2_7.mp4,/Users/lindaperez/Documents/COMPUTER_VISION/Final_project/personal-git/CV_Image_pose_detection/Data/LLSP/annotation_cleaned/pose_features/stu2_7.npy
stu2_70.mp4,/Users/lindaperez/Documents/COMPUTER_VISION/Final_project/personal-git/CV_Image_pose_detection/Data/LLSP/annotation_cleaned/pose_features/stu2_70.npy
stu2_71.mp4,/Users/lindaperez/Documents/COMPUTER_VISION/Final_project/personal-git/CV_Image_pose_detection/Data/LLSP/annotation_cleaned/pose_features/stu2_71.npy
stu2_72.mp4,/Users/lindaperez/Documents/COMPUTER_VISION/Final_project/personal-git/CV_Image_pose_detection/Data/LLSP/annotation_cleaned/pose_features/stu2_72.npy
stu2_8.mp4,/Users/lindaperez/Documents/COMPUTER_VISION/Final_project/personal-git/CV_Image_pose_detection/Data/LLSP/annotation_cleaned/pose_features/stu2_8.npy
stu2_9.mp4,/Users/lindaperez/Documents/COMPUTER_VISION/Final_project/personal-git/CV_Image_pose_detection/Data/LLSP/annotation_cleaned/pose_features/stu2_9.npy
stu3_0.mp4,/Users/lindaperez/Documents/COMPUTER_VISION/Final_project/personal-git/CV_Image_pose_detection/Data/LLSP/annotation_cleaned/pose_features/stu3_0.npy
stu3_11.mp4,/Users/lindaperez/Documents/COMPUTER_VISION/Final_project/personal-git/CV_Image_pose_detection/Data/LLSP/annotation_cleaned/pose_features/stu3_11.npy
stu3_12.mp4,/Users/lindaperez/Documents/COMPUTER_VISION/Final_project/personal-git/CV_Image_pose_detection/Data/LLSP/annotation_cleaned/pose_features/stu3_12.npy
stu3_13.mp4,/Users/lindaperez/Documents/COMPUTER_VISION/Final_project/personal-git/CV_Image_pose_detection/Data/LLSP/annotation_cleaned/pose_features/stu3_13.npy
stu3_14.mp4,/Users/lindaperez/Documents/COMPUTER_VISION/Final_project/personal-git/CV_Image_pose_detection/Data/LLSP/annotation_cleaned/pose_features/stu3_14.npy
stu3_17.mp4,/Users/lindaperez/Documents/COMPUTER_VISION/Final_project/personal-git/CV_Image_pose_detection/Data/LLSP/annotation_cleaned/pose_features/stu3_17.npy
stu3_19.mp4,/Users/lindaperez/Documents/COMPUTER_VISION/Final_project/personal-git/CV_Image_pose_detection/Data/LLSP/annotation_cleaned/pose_features/stu3_19.npy
stu3_21.mp4,/Users/lindaperez/Documents/COMPUTER_VISION/Final_project/personal-git/CV_Image_pose_detection/Data/LLSP/annotation_cleaned/pose_features/stu3_21.npy
stu3_22.mp4,/Users/lindaperez/Documents/COMPUTER_VISION/Final_project/personal-git/CV_Image_pose_detection/Data/LLSP/annotation_cleaned/pose_features/stu3_22.npy
stu3_23.mp4,/Users/lindaperez/Documents/COMPUTER_VISION/Final_project/personal-git/CV_Image_pose_detection/Data/LLSP/annotation_cleaned/pose_features/stu3_23.npy
stu3_24.mp4,/Users/lindaperez/Documents/COMPUTER_VISION/Final_project/personal-git/CV_Image_pose_detection/Data/LLSP/annotation_cleaned/pose_features/stu3_24.npy
stu3_26.mp4,/Users/lindaperez/Documents/COMPUTER_VISION/Final_project/personal-git/CV_Image_pose_detection/Data/LLSP/annotation_cleaned/pose_features/stu3_26.npy
stu3_27.mp4,/Users/lindaperez/Documents/COMPUTER_VISION/Final_project/personal-git/CV_Image_pose_detection/Data/LLSP/annotation_cleaned/pose_features/stu3_27.npy
stu3_29.mp4,/Users/lindaperez/Documents/COMPUTER_VISION/Final_project/personal-git/CV_Image_pose_detection/Data/LLSP/annotation_cleaned/pose_features/stu3_29.npy
stu3_30.mp4,/Users/lindaperez/Documents/COMPUTER_VISION/Final_project/personal-git/CV_Image_pose_detection/Data/LLSP/annotation_cleaned/pose_features/stu3_30.npy
stu3_32.mp4,/Users/lindaperez/Documents/COMPUTER_VISION/Final_project/personal-git/CV_Image_pose_detection/Data/LLSP/annotation_cleaned/pose_features/stu3_32.npy
stu3_33.mp4,/Users/lindaperez/Documents/COMPUTER_VISION/Final_project/personal-git/CV_Image_pose_detection/Data/LLSP/annotation_cleaned/pose_features/stu3_33.npy
stu3_34.mp4,/Users/lindaperez/Documents/COMPUTER_VISION/Final_project/personal-git/CV_Image_pose_detection/Data/LLSP/annotation_cleaned/pose_features/stu3_34.npy
stu3_35.mp4,/Users/lindaperez/Documents/COMPUTER_VISION/Final_project/personal-git/CV_Image_pose_detection/Data/LLSP/annotation_cleaned/pose_features/stu3_35.npy
stu3_36.mp4,/Users/lindaperez/Documents/COMPUTER_VISION/Final_project/personal-git/CV_Image_pose_detection/Data/LLSP/annotation_cleaned/pose_features/stu3_36.npy
stu3_37.mp4,/Users/lindaperez/Documents/COMPUTER_VISION/Final_project/personal-git/CV_Image_pose_detection/Data/LLSP/annotation_cleaned/pose_features/stu3_37.npy
stu3_38.mp4,/Users/lindaperez/Documents/COMPUTER_VISION/Final_project/personal-git/CV_Image_pose_detection/Data/LLSP/annotation_cleaned/pose_features/stu3_38.npy
stu3_4.mp4,/Users/lindaperez/Documents/COMPUTER_VISION/Final_project/personal-git/CV_Image_pose_detection/Data/LLSP/annotation_cleaned/pose_features/stu3_4.npy
stu3_40.mp4,/Users/lindaperez/Documents/COMPUTER_VISION/Final_project/personal-git/CV_Image_pose_detection/Data/LLSP/annotation_cleaned/pose_features/stu3_40.npy
stu3_41.mp4,/Users/lindaperez/Documents/COMPUTER_VISION/Final_project/personal-git/CV_Image_pose_detection/Data/LLSP/annotation_cleaned/pose_features/stu3_41.npy
stu3_42.mp4,/Users/lindaperez/Documents/COMPUTER_VISION/Final_project/personal-git/CV_Image_pose_detection/Data/LLSP/annotation_cleaned/pose_features/stu3_42.npy
stu3_43.mp4,/Users/lindaperez/Documents/COMPUTER_VISION/Final_project/personal-git/CV_Image_pose_detection/Data/LLSP/annotation_cleaned/pose_features/stu3_43.npy
stu3_44.mp4,/Users/lindaperez/Documents/COMPUTER_VISION/Final_project/personal-git/CV_Image_pose_detection/Data/LLSP/annotation_cleaned/pose_features/stu3_44.npy
stu3_45.mp4,/Users/lindaperez/Documents/COMPUTER_VISION/Final_project/personal-git/CV_Image_pose_detection/Data/LLSP/annotation_cleaned/pose_features/stu3_45.npy
stu3_46.mp4,/Users/lindaperez/Documents/COMPUTER_VISION/Final_project/personal-git/CV_Image_pose_detection/Data/LLSP/annotation_cleaned/pose_features/stu3_46.npy
stu3_47.mp4,/Users/lindaperez/Documents/COMPUTER_VISION/Final_project/personal-git/CV_Image_pose_detection/Data/LLSP/annotation_cleaned/pose_features/stu3_47.npy
stu3_48.mp4,/Users/lindaperez/Documents/COMPUTER_VISION/Final_project/personal-git/CV_Image_pose_detection/Data/LLSP/annotation_cleaned/pose_features/stu3_48.npy
stu3_49.mp4,/Users/lindaperez/Documents/COMPUTER_VISION/Final_project/personal-git/CV_Image_pose_detection/Data/LLSP/annotation_cleaned/pose_features/stu3_49.npy
stu3_51.mp4,/Users/lindaperez/Documents/COMPUTER_VISION/Final_project/personal-git/CV_Image_pose_detection/Data/LLSP/annotation_cleaned/pose_features/stu3_51.npy
stu3_56.mp4,/Users/lindaperez/Documents/COMPUTER_VISION/Final_project/personal-git/CV_Image_pose_detection/Data/LLSP/annotation_cleaned/pose_features/stu3_56.npy
stu3_59.mp4,/Users/lindaperez/Documents/COMPUTER_VISION/Final_project/personal-git/CV_Image_pose_detection/Data/LLSP/annotation_cleaned/pose_features/stu3_59.npy
stu3_6.mp4,/Users/lindaperez/Documents/COMPUTER_VISION/Final_project/personal-git/CV_Image_pose_detection/Data/LLSP/annotation_cleaned/pose_features/stu3_6.npy
stu3_60.mp4,/Users/lindaperez/Documents/COMPUTER_VISION/Final_project/personal-git/CV_Image_pose_detection/Data/LLSP/annotation_cleaned/pose_features/stu3_60.npy
stu3_61.mp4,/Users/lindaperez/Documents/COMPUTER_VISION/Final_project/personal-git/CV_Image_pose_detection/Data/LLSP/annotation_cleaned/pose_features/stu3_61.npy
stu3_62.mp4,/Users/lindaperez/Documents/COMPUTER_VISION/Final_project/personal-git/CV_Image_pose_detection/Data/LLSP/annotation_cleaned/pose_features/stu3_62.npy
stu3_63.mp4,/Users/lindaperez/Documents/COMPUTER_VISION/Final_project/personal-git/CV_Image_pose_detection/Data/LLSP/annotation_cleaned/pose_features/stu3_63.npy
stu3_64.mp4,/Users/lindaperez/Documents/COMPUTER_VISION/Final_project/personal-git/CV_Image_pose_detection/Data/LLSP/annotation_cleaned/pose_features/stu3_64.npy
stu3_65.mp4,/Users/lindaperez/Documents/COMPUTER_VISION/Final_project/personal-git/CV_Image_pose_detection/Data/LLSP/annotation_cleaned/pose_features/stu3_65.npy
stu3_67.mp4,/Users/lindaperez/Documents/COMPUTER_VISION/Final_project/personal-git/CV_Image_pose_detection/Data/LLSP/annotation_cleaned/pose_features/stu3_67.npy
stu3_68.mp4,/Users/lindaperez/Documents/COMPUTER_VISION/Final_project/personal-git/CV_Image_pose_detection/Data/LLSP/annotation_cleaned/pose_features/stu3_68.npy
stu3_69.mp4,/Users/lindaperez/Documents/COMPUTER_VISION/Final_project/personal-git/CV_Image_pose_detection/Data/LLSP/annotation_cleaned/pose_features/stu3_69.npy
stu3_7.mp4,/Users/lindaperez/Documents/COMPUTER_VISION/Final_project/personal-git/CV_Image_pose_detection/Data/LLSP/annotation_cleaned/pose_features/stu3_7.npy
stu3_70.mp4,/Users/lindaperez/Documents/COMPUTER_VISION/Final_project/personal-git/CV_Image_pose_detection/Data/LLSP/annotation_cleaned/pose_features/stu3_70.npy
stu3_71.mp4,/Users/lindaperez/Documents/COMPUTER_VISION/Final_project/personal-git/CV_Image_pose_detection/Data/LLSP/annotation_cleaned/pose_features/stu3_71.npy
stu3_72.mp4,/Users/lindaperez/Documents/COMPUTER_VISION/Final_project/personal-git/CV_Image_pose_detection/Data/LLSP/annotation_cleaned/pose_features/stu3_72.npy
stu3_8.mp4,/Users/lindaperez/Documents/COMPUTER_VISION/Final_project/personal-git/CV_Image_pose_detection/Data/LLSP/annotation_cleaned/pose_features/stu3_8.npy
stu3_9.mp4,/Users/lindaperez/Documents/COMPUTER_VISION/Final_project/personal-git/CV_Image_pose_detection/Data/LLSP/annotation_cleaned/pose_features/stu3_9.npy
stu4_0.mp4,/Users/lindaperez/Documents/COMPUTER_VISION/Final_project/personal-git/CV_Image_pose_detection/Data/LLSP/annotation_cleaned/pose_features/stu4_0.npy
stu4_1.mp4,/Users/lindaperez/Documents/COMPUTER_VISION/Final_project/personal-git/CV_Image_pose_detection/Data/LLSP/annotation_cleaned/pose_features/stu4_1.npy
stu4_10.mp4,/Users/lindaperez/Documents/COMPUTER_VISION/Final_project/personal-git/CV_Image_pose_detection/Data/LLSP/annotation_cleaned/pose_features/stu4_10.npy
stu4_13.mp4,/Users/lindaperez/Documents/COMPUTER_VISION/Final_project/personal-git/CV_Image_pose_detection/Data/LLSP/annotation_cleaned/pose_features/stu4_13.npy
stu4_14.mp4,/Users/lindaperez/Documents/COMPUTER_VISION/Final_project/personal-git/CV_Image_pose_detection/Data/LLSP/annotation_cleaned/pose_features/stu4_14.npy
stu4_15.mp4,/Users/lindaperez/Documents/COMPUTER_VISION/Final_project/personal-git/CV_Image_pose_detection/Data/LLSP/annotation_cleaned/pose_features/stu4_15.npy
stu4_16.mp4,/Users/lindaperez/Documents/COMPUTER_VISION/Final_project/personal-git/CV_Image_pose_detection/Data/LLSP/annotation_cleaned/pose_features/stu4_16.npy
stu4_17.mp4,/Users/lindaperez/Documents/COMPUTER_VISION/Final_project/personal-git/CV_Image_pose_detection/Data/LLSP/annotation_cleaned/pose_features/stu4_17.npy
stu4_18.mp4,/Users/lindaperez/Documents/COMPUTER_VISION/Final_project/personal-git/CV_Image_pose_detection/Data/LLSP/annotation_cleaned/pose_features/stu4_18.npy
stu4_2.mp4,/Users/lindaperez/Documents/COMPUTER_VISION/Final_project/personal-git/CV_Image_pose_detection/Data/LLSP/annotation_cleaned/pose_features/stu4_2.npy
stu4_20.mp4,/Users/lindaperez/Documents/COMPUTER_VISION/Final_project/personal-git/CV_Image_pose_detection/Data/LLSP/annotation_cleaned/pose_features/stu4_20.npy
stu4_21.mp4,/Users/lindaperez/Documents/COMPUTER_VISION/Final_project/personal-git/CV_Image_pose_detection/Data/LLSP/annotation_cleaned/pose_features/stu4_21.npy
stu4_23.mp4,/Users/lindaperez/Documents/COMPUTER_VISION/Final_project/personal-git/CV_Image_pose_detection/Data/LLSP/annotation_cleaned/pose_features/stu4_23.npy
stu4_24.mp4,/Users/lindaperez/Documents/COMPUTER_VISION/Final_project/personal-git/CV_Image_pose_detection/Data/LLSP/annotation_cleaned/pose_features/stu4_24.npy
stu4_25.mp4,/Users/lindaperez/Documents/COMPUTER_VISION/Final_project/personal-git/CV_Image_pose_detection/Data/LLSP/annotation_cleaned/pose_features/stu4_25.npy
stu4_26.mp4,/Users/lindaperez/Documents/COMPUTER_VISION/Final_project/personal-git/CV_Image_pose_detection/Data/LLSP/annotation_cleaned/pose_features/stu4_26.npy
stu4_3.mp4,/Users/lindaperez/Documents/COMPUTER_VISION/Final_project/personal-git/CV_Image_pose_detection/Data/LLSP/annotation_cleaned/pose_features/stu4_3.npy
stu4_30.mp4,/Users/lindaperez/Documents/COMPUTER_VISION/Final_project/personal-git/CV_Image_pose_detection/Data/LLSP/annotation_cleaned/pose_features/stu4_30.npy
stu4_31.mp4,/Users/lindaperez/Documents/COMPUTER_VISION/Final_project/personal-git/CV_Image_pose_detection/Data/LLSP/annotation_cleaned/pose_features/stu4_31.npy
stu4_32.mp4,/Users/lindaperez/Documents/COMPUTER_VISION/Final_project/personal-git/CV_Image_pose_detection/Data/LLSP/annotation_cleaned/pose_features/stu4_32.npy
stu4_33.mp4,/Users/lindaperez/Documents/COMPUTER_VISION/Final_project/personal-git/CV_Image_pose_detection/Data/LLSP/annotation_cleaned/pose_features/stu4_33.npy
stu4_34.mp4,/Users/lindaperez/Documents/COMPUTER_VISION/Final_project/personal-git/CV_Image_pose_detection/Data/LLSP/annotation_cleaned/pose_features/stu4_34.npy
stu4_35.mp4,/Users/lindaperez/Documents/COMPUTER_VISION/Final_project/personal-git/CV_Image_pose_detection/Data/LLSP/annotation_cleaned/pose_features/stu4_35.npy
stu4_36.mp4,/Users/lindaperez/Documents/COMPUTER_VISION/Final_project/personal-git/CV_Image_pose_detection/Data/LLSP/annotation_cleaned/pose_features/stu4_36.npy
stu4_37.mp4,/Users/lindaperez/Documents/COMPUTER_VISION/Final_project/personal-git/CV_Image_pose_detection/Data/LLSP/annotation_cleaned/pose_features/stu4_37.npy
stu4_38.mp4,/Users/lindaperez/Documents/COMPUTER_VISION/Final_project/personal-git/CV_Image_pose_detection/Data/LLSP/annotation_cleaned/pose_features/stu4_38.npy
stu4_39.mp4,/Users/lindaperez/Documents/COMPUTER_VISION/Final_project/personal-git/CV_Image_pose_detection/Data/LLSP/annotation_cleaned/pose_features/stu4_39.npy
stu4_4.mp4,/Users/lindaperez/Documents/COMPUTER_VISION/Final_project/personal-git/CV_Image_pose_detection/Data/LLSP/annotation_cleaned/pose_features/stu4_4.npy
stu4_41.mp4,/Users/lindaperez/Documents/COMPUTER_VISION/Final_project/personal-git/CV_Image_pose_detection/Data/LLSP/annotation_cleaned/pose_features/stu4_41.npy
stu4_42.mp4,/Users/lindaperez/Documents/COMPUTER_VISION/Final_project/personal-git/CV_Image_pose_detection/Data/LLSP/annotation_cleaned/pose_features/stu4_42.npy
stu4_43.mp4,/Users/lindaperez/Documents/COMPUTER_VISION/Final_project/personal-git/CV_Image_pose_detection/Data/LLSP/annotation_cleaned/pose_features/stu4_43.npy
stu4_44.mp4,/Users/lindaperez/Documents/COMPUTER_VISION/Final_project/personal-git/CV_Image_pose_detection/Data/LLSP/annotation_cleaned/pose_features/stu4_44.npy
stu4_48.mp4,/Users/lindaperez/Documents/COMPUTER_VISION/Final_project/personal-git/CV_Image_pose_detection/Data/LLSP/annotation_cleaned/pose_features/stu4_48.npy
stu4_49.mp4,/Users/lindaperez/Documents/COMPUTER_VISION/Final_project/personal-git/CV_Image_pose_detection/Data/LLSP/annotation_cleaned/pose_features/stu4_49.npy
stu4_50.mp4,/Users/lindaperez/Documents/COMPUTER_VISION/Final_project/personal-git/CV_Image_pose_detection/Data/LLSP/annotation_cleaned/pose_features/stu4_50.npy
stu4_51.mp4,/Users/lindaperez/Documents/COMPUTER_VISION/Final_project/personal-git/CV_Image_pose_detection/Data/LLSP/annotation_cleaned/pose_features/stu4_51.npy
stu4_52.mp4,/Users/lindaperez/Documents/COMPUTER_VISION/Final_project/personal-git/CV_Image_pose_detection/Data/LLSP/annotation_cleaned/pose_features/stu4_52.npy
stu4_53.mp4,/Users/lindaperez/Documents/COMPUTER_VISION/Final_project/personal-git/CV_Image_pose_detection/Data/LLSP/annotation_cleaned/pose_features/stu4_53.npy
stu4_54.mp4,/Users/lindaperez/Documents/COMPUTER_VISION/Final_project/personal-git/CV_Image_pose_detection/Data/LLSP/annotation_cleaned/pose_features/stu4_54.npy
stu4_55.mp4,/Users/lindaperez/Documents/COMPUTER_VISION/Final_project/personal-git/CV_Image_pose_detection/Data/LLSP/annotation_cleaned/pose_features/stu4_55.npy
stu4_56.mp4,/Users/lindaperez/Documents/COMPUTER_VISION/Final_project/personal-git/CV_Image_pose_detection/Data/LLSP/annotation_cleaned/pose_features/stu4_56.npy
stu4_57.mp4,/Users/lindaperez/Documents/COMPUTER_VISION/Final_project/personal-git/CV_Image_pose_detection/Data/LLSP/annotation_cleaned/pose_features/stu4_57.npy
stu4_58.mp4,/Users/lindaperez/Documents/COMPUTER_VISION/Final_project/personal-git/CV_Image_pose_detection/Data/LLSP/annotation_cleaned/pose_features/stu4_58.npy
stu4_6.mp4,/Users/lindaperez/Documents/COMPUTER_VISION/Final_project/personal-git/CV_Image_pose_detection/Data/LLSP/annotation_cleaned/pose_features/stu4_6.npy
stu4_60.mp4,/Users/lindaperez/Documents/COMPUTER_VISION/Final_project/personal-git/CV_Image_pose_detection/Data/LLSP/annotation_cleaned/pose_features/stu4_60.npy
stu4_61.mp4,/Users/lindaperez/Documents/COMPUTER_VISION/Final_project/personal-git/CV_Image_pose_detection/Data/LLSP/annotation_cleaned/pose_features/stu4_61.npy
stu4_62.mp4,/Users/lindaperez/Documents/COMPUTER_VISION/Final_project/personal-git/CV_Image_pose_detection/Data/LLSP/annotation_cleaned/pose_features/stu4_62.npy
stu4_65.mp4,/Users/lindaperez/Documents/COMPUTER_VISION/Final_project/personal-git/CV_Image_pose_detection/Data/LLSP/annotation_cleaned/pose_features/stu4_65.npy
stu4_66.mp4,/Users/lindaperez/Documents/COMPUTER_VISION/Final_project/personal-git/CV_Image_pose_detection/Data/LLSP/annotation_cleaned/pose_features/stu4_66.npy
stu4_67.mp4,/Users/lindaperez/Documents/COMPUTER_VISION/Final_project/personal-git/CV_Image_pose_detection/Data/LLSP/annotation_cleaned/pose_features/stu4_67.npy
stu4_7.mp4,/Users/lindaperez/Documents/COMPUTER_VISION/Final_project/personal-git/CV_Image_pose_detection/Data/LLSP/annotation_cleaned/pose_features/stu4_7.npy
stu4_71.mp4,/Users/lindaperez/Documents/COMPUTER_VISION/Final_project/personal-git/CV_Image_pose_detection/Data/LLSP/annotation_cleaned/pose_features/stu4_71.npy
stu4_72.mp4,/Users/lindaperez/Documents/COMPUTER_VISION/Final_project/personal-git/CV_Image_pose_detection/Data/LLSP/annotation_cleaned/pose_features/stu4_72.npy
stu4_8.mp4,/Users/lindaperez/Documents/COMPUTER_VISION/Final_project/personal-git/CV_Image_pose_detection/Data/LLSP/annotation_cleaned/pose_features/stu4_8.npy
stu4_9.mp4,/Users/lindaperez/Documents/COMPUTER_VISION/Final_project/personal-git/CV_Image_pose_detection/Data/LLSP/annotation_cleaned/pose_features/stu4_9.npy
stu5_0.mp4,/Users/lindaperez/Documents/COMPUTER_VISION/Final_project/personal-git/CV_Image_pose_detection/Data/LLSP/annotation_cleaned/pose_features/stu5_0.npy
stu5_1.mp4,/Users/lindaperez/Documents/COMPUTER_VISION/Final_project/personal-git/CV_Image_pose_detection/Data/LLSP/annotation_cleaned/pose_features/stu5_1.npy
stu5_10.mp4,/Users/lindaperez/Documents/COMPUTER_VISION/Final_project/personal-git/CV_Image_pose_detection/Data/LLSP/annotation_cleaned/pose_features/stu5_10.npy
stu5_11.mp4,/Users/lindaperez/Documents/COMPUTER_VISION/Final_project/personal-git/CV_Image_pose_detection/Data/LLSP/annotation_cleaned/pose_features/stu5_11.npy
stu5_13.mp4,/Users/lindaperez/Documents/COMPUTER_VISION/Final_project/personal-git/CV_Image_pose_detection/Data/LLSP/annotation_cleaned/pose_features/stu5_13.npy
stu5_14.mp4,/Users/lindaperez/Documents/COMPUTER_VISION/Final_project/personal-git/CV_Image_pose_detection/Data/LLSP/annotation_cleaned/pose_features/stu5_14.npy
stu5_15.mp4,/Users/lindaperez/Documents/COMPUTER_VISION/Final_project/personal-git/CV_Image_pose_detection/Data/LLSP/annotation_cleaned/pose_features/stu5_15.npy
stu5_2.mp4,/Users/lindaperez/Documents/COMPUTER_VISION/Final_project/personal-git/CV_Image_pose_detection/Data/LLSP/annotation_cleaned/pose_features/stu5_2.npy
stu5_20.mp4,/Users/lindaperez/Documents/COMPUTER_VISION/Final_project/personal-git/CV_Image_pose_detection/Data/LLSP/annotation_cleaned/pose_features/stu5_20.npy
stu5_25.mp4,/Users/lindaperez/Documents/COMPUTER_VISION/Final_project/personal-git/CV_Image_pose_detection/Data/LLSP/annotation_cleaned/pose_features/stu5_25.npy
stu5_28.mp4,/Users/lindaperez/Documents/COMPUTER_VISION/Final_project/personal-git/CV_Image_pose_detection/Data/LLSP/annotation_cleaned/pose_features/stu5_28.npy
stu5_29.mp4,/Users/lindaperez/Documents/COMPUTER_VISION/Final_project/personal-git/CV_Image_pose_detection/Data/LLSP/annotation_cleaned/pose_features/stu5_29.npy
stu5_3.mp4,/Users/lindaperez/Documents/COMPUTER_VISION/Final_project/personal-git/CV_Image_pose_detection/Data/LLSP/annotation_cleaned/pose_features/stu5_3.npy
stu5_30.mp4,/Users/lindaperez/Documents/COMPUTER_VISION/Final_project/personal-git/CV_Image_pose_detection/Data/LLSP/annotation_cleaned/pose_features/stu5_30.npy
stu5_31.mp4,/Users/lindaperez/Documents/COMPUTER_VISION/Final_project/personal-git/CV_Image_pose_detection/Data/LLSP/annotation_cleaned/pose_features/stu5_31.npy
stu5_33.mp4,/Users/lindaperez/Documents/COMPUTER_VISION/Final_project/personal-git/CV_Image_pose_detection/Data/LLSP/annotation_cleaned/pose_features/stu5_33.npy
stu5_34.mp4,/Users/lindaperez/Documents/COMPUTER_VISION/Final_project/personal-git/CV_Image_pose_detection/Data/LLSP/annotation_cleaned/pose_features/stu5_34.npy
stu5_35.mp4,/Users/lindaperez/Documents/COMPUTER_VISION/Final_project/personal-git/CV_Image_pose_detection/Data/LLSP/annotation_cleaned/pose_features/stu5_35.npy
stu5_37.mp4,/Users/lindaperez/Documents/COMPUTER_VISION/Final_project/personal-git/CV_Image_pose_detection/Data/LLSP/annotation_cleaned/pose_features/stu5_37.npy
stu5_38.mp4,/Users/lindaperez/Documents/COMPUTER_VISION/Final_project/personal-git/CV_Image_pose_detection/Data/LLSP/annotation_cleaned/pose_features/stu5_38.npy
stu5_39.mp4,/Users/lindaperez/Documents/COMPUTER_VISION/Final_project/personal-git/CV_Image_pose_detection/Data/LLSP/annotation_cleaned/pose_features/stu5_39.npy
stu5_4.mp4,/Users/lindaperez/Documents/COMPUTER_VISION/Final_project/personal-git/CV_Image_pose_detection/Data/LLSP/annotation_cleaned/pose_features/stu5_4.npy
stu5_41.mp4,/Users/lindaperez/Documents/COMPUTER_VISION/Final_project/personal-git/CV_Image_pose_detection/Data/LLSP/annotation_cleaned/pose_features/stu5_41.npy
stu5_42.mp4,/Users/lindaperez/Documents/COMPUTER_VISION/Final_project/personal-git/CV_Image_pose_detection/Data/LLSP/annotation_cleaned/pose_features/stu5_42.npy
stu5_43.mp4,/Users/lindaperez/Documents/COMPUTER_VISION/Final_project/personal-git/CV_Image_pose_detection/Data/LLSP/annotation_cleaned/pose_features/stu5_43.npy
stu5_44.mp4,/Users/lindaperez/Documents/COMPUTER_VISION/Final_project/personal-git/CV_Image_pose_detection/Data/LLSP/annotation_cleaned/pose_features/stu5_44.npy
stu5_46.mp4,/Users/lindaperez/Documents/COMPUTER_VISION/Final_project/personal-git/CV_Image_pose_detection/Data/LLSP/annotation_cleaned/pose_features/stu5_46.npy
stu5_48.mp4,/Users/lindaperez/Documents/COMPUTER_VISION/Final_project/personal-git/CV_Image_pose_detection/Data/LLSP/annotation_cleaned/pose_features/stu5_48.npy
stu5_49.mp4,/Users/lindaperez/Documents/COMPUTER_VISION/Final_project/personal-git/CV_Image_pose_detection/Data/LLSP/annotation_cleaned/pose_features/stu5_49.npy
stu5_50.mp4,/Users/lindaperez/Documents/COMPUTER_VISION/Final_project/personal-git/CV_Image_pose_detection/Data/LLSP/annotation_cleaned/pose_features/stu5_50.npy
stu5_51.mp4,/Users/lindaperez/Documents/COMPUTER_VISION/Final_project/personal-git/CV_Image_pose_detection/Data/LLSP/annotation_cleaned/pose_features/stu5_51.npy
stu5_52.mp4,/Users/lindaperez/Documents/COMPUTER_VISION/Final_project/personal-git/CV_Image_pose_detection/Data/LLSP/annotation_cleaned/pose_features/stu5_52.npy
stu5_53.mp4,/Users/lindaperez/Documents/COMPUTER_VISION/Final_project/personal-git/CV_Image_pose_detection/Data/LLSP/annotation_cleaned/pose_features/stu5_53.npy
stu5_54.mp4,/Users/lindaperez/Documents/COMPUTER_VISION/Final_project/personal-git/CV_Image_pose_detection/Data/LLSP/annotation_cleaned/pose_features/stu5_54.npy
stu5_56.mp4,/Users/lindaperez/Documents/COMPUTER_VISION/Final_project/personal-git/CV_Image_pose_detection/Data/LLSP/annotation_cleaned/pose_features/stu5_56.npy
stu5_57.mp4,/Users/lindaperez/Documents/COMPUTER_VISION/Final_project/personal-git/CV_Image_pose_detection/Data/LLSP/annotation_cleaned/pose_features/stu5_57.npy
stu5_58.mp4,/Users/lindaperez/Documents/COMPUTER_VISION/Final_project/personal-git/CV_Image_pose_detection/Data/LLSP/annotation_cleaned/pose_features/stu5_58.npy
stu5_6.mp4,/Users/lindaperez/Documents/COMPUTER_VISION/Final_project/personal-git/CV_Image_pose_detection/Data/LLSP/annotation_cleaned/pose_features/stu5_6.npy
stu5_60.mp4,/Users/lindaperez/Documents/COMPUTER_VISION/Final_project/personal-git/CV_Image_pose_detection/Data/LLSP/annotation_cleaned/pose_features/stu5_60.npy
stu5_61.mp4,/Users/lindaperez/Documents/COMPUTER_VISION/Final_project/personal-git/CV_Image_pose_detection/Data/LLSP/annotation_cleaned/pose_features/stu5_61.npy
stu5_63.mp4,/Users/lindaperez/Documents/COMPUTER_VISION/Final_project/personal-git/CV_Image_pose_detection/Data/LLSP/annotation_cleaned/pose_features/stu5_63.npy
stu5_64.mp4,/Users/lindaperez/Documents/COMPUTER_VISION/Final_project/personal-git/CV_Image_pose_detection/Data/LLSP/annotation_cleaned/pose_features/stu5_64.npy
stu5_65.mp4,/Users/lindaperez/Documents/COMPUTER_VISION/Final_project/personal-git/CV_Image_pose_detection/Data/LLSP/annotation_cleaned/pose_features/stu5_65.npy
stu5_66.mp4,/Users/lindaperez/Documents/COMPUTER_VISION/Final_project/personal-git/CV_Image_pose_detection/Data/LLSP/annotation_cleaned/pose_features/stu5_66.npy
stu5_67.mp4,/Users/lindaperez/Documents/COMPUTER_VISION/Final_project/personal-git/CV_Image_pose_detection/Data/LLSP/annotation_cleaned/pose_features/stu5_67.npy
stu5_69.mp4,/Users/lindaperez/Documents/COMPUTER_VISION/Final_project/personal-git/CV_Image_pose_detection/Data/LLSP/annotation_cleaned/pose_features/stu5_69.npy
stu5_7.mp4,/Users/lindaperez/Documents/COMPUTER_VISION/Final_project/personal-git/CV_Image_pose_detection/Data/LLSP/annotation_cleaned/pose_features/stu5_7.npy
stu5_70.mp4,/Users/lindaperez/Documents/COMPUTER_VISION/Final_project/personal-git/CV_Image_pose_detection/Data/LLSP/annotation_cleaned/pose_features/stu5_70.npy
stu5_8.mp4,/Users/lindaperez/Documents/COMPUTER_VISION/Final_project/personal-git/CV_Image_pose_detection/Data/LLSP/annotation_cleaned/pose_features/stu5_8.npy
stu6_1.mp4,/Users/lindaperez/Documents/COMPUTER_VISION/Final_project/personal-git/CV_Image_pose_detection/Data/LLSP/annotation_cleaned/pose_features/stu6_1.npy
stu6_10.mp4,/Users/lindaperez/Documents/COMPUTER_VISION/Final_project/personal-git/CV_Image_pose_detection/Data/LLSP/annotation_cleaned/pose_features/stu6_10.npy
stu6_11.mp4,/Users/lindaperez/Documents/COMPUTER_VISION/Final_project/personal-git/CV_Image_pose_detection/Data/LLSP/annotation_cleaned/pose_features/stu6_11.npy
stu6_12.mp4,/Users/lindaperez/Documents/COMPUTER_VISION/Final_project/personal-git/CV_Image_pose_detection/Data/LLSP/annotation_cleaned/pose_features/stu6_12.npy
stu6_14.mp4,/Users/lindaperez/Documents/COMPUTER_VISION/Final_project/personal-git/CV_Image_pose_detection/Data/LLSP/annotation_cleaned/pose_features/stu6_14.npy
stu6_18.mp4,/Users/lindaperez/Documents/COMPUTER_VISION/Final_project/personal-git/CV_Image_pose_detection/Data/LLSP/annotation_cleaned/pose_features/stu6_18.npy
stu6_19.mp4,/Users/lindaperez/Documents/COMPUTER_VISION/Final_project/personal-git/CV_Image_pose_detection/Data/LLSP/annotation_cleaned/pose_features/stu6_19.npy
stu6_2.mp4,/Users/lindaperez/Documents/COMPUTER_VISION/Final_project/personal-git/CV_Image_pose_detection/Data/LLSP/annotation_cleaned/pose_features/stu6_2.npy
stu6_20.mp4,/Users/lindaperez/Documents/COMPUTER_VISION/Final_project/personal-git/CV_Image_pose_detection/Data/LLSP/annotation_cleaned/pose_features/stu6_20.npy
stu6_25.mp4,/Users/lindaperez/Documents/COMPUTER_VISION/Final_project/personal-git/CV_Image_pose_detection/Data/LLSP/annotation_cleaned/pose_features/stu6_25.npy
stu6_26.mp4,/Users/lindaperez/Documents/COMPUTER_VISION/Final_project/personal-git/CV_Image_pose_detection/Data/LLSP/annotation_cleaned/pose_features/stu6_26.npy
stu6_27.mp4,/Users/lindaperez/Documents/COMPUTER_VISION/Final_project/personal-git/CV_Image_pose_detection/Data/LLSP/annotation_cleaned/pose_features/stu6_27.npy
stu6_28.mp4,/Users/lindaperez/Documents/COMPUTER_VISION/Final_project/personal-git/CV_Image_pose_detection/Data/LLSP/annotation_cleaned/pose_features/stu6_28.npy
stu6_29.mp4,/Users/lindaperez/Documents/COMPUTER_VISION/Final_project/personal-git/CV_Image_pose_detection/Data/LLSP/annotation_cleaned/pose_features/stu6_29.npy
stu6_31.mp4,/Users/lindaperez/Documents/COMPUTER_VISION/Final_project/personal-git/CV_Image_pose_detection/Data/LLSP/annotation_cleaned/pose_features/stu6_31.npy
stu6_32.mp4,/Users/lindaperez/Documents/COMPUTER_VISION/Final_project/personal-git/CV_Image_pose_detection/Data/LLSP/annotation_cleaned/pose_features/stu6_32.npy
stu6_33.mp4,/Users/lindaperez/Documents/COMPUTER_VISION/Final_project/personal-git/CV_Image_pose_detection/Data/LLSP/annotation_cleaned/pose_features/stu6_33.npy
stu6_35.mp4,/Users/lindaperez/Documents/COMPUTER_VISION/Final_project/personal-git/CV_Image_pose_detection/Data/LLSP/annotation_cleaned/pose_features/stu6_35.npy
stu6_36.mp4,/Users/lindaperez/Documents/COMPUTER_VISION/Final_project/personal-git/CV_Image_pose_detection/Data/LLSP/annotation_cleaned/pose_features/stu6_36.npy
stu6_37.mp4,/Users/lindaperez/Documents/COMPUTER_VISION/Final_project/personal-git/CV_Image_pose_detection/Data/LLSP/annotation_cleaned/pose_features/stu6_37.npy
stu6_38.mp4,/Users/lindaperez/Documents/COMPUTER_VISION/Final_project/personal-git/CV_Image_pose_detection/Data/LLSP/annotation_cleaned/pose_features/stu6_38.npy
stu6_40.mp4,/Users/lindaperez/Documents/COMPUTER_VISION/Final_project/personal-git/CV_Image_pose_detection/Data/LLSP/annotation_cleaned/pose_features/stu6_40.npy
stu6_41.mp4,/Users/lindaperez/Documents/COMPUTER_VISION/Final_project/personal-git/CV_Image_pose_detection/Data/LLSP/annotation_cleaned/pose_features/stu6_41.npy
stu6_43.mp4,/Users/lindaperez/Documents/COMPUTER_VISION/Final_project/personal-git/CV_Image_pose_detection/Data/LLSP/annotation_cleaned/pose_features/stu6_43.npy
stu6_44.mp4,/Users/lindaperez/Documents/COMPUTER_VISION/Final_project/personal-git/CV_Image_pose_detection/Data/LLSP/annotation_cleaned/pose_features/stu6_44.npy
stu6_45.mp4,/Users/lindaperez/Documents/COMPUTER_VISION/Final_project/personal-git/CV_Image_pose_detection/Data/LLSP/annotation_cleaned/pose_features/stu6_45.npy
stu6_46.mp4,/Users/lindaperez/Documents/COMPUTER_VISION/Final_project/personal-git/CV_Image_pose_detection/Data/LLSP/annotation_cleaned/pose_features/stu6_46.npy
stu6_49.mp4,/Users/lindaperez/Documents/COMPUTER_VISION/Final_project/personal-git/CV_Image_pose_detection/Data/LLSP/annotation_cleaned/pose_features/stu6_49.npy
stu6_5.mp4,/Users/lindaperez/Documents/COMPUTER_VISION/Final_project/personal-git/CV_Image_pose_detection/Data/LLSP/annotation_cleaned/pose_features/stu6_5.npy
stu6_50.mp4,/Users/lindaperez/Documents/COMPUTER_VISION/Final_project/personal-git/CV_Image_pose_detection/Data/LLSP/annotation_cleaned/pose_features/stu6_50.npy
stu6_51.mp4,/Users/lindaperez/Documents/COMPUTER_VISION/Final_project/personal-git/CV_Image_pose_detection/Data/LLSP/annotation_cleaned/pose_features/stu6_51.npy
stu6_52.mp4,/Users/lindaperez/Documents/COMPUTER_VISION/Final_project/personal-git/CV_Image_pose_detection/Data/LLSP/annotation_cleaned/pose_features/stu6_52.npy
stu6_53.mp4,/Users/lindaperez/Documents/COMPUTER_VISION/Final_project/personal-git/CV_Image_pose_detection/Data/LLSP/annotation_cleaned/pose_features/stu6_53.npy
stu6_54.mp4,/Users/lindaperez/Documents/COMPUTER_VISION/Final_project/personal-git/CV_Image_pose_detection/Data/LLSP/annotation_cleaned/pose_features/stu6_54.npy
stu6_55.mp4,/Users/lindaperez/Documents/COMPUTER_VISION/Final_project/personal-git/CV_Image_pose_detection/Data/LLSP/annotation_cleaned/pose_features/stu6_55.npy
stu6_56.mp4,/Users/lindaperez/Documents/COMPUTER_VISION/Final_project/personal-git/CV_Image_pose_detection/Data/LLSP/annotation_cleaned/pose_features/stu6_56.npy
stu6_58.mp4,/Users/lindaperez/Documents/COMPUTER_VISION/Final_project/personal-git/CV_Image_pose_detection/Data/LLSP/annotation_cleaned/pose_features/stu6_58.npy
stu6_59.mp4,/Users/lindaperez/Documents/COMPUTER_VISION/Final_project/personal-git/CV_Image_pose_detection/Data/LLSP/annotation_cleaned/pose_features/stu6_59.npy
stu6_6.mp4,/Users/lindaperez/Documents/COMPUTER_VISION/Final_project/personal-git/CV_Image_pose_detection/Data/LLSP/annotation_cleaned/pose_features/stu6_6.npy
stu6_60.mp4,/Users/lindaperez/Documents/COMPUTER_VISION/Final_project/personal-git/CV_Image_pose_detection/Data/LLSP/annotation_cleaned/pose_features/stu6_60.npy
stu6_62.mp4,/Users/lindaperez/Documents/COMPUTER_VISION/Final_project/personal-git/CV_Image_pose_detection/Data/LLSP/annotation_cleaned/pose_features/stu6_62.npy
stu6_64.mp4,/Users/lindaperez/Documents/COMPUTER_VISION/Final_project/personal-git/CV_Image_pose_detection/Data/LLSP/annotation_cleaned/pose_features/stu6_64.npy
stu6_66.mp4,/Users/lindaperez/Documents/COMPUTER_VISION/Final_project/personal-git/CV_Image_pose_detection/Data/LLSP/annotation_cleaned/pose_features/stu6_66.npy
stu6_67.mp4,/Users/lindaperez/Documents/COMPUTER_VISION/Final_project/personal-git/CV_Image_pose_detection/Data/LLSP/annotation_cleaned/pose_features/stu6_67.npy
stu6_69.mp4,/Users/lindaperez/Documents/COMPUTER_VISION/Final_project/personal-git/CV_Image_pose_detection/Data/LLSP/annotation_cleaned/pose_features/stu6_69.npy
stu6_70.mp4,/Users/lindaperez/Documents/COMPUTER_VISION/Final_project/personal-git/CV_Image_pose_detection/Data/LLSP/annotation_cleaned/pose_features/stu6_70.npy
stu6_71.mp4,/Users/lindaperez/Documents/COMPUTER_VISION/Final_project/personal-git/CV_Image_pose_detection/Data/LLSP/annotation_cleaned/pose_features/stu6_71.npy
stu6_8.mp4,/Users/lindaperez/Documents/COMPUTER_VISION/Final_project/personal-git/CV_Image_pose_detection/Data/LLSP/annotation_cleaned/pose_features/stu6_8.npy
stu6_9.mp4,/Users/lindaperez/Documents/COMPUTER_VISION/Final_project/personal-git/CV_Image_pose_detection/Data/LLSP/annotation_cleaned/pose_features/stu6_9.npy
stu7_0.mp4,/Users/lindaperez/Documents/COMPUTER_VISION/Final_project/personal-git/CV_Image_pose_detection/Data/LLSP/annotation_cleaned/pose_features/stu7_0.npy
stu7_11.mp4,/Users/lindaperez/Documents/COMPUTER_VISION/Final_project/personal-git/CV_Image_pose_detection/Data/LLSP/annotation_cleaned/pose_features/stu7_11.npy
stu7_12.mp4,/Users/lindaperez/Documents/COMPUTER_VISION/Final_project/personal-git/CV_Image_pose_detection/Data/LLSP/annotation_cleaned/pose_features/stu7_12.npy
stu7_14.mp4,/Users/lindaperez/Documents/COMPUTER_VISION/Final_project/personal-git/CV_Image_pose_detection/Data/LLSP/annotation_cleaned/pose_features/stu7_14.npy
stu7_15.mp4,/Users/lindaperez/Documents/COMPUTER_VISION/Final_project/personal-git/CV_Image_pose_detection/Data/LLSP/annotation_cleaned/pose_features/stu7_15.npy
stu7_18.mp4,/Users/lindaperez/Documents/COMPUTER_VISION/Final_project/personal-git/CV_Image_pose_detection/Data/LLSP/annotation_cleaned/pose_features/stu7_18.npy
stu7_2.mp4,/Users/lindaperez/Documents/COMPUTER_VISION/Final_project/personal-git/CV_Image_pose_detection/Data/LLSP/annotation_cleaned/pose_features/stu7_2.npy
stu7_20.mp4,/Users/lindaperez/Documents/COMPUTER_VISION/Final_project/personal-git/CV_Image_pose_detection/Data/LLSP/annotation_cleaned/pose_features/stu7_20.npy
stu7_21.mp4,/Users/lindaperez/Documents/COMPUTER_VISION/Final_project/personal-git/CV_Image_pose_detection/Data/LLSP/annotation_cleaned/pose_features/stu7_21.npy
stu7_22.mp4,/Users/lindaperez/Documents/COMPUTER_VISION/Final_project/personal-git/CV_Image_pose_detection/Data/LLSP/annotation_cleaned/pose_features/stu7_22.npy
stu7_23.mp4,/Users/lindaperez/Documents/COMPUTER_VISION/Final_project/personal-git/CV_Image_pose_detection/Data/LLSP/annotation_cleaned/pose_features/stu7_23.npy
stu7_25.mp4,/Users/lindaperez/Documents/COMPUTER_VISION/Final_project/personal-git/CV_Image_pose_detection/Data/LLSP/annotation_cleaned/pose_features/stu7_25.npy
stu7_27.mp4,/Users/lindaperez/Documents/COMPUTER_VISION/Final_project/personal-git/CV_Image_pose_detection/Data/LLSP/annotation_cleaned/pose_features/stu7_27.npy
stu7_28.mp4,/Users/lindaperez/Documents/COMPUTER_VISION/Final_project/personal-git/CV_Image_pose_detection/Data/LLSP/annotation_cleaned/pose_features/stu7_28.npy
stu7_29.mp4,/Users/lindaperez/Documents/COMPUTER_VISION/Final_project/personal-git/CV_Image_pose_detection/Data/LLSP/annotation_cleaned/pose_features/stu7_29.npy
stu7_3.mp4,/Users/lindaperez/Documents/COMPUTER_VISION/Final_project/personal-git/CV_Image_pose_detection/Data/LLSP/annotation_cleaned/pose_features/stu7_3.npy
stu7_31.mp4,/Users/lindaperez/Documents/COMPUTER_VISION/Final_project/personal-git/CV_Image_pose_detection/Data/LLSP/annotation_cleaned/pose_features/stu7_31.npy
stu7_32.mp4,/Users/lindaperez/Documents/COMPUTER_VISION/Final_project/personal-git/CV_Image_pose_detection/Data/LLSP/annotation_cleaned/pose_features/stu7_32.npy
stu7_33.mp4,/Users/lindaperez/Documents/COMPUTER_VISION/Final_project/personal-git/CV_Image_pose_detection/Data/LLSP/annotation_cleaned/pose_features/stu7_33.npy
stu7_34.mp4,/Users/lindaperez/Documents/COMPUTER_VISION/Final_project/personal-git/CV_Image_pose_detection/Data/LLSP/annotation_cleaned/pose_features/stu7_34.npy
stu7_37.mp4,/Users/lindaperez/Documents/COMPUTER_VISION/Final_project/personal-git/CV_Image_pose_detection/Data/LLSP/annotation_cleaned/pose_features/stu7_37.npy
stu7_38.mp4,/Users/lindaperez/Documents/COMPUTER_VISION/Final_project/personal-git/CV_Image_pose_detection/Data/LLSP/annotation_cleaned/pose_features/stu7_38.npy
stu7_39.mp4,/Users/lindaperez/Documents/COMPUTER_VISION/Final_project/personal-git/CV_Image_pose_detection/Data/LLSP/annotation_cleaned/pose_features/stu7_39.npy
stu7_40.mp4,/Users/lindaperez/Documents/COMPUTER_VISION/Final_project/personal-git/CV_Image_pose_detection/Data/LLSP/annotation_cleaned/pose_features/stu7_40.npy
stu7_41.mp4,/Users/lindaperez/Documents/COMPUTER_VISION/Final_project/personal-git/CV_Image_pose_detection/Data/LLSP/annotation_cleaned/pose_features/stu7_41.npy
stu7_42.mp4,/Users/lindaperez/Documents/COMPUTER_VISION/Final_project/personal-git/CV_Image_pose_detection/Data/LLSP/annotation_cleaned/pose_features/stu7_42.npy
stu7_44.mp4,/Users/lindaperez/Documents/COMPUTER_VISION/Final_project/personal-git/CV_Image_pose_detection/Data/LLSP/annotation_cleaned/pose_features/stu7_44.npy
stu7_46.mp4,/Users/lindaperez/Documents/COMPUTER_VISION/Final_project/personal-git/CV_Image_pose_detection/Data/LLSP/annotation_cleaned/pose_features/stu7_46.npy
stu7_47.mp4,/Users/lindaperez/Documents/COMPUTER_VISION/Final_project/personal-git/CV_Image_pose_detection/Data/LLSP/annotation_cleaned/pose_features/stu7_47.npy
stu7_48.mp4,/Users/lindaperez/Documents/COMPUTER_VISION/Final_project/personal-git/CV_Image_pose_detection/Data/LLSP/annotation_cleaned/pose_features/stu7_48.npy
stu7_49.mp4,/Users/lindaperez/Documents/COMPUTER_VISION/Final_project/personal-git/CV_Image_pose_detection/Data/LLSP/annotation_cleaned/pose_features/stu7_49.npy
stu7_5.mp4,/Users/lindaperez/Documents/COMPUTER_VISION/Final_project/personal-git/CV_Image_pose_detection/Data/LLSP/annotation_cleaned/pose_features/stu7_5.npy
stu7_50.mp4,/Users/lindaperez/Documents/COMPUTER_VISION/Final_project/personal-git/CV_Image_pose_detection/Data/LLSP/annotation_cleaned/pose_features/stu7_50.npy
stu7_51.mp4,/Users/lindaperez/Documents/COMPUTER_VISION/Final_project/personal-git/CV_Image_pose_detection/Data/LLSP/annotation_cleaned/pose_features/stu7_51.npy
stu7_54.mp4,/Users/lindaperez/Documents/COMPUTER_VISION/Final_project/personal-git/CV_Image_pose_detection/Data/LLSP/annotation_cleaned/pose_features/stu7_54.npy
stu7_55.mp4,/Users/lindaperez/Documents/COMPUTER_VISION/Final_project/personal-git/CV_Image_pose_detection/Data/LLSP/annotation_cleaned/pose_features/stu7_55.npy
stu7_56.mp4,/Users/lindaperez/Documents/COMPUTER_VISION/Final_project/personal-git/CV_Image_pose_detection/Data/LLSP/annotation_cleaned/pose_features/stu7_56.npy
stu7_57.mp4,/Users/lindaperez/Documents/COMPUTER_VISION/Final_project/personal-git/CV_Image_pose_detection/Data/LLSP/annotation_cleaned/pose_features/stu7_57.npy
stu7_58.mp4,/Users/lindaperez/Documents/COMPUTER_VISION/Final_project/personal-git/CV_Image_pose_detection/Data/LLSP/annotation_cleaned/pose_features/stu7_58.npy
stu7_59.mp4,/Users/lindaperez/Documents/COMPUTER_VISION/Final_project/personal-git/CV_Image_pose_detection/Data/LLSP/annotation_cleaned/pose_features/stu7_59.npy
stu7_6.mp4,/Users/lindaperez/Documents/COMPUTER_VISION/Final_project/personal-git/CV_Image_pose_detection/Data/LLSP/annotation_cleaned/pose_features/stu7_6.npy
stu7_60.mp4,/Users/lindaperez/Documents/COMPUTER_VISION/Final_project/personal-git/CV_Image_pose_detection/Data/LLSP/annotation_cleaned/pose_features/stu7_60.npy
stu7_61.mp4,/Users/lindaperez/Documents/COMPUTER_VISION/Final_project/personal-git/CV_Image_pose_detection/Data/LLSP/annotation_cleaned/pose_features/stu7_61.npy
stu7_62.mp4,/Users/lindaperez/Documents/COMPUTER_VISION/Final_project/personal-git/CV_Image_pose_detection/Data/LLSP/annotation_cleaned/pose_features/stu7_62.npy
stu7_63.mp4,/Users/lindaperez/Documents/COMPUTER_VISION/Final_project/personal-git/CV_Image_pose_detection/Data/LLSP/annotation_cleaned/pose_features/stu7_63.npy
stu7_64.mp4,/Users/lindaperez/Documents/COMPUTER_VISION/Final_project/personal-git/CV_Image_pose_detection/Data/LLSP/annotation_cleaned/pose_features/stu7_64.npy
stu7_67.mp4,/Users/lindaperez/Documents/COMPUTER_VISION/Final_project/personal-git/CV_Image_pose_detection/Data/LLSP/annotation_cleaned/pose_features/stu7_67.npy
stu7_68.mp4,/Users/lindaperez/Documents/COMPUTER_VISION/Final_project/personal-git/CV_Image_pose_detection/Data/LLSP/annotation_cleaned/pose_features/stu7_68.npy
stu7_69.mp4,/Users/lindaperez/Documents/COMPUTER_VISION/Final_project/personal-git/CV_Image_pose_detection/Data/LLSP/annotation_cleaned/pose_features/stu7_69.npy
stu7_7.mp4,/Users/lindaperez/Documents/COMPUTER_VISION/Final_project/personal-git/CV_Image_pose_detection/Data/LLSP/annotation_cleaned/pose_features/stu7_7.npy
stu7_70.mp4,/Users/lindaperez/Documents/COMPUTER_VISION/Final_project/personal-git/CV_Image_pose_detection/Data/LLSP/annotation_cleaned/pose_features/stu7_70.npy
stu7_71.mp4,/Users/lindaperez/Documents/COMPUTER_VISION/Final_project/personal-git/CV_Image_pose_detection/Data/LLSP/annotation_cleaned/pose_features/stu7_71.npy
stu7_9.mp4,/Users/lindaperez/Documents/COMPUTER_VISION/Final_project/personal-git/CV_Image_pose_detection/Data/LLSP/annotation_cleaned/pose_features/stu7_9.npy
stu8_0.mp4,/Users/lindaperez/Documents/COMPUTER_VISION/Final_project/personal-git/CV_Image_pose_detection/Data/LLSP/annotation_cleaned/pose_features/stu8_0.npy
stu8_1.mp4,/Users/lindaperez/Documents/COMPUTER_VISION/Final_project/personal-git/CV_Image_pose_detection/Data/LLSP/annotation_cleaned/pose_features/stu8_1.npy
stu8_13.mp4,/Users/lindaperez/Documents/COMPUTER_VISION/Final_project/personal-git/CV_Image_pose_detection/Data/LLSP/annotation_cleaned/pose_features/stu8_13.npy
stu8_15.mp4,/Users/lindaperez/Documents/COMPUTER_VISION/Final_project/personal-git/CV_Image_pose_detection/Data/LLSP/annotation_cleaned/pose_features/stu8_15.npy
stu8_16.mp4,/Users/lindaperez/Documents/COMPUTER_VISION/Final_project/personal-git/CV_Image_pose_detection/Data/LLSP/annotation_cleaned/pose_features/stu8_16.npy
stu8_17.mp4,/Users/lindaperez/Documents/COMPUTER_VISION/Final_project/personal-git/CV_Image_pose_detection/Data/LLSP/annotation_cleaned/pose_features/stu8_17.npy
stu8_18.mp4,/Users/lindaperez/Documents/COMPUTER_VISION/Final_project/personal-git/CV_Image_pose_detection/Data/LLSP/annotation_cleaned/pose_features/stu8_18.npy
stu8_19.mp4,/Users/lindaperez/Documents/COMPUTER_VISION/Final_project/personal-git/CV_Image_pose_detection/Data/LLSP/annotation_cleaned/pose_features/stu8_19.npy
stu8_2.mp4,/Users/lindaperez/Documents/COMPUTER_VISION/Final_project/personal-git/CV_Image_pose_detection/Data/LLSP/annotation_cleaned/pose_features/stu8_2.npy
stu8_20.mp4,/Users/lindaperez/Documents/COMPUTER_VISION/Final_project/personal-git/CV_Image_pose_detection/Data/LLSP/annotation_cleaned/pose_features/stu8_20.npy
stu8_21.mp4,/Users/lindaperez/Documents/COMPUTER_VISION/Final_project/personal-git/CV_Image_pose_detection/Data/LLSP/annotation_cleaned/pose_features/stu8_21.npy
stu8_22.mp4,/Users/lindaperez/Documents/COMPUTER_VISION/Final_project/personal-git/CV_Image_pose_detection/Data/LLSP/annotation_cleaned/pose_features/stu8_22.npy
stu8_24.mp4,/Users/lindaperez/Documents/COMPUTER_VISION/Final_project/personal-git/CV_Image_pose_detection/Data/LLSP/annotation_cleaned/pose_features/stu8_24.npy
stu8_26.mp4,/Users/lindaperez/Documents/COMPUTER_VISION/Final_project/personal-git/CV_Image_pose_detection/Data/LLSP/annotation_cleaned/pose_features/stu8_26.npy
stu8_27.mp4,/Users/lindaperez/Documents/COMPUTER_VISION/Final_project/personal-git/CV_Image_pose_detection/Data/LLSP/annotation_cleaned/pose_features/stu8_27.npy
stu8_29.mp4,/Users/lindaperez/Documents/COMPUTER_VISION/Final_project/personal-git/CV_Image_pose_detection/Data/LLSP/annotation_cleaned/pose_features/stu8_29.npy
stu8_3.mp4,/Users/lindaperez/Documents/COMPUTER_VISION/Final_project/personal-git/CV_Image_pose_detection/Data/LLSP/annotation_cleaned/pose_features/stu8_3.npy
stu8_30.mp4,/Users/lindaperez/Documents/COMPUTER_VISION/Final_project/personal-git/CV_Image_pose_detection/Data/LLSP/annotation_cleaned/pose_features/stu8_30.npy
stu8_31.mp4,/Users/lindaperez/Documents/COMPUTER_VISION/Final_project/personal-git/CV_Image_pose_detection/Data/LLSP/annotation_cleaned/pose_features/stu8_31.npy
stu8_32.mp4,/Users/lindaperez/Documents/COMPUTER_VISION/Final_project/personal-git/CV_Image_pose_detection/Data/LLSP/annotation_cleaned/pose_features/stu8_32.npy
stu8_33.mp4,/Users/lindaperez/Documents/COMPUTER_VISION/Final_project/personal-git/CV_Image_pose_detection/Data/LLSP/annotation_cleaned/pose_features/stu8_33.npy
stu8_35.mp4,/Users/lindaperez/Documents/COMPUTER_VISION/Final_project/personal-git/CV_Image_pose_detection/Data/LLSP/annotation_cleaned/pose_features/stu8_35.npy
stu8_36.mp4,/Users/lindaperez/Documents/COMPUTER_VISION/Final_project/personal-git/CV_Image_pose_detection/Data/LLSP/annotation_cleaned/pose_features/stu8_36.npy
stu8_39.mp4,/Users/lindaperez/Documents/COMPUTER_VISION/Final_project/personal-git/CV_Image_pose_detection/Data/LLSP/annotation_cleaned/pose_features/stu8_39.npy
stu8_4.mp4,/Users/lindaperez/Documents/COMPUTER_VISION/Final_project/personal-git/CV_Image_pose_detection/Data/LLSP/annotation_cleaned/pose_features/stu8_4.npy
stu8_40.mp4,/Users/lindaperez/Documents/COMPUTER_VISION/Final_project/personal-git/CV_Image_pose_detection/Data/LLSP/annotation_cleaned/pose_features/stu8_40.npy
stu8_41.mp4,/Users/lindaperez/Documents/COMPUTER_VISION/Final_project/personal-git/CV_Image_pose_detection/Data/LLSP/annotation_cleaned/pose_features/stu8_41.npy
stu8_44.mp4,/Users/lindaperez/Documents/COMPUTER_VISION/Final_project/personal-git/CV_Image_pose_detection/Data/LLSP/annotation_cleaned/pose_features/stu8_44.npy
stu8_48.mp4,/Users/lindaperez/Documents/COMPUTER_VISION/Final_project/personal-git/CV_Image_pose_detection/Data/LLSP/annotation_cleaned/pose_features/stu8_48.npy
stu8_5.mp4,/Users/lindaperez/Documents/COMPUTER_VISION/Final_project/personal-git/CV_Image_pose_detection/Data/LLSP/annotation_cleaned/pose_features/stu8_5.npy
stu8_50.mp4,/Users/lindaperez/Documents/COMPUTER_VISION/Final_project/personal-git/CV_Image_pose_detection/Data/LLSP/annotation_cleaned/pose_features/stu8_50.npy
stu8_51.mp4,/Users/lindaperez/Documents/COMPUTER_VISION/Final_project/personal-git/CV_Image_pose_detection/Data/LLSP/annotation_cleaned/pose_features/stu8_51.npy
stu8_55.mp4,/Users/lindaperez/Documents/COMPUTER_VISION/Final_project/personal-git/CV_Image_pose_detection/Data/LLSP/annotation_cleaned/pose_features/stu8_55.npy
stu8_56.mp4,/Users/lindaperez/Documents/COMPUTER_VISION/Final_project/personal-git/CV_Image_pose_detection/Data/LLSP/annotation_cleaned/pose_features/stu8_56.npy
stu8_59.mp4,/Users/lindaperez/Documents/COMPUTER_VISION/Final_project/personal-git/CV_Image_pose_detection/Data/LLSP/annotation_cleaned/pose_features/stu8_59.npy
stu8_6.mp4,/Users/lindaperez/Documents/COMPUTER_VISION/Final_project/personal-git/CV_Image_pose_detection/Data/LLSP/annotation_cleaned/pose_features/stu8_6.npy
stu8_60.mp4,/Users/lindaperez/Documents/COMPUTER_VISION/Final_project/personal-git/CV_Image_pose_detection/Data/LLSP/annotation_cleaned/pose_features/stu8_60.npy
stu8_61.mp4,/Users/lindaperez/Documents/COMPUTER_VISION/Final_project/personal-git/CV_Image_pose_detection/Data/LLSP/annotation_cleaned/pose_features/stu8_61.npy
stu8_63.mp4,/Users/lindaperez/Documents/COMPUTER_VISION/Final_project/personal-git/CV_Image_pose_detection/Data/LLSP/annotation_cleaned/pose_features/stu8_63.npy
stu8_64.mp4,/Users/lindaperez/Documents/COMPUTER_VISION/Final_project/personal-git/CV_Image_pose_detection/Data/LLSP/annotation_cleaned/pose_features/stu8_64.npy
stu8_65.mp4,/Users/lindaperez/Documents/COMPUTER_VISION/Final_project/personal-git/CV_Image_pose_detection/Data/LLSP/annotation_cleaned/pose_features/stu8_65.npy
stu8_66.mp4,/Users/lindaperez/Documents/COMPUTER_VISION/Final_project/personal-git/CV_Image_pose_detection/Data/LLSP/annotation_cleaned/pose_features/stu8_66.npy
stu8_67.mp4,/Users/lindaperez/Documents/COMPUTER_VISION/Final_project/personal-git/CV_Image_pose_detection/Data/LLSP/annotation_cleaned/pose_features/stu8_67.npy
stu8_68.mp4,/Users/lindaperez/Documents/COMPUTER_VISION/Final_project/personal-git/CV_Image_pose_detection/Data/LLSP/annotation_cleaned/pose_features/stu8_68.npy
stu8_69.mp4,/Users/lindaperez/Documents/COMPUTER_VISION/Final_project/personal-git/CV_Image_pose_detection/Data/LLSP/annotation_cleaned/pose_features/stu8_69.npy
stu8_8.mp4,/Users/lindaperez/Documents/COMPUTER_VISION/Final_project/personal-git/CV_Image_pose_detection/Data/LLSP/annotation_cleaned/pose_features/stu8_8.npy
stu9_0.mp4,/Users/lindaperez/Documents/COMPUTER_VISION/Final_project/personal-git/CV_Image_pose_detection/Data/LLSP/annotation_cleaned/pose_features/stu9_0.npy
stu9_1.mp4,/Users/lindaperez/Documents/COMPUTER_VISION/Final_project/personal-git/CV_Image_pose_detection/Data/LLSP/annotation_cleaned/pose_features/stu9_1.npy
stu9_10.mp4,/Users/lindaperez/Documents/COMPUTER_VISION/Final_project/personal-git/CV_Image_pose_detection/Data/LLSP/annotation_cleaned/pose_features/stu9_10.npy
stu9_11.mp4,/Users/lindaperez/Documents/COMPUTER_VISION/Final_project/personal-git/CV_Image_pose_detection/Data/LLSP/annotation_cleaned/pose_features/stu9_11.npy
stu9_12.mp4,/Users/lindaperez/Documents/COMPUTER_VISION/Final_project/personal-git/CV_Image_pose_detection/Data/LLSP/annotation_cleaned/pose_features/stu9_12.npy
stu9_14.mp4,/Users/lindaperez/Documents/COMPUTER_VISION/Final_project/personal-git/CV_Image_pose_detection/Data/LLSP/annotation_cleaned/pose_features/stu9_14.npy
stu9_15.mp4,/Users/lindaperez/Documents/COMPUTER_VISION/Final_project/personal-git/CV_Image_pose_detection/Data/LLSP/annotation_cleaned/pose_features/stu9_15.npy
stu9_16.mp4,/Users/lindaperez/Documents/COMPUTER_VISION/Final_project/personal-git/CV_Image_pose_detection/Data/LLSP/annotation_cleaned/pose_features/stu9_16.npy
stu9_2.mp4,/Users/lindaperez/Documents/COMPUTER_VISION/Final_project/personal-git/CV_Image_pose_detection/Data/LLSP/annotation_cleaned/pose_features/stu9_2.npy
stu9_20.mp4,/Users/lindaperez/Documents/COMPUTER_VISION/Final_project/personal-git/CV_Image_pose_detection/Data/LLSP/annotation_cleaned/pose_features/stu9_20.npy
stu9_21.mp4,/Users/lindaperez/Documents/COMPUTER_VISION/Final_project/personal-git/CV_Image_pose_detection/Data/LLSP/annotation_cleaned/pose_features/stu9_21.npy
stu9_22.mp4,/Users/lindaperez/Documents/COMPUTER_VISION/Final_project/personal-git/CV_Image_pose_detection/Data/LLSP/annotation_cleaned/pose_features/stu9_22.npy
stu9_23.mp4,/Users/lindaperez/Documents/COMPUTER_VISION/Final_project/personal-git/CV_Image_pose_detection/Data/LLSP/annotation_cleaned/pose_features/stu9_23.npy
stu9_24.mp4,/Users/lindaperez/Documents/COMPUTER_VISION/Final_project/personal-git/CV_Image_pose_detection/Data/LLSP/annotation_cleaned/pose_features/stu9_24.npy
stu9_25.mp4,/Users/lindaperez/Documents/COMPUTER_VISION/Final_project/personal-git/CV_Image_pose_detection/Data/LLSP/annotation_cleaned/pose_features/stu9_25.npy
stu9_26.mp4,/Users/lindaperez/Documents/COMPUTER_VISION/Final_project/personal-git/CV_Image_pose_detection/Data/LLSP/annotation_cleaned/pose_features/stu9_26.npy
stu9_27.mp4,/Users/lindaperez/Documents/COMPUTER_VISION/Final_project/personal-git/CV_Image_pose_detection/Data/LLSP/annotation_cleaned/pose_features/stu9_27.npy
stu9_28.mp4,/Users/lindaperez/Documents/COMPUTER_VISION/Final_project/personal-git/CV_Image_pose_detection/Data/LLSP/annotation_cleaned/pose_features/stu9_28.npy
stu9_3.mp4,/Users/lindaperez/Documents/COMPUTER_VISION/Final_project/personal-git/CV_Image_pose_detection/Data/LLSP/annotation_cleaned/pose_features/stu9_3.npy
stu9_30.mp4,/Users/lindaperez/Documents/COMPUTER_VISION/Final_project/personal-git/CV_Image_pose_detection/Data/LLSP/annotation_cleaned/pose_features/stu9_30.npy
stu9_33.mp4,/Users/lindaperez/Documents/COMPUTER_VISION/Final_project/personal-git/CV_Image_pose_detection/Data/LLSP/annotation_cleaned/pose_features/stu9_33.npy
stu9_35.mp4,/Users/lindaperez/Documents/COMPUTER_VISION/Final_project/personal-git/CV_Image_pose_detection/Data/LLSP/annotation_cleaned/pose_features/stu9_35.npy
stu9_37.mp4,/Users/lindaperez/Documents/COMPUTER_VISION/Final_project/personal-git/CV_Image_pose_detection/Data/LLSP/annotation_cleaned/pose_features/stu9_37.npy
stu9_38.mp4,/Users/lindaperez/Documents/COMPUTER_VISION/Final_project/personal-git/CV_Image_pose_detection/Data/LLSP/annotation_cleaned/pose_features/stu9_38.npy
stu9_39.mp4,/Users/lindaperez/Documents/COMPUTER_VISION/Final_project/personal-git/CV_Image_pose_detection/Data/LLSP/annotation_cleaned/pose_features/stu9_39.npy
stu9_4.mp4,/Users/lindaperez/Documents/COMPUTER_VISION/Final_project/personal-git/CV_Image_pose_detection/Data/LLSP/annotation_cleaned/pose_features/stu9_4.npy
stu9_40.mp4,/Users/lindaperez/Documents/COMPUTER_VISION/Final_project/personal-git/CV_Image_pose_detection/Data/LLSP/annotation_cleaned/pose_features/stu9_40.npy
stu9_41.mp4,/Users/lindaperez/Documents/COMPUTER_VISION/Final_project/personal-git/CV_Image_pose_detection/Data/LLSP/annotation_cleaned/pose_features/stu9_41.npy
stu9_42.mp4,/Users/lindaperez/Documents/COMPUTER_VISION/Final_project/personal-git/CV_Image_pose_detection/Data/LLSP/annotation_cleaned/pose_features/stu9_42.npy
stu9_43.mp4,/Users/lindaperez/Documents/COMPUTER_VISION/Final_project/personal-git/CV_Image_pose_detection/Data/LLSP/annotation_cleaned/pose_features/stu9_43.npy
stu9_44.mp4,/Users/lindaperez/Documents/COMPUTER_VISION/Final_project/personal-git/CV_Image_pose_detection/Data/LLSP/annotation_cleaned/pose_features/stu9_44.npy
stu9_46.mp4,/Users/lindaperez/Documents/COMPUTER_VISION/Final_project/personal-git/CV_Image_pose_detection/Data/LLSP/annotation_cleaned/pose_features/stu9_46.npy
stu9_49.mp4,/Users/lindaperez/Documents/COMPUTER_VISION/Final_project/personal-git/CV_Image_pose_detection/Data/LLSP/annotation_cleaned/pose_features/stu9_49.npy
stu9_5.mp4,/Users/lindaperez/Documents/COMPUTER_VISION/Final_project/personal-git/CV_Image_pose_detection/Data/LLSP/annotation_cleaned/pose_features/stu9_5.npy
stu9_50.mp4,/Users/lindaperez/Documents/COMPUTER_VISION/Final_project/personal-git/CV_Image_pose_detection/Data/LLSP/annotation_cleaned/pose_features/stu9_50.npy
stu9_51.mp4,/Users/lindaperez/Documents/COMPUTER_VISION/Final_project/personal-git/CV_Image_pose_detection/Data/LLSP/annotation_cleaned/pose_features/stu9_51.npy
stu9_53.mp4,/Users/lindaperez/Documents/COMPUTER_VISION/Final_project/personal-git/CV_Image_pose_detection/Data/LLSP/annotation_cleaned/pose_features/stu9_53.npy
stu9_54.mp4,/Users/lindaperez/Documents/COMPUTER_VISION/Final_project/personal-git/CV_Image_pose_detection/Data/LLSP/annotation_cleaned/pose_features/stu9_54.npy
stu9_56.mp4,/Users/lindaperez/Documents/COMPUTER_VISION/Final_project/personal-git/CV_Image_pose_detection/Data/LLSP/annotation_cleaned/pose_features/stu9_56.npy
stu9_58.mp4,/Users/lindaperez/Documents/COMPUTER_VISION/Final_project/personal-git/CV_Image_pose_detection/Data/LLSP/annotation_cleaned/pose_features/stu9_58.npy
stu9_59.mp4,/Users/lindaperez/Documents/COMPUTER_VISION/Final_project/personal-git/CV_Image_pose_detection/Data/LLSP/annotation_cleaned/pose_features/stu9_59.npy
stu9_6.mp4,/Users/lindaperez/Documents/COMPUTER_VISION/Final_project/personal-git/CV_Image_pose_detection/Data/LLSP/annotation_cleaned/pose_features/stu9_6.npy
stu9_60.mp4,/Users/lindaperez/Documents/COMPUTER_VISION/Final_project/personal-git/CV_Image_pose_detection/Data/LLSP/annotation_cleaned/pose_features/stu9_60.npy
stu9_61.mp4,/Users/lindaperez/Documents/COMPUTER_VISION/Final_project/personal-git/CV_Image_pose_detection/Data/LLSP/annotation_cleaned/pose_features/stu9_61.npy
stu9_62.mp4,/Users/lindaperez/Documents/COMPUTER_VISION/Final_project/personal-git/CV_Image_pose_detection/Data/LLSP/annotation_cleaned/pose_features/stu9_62.npy
stu9_63.mp4,/Users/lindaperez/Documents/COMPUTER_VISION/Final_project/personal-git/CV_Image_pose_detection/Data/LLSP/annotation_cleaned/pose_features/stu9_63.npy
stu9_65.mp4,/Users/lindaperez/Documents/COMPUTER_VISION/Final_project/personal-git/CV_Image_pose_detection/Data/LLSP/annotation_cleaned/pose_features/stu9_65.npy
stu9_66.mp4,/Users/lindaperez/Documents/COMPUTER_VISION/Final_project/personal-git/CV_Image_pose_detection/Data/LLSP/annotation_cleaned/pose_features/stu9_66.npy
stu9_68.mp4,/Users/lindaperez/Documents/COMPUTER_VISION/Final_project/personal-git/CV_Image_pose_detection/Data/LLSP/annotation_cleaned/pose_features/stu9_68.npy
stu9_69.mp4,/Users/lindaperez/Documents/COMPUTER_VISION/Final_project/personal-git/CV_Image_pose_detection/Data/LLSP/annotation_cleaned/pose_features/stu9_69.npy
stu9_7.mp4,/Users/lindaperez/Documents/COMPUTER_VISION/Final_project/personal-git/CV_Image_pose_detection/Data/LLSP/annotation_cleaned/pose_features/stu9_7.npy
stu9_70.mp4,/Users/lindaperez/Documents/COMPUTER_VISION/Final_project/personal-git/CV_Image_pose_detection/Data/LLSP/annotation_cleaned/pose_features/stu9_70.npy
test118.mp4,/Users/lindaperez/Documents/COMPUTER_VISION/Final_project/personal-git/CV_Image_pose_detection/Data/LLSP/annotation_cleaned/pose_features/test118.npy
test125.mp4,/Users/lindaperez/Documents/COMPUTER_VISION/Final_project/personal-git/CV_Image_pose_detection/Data/LLSP/annotation_cleaned/pose_features/test125.npy
test127.mp4,/Users/lindaperez/Documents/COMPUTER_VISION/Final_project/personal-git/CV_Image_pose_detection/Data/LLSP/annotation_cleaned/pose_features/test127.npy
test128.mp4,/Users/lindaperez/Documents/COMPUTER_VISION/Final_project/personal-git/CV_Image_pose_detection/Data/LLSP/annotation_cleaned/pose_features/test128.npy
test138.mp4,/Users/lindaperez/Documents/COMPUTER_VISION/Final_project/personal-git/CV_Image_pose_detection/Data/LLSP/annotation_cleaned/pose_features/test138.npy
test142.mp4,/Users/lindaperez/Documents/COMPUTER_VISION/Final_project/personal-git/CV_Image_pose_detection/Data/LLSP/annotation_cleaned/pose_features/test142.npy
test1448.mp4,/Users/lindaperez/Documents/COMPUTER_VISION/Final_project/personal-git/CV_Image_pose_detection/Data/LLSP/annotation_cleaned/pose_features/test1448.npy
test1463.mp4,/Users/lindaperez/Documents/COMPUTER_VISION/Final_project/personal-git/CV_Image_pose_detection/Data/LLSP/annotation_cleaned/pose_features/test1463.npy
test1465.mp4,/Users/lindaperez/Documents/COMPUTER_VISION/Final_project/personal-git/CV_Image_pose_detection/Data/LLSP/annotation_cleaned/pose_features/test1465.npy
test1483.mp4,/Users/lindaperez/Documents/COMPUTER_VISION/Final_project/personal-git/CV_Image_pose_detection/Data/LLSP/annotation_cleaned/pose_features/test1483.npy
test1496.mp4,/Users/lindaperez/Documents/COMPUTER_VISION/Final_project/personal-git/CV_Image_pose_detection/Data/LLSP/annotation_cleaned/pose_features/test1496.npy
test153.mp4,/Users/lindaperez/Documents/COMPUTER_VISION/Final_project/personal-git/CV_Image_pose_detection/Data/LLSP/annotation_cleaned/pose_features/test153.npy
test1624.mp4,/Users/lindaperez/Documents/COMPUTER_VISION/Final_project/personal-git/CV_Image_pose_detection/Data/LLSP/annotation_cleaned/pose_features/test1624.npy
test168.mp4,/Users/lindaperez/Documents/COMPUTER_VISION/Final_project/personal-git/CV_Image_pose_detection/Data/LLSP/annotation_cleaned/pose_features/test168.npy
test1977.mp4,/Users/lindaperez/Documents/COMPUTER_VISION/Final_project/personal-git/CV_Image_pose_detection/Data/LLSP/annotation_cleaned/pose_features/test1977.npy
test1995.mp4,/Users/lindaperez/Documents/COMPUTER_VISION/Final_project/personal-git/CV_Image_pose_detection/Data/LLSP/annotation_cleaned/pose_features/test1995.npy
test2003.mp4,/Users/lindaperez/Documents/COMPUTER_VISION/Final_project/personal-git/CV_Image_pose_detection/Data/LLSP/annotation_cleaned/pose_features/test2003.npy
test2015.mp4,/Users/lindaperez/Documents/COMPUTER_VISION/Final_project/personal-git/CV_Image_pose_detection/Data/LLSP/annotation_cleaned/pose_features/test2015.npy
test2295.mp4,/Users/lindaperez/Documents/COMPUTER_VISION/Final_project/personal-git/CV_Image_pose_detection/Data/LLSP/annotation_cleaned/pose_features/test2295.npy
test2298.mp4,/Users/lindaperez/Documents/COMPUTER_VISION/Final_project/personal-git/CV_Image_pose_detection/Data/LLSP/annotation_cleaned/pose_features/test2298.npy
test2299.mp4,/Users/lindaperez/Documents/COMPUTER_VISION/Final_project/personal-git/CV_Image_pose_detection/Data/LLSP/annotation_cleaned/pose_features/test2299.npy
test2309.mp4,/Users/lindaperez/Documents/COMPUTER_VISION/Final_project/personal-git/CV_Image_pose_detection/Data/LLSP/annotation_cleaned/pose_features/test2309.npy
test2317.mp4,/Users/lindaperez/Documents/COMPUTER_VISION/Final_project/personal-git/CV_Image_pose_detection/Data/LLSP/annotation_cleaned/pose_features/test2317.npy
test2318.mp4,/Users/lindaperez/Documents/COMPUTER_VISION/Final_project/personal-git/CV_Image_pose_detection/Data/LLSP/annotation_cleaned/pose_features/test2318.npy
test2319.mp4,/Users/lindaperez/Documents/COMPUTER_VISION/Final_project/personal-git/CV_Image_pose_detection/Data/LLSP/annotation_cleaned/pose_features/test2319.npy
test2323.mp4,/Users/lindaperez/Documents/COMPUTER_VISION/Final_project/personal-git/CV_Image_pose_detection/Data/LLSP/annotation_cleaned/pose_features/test2323.npy
test2326.mp4,/Users/lindaperez/Documents/COMPUTER_VISION/Final_project/personal-git/CV_Image_pose_detection/Data/LLSP/annotation_cleaned/pose_features/test2326.npy
test2331.mp4,/Users/lindaperez/Documents/COMPUTER_VISION/Final_project/personal-git/CV_Image_pose_detection/Data/LLSP/annotation_cleaned/pose_features/test2331.npy
test2340.mp4,/Users/lindaperez/Documents/COMPUTER_VISION/Final_project/personal-git/CV_Image_pose_detection/Data/LLSP/annotation_cleaned/pose_features/test2340.npy
test528.mp4,/Users/lindaperez/Documents/COMPUTER_VISION/Final_project/personal-git/CV_Image_pose_detection/Data/LLSP/annotation_cleaned/pose_features/test528.npy
test531.mp4,/Users/lindaperez/Documents/COMPUTER_VISION/Final_project/personal-git/CV_Image_pose_detection/Data/LLSP/annotation_cleaned/pose_features/test531.npy
test541.mp4,/Users/lindaperez/Documents/COMPUTER_VISION/Final_project/personal-git/CV_Image_pose_detection/Data/LLSP/annotation_cleaned/pose_features/test541.npy
test545.mp4,/Users/lindaperez/Documents/COMPUTER_VISION/Final_project/personal-git/CV_Image_pose_detection/Data/LLSP/annotation_cleaned/pose_features/test545.npy
test555.mp4,/Users/lindaperez/Documents/COMPUTER_VISION/Final_project/personal-git/CV_Image_pose_detection/Data/LLSP/annotation_cleaned/pose_features/test555.npy
test557.mp4,/Users/lindaperez/Documents/COMPUTER_VISION/Final_project/personal-git/CV_Image_pose_detection/Data/LLSP/annotation_cleaned/pose_features/test557.npy
test558.mp4,/Users/lindaperez/Documents/COMPUTER_VISION/Final_project/personal-git/CV_Image_pose_detection/Data/LLSP/annotation_cleaned/pose_features/test558.npy
test570.mp4,/Users/lindaperez/Documents/COMPUTER_VISION/Final_project/personal-git/CV_Image_pose_detection/Data/LLSP/annotation_cleaned/pose_features/test570.npy
test577.mp4,/Users/lindaperez/Documents/COMPUTER_VISION/Final_project/personal-git/CV_Image_pose_detection/Data/LLSP/annotation_cleaned/pose_features/test577.npy
test584.mp4,/Users/lindaperez/Documents/COMPUTER_VISION/Final_project/personal-git/CV_Image_pose_detection/Data/LLSP/annotation_cleaned/pose_features/test584.npy
test586.mp4,/Users/lindaperez/Documents/COMPUTER_VISION/Final_project/personal-git/CV_Image_pose_detection/Data/LLSP/annotation_cleaned/pose_features/test586.npy
test587.mp4,/Users/lindaperez/Documents/COMPUTER_VISION/Final_project/personal-git/CV_Image_pose_detection/Data/LLSP/annotation_cleaned/pose_features/test587.npy
test944.mp4,/Users/lindaperez/Documents/COMPUTER_VISION/Final_project/personal-git/CV_Image_pose_detection/Data/LLSP/annotation_cleaned/pose_features/test944.npy
test989.mp4,/Users/lindaperez/Documents/COMPUTER_VISION/Final_project/personal-git/CV_Image_pose_detection/Data/LLSP/annotation_cleaned/pose_features/test989.npy
test990.mp4,/Users/lindaperez/Documents/COMPUTER_VISION/Final_project/personal-git/CV_Image_pose_detection/Data/LLSP/annotation_cleaned/pose_features/test990.npy
train1000.mp4,/Users/lindaperez/Documents/COMPUTER_VISION/Final_project/personal-git/CV_Image_pose_detection/Data/LLSP/annotation_cleaned/pose_features/train1000.npy
train1005.mp4,/Users/lindaperez/Documents/COMPUTER_VISION/Final_project/personal-git/CV_Image_pose_detection/Data/LLSP/annotation_cleaned/pose_features/train1005.npy
train1022.mp4,/Users/lindaperez/Documents/COMPUTER_VISION/Final_project/personal-git/CV_Image_pose_detection/Data/LLSP/annotation_cleaned/pose_features/train1022.npy
train133.mp4,/Users/lindaperez/Documents/COMPUTER_VISION/Final_project/personal-git/CV_Image_pose_detection/Data/LLSP/annotation_cleaned/pose_features/train133.npy
train139.mp4,/Users/lindaperez/Documents/COMPUTER_VISION/Final_project/personal-git/CV_Image_pose_detection/Data/LLSP/annotation_cleaned/pose_features/train139.npy
train156.mp4,/Users/lindaperez/Documents/COMPUTER_VISION/Final_project/personal-git/CV_Image_pose_detection/Data/LLSP/annotation_cleaned/pose_features/train156.npy
train160.mp4,/Users/lindaperez/Documents/COMPUTER_VISION/Final_project/personal-git/CV_Image_pose_detection/Data/LLSP/annotation_cleaned/pose_features/train160.npy
train1604.mp4,/Users/lindaperez/Documents/COMPUTER_VISION/Final_project/personal-git/CV_Image_pose_detection/Data/LLSP/annotation_cleaned/pose_features/train1604.npy
train1605.mp4,/Users/lindaperez/Documents/COMPUTER_VISION/Final_project/personal-git/CV_Image_pose_detection/Data/LLSP/annotation_cleaned/pose_features/train1605.npy
train1614.mp4,/Users/lindaperez/Documents/COMPUTER_VISION/Final_project/personal-git/CV_Image_pose_detection/Data/LLSP/annotation_cleaned/pose_features/train1614.npy
train1617.mp4,/Users/lindaperez/Documents/COMPUTER_VISION/Final_project/personal-git/CV_Image_pose_detection/Data/LLSP/annotation_cleaned/pose_features/train1617.npy
train1623.mp4,/Users/lindaperez/Documents/COMPUTER_VISION/Final_project/personal-git/CV_Image_pose_detection/Data/LLSP/annotation_cleaned/pose_features/train1623.npy
train1640.mp4,/Users/lindaperez/Documents/COMPUTER_VISION/Final_project/personal-git/CV_Image_pose_detection/Data/LLSP/annotation_cleaned/pose_features/train1640.npy
train1646.mp4,/Users/lindaperez/Documents/COMPUTER_VISION/Final_project/personal-git/CV_Image_pose_detection/Data/LLSP/annotation_cleaned/pose_features/train1646.npy
train1678.mp4,/Users/lindaperez/Documents/COMPUTER_VISION/Final_project/personal-git/CV_Image_pose_detection/Data/LLSP/annotation_cleaned/pose_features/train1678.npy
train168.mp4,/Users/lindaperez/Documents/COMPUTER_VISION/Final_project/personal-git/CV_Image_pose_detection/Data/LLSP/annotation_cleaned/pose_features/train168.npy
train1715.mp4,/Users/lindaperez/Documents/COMPUTER_VISION/Final_project/personal-git/CV_Image_pose_detection/Data/LLSP/annotation_cleaned/pose_features/train1715.npy
train172.mp4,/Users/lindaperez/Documents/COMPUTER_VISION/Final_project/personal-git/CV_Image_pose_detection/Data/LLSP/annotation_cleaned/pose_features/train172.npy
train180.mp4,/Users/lindaperez/Documents/COMPUTER_VISION/Final_project/personal-git/CV_Image_pose_detection/Data/LLSP/annotation_cleaned/pose_features/train180.npy
train181.mp4,/Users/lindaperez/Documents/COMPUTER_VISION/Final_project/personal-git/CV_Image_pose_detection/Data/LLSP/annotation_cleaned/pose_features/train181.npy
train184.mp4,/Users/lindaperez/Documents/COMPUTER_VISION/Final_project/personal-git/CV_Image_pose_detection/Data/LLSP/annotation_cleaned/pose_features/train184.npy
train186.mp4,/Users/lindaperez/Documents/COMPUTER_VISION/Final_project/personal-git/CV_Image_pose_detection/Data/LLSP/annotation_cleaned/pose_features/train186.npy
train2464.mp4,/Users/lindaperez/Documents/COMPUTER_VISION/Final_project/personal-git/CV_Image_pose_detection/Data/LLSP/annotation_cleaned/pose_features/train2464.npy
train2477.mp4,/Users/lindaperez/Documents/COMPUTER_VISION/Final_project/personal-git/CV_Image_pose_detection/Data/LLSP/annotation_cleaned/pose_features/train2477.npy
train2484.mp4,/Users/lindaperez/Documents/COMPUTER_VISION/Final_project/personal-git/CV_Image_pose_detection/Data/LLSP/annotation_cleaned/pose_features/train2484.npy
train2501.mp4,/Users/lindaperez/Documents/COMPUTER_VISION/Final_project/personal-git/CV_Image_pose_detection/Data/LLSP/annotation_cleaned/pose_features/train2501.npy
train2502.mp4,/Users/lindaperez/Documents/COMPUTER_VISION/Final_project/personal-git/CV_Image_pose_detection/Data/LLSP/annotation_cleaned/pose_features/train2502.npy
train2523.mp4,/Users/lindaperez/Documents/COMPUTER_VISION/Final_project/personal-git/CV_Image_pose_detection/Data/LLSP/annotation_cleaned/pose_features/train2523.npy
train2527.mp4,/Users/lindaperez/Documents/COMPUTER_VISION/Final_project/personal-git/CV_Image_pose_detection/Data/LLSP/annotation_cleaned/pose_features/train2527.npy
train2568.mp4,/Users/lindaperez/Documents/COMPUTER_VISION/Final_project/personal-git/CV_Image_pose_detection/Data/LLSP/annotation_cleaned/pose_features/train2568.npy
train2570.mp4,/Users/lindaperez/Documents/COMPUTER_VISION/Final_project/personal-git/CV_Image_pose_detection/Data/LLSP/annotation_cleaned/pose_features/train2570.npy
train2645.mp4,/Users/lindaperez/Documents/COMPUTER_VISION/Final_project/personal-git/CV_Image_pose_detection/Data/LLSP/annotation_cleaned/pose_features/train2645.npy
train2649.mp4,/Users/lindaperez/Documents/COMPUTER_VISION/Final_project/personal-git/CV_Image_pose_detection/Data/LLSP/annotation_cleaned/pose_features/train2649.npy
train2666.mp4,/Users/lindaperez/Documents/COMPUTER_VISION/Final_project/personal-git/CV_Image_pose_detection/Data/LLSP/annotation_cleaned/pose_features/train2666.npy
train2676.mp4,/Users/lindaperez/Documents/COMPUTER_VISION/Final_project/personal-git/CV_Image_pose_detection/Data/LLSP/annotation_cleaned/pose_features/train2676.npy
train2685.mp4,/Users/lindaperez/Documents/COMPUTER_VISION/Final_project/personal-git/CV_Image_pose_detection/Data/LLSP/annotation_cleaned/pose_features/train2685.npy
train2692.mp4,/Users/lindaperez/Documents/COMPUTER_VISION/Final_project/personal-git/CV_Image_pose_detection/Data/LLSP/annotation_cleaned/pose_features/train2692.npy
train2712.mp4,/Users/lindaperez/Documents/COMPUTER_VISION/Final_project/personal-git/CV_Image_pose_detection/Data/LLSP/annotation_cleaned/pose_features/train2712.npy
train2719.mp4,/Users/lindaperez/Documents/COMPUTER_VISION/Final_project/personal-git/CV_Image_pose_detection/Data/LLSP/annotation_cleaned/pose_features/train2719.npy
train2734.mp4,/Users/lindaperez/Documents/COMPUTER_VISION/Final_project/personal-git/CV_Image_pose_detection/Data/LLSP/annotation_cleaned/pose_features/train2734.npy
train2739.mp4,/Users/lindaperez/Documents/COMPUTER_VISION/Final_project/personal-git/CV_Image_pose_detection/Data/LLSP/annotation_cleaned/pose_features/train2739.npy
train2745.mp4,/Users/lindaperez/Documents/COMPUTER_VISION/Final_project/personal-git/CV_Image_pose_detection/Data/LLSP/annotation_cleaned/pose_features/train2745.npy
train3301.mp4,/Users/lindaperez/Documents/COMPUTER_VISION/Final_project/personal-git/CV_Image_pose_detection/Data/LLSP/annotation_cleaned/pose_features/train3301.npy
train3303.mp4,/Users/lindaperez/Documents/COMPUTER_VISION/Final_project/personal-git/CV_Image_pose_detection/Data/LLSP/annotation_cleaned/pose_features/train3303.npy
train3309.mp4,/Users/lindaperez/Documents/COMPUTER_VISION/Final_project/personal-git/CV_Image_pose_detection/Data/LLSP/annotation_cleaned/pose_features/train3309.npy
train3312.mp4,/Users/lindaperez/Documents/COMPUTER_VISION/Final_project/personal-git/CV_Image_pose_detection/Data/LLSP/annotation_cleaned/pose_features/train3312.npy
train3316.mp4,/Users/lindaperez/Documents/COMPUTER_VISION/Final_project/personal-git/CV_Image_pose_detection/Data/LLSP/annotation_cleaned/pose_features/train3316.npy
train3319.mp4,/Users/lindaperez/Documents/COMPUTER_VISION/Final_project/personal-git/CV_Image_pose_detection/Data/LLSP/annotation_cleaned/pose_features/train3319.npy
train3323.mp4,/Users/lindaperez/Documents/COMPUTER_VISION/Final_project/personal-git/CV_Image_pose_detection/Data/LLSP/annotation_cleaned/pose_features/train3323.npy
train3324.mp4,/Users/lindaperez/Documents/COMPUTER_VISION/Final_project/personal-git/CV_Image_pose_detection/Data/LLSP/annotation_cleaned/pose_features/train3324.npy
train3327.mp4,/Users/lindaperez/Documents/COMPUTER_VISION/Final_project/personal-git/CV_Image_pose_detection/Data/LLSP/annotation_cleaned/pose_features/train3327.npy
train3365.mp4,/Users/lindaperez/Documents/COMPUTER_VISION/Final_project/personal-git/CV_Image_pose_detection/Data/LLSP/annotation_cleaned/pose_features/train3365.npy
train3366.mp4,/Users/lindaperez/Documents/COMPUTER_VISION/Final_project/personal-git/CV_Image_pose_detection/Data/LLSP/annotation_cleaned/pose_features/train3366.npy
train3367.mp4,/Users/lindaperez/Documents/COMPUTER_VISION/Final_project/personal-git/CV_Image_pose_detection/Data/LLSP/annotation_cleaned/pose_features/train3367.npy
train3382.mp4,/Users/lindaperez/Documents/COMPUTER_VISION/Final_project/personal-git/CV_Image_pose_detection/Data/LLSP/annotation_cleaned/pose_features/train3382.npy
train3386.mp4,/Users/lindaperez/Documents/COMPUTER_VISION/Final_project/personal-git/CV_Image_pose_detection/Data/LLSP/annotation_cleaned/pose_features/train3386.npy
train3912.mp4,/Users/lindaperez/Documents/COMPUTER_VISION/Final_project/personal-git/CV_Image_pose_detection/Data/LLSP/annotation_cleaned/pose_features/train3912.npy
train3932.mp4,/Users/lindaperez/Documents/COMPUTER_VISION/Final_project/personal-git/CV_Image_pose_detection/Data/LLSP/annotation_cleaned/pose_features/train3932.npy
train3944.mp4,/Users/lindaperez/Documents/COMPUTER_VISION/Final_project/personal-git/CV_Image_pose_detection/Data/LLSP/annotation_cleaned/pose_features/train3944.npy
train3948.mp4,/Users/lindaperez/Documents/COMPUTER_VISION/Final_project/personal-git/CV_Image_pose_detection/Data/LLSP/annotation_cleaned/pose_features/train3948.npy
train3951.mp4,/Users/lindaperez/Documents/COMPUTER_VISION/Final_project/personal-git/CV_Image_pose_detection/Data/LLSP/annotation_cleaned/pose_features/train3951.npy
train3959.mp4,/Users/lindaperez/Documents/COMPUTER_VISION/Final_project/personal-git/CV_Image_pose_detection/Data/LLSP/annotation_cleaned/pose_features/train3959.npy
train929.mp4,/Users/lindaperez/Documents/COMPUTER_VISION/Final_project/personal-git/CV_Image_pose_detection/Data/LLSP/annotation_cleaned/pose_features/train929.npy
train940.mp4,/Users/lindaperez/Documents/COMPUTER_VISION/Final_project/personal-git/CV_Image_pose_detection/Data/LLSP/annotation_cleaned/pose_features/train940.npy
train941.mp4,/Users/lindaperez/Documents/COMPUTER_VISION/Final_project/personal-git/CV_Image_pose_detection/Data/LLSP/annotation_cleaned/pose_features/train941.npy
train951.mp4,/Users/lindaperez/Documents/COMPUTER_VISION/Final_project/personal-git/CV_Image_pose_detection/Data/LLSP/annotation_cleaned/pose_features/train951.npy
train952.mp4,/Users/lindaperez/Documents/COMPUTER_VISION/Final_project/personal-git/CV_Image_pose_detection/Data/LLSP/annotation_cleaned/pose_features/train952.npy
train954.mp4,/Users/lindaperez/Documents/COMPUTER_VISION/Final_project/personal-git/CV_Image_pose_detection/Data/LLSP/annotation_cleaned/pose_features/train954.npy
train960.mp4,/Users/lindaperez/Documents/COMPUTER_VISION/Final_project/personal-git/CV_Image_pose_detection/Data/LLSP/annotation_cleaned/pose_features/train960.npy
train970.mp4,/Users/lindaperez/Documents/COMPUTER_VISION/Final_project/personal-git/CV_Image_pose_detection/Data/LLSP/annotation_cleaned/pose_features/train970.npy
train987.mp4,/Users/lindaperez/Documents/COMPUTER_VISION/Final_project/personal-git/CV_Image_pose_detection/Data/LLSP/annotation_cleaned/pose_features/train987.npy
val1074.mp4,/Users/lindaperez/Documents/COMPUTER_VISION/Final_project/personal-git/CV_Image_pose_detection/Data/LLSP/annotation_cleaned/pose_features/val1074.npy
val1075.mp4,/Users/lindaperez/Documents/COMPUTER_VISION/Final_project/personal-git/CV_Image_pose_detection/Data/LLSP/annotation_cleaned/pose_features/val1075.npy
val1076.mp4,/Users/lindaperez/Documents/COMPUTER_VISION/Final_project/personal-git/CV_Image_pose_detection/Data/LLSP/annotation_cleaned/pose_features/val1076.npy
val1089.mp4,/Users/lindaperez/Documents/COMPUTER_VISION/Final_project/personal-git/CV_Image_pose_detection/Data/LLSP/annotation_cleaned/pose_features/val1089.npy
val1099.mp4,/Users/lindaperez/Documents/COMPUTER_VISION/Final_project/personal-git/CV_Image_pose_detection/Data/LLSP/annotation_cleaned/pose_features/val1099.npy
val1235.mp4,/Users/lindaperez/Documents/COMPUTER_VISION/Final_project/personal-git/CV_Image_pose_detection/Data/LLSP/annotation_cleaned/pose_features/val1235.npy
val1250.mp4,/Users/lindaperez/Documents/COMPUTER_VISION/Final_project/personal-git/CV_Image_pose_detection/Data/LLSP/annotation_cleaned/pose_features/val1250.npy
val1256.mp4,/Users/lindaperez/Documents/COMPUTER_VISION/Final_project/personal-git/CV_Image_pose_detection/Data/LLSP/annotation_cleaned/pose_features/val1256.npy
val1258.mp4,/Users/lindaperez/Documents/COMPUTER_VISION/Final_project/personal-git/CV_Image_pose_detection/Data/LLSP/annotation_cleaned/pose_features/val1258.npy
val359.mp4,/Users/lindaperez/Documents/COMPUTER_VISION/Final_project/personal-git/CV_Image_pose_detection/Data/LLSP/annotation_cleaned/pose_features/val359.npy
val568.mp4,/Users/lindaperez/Documents/COMPUTER_VISION/Final_project/personal-git/CV_Image_pose_detection/Data/LLSP/annotation_cleaned/pose_features/val568.npy
val578.mp4,/Users/lindaperez/Documents/COMPUTER_VISION/Final_project/personal-git/CV_Image_pose_detection/Data/LLSP/annotation_cleaned/pose_features/val578.npy
val581.mp4,/Users/lindaperez/Documents/COMPUTER_VISION/Final_project/personal-git/CV_Image_pose_detection/Data/LLSP/annotation_cleaned/pose_features/val581.npy
val77.mp4,/Users/lindaperez/Documents/COMPUTER_VISION/Final_project/personal-git/CV_Image_pose_detection/Data/LLSP/annotation_cleaned/pose_features/val77.npy
val817.mp4,/Users/lindaperez/Documents/COMPUTER_VISION/Final_project/personal-git/CV_Image_pose_detection/Data/LLSP/annotation_cleaned/pose_features/val817.npy
val819.mp4,/Users/lindaperez/Documents/COMPUTER_VISION/Final_project/personal-git/CV_Image_pose_detection/Data/LLSP/annotation_cleaned/pose_features/val819.npy
val820.mp4,/Users/lindaperez/Documents/COMPUTER_VISION/Final_project/personal-git/CV_Image_pose_detection/Data/LLSP/annotation_cleaned/pose_features/val820.npy
val824.mp4,/Users/lindaperez/Documents/COMPUTER_VISION/Final_project/personal-git/CV_Image_pose_detection/Data/LLSP/annotation_cleaned/pose_features/val824.npy
val826.mp4,/Users/lindaperez/Documents/COMPUTER_VISION/Final_project/personal-git/CV_Image_pose_detection/Data/LLSP/annotation_cleaned/pose_features/val826.npy
val828.mp4,/Users/lindaperez/Documents/COMPUTER_VISION/Final_project/personal-git/CV_Image_pose_detection/Data/LLSP/annotation_cleaned/pose_features/val828.npy
val886.mp4,/Users/lindaperez/Documents/COMPUTER_VISION/Final_project/personal-git/CV_Image_pose_detection/Data/LLSP/annotation_cleaned/pose_features/val886.npy
val890.mp4,/Users/lindaperez/Documents/COMPUTER_VISION/Final_project/personal-git/CV_Image_pose_detection/Data/LLSP/annotation_cleaned/pose_features/val890.npy
val892.mp4,/Users/lindaperez/Documents/COMPUTER_VISION/Final_project/personal-git/CV_Image_pose_detection/Data/LLSP/annotation_cleaned/pose_features/val892.npy
val912.mp4,/Users/lindaperez/Documents/COMPUTER_VISION/Final_project/personal-git/CV_Image_pose_detection/Data/LLSP/annotation_cleaned/pose_features/val912.npy
val914.mp4,/Users/lindaperez/Documents/COMPUTER_VISION/Final_project/personal-git/CV_Image_pose_detection/Data/LLSP/annotation_cleaned/pose_features/val914.npy
stu10_13.mp4,/Users/lindaperez/Documents/COMPUTER_VISION/Final_project/personal-git/CV_Image_pose_detection/Data/LLSP/annotation_cleaned/pose_features/stu10_13.npy
stu10_34.mp4,/Users/lindaperez/Documents/COMPUTER_VISION/Final_project/personal-git/CV_Image_pose_detection/Data/LLSP/annotation_cleaned/pose_features/stu10_34.npy
stu10_39.mp4,/Users/lindaperez/Documents/COMPUTER_VISION/Final_project/personal-git/CV_Image_pose_detection/Data/LLSP/annotation_cleaned/pose_features/stu10_39.npy
stu10_42.mp4,/Users/lindaperez/Documents/COMPUTER_VISION/Final_project/personal-git/CV_Image_pose_detection/Data/LLSP/annotation_cleaned/pose_features/stu10_42.npy
stu10_44.mp4,/Users/lindaperez/Documents/COMPUTER_VISION/Final_project/personal-git/CV_Image_pose_detection/Data/LLSP/annotation_cleaned/pose_features/stu10_44.npy
stu10_47.mp4,/Users/lindaperez/Documents/COMPUTER_VISION/Final_project/personal-git/CV_Image_pose_detection/Data/LLSP/annotation_cleaned/pose_features/stu10_47.npy
stu10_56.mp4,/Users/lindaperez/Documents/COMPUTER_VISION/Final_project/personal-git/CV_Image_pose_detection/Data/LLSP/annotation_cleaned/pose_features/stu10_56.npy
stu10_63.mp4,/Users/lindaperez/Documents/COMPUTER_VISION/Final_project/personal-git/CV_Image_pose_detection/Data/LLSP/annotation_cleaned/pose_features/stu10_63.npy
stu10_67.mp4,/Users/lindaperez/Documents/COMPUTER_VISION/Final_project/personal-git/CV_Image_pose_detection/Data/LLSP/annotation_cleaned/pose_features/stu10_67.npy
stu10_69.mp4,/Users/lindaperez/Documents/COMPUTER_VISION/Final_project/personal-git/CV_Image_pose_detection/Data/LLSP/annotation_cleaned/pose_features/stu10_69.npy
stu10_8.mp4,/Users/lindaperez/Documents/COMPUTER_VISION/Final_project/personal-git/CV_Image_pose_detection/Data/LLSP/annotation_cleaned/pose_features/stu10_8.npy
stu11_30.mp4,/Users/lindaperez/Documents/COMPUTER_VISION/Final_project/personal-git/CV_Image_pose_detection/Data/LLSP/annotation_cleaned/pose_features/stu11_30.npy
stu11_31.mp4,/Users/lindaperez/Documents/COMPUTER_VISION/Final_project/personal-git/CV_Image_pose_detection/Data/LLSP/annotation_cleaned/pose_features/stu11_31.npy
stu11_32.mp4,/Users/lindaperez/Documents/COMPUTER_VISION/Final_project/personal-git/CV_Image_pose_detection/Data/LLSP/annotation_cleaned/pose_features/stu11_32.npy
stu11_33.mp4,/Users/lindaperez/Documents/COMPUTER_VISION/Final_project/personal-git/CV_Image_pose_detection/Data/LLSP/annotation_cleaned/pose_features/stu11_33.npy
stu11_34.mp4,/Users/lindaperez/Documents/COMPUTER_VISION/Final_project/personal-git/CV_Image_pose_detection/Data/LLSP/annotation_cleaned/pose_features/stu11_34.npy
stu11_35.mp4,/Users/lindaperez/Documents/COMPUTER_VISION/Final_project/personal-git/CV_Image_pose_detection/Data/LLSP/annotation_cleaned/pose_features/stu11_35.npy
stu11_36.mp4,/Users/lindaperez/Documents/COMPUTER_VISION/Final_project/personal-git/CV_Image_pose_detection/Data/LLSP/annotation_cleaned/pose_features/stu11_36.npy
stu11_37.mp4,/Users/lindaperez/Documents/COMPUTER_VISION/Final_project/personal-git/CV_Image_pose_detection/Data/LLSP/annotation_cleaned/pose_features/stu11_37.npy
stu11_38.mp4,/Users/lindaperez/Documents/COMPUTER_VISION/Final_project/personal-git/CV_Image_pose_detection/Data/LLSP/annotation_cleaned/pose_features/stu11_38.npy
stu11_39.mp4,/Users/lindaperez/Documents/COMPUTER_VISION/Final_project/personal-git/CV_Image_pose_detection/Data/LLSP/annotation_cleaned/pose_features/stu11_39.npy
stu12_35.mp4,/Users/lindaperez/Documents/COMPUTER_VISION/Final_project/personal-git/CV_Image_pose_detection/Data/LLSP/annotation_cleaned/pose_features/stu12_35.npy
stu12_36.mp4,/Users/lindaperez/Documents/COMPUTER_VISION/Final_project/personal-git/CV_Image_pose_detection/Data/LLSP/annotation_cleaned/pose_features/stu12_36.npy
stu12_37.mp4,/Users/lindaperez/Documents/COMPUTER_VISION/Final_project/personal-git/CV_Image_pose_detection/Data/LLSP/annotation_cleaned/pose_features/stu12_37.npy
stu12_38.mp4,/Users/lindaperez/Documents/COMPUTER_VISION/Final_project/personal-git/CV_Image_pose_detection/Data/LLSP/annotation_cleaned/pose_features/stu12_38.npy
stu12_39.mp4,/Users/lindaperez/Documents/COMPUTER_VISION/Final_project/personal-git/CV_Image_pose_detection/Data/LLSP/annotation_cleaned/pose_features/stu12_39.npy
stu1_17.mp4,/Users/lindaperez/Documents/COMPUTER_VISION/Final_project/personal-git/CV_Image_pose_detection/Data/LLSP/annotation_cleaned/pose_features/stu1_17.npy
stu1_19.mp4,/Users/lindaperez/Documents/COMPUTER_VISION/Final_project/personal-git/CV_Image_pose_detection/Data/LLSP/annotation_cleaned/pose_features/stu1_19.npy
stu1_26.mp4,/Users/lindaperez/Documents/COMPUTER_VISION/Final_project/personal-git/CV_Image_pose_detection/Data/LLSP/annotation_cleaned/pose_features/stu1_26.npy
stu1_34.mp4,/Users/lindaperez/Documents/COMPUTER_VISION/Final_project/personal-git/CV_Image_pose_detection/Data/LLSP/annotation_cleaned/pose_features/stu1_34.npy
stu1_37.mp4,/Users/lindaperez/Documents/COMPUTER_VISION/Final_project/personal-git/CV_Image_pose_detection/Data/LLSP/annotation_cleaned/pose_features/stu1_37.npy
stu1_38.mp4,/Users/lindaperez/Documents/COMPUTER_VISION/Final_project/personal-git/CV_Image_pose_detection/Data/LLSP/annotation_cleaned/pose_features/stu1_38.npy
stu1_39.mp4,/Users/lindaperez/Documents/COMPUTER_VISION/Final_project/personal-git/CV_Image_pose_detection/Data/LLSP/annotation_cleaned/pose_features/stu1_39.npy
stu1_47.mp4,/Users/lindaperez/Documents/COMPUTER_VISION/Final_project/personal-git/CV_Image_pose_detection/Data/LLSP/annotation_cleaned/pose_features/stu1_47.npy
stu1_57.mp4,/Users/lindaperez/Documents/COMPUTER_VISION/Final_project/personal-git/CV_Image_pose_detection/Data/LLSP/annotation_cleaned/pose_features/stu1_57.npy
stu1_8.mp4,/Users/lindaperez/Documents/COMPUTER_VISION/Final_project/personal-git/CV_Image_pose_detection/Data/LLSP/annotation_cleaned/pose_features/stu1_8.npy
stu2_0.mp4,/Users/lindaperez/Documents/COMPUTER_VISION/Final_project/personal-git/CV_Image_pose_detection/Data/LLSP/annotation_cleaned/pose_features/stu2_0.npy
stu2_15.mp4,/Users/lindaperez/Documents/COMPUTER_VISION/Final_project/personal-git/CV_Image_pose_detection/Data/LLSP/annotation_cleaned/pose_features/stu2_15.npy
stu2_21.mp4,/Users/lindaperez/Documents/COMPUTER_VISION/Final_project/personal-git/CV_Image_pose_detection/Data/LLSP/annotation_cleaned/pose_features/stu2_21.npy
stu2_23.mp4,/Users/lindaperez/Documents/COMPUTER_VISION/Final_project/personal-git/CV_Image_pose_detection/Data/LLSP/annotation_cleaned/pose_features/stu2_23.npy
stu2_27.mp4,/Users/lindaperez/Documents/COMPUTER_VISION/Final_project/personal-git/CV_Image_pose_detection/Data/LLSP/annotation_cleaned/pose_features/stu2_27.npy
stu2_56.mp4,/Users/lindaperez/Documents/COMPUTER_VISION/Final_project/personal-git/CV_Image_pose_detection/Data/LLSP/annotation_cleaned/pose_features/stu2_56.npy
stu2_57.mp4,/Users/lindaperez/Documents/COMPUTER_VISION/Final_project/personal-git/CV_Image_pose_detection/Data/LLSP/annotation_cleaned/pose_features/stu2_57.npy
stu2_59.mp4,/Users/lindaperez/Documents/COMPUTER_VISION/Final_project/personal-git/CV_Image_pose_detection/Data/LLSP/annotation_cleaned/pose_features/stu2_59.npy
stu3_1.mp4,/Users/lindaperez/Documents/COMPUTER_VISION/Final_project/personal-git/CV_Image_pose_detection/Data/LLSP/annotation_cleaned/pose_features/stu3_1.npy
stu3_16.mp4,/Users/lindaperez/Documents/COMPUTER_VISION/Final_project/personal-git/CV_Image_pose_detection/Data/LLSP/annotation_cleaned/pose_features/stu3_16.npy
stu3_2.mp4,/Users/lindaperez/Documents/COMPUTER_VISION/Final_project/personal-git/CV_Image_pose_detection/Data/LLSP/annotation_cleaned/pose_features/stu3_2.npy
stu3_3.mp4,/Users/lindaperez/Documents/COMPUTER_VISION/Final_project/personal-git/CV_Image_pose_detection/Data/LLSP/annotation_cleaned/pose_features/stu3_3.npy
stu3_50.mp4,/Users/lindaperez/Documents/COMPUTER_VISION/Final_project/personal-git/CV_Image_pose_detection/Data/LLSP/annotation_cleaned/pose_features/stu3_50.npy
stu3_52.mp4,/Users/lindaperez/Documents/COMPUTER_VISION/Final_project/personal-git/CV_Image_pose_detection/Data/LLSP/annotation_cleaned/pose_features/stu3_52.npy
stu3_54.mp4,/Users/lindaperez/Documents/COMPUTER_VISION/Final_project/personal-git/CV_Image_pose_detection/Data/LLSP/annotation_cleaned/pose_features/stu3_54.npy
stu3_66.mp4,/Users/lindaperez/Documents/COMPUTER_VISION/Final_project/personal-git/CV_Image_pose_detection/Data/LLSP/annotation_cleaned/pose_features/stu3_66.npy
stu4_11.mp4,/Users/lindaperez/Documents/COMPUTER_VISION/Final_project/personal-git/CV_Image_pose_detection/Data/LLSP/annotation_cleaned/pose_features/stu4_11.npy
stu4_22.mp4,/Users/lindaperez/Documents/COMPUTER_VISION/Final_project/personal-git/CV_Image_pose_detection/Data/LLSP/annotation_cleaned/pose_features/stu4_22.npy
stu4_40.mp4,/Users/lindaperez/Documents/COMPUTER_VISION/Final_project/personal-git/CV_Image_pose_detection/Data/LLSP/annotation_cleaned/pose_features/stu4_40.npy
stu4_45.mp4,/Users/lindaperez/Documents/COMPUTER_VISION/Final_project/personal-git/CV_Image_pose_detection/Data/LLSP/annotation_cleaned/pose_features/stu4_45.npy
stu4_59.mp4,/Users/lindaperez/Documents/COMPUTER_VISION/Final_project/personal-git/CV_Image_pose_detection/Data/LLSP/annotation_cleaned/pose_features/stu4_59.npy
stu4_70.mp4,/Users/lindaperez/Documents/COMPUTER_VISION/Final_project/personal-git/CV_Image_pose_detection/Data/LLSP/annotation_cleaned/pose_features/stu4_70.npy
stu5_17.mp4,/Users/lindaperez/Documents/COMPUTER_VISION/Final_project/personal-git/CV_Image_pose_detection/Data/LLSP/annotation_cleaned/pose_features/stu5_17.npy
stu5_19.mp4,/Users/lindaperez/Documents/COMPUTER_VISION/Final_project/personal-git/CV_Image_pose_detection/Data/LLSP/annotation_cleaned/pose_features/stu5_19.npy
stu5_21.mp4,/Users/lindaperez/Documents/COMPUTER_VISION/Final_project/personal-git/CV_Image_pose_detection/Data/LLSP/annotation_cleaned/pose_features/stu5_21.npy
stu5_22.mp4,/Users/lindaperez/Documents/COMPUTER_VISION/Final_project/personal-git/CV_Image_pose_detection/Data/LLSP/annotation_cleaned/pose_features/stu5_22.npy
stu5_24.mp4,/Users/lindaperez/Documents/COMPUTER_VISION/Final_project/personal-git/CV_Image_pose_detection/Data/LLSP/annotation_cleaned/pose_features/stu5_24.npy
stu5_26.mp4,/Users/lindaperez/Documents/COMPUTER_VISION/Final_project/personal-git/CV_Image_pose_detection/Data/LLSP/annotation_cleaned/pose_features/stu5_26.npy
stu5_36.mp4,/Users/lindaperez/Documents/COMPUTER_VISION/Final_project/personal-git/CV_Image_pose_detection/Data/LLSP/annotation_cleaned/pose_features/stu5_36.npy
stu5_40.mp4,/Users/lindaperez/Documents/COMPUTER_VISION/Final_project/personal-git/CV_Image_pose_detection/Data/LLSP/annotation_cleaned/pose_features/stu5_40.npy
stu5_45.mp4,/Users/lindaperez/Documents/COMPUTER_VISION/Final_project/personal-git/CV_Image_pose_detection/Data/LLSP/annotation_cleaned/pose_features/stu5_45.npy
stu5_5.mp4,/Users/lindaperez/Documents/COMPUTER_VISION/Final_project/personal-git/CV_Image_pose_detection/Data/LLSP/annotation_cleaned/pose_features/stu5_5.npy
stu5_59.mp4,/Users/lindaperez/Documents/COMPUTER_VISION/Final_project/personal-git/CV_Image_pose_detection/Data/LLSP/annotation_cleaned/pose_features/stu5_59.npy
stu5_71.mp4,/Users/lindaperez/Documents/COMPUTER_VISION/Final_project/personal-git/CV_Image_pose_detection/Data/LLSP/annotation_cleaned/pose_features/stu5_71.npy
stu5_9.mp4,/Users/lindaperez/Documents/COMPUTER_VISION/Final_project/personal-git/CV_Image_pose_detection/Data/LLSP/annotation_cleaned/pose_features/stu5_9.npy
stu6_0.mp4,/Users/lindaperez/Documents/COMPUTER_VISION/Final_project/personal-git/CV_Image_pose_detection/Data/LLSP/annotation_cleaned/pose_features/stu6_0.npy
stu6_16.mp4,/Users/lindaperez/Documents/COMPUTER_VISION/Final_project/personal-git/CV_Image_pose_detection/Data/LLSP/annotation_cleaned/pose_features/stu6_16.npy
stu6_17.mp4,/Users/lindaperez/Documents/COMPUTER_VISION/Final_project/personal-git/CV_Image_pose_detection/Data/LLSP/annotation_cleaned/pose_features/stu6_17.npy
stu6_21.mp4,/Users/lindaperez/Documents/COMPUTER_VISION/Final_project/personal-git/CV_Image_pose_detection/Data/LLSP/annotation_cleaned/pose_features/stu6_21.npy
stu6_34.mp4,/Users/lindaperez/Documents/COMPUTER_VISION/Final_project/personal-git/CV_Image_pose_detection/Data/LLSP/annotation_cleaned/pose_features/stu6_34.npy
stu6_4.mp4,/Users/lindaperez/Documents/COMPUTER_VISION/Final_project/personal-git/CV_Image_pose_detection/Data/LLSP/annotation_cleaned/pose_features/stu6_4.npy
stu6_47.mp4,/Users/lindaperez/Documents/COMPUTER_VISION/Final_project/personal-git/CV_Image_pose_detection/Data/LLSP/annotation_cleaned/pose_features/stu6_47.npy
stu6_48.mp4,/Users/lindaperez/Documents/COMPUTER_VISION/Final_project/personal-git/CV_Image_pose_detection/Data/LLSP/annotation_cleaned/pose_features/stu6_48.npy
stu6_57.mp4,/Users/lindaperez/Documents/COMPUTER_VISION/Final_project/personal-git/CV_Image_pose_detection/Data/LLSP/annotation_cleaned/pose_features/stu6_57.npy
stu6_61.mp4,/Users/lindaperez/Documents/COMPUTER_VISION/Final_project/personal-git/CV_Image_pose_detection/Data/LLSP/annotation_cleaned/pose_features/stu6_61.npy
stu6_7.mp4,/Users/lindaperez/Documents/COMPUTER_VISION/Final_project/personal-git/CV_Image_pose_detection/Data/LLSP/annotation_cleaned/pose_features/stu6_7.npy
stu7_1.mp4,/Users/lindaperez/Documents/COMPUTER_VISION/Final_project/personal-git/CV_Image_pose_detection/Data/LLSP/annotation_cleaned/pose_features/stu7_1.npy
stu7_16.mp4,/Users/lindaperez/Documents/COMPUTER_VISION/Final_project/personal-git/CV_Image_pose_detection/Data/LLSP/annotation_cleaned/pose_features/stu7_16.npy
stu7_19.mp4,/Users/lindaperez/Documents/COMPUTER_VISION/Final_project/personal-git/CV_Image_pose_detection/Data/LLSP/annotation_cleaned/pose_features/stu7_19.npy
stu7_24.mp4,/Users/lindaperez/Documents/COMPUTER_VISION/Final_project/personal-git/CV_Image_pose_detection/Data/LLSP/annotation_cleaned/pose_features/stu7_24.npy
stu7_26.mp4,/Users/lindaperez/Documents/COMPUTER_VISION/Final_project/personal-git/CV_Image_pose_detection/Data/LLSP/annotation_cleaned/pose_features/stu7_26.npy
stu7_36.mp4,/Users/lindaperez/Documents/COMPUTER_VISION/Final_project/personal-git/CV_Image_pose_detection/Data/LLSP/annotation_cleaned/pose_features/stu7_36.npy
stu7_43.mp4,/Users/lindaperez/Documents/COMPUTER_VISION/Final_project/personal-git/CV_Image_pose_detection/Data/LLSP/annotation_cleaned/pose_features/stu7_43.npy
stu7_53.mp4,/Users/lindaperez/Documents/COMPUTER_VISION/Final_project/personal-git/CV_Image_pose_detection/Data/LLSP/annotation_cleaned/pose_features/stu7_53.npy
stu7_65.mp4,/Users/lindaperez/Documents/COMPUTER_VISION/Final_project/personal-git/CV_Image_pose_detection/Data/LLSP/annotation_cleaned/pose_features/stu7_65.npy
stu7_66.mp4,/Users/lindaperez/Documents/COMPUTER_VISION/Final_project/personal-git/CV_Image_pose_detection/Data/LLSP/annotation_cleaned/pose_features/stu7_66.npy
stu8_14.mp4,/Users/lindaperez/Documents/COMPUTER_VISION/Final_project/personal-git/CV_Image_pose_detection/Data/LLSP/annotation_cleaned/pose_features/stu8_14.npy
stu8_37.mp4,/Users/lindaperez/Documents/COMPUTER_VISION/Final_project/personal-git/CV_Image_pose_detection/Data/LLSP/annotation_cleaned/pose_features/stu8_37.npy
stu8_43.mp4,/Users/lindaperez/Documents/COMPUTER_VISION/Final_project/personal-git/CV_Image_pose_detection/Data/LLSP/annotation_cleaned/pose_features/stu8_43.npy
stu8_47.mp4,/Users/lindaperez/Documents/COMPUTER_VISION/Final_project/personal-git/CV_Image_pose_detection/Data/LLSP/annotation_cleaned/pose_features/stu8_47.npy
stu8_52.mp4,/Users/lindaperez/Documents/COMPUTER_VISION/Final_project/personal-git/CV_Image_pose_detection/Data/LLSP/annotation_cleaned/pose_features/stu8_52.npy
stu8_53.mp4,/Users/lindaperez/Documents/COMPUTER_VISION/Final_project/personal-git/CV_Image_pose_detection/Data/LLSP/annotation_cleaned/pose_features/stu8_53.npy
stu8_54.mp4,/Users/lindaperez/Documents/COMPUTER_VISION/Final_project/personal-git/CV_Image_pose_detection/Data/LLSP/annotation_cleaned/pose_features/stu8_54.npy
stu8_62.mp4,/Users/lindaperez/Documents/COMPUTER_VISION/Final_project/personal-git/CV_Image_pose_detection/Data/LLSP/annotation_cleaned/pose_features/stu8_62.npy
stu8_7.mp4,/Users/lindaperez/Documents/COMPUTER_VISION/Final_project/personal-git/CV_Image_pose_detection/Data/LLSP/annotation_cleaned/pose_features/stu8_7.npy
stu9_13.mp4,/Users/lindaperez/Documents/COMPUTER_VISION/Final_project/personal-git/CV_Image_pose_detection/Data/LLSP/annotation_cleaned/pose_features/stu9_13.npy
stu9_18.mp4,/Users/lindaperez/Documents/COMPUTER_VISION/Final_project/personal-git/CV_Image_pose_detection/Data/LLSP/annotation_cleaned/pose_features/stu9_18.npy
stu9_19.mp4,/Users/lindaperez/Documents/COMPUTER_VISION/Final_project/personal-git/CV_Image_pose_detection/Data/LLSP/annotation_cleaned/pose_features/stu9_19.npy
stu9_32.mp4,/Users/lindaperez/Documents/COMPUTER_VISION/Final_project/personal-git/CV_Image_pose_detection/Data/LLSP/annotation_cleaned/pose_features/stu9_32.npy
stu9_55.mp4,/Users/lindaperez/Documents/COMPUTER_VISION/Final_project/personal-git/CV_Image_pose_detection/Data/LLSP/annotation_cleaned/pose_features/stu9_55.npy
stu9_67.mp4,/Users/lindaperez/Documents/COMPUTER_VISION/Final_project/personal-git/CV_Image_pose_detection/Data/LLSP/annotation_cleaned/pose_features/stu9_67.npy
stu9_8.mp4,/Users/lindaperez/Documents/COMPUTER_VISION/Final_project/personal-git/CV_Image_pose_detection/Data/LLSP/annotation_cleaned/pose_features/stu9_8.npy
stu9_9.mp4,/Users/lindaperez/Documents/COMPUTER_VISION/Final_project/personal-git/CV_Image_pose_detection/Data/LLSP/annotation_cleaned/pose_features/stu9_9.npy
test159.mp4,/Users/lindaperez/Documents/COMPUTER_VISION/Final_project/personal-git/CV_Image_pose_detection/Data/LLSP/annotation_cleaned/pose_features/test159.npy
test1595.mp4,/Users/lindaperez/Documents/COMPUTER_VISION/Final_project/personal-git/CV_Image_pose_detection/Data/LLSP/annotation_cleaned/pose_features/test1595.npy
test2023.mp4,/Users/lindaperez/Documents/COMPUTER_VISION/Final_project/personal-git/CV_Image_pose_detection/Data/LLSP/annotation_cleaned/pose_features/test2023.npy
test2029.mp4,/Users/lindaperez/Documents/COMPUTER_VISION/Final_project/personal-git/CV_Image_pose_detection/Data/LLSP/annotation_cleaned/pose_features/test2029.npy
test2349.mp4,/Users/lindaperez/Documents/COMPUTER_VISION/Final_project/personal-git/CV_Image_pose_detection/Data/LLSP/annotation_cleaned/pose_features/test2349.npy
test571.mp4,/Users/lindaperez/Documents/COMPUTER_VISION/Final_project/personal-git/CV_Image_pose_detection/Data/LLSP/annotation_cleaned/pose_features/test571.npy
train1010.mp4,/Users/lindaperez/Documents/COMPUTER_VISION/Final_project/personal-git/CV_Image_pose_detection/Data/LLSP/annotation_cleaned/pose_features/train1010.npy
train1025.mp4,/Users/lindaperez/Documents/COMPUTER_VISION/Final_project/personal-git/CV_Image_pose_detection/Data/LLSP/annotation_cleaned/pose_features/train1025.npy
train1630.mp4,/Users/lindaperez/Documents/COMPUTER_VISION/Final_project/personal-git/CV_Image_pose_detection/Data/LLSP/annotation_cleaned/pose_features/train1630.npy
train2481.mp4,/Users/lindaperez/Documents/COMPUTER_VISION/Final_project/personal-git/CV_Image_pose_detection/Data/LLSP/annotation_cleaned/pose_features/train2481.npy
train2542.mp4,/Users/lindaperez/Documents/COMPUTER_VISION/Final_project/personal-git/CV_Image_pose_detection/Data/LLSP/annotation_cleaned/pose_features/train2542.npy
train2711.mp4,/Users/lindaperez/Documents/COMPUTER_VISION/Final_project/personal-git/CV_Image_pose_detection/Data/LLSP/annotation_cleaned/pose_features/train2711.npy
train2716.mp4,/Users/lindaperez/Documents/COMPUTER_VISION/Final_project/personal-git/CV_Image_pose_detection/Data/LLSP/annotation_cleaned/pose_features/train2716.npy
train2720.mp4,/Users/lindaperez/Documents/COMPUTER_VISION/Final_project/personal-git/CV_Image_pose_detection/Data/LLSP/annotation_cleaned/pose_features/train2720.npy
train2748.mp4,/Users/lindaperez/Documents/COMPUTER_VISION/Final_project/personal-git/CV_Image_pose_detection/Data/LLSP/annotation_cleaned/pose_features/train2748.npy
train3348.mp4,/Users/lindaperez/Documents/COMPUTER_VISION/Final_project/personal-git/CV_Image_pose_detection/Data/LLSP/annotation_cleaned/pose_features/train3348.npy
train3898.mp4,/Users/lindaperez/Documents/COMPUTER_VISION/Final_project/personal-git/CV_Image_pose_detection/Data/LLSP/annotation_cleaned/pose_features/train3898.npy
train3921.mp4,/Users/lindaperez/Documents/COMPUTER_VISION/Final_project/personal-git/CV_Image_pose_detection/Data/LLSP/annotation_cleaned/pose_features/train3921.npy
train3946.mp4,/Users/lindaperez/Documents/COMPUTER_VISION/Final_project/personal-git/CV_Image_pose_detection/Data/LLSP/annotation_cleaned/pose_features/train3946.npy
train990.mp4,/Users/lindaperez/Documents/COMPUTER_VISION/Final_project/personal-git/CV_Image_pose_detection/Data/LLSP/annotation_cleaned/pose_features/train990.npy
val1093.mp4,/Users/lindaperez/Documents/COMPUTER_VISION/Final_project/personal-git/CV_Image_pose_detection/Data/LLSP/annotation_cleaned/pose_features/val1093.npy
val901.mp4,/Users/lindaperez/Documents/COMPUTER_VISION/Final_project/personal-git/CV_Image_pose_detection/Data/LLSP/annotation_cleaned/pose_features/val901.npy
