name,video_path,feature_path,type,split,count,status,frames_total,frames_used,feature_dim,backbone,message
stu8_42.mp4,/content/drive/MyDrive/FinalProjectCV/CV_Image_pose_detection/Data/LLSP/video/test/stu8_42.mp4,/content/drive/MyDrive/FinalProjectCV/CV_Image_pose_detection/Data/LLSP/annotation_cleaned/rgb_resnet50_features/stu8_42_rgb_resnet50.npy,push_up,test,6,ok,450,128,2048,resnet50,
stu2_39.mp4,/content/drive/MyDrive/FinalProjectCV/CV_Image_pose_detection/Data/LLSP/video/test/stu2_39.mp4,/content/drive/MyDrive/FinalProjectCV/CV_Image_pose_detection/Data/LLSP/annotation_cleaned/rgb_resnet50_features/stu2_39_rgb_resnet50.npy,pull_up,test,6,ok,540,128,2048,resnet50,
train2737.mp4,/content/drive/MyDrive/FinalProjectCV/CV_Image_pose_detection/Data/LLSP/video/test/train2737.mp4,/content/drive/MyDrive/FinalProjectCV/CV_Image_pose_detection/Data/LLSP/annotation_cleaned/rgb_resnet50_features/train2737_rgb_resnet50.npy,push_up,test,3,ok,300,128,2048,resnet50,
val1244.mp4,/content/drive/MyDrive/FinalProjectCV/CV_Image_pose_detection/Data/LLSP/video/test/val1244.mp4,/content/drive/MyDrive/FinalProjectCV/CV_Image_pose_detection/Data/LLSP/annotation_cleaned/rgb_resnet50_features/val1244_rgb_resnet50.npy,squat,test,1,ok,250,128,2048,resnet50,
val1257.mp4,/content/drive/MyDrive/FinalProjectCV/CV_Image_pose_detection/Data/LLSP/video/test/val1257.mp4,/content/drive/MyDrive/FinalProjectCV/CV_Image_pose_detection/Data/LLSP/annotation_cleaned/rgb_resnet50_features/val1257_rgb_resnet50.npy,squat,test,2,ok,300,128,2048,resnet50,
stu7_45.mp4,/content/drive/MyDrive/FinalProjectCV/CV_Image_pose_detection/Data/LLSP/video/test/stu7_45.mp4,/content/drive/MyDrive/FinalProjectCV/CV_Image_pose_detection/Data/LLSP/annotation_cleaned/rgb_resnet50_features/stu7_45_rgb_resnet50.npy,push_up,test,3,ok,752,128,2048,resnet50,
stu9_64.mp4,/content/drive/MyDrive/FinalProjectCV/CV_Image_pose_detection/Data/LLSP/video/test/stu9_64.mp4,/content/drive/MyDrive/FinalProjectCV/CV_Image_pose_detection/Data/LLSP/annotation_cleaned/rgb_resnet50_features/stu9_64_rgb_resnet50.npy,squat,test,14,ok,1230,128,2048,resnet50,
stu9_52.mp4,/content/drive/MyDrive/FinalProjectCV/CV_Image_pose_detection/Data/LLSP/video/test/stu9_52.mp4,/content/drive/MyDrive/FinalProjectCV/CV_Image_pose_detection/Data/LLSP/annotation_cleaned/rgb_resnet50_features/stu9_52_rgb_resnet50.npy,push_up,test,57,ok,1108,128,2048,resnet50,
stu9_48.mp4,/content/drive/MyDrive/FinalProjectCV/CV_Image_pose_detection/Data/LLSP/video/test/stu9_48.mp4,/content/drive/MyDrive/FinalProjectCV/CV_Image_pose_detection/Data/LLSP/annotation_cleaned/rgb_resnet50_features/stu9_48_rgb_resnet50.npy,push_up,test,27,ok,1770,128,2048,resnet50,
stu10_48.mp4,/content/drive/MyDrive/FinalProjectCV/CV_Image_pose_detection/Data/LLSP/video/test/stu10_48.mp4,/content/drive/MyDrive/FinalProjectCV/CV_Image_pose_detection/Data/LLSP/annotation_cleaned/rgb_resnet50_features/stu10_48_rgb_resnet50.npy,push_up,test,5,ok,899,128,2048,resnet50,
train2508.mp4,/content/drive/MyDrive/FinalProjectCV/CV_Image_pose_detection/Data/LLSP/video/test/train2508.mp4,/content/drive/MyDrive/FinalProjectCV/CV_Image_pose_detection/Data/LLSP/annotation_cleaned/rgb_resnet50_features/train2508_rgb_resnet50.npy,pull_up,test,4,ok,300,128,2048,resnet50,
stu10_36.mp4,/content/drive/MyDrive/FinalProjectCV/CV_Image_pose_detection/Data/LLSP/video/test/stu10_36.mp4,/content/drive/MyDrive/FinalProjectCV/CV_Image_pose_detection/Data/LLSP/annotation_cleaned/rgb_resnet50_features/stu10_36_rgb_resnet50.npy,pull_up,test,29,ok,1710,128,2048,resnet50,
stu6_63.mp4,/content/drive/MyDrive/FinalProjectCV/CV_Image_pose_detection/Data/LLSP/video/test/stu6_63.mp4,/content/drive/MyDrive/FinalProjectCV/CV_Image_pose_detection/Data/LLSP/annotation_cleaned/rgb_resnet50_features/stu6_63_rgb_resnet50.npy,squat,test,17,ok,1109,128,2048,resnet50,
stu4_69.mp4,/content/drive/MyDrive/FinalProjectCV/CV_Image_pose_detection/Data/LLSP/video/test/stu4_69.mp4,/content/drive/MyDrive/FinalProjectCV/CV_Image_pose_detection/Data/LLSP/annotation_cleaned/rgb_resnet50_features/stu4_69_rgb_resnet50.npy,squat,test,2,ok,300,128,2048,resnet50,
stu5_47.mp4,/content/drive/MyDrive/FinalProjectCV/CV_Image_pose_detection/Data/LLSP/video/test/stu5_47.mp4,/content/drive/MyDrive/FinalProjectCV/CV_Image_pose_detection/Data/LLSP/annotation_cleaned/rgb_resnet50_features/stu5_47_rgb_resnet50.npy,push_up,test,30,ok,1799,128,2048,resnet50,
stu8_70.mp4,/content/drive/MyDrive/FinalProjectCV/CV_Image_pose_detection/Data/LLSP/video/test/stu8_70.mp4,/content/drive/MyDrive/FinalProjectCV/CV_Image_pose_detection/Data/LLSP/annotation_cleaned/rgb_resnet50_features/stu8_70_rgb_resnet50.npy,squat,test,4,ok,1499,128,2048,resnet50,
stu8_38.mp4,/content/drive/MyDrive/FinalProjectCV/CV_Image_pose_detection/Data/LLSP/video/test/stu8_38.mp4,/content/drive/MyDrive/FinalProjectCV/CV_Image_pose_detection/Data/LLSP/annotation_cleaned/rgb_resnet50_features/stu8_38_rgb_resnet50.npy,pull_up,test,16,ok,1798,128,2048,resnet50,
stu4_64.mp4,/content/drive/MyDrive/FinalProjectCV/CV_Image_pose_detection/Data/LLSP/video/test/stu4_64.mp4,/content/drive/MyDrive/FinalProjectCV/CV_Image_pose_detection/Data/LLSP/annotation_cleaned/rgb_resnet50_features/stu4_64_rgb_resnet50.npy,squat,test,14,ok,1110,128,2048,resnet50,
stu5_62.mp4,/content/drive/MyDrive/FinalProjectCV/CV_Image_pose_detection/Data/LLSP/video/test/stu5_62.mp4,/content/drive/MyDrive/FinalProjectCV/CV_Image_pose_detection/Data/LLSP/annotation_cleaned/rgb_resnet50_features/stu5_62_rgb_resnet50.npy,squat,test,32,ok,1560,128,2048,resnet50,
stu7_35.mp4,/content/drive/MyDrive/FinalProjectCV/CV_Image_pose_detection/Data/LLSP/video/test/stu7_35.mp4,/content/drive/MyDrive/FinalProjectCV/CV_Image_pose_detection/Data/LLSP/annotation_cleaned/rgb_resnet50_features/stu7_35_rgb_resnet50.npy,pull_up,test,22,ok,720,128,2048,resnet50,
stu6_30.mp4,/content/drive/MyDrive/FinalProjectCV/CV_Image_pose_detection/Data/LLSP/video/test/stu6_30.mp4,/content/drive/MyDrive/FinalProjectCV/CV_Image_pose_detection/Data/LLSP/annotation_cleaned/rgb_resnet50_features/stu6_30_rgb_resnet50.npy,pull_up,test,2,ok,1229,128,2048,resnet50,
stu9_36.mp4,/content/drive/MyDrive/FinalProjectCV/CV_Image_pose_detection/Data/LLSP/video/test/stu9_36.mp4,/content/drive/MyDrive/FinalProjectCV/CV_Image_pose_detection/Data/LLSP/annotation_cleaned/rgb_resnet50_features/stu9_36_rgb_resnet50.npy,pull_up,test,11,ok,750,128,2048,resnet50,
stu1_40.mp4,/content/drive/MyDrive/FinalProjectCV/CV_Image_pose_detection/Data/LLSP/video/test/stu1_40.mp4,/content/drive/MyDrive/FinalProjectCV/CV_Image_pose_detection/Data/LLSP/annotation_cleaned/rgb_resnet50_features/stu1_40_rgb_resnet50.npy,pull_up,test,8,ok,336,128,2048,resnet50,
stu4_63.mp4,/content/drive/MyDrive/FinalProjectCV/CV_Image_pose_detection/Data/LLSP/video/test/stu4_63.mp4,/content/drive/MyDrive/FinalProjectCV/CV_Image_pose_detection/Data/LLSP/annotation_cleaned/rgb_resnet50_features/stu4_63_rgb_resnet50.npy,squat,test,14,ok,1050,128,2048,resnet50,
stu4_46.mp4,/content/drive/MyDrive/FinalProjectCV/CV_Image_pose_detection/Data/LLSP/video/test/stu4_46.mp4,/content/drive/MyDrive/FinalProjectCV/CV_Image_pose_detection/Data/LLSP/annotation_cleaned/rgb_resnet50_features/stu4_46_rgb_resnet50.npy,push_up,test,45,ok,1800,128,2048,resnet50,
stu8_71.mp4,/content/drive/MyDrive/FinalProjectCV/CV_Image_pose_detection/Data/LLSP/video/test/stu8_71.mp4,/content/drive/MyDrive/FinalProjectCV/CV_Image_pose_detection/Data/LLSP/annotation_cleaned/rgb_resnet50_features/stu8_71_rgb_resnet50.npy,squat,test,4,ok,300,128,2048,resnet50,
test2315.mp4,/content/drive/MyDrive/FinalProjectCV/CV_Image_pose_detection/Data/LLSP/video/test/test2315.mp4,/content/drive/MyDrive/FinalProjectCV/CV_Image_pose_detection/Data/LLSP/annotation_cleaned/rgb_resnet50_features/test2315_rgb_resnet50.npy,squat,test,3,ok,300,128,2048,resnet50,
stu8_45.mp4,/content/drive/MyDrive/FinalProjectCV/CV_Image_pose_detection/Data/LLSP/video/test/stu8_45.mp4,/content/drive/MyDrive/FinalProjectCV/CV_Image_pose_detection/Data/LLSP/annotation_cleaned/rgb_resnet50_features/stu8_45_rgb_resnet50.npy,push_up,test,11,ok,720,128,2048,resnet50,
test2320.mp4,/content/drive/MyDrive/FinalProjectCV/CV_Image_pose_detection/Data/LLSP/video/test/test2320.mp4,/content/drive/MyDrive/FinalProjectCV/CV_Image_pose_detection/Data/LLSP/annotation_cleaned/rgb_resnet50_features/test2320_rgb_resnet50.npy,squat,test,4,ok,300,128,2048,resnet50,
stu4_29.mp4,/content/drive/MyDrive/FinalProjectCV/CV_Image_pose_detection/Data/LLSP/video/test/stu4_29.mp4,/content/drive/MyDrive/FinalProjectCV/CV_Image_pose_detection/Data/LLSP/annotation_cleaned/rgb_resnet50_features/stu4_29_rgb_resnet50.npy,pull_up,test,5,ok,1109,128,2048,resnet50,
stu9_47.mp4,/content/drive/MyDrive/FinalProjectCV/CV_Image_pose_detection/Data/LLSP/video/test/stu9_47.mp4,/content/drive/MyDrive/FinalProjectCV/CV_Image_pose_detection/Data/LLSP/annotation_cleaned/rgb_resnet50_features/stu9_47_rgb_resnet50.npy,push_up,test,2,ok,800,128,2048,resnet50,
stu6_68.mp4,/content/drive/MyDrive/FinalProjectCV/CV_Image_pose_detection/Data/LLSP/video/test/stu6_68.mp4,/content/drive/MyDrive/FinalProjectCV/CV_Image_pose_detection/Data/LLSP/annotation_cleaned/rgb_resnet50_features/stu6_68_rgb_resnet50.npy,squat,test,6,ok,840,128,2048,resnet50,
stu2_34.mp4,/content/drive/MyDrive/FinalProjectCV/CV_Image_pose_detection/Data/LLSP/video/test/stu2_34.mp4,/content/drive/MyDrive/FinalProjectCV/CV_Image_pose_detection/Data/LLSP/annotation_cleaned/rgb_resnet50_features/stu2_34_rgb_resnet50.npy,pull_up,test,17,ok,870,128,2048,resnet50,
stu10_43.mp4,/content/drive/MyDrive/FinalProjectCV/CV_Image_pose_detection/Data/LLSP/video/test/stu10_43.mp4,/content/drive/MyDrive/FinalProjectCV/CV_Image_pose_detection/Data/LLSP/annotation_cleaned/rgb_resnet50_features/stu10_43_rgb_resnet50.npy,push_up,test,17,ok,1799,128,2048,resnet50,
stu9_71.mp4,/content/drive/MyDrive/FinalProjectCV/CV_Image_pose_detection/Data/LLSP/video/test/stu9_71.mp4,/content/drive/MyDrive/FinalProjectCV/CV_Image_pose_detection/Data/LLSP/annotation_cleaned/rgb_resnet50_features/stu9_71_rgb_resnet50.npy,squat,test,1,ok,192,128,2048,resnet50,
stu9_45.mp4,/content/drive/MyDrive/FinalProjectCV/CV_Image_pose_detection/Data/LLSP/video/test/stu9_45.mp4,/content/drive/MyDrive/FinalProjectCV/CV_Image_pose_detection/Data/LLSP/annotation_cleaned/rgb_resnet50_features/stu9_45_rgb_resnet50.npy,pull_up,test,12,ok,990,128,2048,resnet50,
stu5_32.mp4,/content/drive/MyDrive/FinalProjectCV/CV_Image_pose_detection/Data/LLSP/video/test/stu5_32.mp4,/content/drive/MyDrive/FinalProjectCV/CV_Image_pose_detection/Data/LLSP/annotation_cleaned/rgb_resnet50_features/stu5_32_rgb_resnet50.npy,pull_up,test,30,ok,1078,128,2048,resnet50,
stu6_42.mp4,/content/drive/MyDrive/FinalProjectCV/CV_Image_pose_detection/Data/LLSP/video/test/stu6_42.mp4,/content/drive/MyDrive/FinalProjectCV/CV_Image_pose_detection/Data/LLSP/annotation_cleaned/rgb_resnet50_features/stu6_42_rgb_resnet50.npy,push_up,test,8,ok,1710,128,2048,resnet50,
stu6_65.mp4,/content/drive/MyDrive/FinalProjectCV/CV_Image_pose_detection/Data/LLSP/video/test/stu6_65.mp4,/content/drive/MyDrive/FinalProjectCV/CV_Image_pose_detection/Data/LLSP/annotation_cleaned/rgb_resnet50_features/stu6_65_rgb_resnet50.npy,squat,test,19,ok,990,128,2048,resnet50,
stu5_68.mp4,/content/drive/MyDrive/FinalProjectCV/CV_Image_pose_detection/Data/LLSP/video/test/stu5_68.mp4,/content/drive/MyDrive/FinalProjectCV/CV_Image_pose_detection/Data/LLSP/annotation_cleaned/rgb_resnet50_features/stu5_68_rgb_resnet50.npy,squat,test,20,ok,1378,128,2048,resnet50,
stu6_39.mp4,/content/drive/MyDrive/FinalProjectCV/CV_Image_pose_detection/Data/LLSP/video/test/stu6_39.mp4,/content/drive/MyDrive/FinalProjectCV/CV_Image_pose_detection/Data/LLSP/annotation_cleaned/rgb_resnet50_features/stu6_39_rgb_resnet50.npy,push_up,test,29,ok,1470,128,2048,resnet50,
train2659.mp4,/content/drive/MyDrive/FinalProjectCV/CV_Image_pose_detection/Data/LLSP/video/test/train2659.mp4,/content/drive/MyDrive/FinalProjectCV/CV_Image_pose_detection/Data/LLSP/annotation_cleaned/rgb_resnet50_features/train2659_rgb_resnet50.npy,push_up,test,4,ok,300,128,2048,resnet50,
stu3_39.mp4,/content/drive/MyDrive/FinalProjectCV/CV_Image_pose_detection/Data/LLSP/video/test/stu3_39.mp4,/content/drive/MyDrive/FinalProjectCV/CV_Image_pose_detection/Data/LLSP/annotation_cleaned/rgb_resnet50_features/stu3_39_rgb_resnet50.npy,pull_up,test,14,ok,1379,128,2048,resnet50,
train2534.mp4,/content/drive/MyDrive/FinalProjectCV/CV_Image_pose_detection/Data/LLSP/video/test/train2534.mp4,/content/drive/MyDrive/FinalProjectCV/CV_Image_pose_detection/Data/LLSP/annotation_cleaned/rgb_resnet50_features/train2534_rgb_resnet50.npy,pull_up,test,2,ok,300,128,2048,resnet50,
stu1_30.mp4,/content/drive/MyDrive/FinalProjectCV/CV_Image_pose_detection/Data/LLSP/video/test/stu1_30.mp4,/content/drive/MyDrive/FinalProjectCV/CV_Image_pose_detection/Data/LLSP/annotation_cleaned/rgb_resnet50_features/stu1_30_rgb_resnet50.npy,pull_up,test,2,ok,360,128,2048,resnet50,
stu4_68.mp4,/content/drive/MyDrive/FinalProjectCV/CV_Image_pose_detection/Data/LLSP/video/test/stu4_68.mp4,/content/drive/MyDrive/FinalProjectCV/CV_Image_pose_detection/Data/LLSP/annotation_cleaned/rgb_resnet50_features/stu4_68_rgb_resnet50.npy,squat,test,5,ok,1320,128,2048,resnet50,
test1454.mp4,/content/drive/MyDrive/FinalProjectCV/CV_Image_pose_detection/Data/LLSP/video/test/test1454.mp4,/content/drive/MyDrive/FinalProjectCV/CV_Image_pose_detection/Data/LLSP/annotation_cleaned/rgb_resnet50_features/test1454_rgb_resnet50.npy,pull_up,test,6,ok,300,128,2048,resnet50,
train3899.mp4,/content/drive/MyDrive/FinalProjectCV/CV_Image_pose_detection/Data/LLSP/video/test/train3899.mp4,/content/drive/MyDrive/FinalProjectCV/CV_Image_pose_detection/Data/LLSP/annotation_cleaned/rgb_resnet50_features/train3899_rgb_resnet50.npy,squat,test,2,ok,300,128,2048,resnet50,
stu2_36.mp4,/content/drive/MyDrive/FinalProjectCV/CV_Image_pose_detection/Data/LLSP/video/test/stu2_36.mp4,/content/drive/MyDrive/FinalProjectCV/CV_Image_pose_detection/Data/LLSP/annotation_cleaned/rgb_resnet50_features/stu2_36_rgb_resnet50.npy,pull_up,test,5,ok,240,128,2048,resnet50,
stu2_37.mp4,/content/drive/MyDrive/FinalProjectCV/CV_Image_pose_detection/Data/LLSP/video/test/stu2_37.mp4,/content/drive/MyDrive/FinalProjectCV/CV_Image_pose_detection/Data/LLSP/annotation_cleaned/rgb_resnet50_features/stu2_37_rgb_resnet50.npy,pull_up,test,17,ok,1799,128,2048,resnet50,
stu8_46.mp4,/content/drive/MyDrive/FinalProjectCV/CV_Image_pose_detection/Data/LLSP/video/test/stu8_46.mp4,/content/drive/MyDrive/FinalProjectCV/CV_Image_pose_detection/Data/LLSP/annotation_cleaned/rgb_resnet50_features/stu8_46_rgb_resnet50.npy,push_up,test,19,ok,1050,128,2048,resnet50,
stu4_47.mp4,/content/drive/MyDrive/FinalProjectCV/CV_Image_pose_detection/Data/LLSP/video/test/stu4_47.mp4,/content/drive/MyDrive/FinalProjectCV/CV_Image_pose_detection/Data/LLSP/annotation_cleaned/rgb_resnet50_features/stu4_47_rgb_resnet50.npy,push_up,test,37,ok,1740,128,2048,resnet50,
stu1_36.mp4,/content/drive/MyDrive/FinalProjectCV/CV_Image_pose_detection/Data/LLSP/video/test/stu1_36.mp4,/content/drive/MyDrive/FinalProjectCV/CV_Image_pose_detection/Data/LLSP/annotation_cleaned/rgb_resnet50_features/stu1_36_rgb_resnet50.npy,pull_up,test,9,ok,1079,128,2048,resnet50,
test1463.mp4,/content/drive/MyDrive/FinalProjectCV/CV_Image_pose_detection/Data/LLSP/video/train/test1463.mp4,/content/drive/MyDrive/FinalProjectCV/CV_Image_pose_detection/Data/LLSP/annotation_cleaned/rgb_resnet50_features/test1463_rgb_resnet50.npy,pull_up,train,7,ok,300,128,2048,resnet50,
test2340.mp4,/content/drive/MyDrive/FinalProjectCV/CV_Image_pose_detection/Data/LLSP/video/train/test2340.mp4,/content/drive/MyDrive/FinalProjectCV/CV_Image_pose_detection/Data/LLSP/annotation_cleaned/rgb_resnet50_features/test2340_rgb_resnet50.npy,squat,train,4,ok,300,128,2048,resnet50,
stu4_66.mp4,/content/drive/MyDrive/FinalProjectCV/CV_Image_pose_detection/Data/LLSP/video/train/stu4_66.mp4,/content/drive/MyDrive/FinalProjectCV/CV_Image_pose_detection/Data/LLSP/annotation_cleaned/rgb_resnet50_features/stu4_66_rgb_resnet50.npy,squat,train,27,ok,1125,128,2048,resnet50,
stu6_35.mp4,/content/drive/MyDrive/FinalProjectCV/CV_Image_pose_detection/Data/LLSP/video/train/stu6_35.mp4,/content/drive/MyDrive/FinalProjectCV/CV_Image_pose_detection/Data/LLSP/annotation_cleaned/rgb_resnet50_features/stu6_35_rgb_resnet50.npy,pull_up,train,5,ok,330,128,2048,resnet50,
stu9_63.mp4,/content/drive/MyDrive/FinalProjectCV/CV_Image_pose_detection/Data/LLSP/video/train/stu9_63.mp4,/content/drive/MyDrive/FinalProjectCV/CV_Image_pose_detection/Data/LLSP/annotation_cleaned/rgb_resnet50_features/stu9_63_rgb_resnet50.npy,squat,train,20,ok,1350,128,2048,resnet50,
stu2_35.mp4,/content/drive/MyDrive/FinalProjectCV/CV_Image_pose_detection/Data/LLSP/video/train/stu2_35.mp4,/content/drive/MyDrive/FinalProjectCV/CV_Image_pose_detection/Data/LLSP/annotation_cleaned/rgb_resnet50_features/stu2_35_rgb_resnet50.npy,pull_up,train,6,ok,810,128,2048,resnet50,
stu7_49.mp4,/content/drive/MyDrive/FinalProjectCV/CV_Image_pose_detection/Data/LLSP/video/train/stu7_49.mp4,/content/drive/MyDrive/FinalProjectCV/CV_Image_pose_detection/Data/LLSP/annotation_cleaned/rgb_resnet50_features/stu7_49_rgb_resnet50.npy,push_up,train,50,ok,1800,128,2048,resnet50,
stu9_51.mp4,/content/drive/MyDrive/FinalProjectCV/CV_Image_pose_detection/Data/LLSP/video/train/stu9_51.mp4,/content/drive/MyDrive/FinalProjectCV/CV_Image_pose_detection/Data/LLSP/annotation_cleaned/rgb_resnet50_features/stu9_51_rgb_resnet50.npy,push_up,train,62,ok,1440,128,2048,resnet50,
stu10_50.mp4,/content/drive/MyDrive/FinalProjectCV/CV_Image_pose_detection/Data/LLSP/video/train/stu10_50.mp4,/content/drive/MyDrive/FinalProjectCV/CV_Image_pose_detection/Data/LLSP/annotation_cleaned/rgb_resnet50_features/stu10_50_rgb_resnet50.npy,push_up,train,31,ok,775,128,2048,resnet50,
stu8_35.mp4,/content/drive/MyDrive/FinalProjectCV/CV_Image_pose_detection/Data/LLSP/video/train/stu8_35.mp4,/content/drive/MyDrive/FinalProjectCV/CV_Image_pose_detection/Data/LLSP/annotation_cleaned/rgb_resnet50_features/stu8_35_rgb_resnet50.npy,pull_up,train,11,ok,1500,128,2048,resnet50,
stu1_68.mp4,/content/drive/MyDrive/FinalProjectCV/CV_Image_pose_detection/Data/LLSP/video/train/stu1_68.mp4,/content/drive/MyDrive/FinalProjectCV/CV_Image_pose_detection/Data/LLSP/annotation_cleaned/rgb_resnet50_features/stu1_68_rgb_resnet50.npy,squat,train,20,ok,936,128,2048,resnet50,
stu1_33.mp4,/content/drive/MyDrive/FinalProjectCV/CV_Image_pose_detection/Data/LLSP/video/train/stu1_33.mp4,/content/drive/MyDrive/FinalProjectCV/CV_Image_pose_detection/Data/LLSP/annotation_cleaned/rgb_resnet50_features/stu1_33_rgb_resnet50.npy,pull_up,train,28,ok,2308,128,2048,resnet50,
stu3_42.mp4,/content/drive/MyDrive/FinalProjectCV/CV_Image_pose_detection/Data/LLSP/video/train/stu3_42.mp4,/content/drive/MyDrive/FinalProjectCV/CV_Image_pose_detection/Data/LLSP/annotation_cleaned/rgb_resnet50_features/stu3_42_rgb_resnet50.npy,push_up,train,10,ok,815,128,2048,resnet50,
stu6_62.mp4,/content/drive/MyDrive/FinalProjectCV/CV_Image_pose_detection/Data/LLSP/video/train/stu6_62.mp4,/content/drive/MyDrive/FinalProjectCV/CV_Image_pose_detection/Data/LLSP/annotation_cleaned/rgb_resnet50_features/stu6_62_rgb_resnet50.npy,squat,train,20,ok,749,128,2048,resnet50,
stu8_64.mp4,/content/drive/MyDrive/FinalProjectCV/CV_Image_pose_detection/Data/LLSP/video/train/stu8_64.mp4,/content/drive/MyDrive/FinalProjectCV/CV_Image_pose_detection/Data/LLSP/annotation_cleaned/rgb_resnet50_features/stu8_64_rgb_resnet50.npy,squat,train,3,ok,250,128,2048,resnet50,
stu4_39.mp4,/content/drive/MyDrive/FinalProjectCV/CV_Image_pose_detection/Data/LLSP/video/train/stu4_39.mp4,/content/drive/MyDrive/FinalProjectCV/CV_Image_pose_detection/Data/LLSP/annotation_cleaned/rgb_resnet50_features/stu4_39_rgb_resnet50.npy,pull_up,train,1,ok,360,128,2048,resnet50,
stu2_40.mp4,/content/drive/MyDrive/FinalProjectCV/CV_Image_pose_detection/Data/LLSP/video/train/stu2_40.mp4,/content/drive/MyDrive/FinalProjectCV/CV_Image_pose_detection/Data/LLSP/annotation_cleaned/rgb_resnet50_features/stu2_40_rgb_resnet50.npy,pull_up,train,12,ok,960,128,2048,resnet50,
stu7_67.mp4,/content/drive/MyDrive/FinalProjectCV/CV_Image_pose_detection/Data/LLSP/video/train/stu7_67.mp4,/content/drive/MyDrive/FinalProjectCV/CV_Image_pose_detection/Data/LLSP/annotation_cleaned/rgb_resnet50_features/stu7_67_rgb_resnet50.npy,squat,train,29,ok,1607,128,2048,resnet50,
stu6_29.mp4,/content/drive/MyDrive/FinalProjectCV/CV_Image_pose_detection/Data/LLSP/video/train/stu6_29.mp4,/content/drive/MyDrive/FinalProjectCV/CV_Image_pose_detection/Data/LLSP/annotation_cleaned/rgb_resnet50_features/stu6_29_rgb_resnet50.npy,pull_up,train,5,ok,275,128,2048,resnet50,
stu10_46.mp4,/content/drive/MyDrive/FinalProjectCV/CV_Image_pose_detection/Data/LLSP/video/train/stu10_46.mp4,/content/drive/MyDrive/FinalProjectCV/CV_Image_pose_detection/Data/LLSP/annotation_cleaned/rgb_resnet50_features/stu10_46_rgb_resnet50.npy,push_up,train,11,ok,719,128,2048,resnet50,
stu6_33.mp4,/content/drive/MyDrive/FinalProjectCV/CV_Image_pose_detection/Data/LLSP/video/train/stu6_33.mp4,/content/drive/MyDrive/FinalProjectCV/CV_Image_pose_detection/Data/LLSP/annotation_cleaned/rgb_resnet50_features/stu6_33_rgb_resnet50.npy,pull_up,train,6,ok,585,128,2048,resnet50,
stu4_33.mp4,/content/drive/MyDrive/FinalProjectCV/CV_Image_pose_detection/Data/LLSP/video/train/stu4_33.mp4,/content/drive/MyDrive/FinalProjectCV/CV_Image_pose_detection/Data/LLSP/annotation_cleaned/rgb_resnet50_features/stu4_33_rgb_resnet50.npy,pull_up,train,6,ok,480,128,2048,resnet50,
stu3_65.mp4,/content/drive/MyDrive/FinalProjectCV/CV_Image_pose_detection/Data/LLSP/video/train/stu3_65.mp4,/content/drive/MyDrive/FinalProjectCV/CV_Image_pose_detection/Data/LLSP/annotation_cleaned/rgb_resnet50_features/stu3_65_rgb_resnet50.npy,squat,train,6,ok,1109,128,2048,resnet50,
stu1_41.mp4,/content/drive/MyDrive/FinalProjectCV/CV_Image_pose_detection/Data/LLSP/video/train/stu1_41.mp4,/content/drive/MyDrive/FinalProjectCV/CV_Image_pose_detection/Data/LLSP/annotation_cleaned/rgb_resnet50_features/stu1_41_rgb_resnet50.npy,pull_up,train,12,ok,1800,128,2048,resnet50,
train2719.mp4,/content/drive/MyDrive/FinalProjectCV/CV_Image_pose_detection/Data/LLSP/video/train/train2719.mp4,/content/drive/MyDrive/FinalProjectCV/CV_Image_pose_detection/Data/LLSP/annotation_cleaned/rgb_resnet50_features/train2719_rgb_resnet50.npy,push_up,train,3,ok,300,128,2048,resnet50,
stu2_51.mp4,/content/drive/MyDrive/FinalProjectCV/CV_Image_pose_detection/Data/LLSP/video/train/stu2_51.mp4,/content/drive/MyDrive/FinalProjectCV/CV_Image_pose_detection/Data/LLSP/annotation_cleaned/rgb_resnet50_features/stu2_51_rgb_resnet50.npy,push_up,train,19,ok,1229,128,2048,resnet50,
stu10_64.mp4,/content/drive/MyDrive/FinalProjectCV/CV_Image_pose_detection/Data/LLSP/video/train/stu10_64.mp4,/content/drive/MyDrive/FinalProjectCV/CV_Image_pose_detection/Data/LLSP/annotation_cleaned/rgb_resnet50_features/stu10_64_rgb_resnet50.npy,squat,train,2,ok,390,128,2048,resnet50,
train2712.mp4,/content/drive/MyDrive/FinalProjectCV/CV_Image_pose_detection/Data/LLSP/video/train/train2712.mp4,/content/drive/MyDrive/FinalProjectCV/CV_Image_pose_detection/Data/LLSP/annotation_cleaned/rgb_resnet50_features/train2712_rgb_resnet50.npy,push_up,train,6,ok,300,128,2048,resnet50,
stu3_61.mp4,/content/drive/MyDrive/FinalProjectCV/CV_Image_pose_detection/Data/LLSP/video/train/stu3_61.mp4,/content/drive/MyDrive/FinalProjectCV/CV_Image_pose_detection/Data/LLSP/annotation_cleaned/rgb_resnet50_features/stu3_61_rgb_resnet50.npy,squat,train,19,ok,1349,128,2048,resnet50,
stu8_63.mp4,/content/drive/MyDrive/FinalProjectCV/CV_Image_pose_detection/Data/LLSP/video/train/stu8_63.mp4,/content/drive/MyDrive/FinalProjectCV/CV_Image_pose_detection/Data/LLSP/annotation_cleaned/rgb_resnet50_features/stu8_63_rgb_resnet50.npy,squat,train,26,ok,1800,128,2048,resnet50,
stu10_53.mp4,/content/drive/MyDrive/FinalProjectCV/CV_Image_pose_detection/Data/LLSP/video/train/stu10_53.mp4,/content/drive/MyDrive/FinalProjectCV/CV_Image_pose_detection/Data/LLSP/annotation_cleaned/rgb_resnet50_features/stu10_53_rgb_resnet50.npy,push_up,train,23,ok,690,128,2048,resnet50,
stu3_62.mp4,/content/drive/MyDrive/FinalProjectCV/CV_Image_pose_detection/Data/LLSP/video/train/stu3_62.mp4,/content/drive/MyDrive/FinalProjectCV/CV_Image_pose_detection/Data/LLSP/annotation_cleaned/rgb_resnet50_features/stu3_62_rgb_resnet50.npy,squat,train,13,ok,1078,128,2048,resnet50,
stu10_51.mp4,/content/drive/MyDrive/FinalProjectCV/CV_Image_pose_detection/Data/LLSP/video/train/stu10_51.mp4,/content/drive/MyDrive/FinalProjectCV/CV_Image_pose_detection/Data/LLSP/annotation_cleaned/rgb_resnet50_features/stu10_51_rgb_resnet50.npy,push_up,train,54,ok,1800,128,2048,resnet50,
stu8_69.mp4,/content/drive/MyDrive/FinalProjectCV/CV_Image_pose_detection/Data/LLSP/video/train/stu8_69.mp4,/content/drive/MyDrive/FinalProjectCV/CV_Image_pose_detection/Data/LLSP/annotation_cleaned/rgb_resnet50_features/stu8_69_rgb_resnet50.npy,squat,train,19,ok,1229,128,2048,resnet50,
stu7_63.mp4,/content/drive/MyDrive/FinalProjectCV/CV_Image_pose_detection/Data/LLSP/video/train/stu7_63.mp4,/content/drive/MyDrive/FinalProjectCV/CV_Image_pose_detection/Data/LLSP/annotation_cleaned/rgb_resnet50_features/stu7_63_rgb_resnet50.npy,squat,train,12,ok,1558,128,2048,resnet50,
stu9_35.mp4,/content/drive/MyDrive/FinalProjectCV/CV_Image_pose_detection/Data/LLSP/video/train/stu9_35.mp4,/content/drive/MyDrive/FinalProjectCV/CV_Image_pose_detection/Data/LLSP/annotation_cleaned/rgb_resnet50_features/stu9_35_rgb_resnet50.npy,pull_up,train,5,ok,900,128,2048,resnet50,
stu8_44.mp4,/content/drive/MyDrive/FinalProjectCV/CV_Image_pose_detection/Data/LLSP/video/train/stu8_44.mp4,/content/drive/MyDrive/FinalProjectCV/CV_Image_pose_detection/Data/LLSP/annotation_cleaned/rgb_resnet50_features/stu8_44_rgb_resnet50.npy,push_up,train,22,ok,1800,128,2048,resnet50,
stu3_44.mp4,/content/drive/MyDrive/FinalProjectCV/CV_Image_pose_detection/Data/LLSP/video/train/stu3_44.mp4,/content/drive/MyDrive/FinalProjectCV/CV_Image_pose_detection/Data/LLSP/annotation_cleaned/rgb_resnet50_features/stu3_44_rgb_resnet50.npy,push_up,train,11,ok,750,128,2048,resnet50,
stu7_64.mp4,/content/drive/MyDrive/FinalProjectCV/CV_Image_pose_detection/Data/LLSP/video/train/stu7_64.mp4,/content/drive/MyDrive/FinalProjectCV/CV_Image_pose_detection/Data/LLSP/annotation_cleaned/rgb_resnet50_features/stu7_64_rgb_resnet50.npy,squat,train,11,ok,1032,128,2048,resnet50,
train2568.mp4,/content/drive/MyDrive/FinalProjectCV/CV_Image_pose_detection/Data/LLSP/video/train/train2568.mp4,/content/drive/MyDrive/FinalProjectCV/CV_Image_pose_detection/Data/LLSP/annotation_cleaned/rgb_resnet50_features/train2568_rgb_resnet50.npy,pull_up,train,3,ok,250,128,2048,resnet50,
stu5_48.mp4,/content/drive/MyDrive/FinalProjectCV/CV_Image_pose_detection/Data/LLSP/video/train/stu5_48.mp4,/content/drive/MyDrive/FinalProjectCV/CV_Image_pose_detection/Data/LLSP/annotation_cleaned/rgb_resnet50_features/stu5_48_rgb_resnet50.npy,push_up,train,7,ok,1415,128,2048,resnet50,
train2570.mp4,/content/drive/MyDrive/FinalProjectCV/CV_Image_pose_detection/Data/LLSP/video/train/train2570.mp4,/content/drive/MyDrive/FinalProjectCV/CV_Image_pose_detection/Data/LLSP/annotation_cleaned/rgb_resnet50_features/train2570_rgb_resnet50.npy,pull_up,train,4,ok,250,128,2048,resnet50,
stu2_38.mp4,/content/drive/MyDrive/FinalProjectCV/CV_Image_pose_detection/Data/LLSP/video/train/stu2_38.mp4,/content/drive/MyDrive/FinalProjectCV/CV_Image_pose_detection/Data/LLSP/annotation_cleaned/rgb_resnet50_features/stu2_38_rgb_resnet50.npy,pull_up,train,8,ok,879,128,2048,resnet50,
train3948.mp4,/content/drive/MyDrive/FinalProjectCV/CV_Image_pose_detection/Data/LLSP/video/train/train3948.mp4,/content/drive/MyDrive/FinalProjectCV/CV_Image_pose_detection/Data/LLSP/annotation_cleaned/rgb_resnet50_features/train3948_rgb_resnet50.npy,squat,train,2,ok,300,128,2048,resnet50,
stu5_30.mp4,/content/drive/MyDrive/FinalProjectCV/CV_Image_pose_detection/Data/LLSP/video/train/stu5_30.mp4,/content/drive/MyDrive/FinalProjectCV/CV_Image_pose_detection/Data/LLSP/annotation_cleaned/rgb_resnet50_features/stu5_30_rgb_resnet50.npy,pull_up,train,4,ok,720,128,2048,resnet50,
train2501.mp4,/content/drive/MyDrive/FinalProjectCV/CV_Image_pose_detection/Data/LLSP/video/train/train2501.mp4,/content/drive/MyDrive/FinalProjectCV/CV_Image_pose_detection/Data/LLSP/annotation_cleaned/rgb_resnet50_features/train2501_rgb_resnet50.npy,pull_up,train,2,ok,300,128,2048,resnet50,
stu4_61.mp4,/content/drive/MyDrive/FinalProjectCV/CV_Image_pose_detection/Data/LLSP/video/train/stu4_61.mp4,/content/drive/MyDrive/FinalProjectCV/CV_Image_pose_detection/Data/LLSP/annotation_cleaned/rgb_resnet50_features/stu4_61_rgb_resnet50.npy,squat,train,10,ok,1620,128,2048,resnet50,
stu6_28.mp4,/content/drive/MyDrive/FinalProjectCV/CV_Image_pose_detection/Data/LLSP/video/train/stu6_28.mp4,/content/drive/MyDrive/FinalProjectCV/CV_Image_pose_detection/Data/LLSP/annotation_cleaned/rgb_resnet50_features/stu6_28_rgb_resnet50.npy,pull_up,train,13,ok,1498,128,2048,resnet50,
val819.mp4,/content/drive/MyDrive/FinalProjectCV/CV_Image_pose_detection/Data/LLSP/video/train/val819.mp4,/content/drive/MyDrive/FinalProjectCV/CV_Image_pose_detection/Data/LLSP/annotation_cleaned/rgb_resnet50_features/val819_rgb_resnet50.npy,pull_up,train,6,ok,300,128,2048,resnet50,
stu8_59.mp4,/content/drive/MyDrive/FinalProjectCV/CV_Image_pose_detection/Data/LLSP/video/train/stu8_59.mp4,/content/drive/MyDrive/FinalProjectCV/CV_Image_pose_detection/Data/LLSP/annotation_cleaned/rgb_resnet50_features/stu8_59_rgb_resnet50.npy,squat,train,10,ok,1200,128,2048,resnet50,
stu1_32.mp4,/content/drive/MyDrive/FinalProjectCV/CV_Image_pose_detection/Data/LLSP/video/train/stu1_32.mp4,/content/drive/MyDrive/FinalProjectCV/CV_Image_pose_detection/Data/LLSP/annotation_cleaned/rgb_resnet50_features/stu1_32_rgb_resnet50.npy,pull_up,train,8,ok,570,128,2048,resnet50,
stu1_35.mp4,/content/drive/MyDrive/FinalProjectCV/CV_Image_pose_detection/Data/LLSP/video/train/stu1_35.mp4,/content/drive/MyDrive/FinalProjectCV/CV_Image_pose_detection/Data/LLSP/annotation_cleaned/rgb_resnet50_features/stu1_35_rgb_resnet50.npy,pull_up,train,35,ok,1800,128,2048,resnet50,
stu6_58.mp4,/content/drive/MyDrive/FinalProjectCV/CV_Image_pose_detection/Data/LLSP/video/train/stu6_58.mp4,/content/drive/MyDrive/FinalProjectCV/CV_Image_pose_detection/Data/LLSP/annotation_cleaned/rgb_resnet50_features/stu6_58_rgb_resnet50.npy,squat,train,5,ok,375,128,2048,resnet50,
stu3_38.mp4,/content/drive/MyDrive/FinalProjectCV/CV_Image_pose_detection/Data/LLSP/video/train/stu3_38.mp4,/content/drive/MyDrive/FinalProjectCV/CV_Image_pose_detection/Data/LLSP/annotation_cleaned/rgb_resnet50_features/stu3_38_rgb_resnet50.npy,pull_up,train,9,ok,1260,128,2048,resnet50,
stu8_40.mp4,/content/drive/MyDrive/FinalProjectCV/CV_Image_pose_detection/Data/LLSP/video/train/stu8_40.mp4,/content/drive/MyDrive/FinalProjectCV/CV_Image_pose_detection/Data/LLSP/annotation_cleaned/rgb_resnet50_features/stu8_40_rgb_resnet50.npy,push_up,train,4,ok,1798,128,2048,resnet50,
train2692.mp4,/content/drive/MyDrive/FinalProjectCV/CV_Image_pose_detection/Data/LLSP/video/train/train2692.mp4,/content/drive/MyDrive/FinalProjectCV/CV_Image_pose_detection/Data/LLSP/annotation_cleaned/rgb_resnet50_features/train2692_rgb_resnet50.npy,push_up,train,2,ok,300,128,2048,resnet50,
stu10_49.mp4,/content/drive/MyDrive/FinalProjectCV/CV_Image_pose_detection/Data/LLSP/video/train/stu10_49.mp4,/content/drive/MyDrive/FinalProjectCV/CV_Image_pose_detection/Data/LLSP/annotation_cleaned/rgb_resnet50_features/stu10_49_rgb_resnet50.npy,push_up,train,21,ok,1440,128,2048,resnet50,
stu10_65.mp4,/content/drive/MyDrive/FinalProjectCV/CV_Image_pose_detection/Data/LLSP/video/train/stu10_65.mp4,/content/drive/MyDrive/FinalProjectCV/CV_Image_pose_detection/Data/LLSP/annotation_cleaned/rgb_resnet50_features/stu10_65_rgb_resnet50.npy,squat,train,4,ok,672,128,2048,resnet50,
stu7_40.mp4,/content/drive/MyDrive/FinalProjectCV/CV_Image_pose_detection/Data/LLSP/video/train/stu7_40.mp4,/content/drive/MyDrive/FinalProjectCV/CV_Image_pose_detection/Data/LLSP/annotation_cleaned/rgb_resnet50_features/stu7_40_rgb_resnet50.npy,pull_up,train,15,ok,1246,128,2048,resnet50,
stu1_72.mp4,/content/drive/MyDrive/FinalProjectCV/CV_Image_pose_detection/Data/LLSP/video/train/stu1_72.mp4,/content/drive/MyDrive/FinalProjectCV/CV_Image_pose_detection/Data/LLSP/annotation_cleaned/rgb_resnet50_features/stu1_72_rgb_resnet50.npy,squat,train,21,ok,1439,128,2048,resnet50,
stu6_70.mp4,/content/drive/MyDrive/FinalProjectCV/CV_Image_pose_detection/Data/LLSP/video/train/stu6_70.mp4,/content/drive/MyDrive/FinalProjectCV/CV_Image_pose_detection/Data/LLSP/annotation_cleaned/rgb_resnet50_features/stu6_70_rgb_resnet50.npy,squat,train,26,ok,1199,128,2048,resnet50,
stu2_43.mp4,/content/drive/MyDrive/FinalProjectCV/CV_Image_pose_detection/Data/LLSP/video/train/stu2_43.mp4,/content/drive/MyDrive/FinalProjectCV/CV_Image_pose_detection/Data/LLSP/annotation_cleaned/rgb_resnet50_features/stu2_43_rgb_resnet50.npy,pull_up,train,21,ok,1468,128,2048,resnet50,
stu8_41.mp4,/content/drive/MyDrive/FinalProjectCV/CV_Image_pose_detection/Data/LLSP/video/train/stu8_41.mp4,/content/drive/MyDrive/FinalProjectCV/CV_Image_pose_detection/Data/LLSP/annotation_cleaned/rgb_resnet50_features/stu8_41_rgb_resnet50.npy,push_up,train,22,ok,1110,128,2048,resnet50,
stu4_34.mp4,/content/drive/MyDrive/FinalProjectCV/CV_Image_pose_detection/Data/LLSP/video/train/stu4_34.mp4,/content/drive/MyDrive/FinalProjectCV/CV_Image_pose_detection/Data/LLSP/annotation_cleaned/rgb_resnet50_features/stu4_34_rgb_resnet50.npy,pull_up,train,17,ok,1980,128,2048,resnet50,
val912.mp4,/content/drive/MyDrive/FinalProjectCV/CV_Image_pose_detection/Data/LLSP/video/train/val912.mp4,/content/drive/MyDrive/FinalProjectCV/CV_Image_pose_detection/Data/LLSP/annotation_cleaned/rgb_resnet50_features/val912_rgb_resnet50.npy,push_up,train,1,ok,250,128,2048,resnet50,
stu6_38.mp4,/content/drive/MyDrive/FinalProjectCV/CV_Image_pose_detection/Data/LLSP/video/train/stu6_38.mp4,/content/drive/MyDrive/FinalProjectCV/CV_Image_pose_detection/Data/LLSP/annotation_cleaned/rgb_resnet50_features/stu6_38_rgb_resnet50.npy,push_up,train,16,ok,1007,128,2048,resnet50,
val826.mp4,/content/drive/MyDrive/FinalProjectCV/CV_Image_pose_detection/Data/LLSP/video/train/val826.mp4,/content/drive/MyDrive/FinalProjectCV/CV_Image_pose_detection/Data/LLSP/annotation_cleaned/rgb_resnet50_features/val826_rgb_resnet50.npy,pull_up,train,7,ok,150,128,2048,resnet50,
stu3_37.mp4,/content/drive/MyDrive/FinalProjectCV/CV_Image_pose_detection/Data/LLSP/video/train/stu3_37.mp4,/content/drive/MyDrive/FinalProjectCV/CV_Image_pose_detection/Data/LLSP/annotation_cleaned/rgb_resnet50_features/stu3_37_rgb_resnet50.npy,pull_up,train,8,ok,720,128,2048,resnet50,
val824.mp4,/content/drive/MyDrive/FinalProjectCV/CV_Image_pose_detection/Data/LLSP/video/train/val824.mp4,/content/drive/MyDrive/FinalProjectCV/CV_Image_pose_detection/Data/LLSP/annotation_cleaned/rgb_resnet50_features/val824_rgb_resnet50.npy,pull_up,train,5,ok,300,128,2048,resnet50,
stu5_70.mp4,/content/drive/MyDrive/FinalProjectCV/CV_Image_pose_detection/Data/LLSP/video/train/stu5_70.mp4,/content/drive/MyDrive/FinalProjectCV/CV_Image_pose_detection/Data/LLSP/annotation_cleaned/rgb_resnet50_features/stu5_70_rgb_resnet50.npy,squat,train,6,ok,900,128,2048,resnet50,
val890.mp4,/content/drive/MyDrive/FinalProjectCV/CV_Image_pose_detection/Data/LLSP/video/train/val890.mp4,/content/drive/MyDrive/FinalProjectCV/CV_Image_pose_detection/Data/LLSP/annotation_cleaned/rgb_resnet50_features/val890_rgb_resnet50.npy,push_up,train,5,ok,300,128,2048,resnet50,
stu4_41.mp4,/content/drive/MyDrive/FinalProjectCV/CV_Image_pose_detection/Data/LLSP/video/train/stu4_41.mp4,/content/drive/MyDrive/FinalProjectCV/CV_Image_pose_detection/Data/LLSP/annotation_cleaned/rgb_resnet50_features/stu4_41_rgb_resnet50.npy,push_up,train,35,ok,990,128,2048,resnet50,
stu3_64.mp4,/content/drive/MyDrive/FinalProjectCV/CV_Image_pose_detection/Data/LLSP/video/train/stu3_64.mp4,/content/drive/MyDrive/FinalProjectCV/CV_Image_pose_detection/Data/LLSP/annotation_cleaned/rgb_resnet50_features/stu3_64_rgb_resnet50.npy,squat,train,19,ok,1620,128,2048,resnet50,
stu5_66.mp4,/content/drive/MyDrive/FinalProjectCV/CV_Image_pose_detection/Data/LLSP/video/train/stu5_66.mp4,/content/drive/MyDrive/FinalProjectCV/CV_Image_pose_detection/Data/LLSP/annotation_cleaned/rgb_resnet50_features/stu5_66_rgb_resnet50.npy,squat,train,12,ok,990,128,2048,resnet50,
val817.mp4,/content/drive/MyDrive/FinalProjectCV/CV_Image_pose_detection/Data/LLSP/video/train/val817.mp4,/content/drive/MyDrive/FinalProjectCV/CV_Image_pose_detection/Data/LLSP/annotation_cleaned/rgb_resnet50_features/val817_rgb_resnet50.npy,pull_up,train,4,ok,250,128,2048,resnet50,
stu2_49.mp4,/content/drive/MyDrive/FinalProjectCV/CV_Image_pose_detection/Data/LLSP/video/train/stu2_49.mp4,/content/drive/MyDrive/FinalProjectCV/CV_Image_pose_detection/Data/LLSP/annotation_cleaned/rgb_resnet50_features/stu2_49_rgb_resnet50.npy,push_up,train,18,ok,1378,128,2048,resnet50,
val1235.mp4,/content/drive/MyDrive/FinalProjectCV/CV_Image_pose_detection/Data/LLSP/video/train/val1235.mp4,/content/drive/MyDrive/FinalProjectCV/CV_Image_pose_detection/Data/LLSP/annotation_cleaned/rgb_resnet50_features/val1235_rgb_resnet50.npy,squat,train,2,ok,300,128,2048,resnet50,
stu2_46.mp4,/content/drive/MyDrive/FinalProjectCV/CV_Image_pose_detection/Data/LLSP/video/train/stu2_46.mp4,/content/drive/MyDrive/FinalProjectCV/CV_Image_pose_detection/Data/LLSP/annotation_cleaned/rgb_resnet50_features/stu2_46_rgb_resnet50.npy,push_up,train,21,ok,1259,128,2048,resnet50,
stu5_31.mp4,/content/drive/MyDrive/FinalProjectCV/CV_Image_pose_detection/Data/LLSP/video/train/stu5_31.mp4,/content/drive/MyDrive/FinalProjectCV/CV_Image_pose_detection/Data/LLSP/annotation_cleaned/rgb_resnet50_features/stu5_31_rgb_resnet50.npy,pull_up,train,10,ok,780,128,2048,resnet50,
stu5_43.mp4,/content/drive/MyDrive/FinalProjectCV/CV_Image_pose_detection/Data/LLSP/video/train/stu5_43.mp4,/content/drive/MyDrive/FinalProjectCV/CV_Image_pose_detection/Data/LLSP/annotation_cleaned/rgb_resnet50_features/stu5_43_rgb_resnet50.npy,push_up,train,14,ok,1019,128,2048,resnet50,
train3959.mp4,/content/drive/MyDrive/FinalProjectCV/CV_Image_pose_detection/Data/LLSP/video/train/train3959.mp4,/content/drive/MyDrive/FinalProjectCV/CV_Image_pose_detection/Data/LLSP/annotation_cleaned/rgb_resnet50_features/train3959_rgb_resnet50.npy,squat,train,2,ok,300,128,2048,resnet50,
stu3_59.mp4,/content/drive/MyDrive/FinalProjectCV/CV_Image_pose_detection/Data/LLSP/video/train/stu3_59.mp4,/content/drive/MyDrive/FinalProjectCV/CV_Image_pose_detection/Data/LLSP/annotation_cleaned/rgb_resnet50_features/stu3_59_rgb_resnet50.npy,squat,train,1,ok,180,128,2048,resnet50,
stu2_45.mp4,/content/drive/MyDrive/FinalProjectCV/CV_Image_pose_detection/Data/LLSP/video/train/stu2_45.mp4,/content/drive/MyDrive/FinalProjectCV/CV_Image_pose_detection/Data/LLSP/annotation_cleaned/rgb_resnet50_features/stu2_45_rgb_resnet50.npy,push_up,train,4,ok,300,128,2048,resnet50,
stu9_41.mp4,/content/drive/MyDrive/FinalProjectCV/CV_Image_pose_detection/Data/LLSP/video/train/stu9_41.mp4,/content/drive/MyDrive/FinalProjectCV/CV_Image_pose_detection/Data/LLSP/annotation_cleaned/rgb_resnet50_features/stu9_41_rgb_resnet50.npy,pull_up,train,9,ok,1799,128,2048,resnet50,
stu6_67.mp4,/content/drive/MyDrive/FinalProjectCV/CV_Image_pose_detection/Data/LLSP/video/train/stu6_67.mp4,/content/drive/MyDrive/FinalProjectCV/CV_Image_pose_detection/Data/LLSP/annotation_cleaned/rgb_resnet50_features/stu6_67_rgb_resnet50.npy,squat,train,20,ok,1275,128,2048,resnet50,
stu3_36.mp4,/content/drive/MyDrive/FinalProjectCV/CV_Image_pose_detection/Data/LLSP/video/train/stu3_36.mp4,/content/drive/MyDrive/FinalProjectCV/CV_Image_pose_detection/Data/LLSP/annotation_cleaned/rgb_resnet50_features/stu3_36_rgb_resnet50.npy,pull_up,train,8,ok,1050,128,2048,resnet50,
test2319.mp4,/content/drive/MyDrive/FinalProjectCV/CV_Image_pose_detection/Data/LLSP/video/train/test2319.mp4,/content/drive/MyDrive/FinalProjectCV/CV_Image_pose_detection/Data/LLSP/annotation_cleaned/rgb_resnet50_features/test2319_rgb_resnet50.npy,squat,train,7,ok,240,128,2048,resnet50,
test1448.mp4,/content/drive/MyDrive/FinalProjectCV/CV_Image_pose_detection/Data/LLSP/video/train/test1448.mp4,/content/drive/MyDrive/FinalProjectCV/CV_Image_pose_detection/Data/LLSP/annotation_cleaned/rgb_resnet50_features/test1448_rgb_resnet50.npy,pull_up,train,7,ok,200,128,2048,resnet50,
stu5_35.mp4,/content/drive/MyDrive/FinalProjectCV/CV_Image_pose_detection/Data/LLSP/video/train/stu5_35.mp4,/content/drive/MyDrive/FinalProjectCV/CV_Image_pose_detection/Data/LLSP/annotation_cleaned/rgb_resnet50_features/stu5_35_rgb_resnet50.npy,pull_up,train,11,ok,1200,128,2048,resnet50,
stu4_62.mp4,/content/drive/MyDrive/FinalProjectCV/CV_Image_pose_detection/Data/LLSP/video/train/stu4_62.mp4,/content/drive/MyDrive/FinalProjectCV/CV_Image_pose_detection/Data/LLSP/annotation_cleaned/rgb_resnet50_features/stu4_62_rgb_resnet50.npy,squat,train,14,ok,1619,128,2048,resnet50,
stu6_36.mp4,/content/drive/MyDrive/FinalProjectCV/CV_Image_pose_detection/Data/LLSP/video/train/stu6_36.mp4,/content/drive/MyDrive/FinalProjectCV/CV_Image_pose_detection/Data/LLSP/annotation_cleaned/rgb_resnet50_features/stu6_36_rgb_resnet50.npy,pull_up,train,5,ok,791,128,2048,resnet50,
stu9_42.mp4,/content/drive/MyDrive/FinalProjectCV/CV_Image_pose_detection/Data/LLSP/video/train/stu9_42.mp4,/content/drive/MyDrive/FinalProjectCV/CV_Image_pose_detection/Data/LLSP/annotation_cleaned/rgb_resnet50_features/stu9_42_rgb_resnet50.npy,pull_up,train,30,ok,1230,128,2048,resnet50,
stu2_72.mp4,/content/drive/MyDrive/FinalProjectCV/CV_Image_pose_detection/Data/LLSP/video/train/stu2_72.mp4,/content/drive/MyDrive/FinalProjectCV/CV_Image_pose_detection/Data/LLSP/annotation_cleaned/rgb_resnet50_features/stu2_72_rgb_resnet50.npy,squat,train,12,ok,779,128,2048,resnet50,
test1465.mp4,/content/drive/MyDrive/FinalProjectCV/CV_Image_pose_detection/Data/LLSP/video/train/test1465.mp4,/content/drive/MyDrive/FinalProjectCV/CV_Image_pose_detection/Data/LLSP/annotation_cleaned/rgb_resnet50_features/test1465_rgb_resnet50.npy,pull_up,train,6,ok,250,128,2048,resnet50,
stu7_38.mp4,/content/drive/MyDrive/FinalProjectCV/CV_Image_pose_detection/Data/LLSP/video/train/stu7_38.mp4,/content/drive/MyDrive/FinalProjectCV/CV_Image_pose_detection/Data/LLSP/annotation_cleaned/rgb_resnet50_features/stu7_38_rgb_resnet50.npy,pull_up,train,20,ok,1828,128,2048,resnet50,
train3944.mp4,/content/drive/MyDrive/FinalProjectCV/CV_Image_pose_detection/Data/LLSP/video/train/train3944.mp4,/content/drive/MyDrive/FinalProjectCV/CV_Image_pose_detection/Data/LLSP/annotation_cleaned/rgb_resnet50_features/train3944_rgb_resnet50.npy,squat,train,2,ok,298,128,2048,resnet50,
stu3_34.mp4,/content/drive/MyDrive/FinalProjectCV/CV_Image_pose_detection/Data/LLSP/video/train/stu3_34.mp4,/content/drive/MyDrive/FinalProjectCV/CV_Image_pose_detection/Data/LLSP/annotation_cleaned/rgb_resnet50_features/stu3_34_rgb_resnet50.npy,pull_up,train,5,ok,1468,128,2048,resnet50,
stu9_38.mp4,/content/drive/MyDrive/FinalProjectCV/CV_Image_pose_detection/Data/LLSP/video/train/stu9_38.mp4,/content/drive/MyDrive/FinalProjectCV/CV_Image_pose_detection/Data/LLSP/annotation_cleaned/rgb_resnet50_features/stu9_38_rgb_resnet50.npy,pull_up,train,5,ok,570,128,2048,resnet50,
stu8_39.mp4,/content/drive/MyDrive/FinalProjectCV/CV_Image_pose_detection/Data/LLSP/video/train/stu8_39.mp4,/content/drive/MyDrive/FinalProjectCV/CV_Image_pose_detection/Data/LLSP/annotation_cleaned/rgb_resnet50_features/stu8_39_rgb_resnet50.npy,pull_up,train,16,ok,720,128,2048,resnet50,
stu2_69.mp4,/content/drive/MyDrive/FinalProjectCV/CV_Image_pose_detection/Data/LLSP/video/train/stu2_69.mp4,/content/drive/MyDrive/FinalProjectCV/CV_Image_pose_detection/Data/LLSP/annotation_cleaned/rgb_resnet50_features/stu2_69_rgb_resnet50.npy,squat,train,21,ok,1950,128,2048,resnet50,
val1250.mp4,/content/drive/MyDrive/FinalProjectCV/CV_Image_pose_detection/Data/LLSP/video/train/val1250.mp4,/content/drive/MyDrive/FinalProjectCV/CV_Image_pose_detection/Data/LLSP/annotation_cleaned/rgb_resnet50_features/val1250_rgb_resnet50.npy,squat,train,4,ok,300,128,2048,resnet50,
stu1_51.mp4,/content/drive/MyDrive/FinalProjectCV/CV_Image_pose_detection/Data/LLSP/video/train/stu1_51.mp4,/content/drive/MyDrive/FinalProjectCV/CV_Image_pose_detection/Data/LLSP/annotation_cleaned/rgb_resnet50_features/stu1_51_rgb_resnet50.npy,push_up,train,40,ok,1799,128,2048,resnet50,
stu5_64.mp4,/content/drive/MyDrive/FinalProjectCV/CV_Image_pose_detection/Data/LLSP/video/train/stu5_64.mp4,/content/drive/MyDrive/FinalProjectCV/CV_Image_pose_detection/Data/LLSP/annotation_cleaned/rgb_resnet50_features/stu5_64_rgb_resnet50.npy,squat,train,20,ok,689,128,2048,resnet50,
stu1_71.mp4,/content/drive/MyDrive/FinalProjectCV/CV_Image_pose_detection/Data/LLSP/video/train/stu1_71.mp4,/content/drive/MyDrive/FinalProjectCV/CV_Image_pose_detection/Data/LLSP/annotation_cleaned/rgb_resnet50_features/stu1_71_rgb_resnet50.npy,squat,train,4,ok,900,128,2048,resnet50,
stu4_42.mp4,/content/drive/MyDrive/FinalProjectCV/CV_Image_pose_detection/Data/LLSP/video/train/stu4_42.mp4,/content/drive/MyDrive/FinalProjectCV/CV_Image_pose_detection/Data/LLSP/annotation_cleaned/rgb_resnet50_features/stu4_42_rgb_resnet50.npy,push_up,train,50,ok,1079,128,2048,resnet50,
stu4_36.mp4,/content/drive/MyDrive/FinalProjectCV/CV_Image_pose_detection/Data/LLSP/video/train/stu4_36.mp4,/content/drive/MyDrive/FinalProjectCV/CV_Image_pose_detection/Data/LLSP/annotation_cleaned/rgb_resnet50_features/stu4_36_rgb_resnet50.npy,pull_up,train,6,ok,1100,128,2048,resnet50,
stu10_41.mp4,/content/drive/MyDrive/FinalProjectCV/CV_Image_pose_detection/Data/LLSP/video/train/stu10_41.mp4,/content/drive/MyDrive/FinalProjectCV/CV_Image_pose_detection/Data/LLSP/annotation_cleaned/rgb_resnet50_features/stu10_41_rgb_resnet50.npy,push_up,train,8,ok,899,128,2048,resnet50,
stu2_47.mp4,/content/drive/MyDrive/FinalProjectCV/CV_Image_pose_detection/Data/LLSP/video/train/stu2_47.mp4,/content/drive/MyDrive/FinalProjectCV/CV_Image_pose_detection/Data/LLSP/annotation_cleaned/rgb_resnet50_features/stu2_47_rgb_resnet50.npy,push_up,train,20,ok,1799,128,2048,resnet50,
train2527.mp4,/content/drive/MyDrive/FinalProjectCV/CV_Image_pose_detection/Data/LLSP/video/train/train2527.mp4,/content/drive/MyDrive/FinalProjectCV/CV_Image_pose_detection/Data/LLSP/annotation_cleaned/rgb_resnet50_features/train2527_rgb_resnet50.npy,pull_up,train,4,ok,290,128,2048,resnet50,
stu10_38.mp4,/content/drive/MyDrive/FinalProjectCV/CV_Image_pose_detection/Data/LLSP/video/train/stu10_38.mp4,/content/drive/MyDrive/FinalProjectCV/CV_Image_pose_detection/Data/LLSP/annotation_cleaned/rgb_resnet50_features/stu10_38_rgb_resnet50.npy,pull_up,train,10,ok,720,128,2048,resnet50,
stu1_52.mp4,/content/drive/MyDrive/FinalProjectCV/CV_Image_pose_detection/Data/LLSP/video/train/stu1_52.mp4,/content/drive/MyDrive/FinalProjectCV/CV_Image_pose_detection/Data/LLSP/annotation_cleaned/rgb_resnet50_features/stu1_52_rgb_resnet50.npy,push_up,train,30,ok,1798,128,2048,resnet50,
stu10_54.mp4,/content/drive/MyDrive/FinalProjectCV/CV_Image_pose_detection/Data/LLSP/video/train/stu10_54.mp4,/content/drive/MyDrive/FinalProjectCV/CV_Image_pose_detection/Data/LLSP/annotation_cleaned/rgb_resnet50_features/stu10_54_rgb_resnet50.npy,push_up,train,14,ok,1170,128,2048,resnet50,
stu2_54.mp4,/content/drive/MyDrive/FinalProjectCV/CV_Image_pose_detection/Data/LLSP/video/train/stu2_54.mp4,/content/drive/MyDrive/FinalProjectCV/CV_Image_pose_detection/Data/LLSP/annotation_cleaned/rgb_resnet50_features/stu2_54_rgb_resnet50.npy,push_up,train,23,ok,630,128,2048,resnet50,
stu6_59.mp4,/content/drive/MyDrive/FinalProjectCV/CV_Image_pose_detection/Data/LLSP/video/train/stu6_59.mp4,/content/drive/MyDrive/FinalProjectCV/CV_Image_pose_detection/Data/LLSP/annotation_cleaned/rgb_resnet50_features/stu6_59_rgb_resnet50.npy,squat,train,10,ok,480,128,2048,resnet50,
stu9_69.mp4,/content/drive/MyDrive/FinalProjectCV/CV_Image_pose_detection/Data/LLSP/video/train/stu9_69.mp4,/content/drive/MyDrive/FinalProjectCV/CV_Image_pose_detection/Data/LLSP/annotation_cleaned/rgb_resnet50_features/stu9_69_rgb_resnet50.npy,squat,train,21,ok,2550,128,2048,resnet50,
val828.mp4,/content/drive/MyDrive/FinalProjectCV/CV_Image_pose_detection/Data/LLSP/video/train/val828.mp4,/content/drive/MyDrive/FinalProjectCV/CV_Image_pose_detection/Data/LLSP/annotation_cleaned/rgb_resnet50_features/val828_rgb_resnet50.npy,pull_up,train,4,ok,300,128,2048,resnet50,
train2734.mp4,/content/drive/MyDrive/FinalProjectCV/CV_Image_pose_detection/Data/LLSP/video/train/train2734.mp4,/content/drive/MyDrive/FinalProjectCV/CV_Image_pose_detection/Data/LLSP/annotation_cleaned/rgb_resnet50_features/train2734_rgb_resnet50.npy,push_up,train,2,ok,300,128,2048,resnet50,
train2649.mp4,/content/drive/MyDrive/FinalProjectCV/CV_Image_pose_detection/Data/LLSP/video/train/train2649.mp4,/content/drive/MyDrive/FinalProjectCV/CV_Image_pose_detection/Data/LLSP/annotation_cleaned/rgb_resnet50_features/train2649_rgb_resnet50.npy,push_up,train,4,ok,300,128,2048,resnet50,
stu2_52.mp4,/content/drive/MyDrive/FinalProjectCV/CV_Image_pose_detection/Data/LLSP/video/train/stu2_52.mp4,/content/drive/MyDrive/FinalProjectCV/CV_Image_pose_detection/Data/LLSP/annotation_cleaned/rgb_resnet50_features/stu2_52_rgb_resnet50.npy,push_up,train,6,ok,1200,128,2048,resnet50,
stu1_46.mp4,/content/drive/MyDrive/FinalProjectCV/CV_Image_pose_detection/Data/LLSP/video/train/stu1_46.mp4,/content/drive/MyDrive/FinalProjectCV/CV_Image_pose_detection/Data/LLSP/annotation_cleaned/rgb_resnet50_features/stu1_46_rgb_resnet50.npy,push_up,train,9,ok,960,128,2048,resnet50,
stu4_38.mp4,/content/drive/MyDrive/FinalProjectCV/CV_Image_pose_detection/Data/LLSP/video/train/stu4_38.mp4,/content/drive/MyDrive/FinalProjectCV/CV_Image_pose_detection/Data/LLSP/annotation_cleaned/rgb_resnet50_features/stu4_38_rgb_resnet50.npy,pull_up,train,26,ok,1193,128,2048,resnet50,
stu10_71.mp4,/content/drive/MyDrive/FinalProjectCV/CV_Image_pose_detection/Data/LLSP/video/train/stu10_71.mp4,/content/drive/MyDrive/FinalProjectCV/CV_Image_pose_detection/Data/LLSP/annotation_cleaned/rgb_resnet50_features/stu10_71_rgb_resnet50.npy,squat,train,4,ok,432,128,2048,resnet50,
stu7_47.mp4,/content/drive/MyDrive/FinalProjectCV/CV_Image_pose_detection/Data/LLSP/video/train/stu7_47.mp4,/content/drive/MyDrive/FinalProjectCV/CV_Image_pose_detection/Data/LLSP/annotation_cleaned/rgb_resnet50_features/stu7_47_rgb_resnet50.npy,push_up,train,16,ok,990,128,2048,resnet50,
stu2_50.mp4,/content/drive/MyDrive/FinalProjectCV/CV_Image_pose_detection/Data/LLSP/video/train/stu2_50.mp4,/content/drive/MyDrive/FinalProjectCV/CV_Image_pose_detection/Data/LLSP/annotation_cleaned/rgb_resnet50_features/stu2_50_rgb_resnet50.npy,push_up,train,25,ok,1525,128,2048,resnet50,
stu4_30.mp4,/content/drive/MyDrive/FinalProjectCV/CV_Image_pose_detection/Data/LLSP/video/train/stu4_30.mp4,/content/drive/MyDrive/FinalProjectCV/CV_Image_pose_detection/Data/LLSP/annotation_cleaned/rgb_resnet50_features/stu4_30_rgb_resnet50.npy,pull_up,train,1,ok,959,128,2048,resnet50,
stu5_41.mp4,/content/drive/MyDrive/FinalProjectCV/CV_Image_pose_detection/Data/LLSP/video/train/stu5_41.mp4,/content/drive/MyDrive/FinalProjectCV/CV_Image_pose_detection/Data/LLSP/annotation_cleaned/rgb_resnet50_features/stu5_41_rgb_resnet50.npy,pull_up,train,34,ok,1795,128,2048,resnet50,
val1256.mp4,/content/drive/MyDrive/FinalProjectCV/CV_Image_pose_detection/Data/LLSP/video/train/val1256.mp4,/content/drive/MyDrive/FinalProjectCV/CV_Image_pose_detection/Data/LLSP/annotation_cleaned/rgb_resnet50_features/val1256_rgb_resnet50.npy,squat,train,2,ok,300,128,2048,resnet50,
stu9_49.mp4,/content/drive/MyDrive/FinalProjectCV/CV_Image_pose_detection/Data/LLSP/video/train/stu9_49.mp4,/content/drive/MyDrive/FinalProjectCV/CV_Image_pose_detection/Data/LLSP/annotation_cleaned/rgb_resnet50_features/stu9_49_rgb_resnet50.npy,push_up,train,5,ok,900,128,2048,resnet50,
stu6_45.mp4,/content/drive/MyDrive/FinalProjectCV/CV_Image_pose_detection/Data/LLSP/video/train/stu6_45.mp4,/content/drive/MyDrive/FinalProjectCV/CV_Image_pose_detection/Data/LLSP/annotation_cleaned/rgb_resnet50_features/stu6_45_rgb_resnet50.npy,push_up,train,10,ok,960,128,2048,resnet50,
stu9_43.mp4,/content/drive/MyDrive/FinalProjectCV/CV_Image_pose_detection/Data/LLSP/video/train/stu9_43.mp4,/content/drive/MyDrive/FinalProjectCV/CV_Image_pose_detection/Data/LLSP/annotation_cleaned/rgb_resnet50_features/stu9_43_rgb_resnet50.npy,pull_up,train,18,ok,1800,128,2048,resnet50,
test2326.mp4,/content/drive/MyDrive/FinalProjectCV/CV_Image_pose_detection/Data/LLSP/video/train/test2326.mp4,/content/drive/MyDrive/FinalProjectCV/CV_Image_pose_detection/Data/LLSP/annotation_cleaned/rgb_resnet50_features/test2326_rgb_resnet50.npy,squat,train,2,ok,300,128,2048,resnet50,
train2645.mp4,/content/drive/MyDrive/FinalProjectCV/CV_Image_pose_detection/Data/LLSP/video/train/train2645.mp4,/content/drive/MyDrive/FinalProjectCV/CV_Image_pose_detection/Data/LLSP/annotation_cleaned/rgb_resnet50_features/train2645_rgb_resnet50.npy,push_up,train,3,ok,300,128,2048,resnet50,
stu6_27.mp4,/content/drive/MyDrive/FinalProjectCV/CV_Image_pose_detection/Data/LLSP/video/train/stu6_27.mp4,/content/drive/MyDrive/FinalProjectCV/CV_Image_pose_detection/Data/LLSP/annotation_cleaned/rgb_resnet50_features/stu6_27_rgb_resnet50.npy,pull_up,train,5,ok,420,128,2048,resnet50,
stu4_31.mp4,/content/drive/MyDrive/FinalProjectCV/CV_Image_pose_detection/Data/LLSP/video/train/stu4_31.mp4,/content/drive/MyDrive/FinalProjectCV/CV_Image_pose_detection/Data/LLSP/annotation_cleaned/rgb_resnet50_features/stu4_31_rgb_resnet50.npy,pull_up,train,6,ok,850,128,2048,resnet50,
stu3_72.mp4,/content/drive/MyDrive/FinalProjectCV/CV_Image_pose_detection/Data/LLSP/video/train/stu3_72.mp4,/content/drive/MyDrive/FinalProjectCV/CV_Image_pose_detection/Data/LLSP/annotation_cleaned/rgb_resnet50_features/stu3_72_rgb_resnet50.npy,squat,train,1,ok,300,128,2048,resnet50,
val892.mp4,/content/drive/MyDrive/FinalProjectCV/CV_Image_pose_detection/Data/LLSP/video/train/val892.mp4,/content/drive/MyDrive/FinalProjectCV/CV_Image_pose_detection/Data/LLSP/annotation_cleaned/rgb_resnet50_features/val892_rgb_resnet50.npy,push_up,train,2,ok,300,128,2048,resnet50,
stu8_68.mp4,/content/drive/MyDrive/FinalProjectCV/CV_Image_pose_detection/Data/LLSP/video/train/stu8_68.mp4,/content/drive/MyDrive/FinalProjectCV/CV_Image_pose_detection/Data/LLSP/annotation_cleaned/rgb_resnet50_features/stu8_68_rgb_resnet50.npy,squat,train,3,ok,275,128,2048,resnet50,
test1483.mp4,/content/drive/MyDrive/FinalProjectCV/CV_Image_pose_detection/Data/LLSP/video/train/test1483.mp4,/content/drive/MyDrive/FinalProjectCV/CV_Image_pose_detection/Data/LLSP/annotation_cleaned/rgb_resnet50_features/test1483_rgb_resnet50.npy,pull_up,train,5,ok,300,128,2048,resnet50,
stu10_40.mp4,/content/drive/MyDrive/FinalProjectCV/CV_Image_pose_detection/Data/LLSP/video/train/stu10_40.mp4,/content/drive/MyDrive/FinalProjectCV/CV_Image_pose_detection/Data/LLSP/annotation_cleaned/rgb_resnet50_features/stu10_40_rgb_resnet50.npy,pull_up,train,12,ok,960,128,2048,resnet50,
stu2_70.mp4,/content/drive/MyDrive/FinalProjectCV/CV_Image_pose_detection/Data/LLSP/video/train/stu2_70.mp4,/content/drive/MyDrive/FinalProjectCV/CV_Image_pose_detection/Data/LLSP/annotation_cleaned/rgb_resnet50_features/stu2_70_rgb_resnet50.npy,squat,train,13,ok,1499,128,2048,resnet50,
stu4_67.mp4,/content/drive/MyDrive/FinalProjectCV/CV_Image_pose_detection/Data/LLSP/video/train/stu4_67.mp4,/content/drive/MyDrive/FinalProjectCV/CV_Image_pose_detection/Data/LLSP/annotation_cleaned/rgb_resnet50_features/stu4_67_rgb_resnet50.npy,squat,train,9,ok,1289,128,2048,resnet50,
stu1_69.mp4,/content/drive/MyDrive/FinalProjectCV/CV_Image_pose_detection/Data/LLSP/video/train/stu1_69.mp4,/content/drive/MyDrive/FinalProjectCV/CV_Image_pose_detection/Data/LLSP/annotation_cleaned/rgb_resnet50_features/stu1_69_rgb_resnet50.npy,squat,train,9,ok,575,128,2048,resnet50,
stu1_43.mp4,/content/drive/MyDrive/FinalProjectCV/CV_Image_pose_detection/Data/LLSP/video/train/stu1_43.mp4,/content/drive/MyDrive/FinalProjectCV/CV_Image_pose_detection/Data/LLSP/annotation_cleaned/rgb_resnet50_features/stu1_43_rgb_resnet50.npy,push_up,train,9,ok,1439,128,2048,resnet50,
stu3_71.mp4,/content/drive/MyDrive/FinalProjectCV/CV_Image_pose_detection/Data/LLSP/video/train/stu3_71.mp4,/content/drive/MyDrive/FinalProjectCV/CV_Image_pose_detection/Data/LLSP/annotation_cleaned/rgb_resnet50_features/stu3_71_rgb_resnet50.npy,squat,train,2,ok,330,128,2048,resnet50,
stu2_42.mp4,/content/drive/MyDrive/FinalProjectCV/CV_Image_pose_detection/Data/LLSP/video/train/stu2_42.mp4,/content/drive/MyDrive/FinalProjectCV/CV_Image_pose_detection/Data/LLSP/annotation_cleaned/rgb_resnet50_features/stu2_42_rgb_resnet50.npy,pull_up,train,14,ok,1438,128,2048,resnet50,
stu1_42.mp4,/content/drive/MyDrive/FinalProjectCV/CV_Image_pose_detection/Data/LLSP/video/train/stu1_42.mp4,/content/drive/MyDrive/FinalProjectCV/CV_Image_pose_detection/Data/LLSP/annotation_cleaned/rgb_resnet50_features/stu1_42_rgb_resnet50.npy,pull_up,train,10,ok,599,128,2048,resnet50,
stu3_48.mp4,/content/drive/MyDrive/FinalProjectCV/CV_Image_pose_detection/Data/LLSP/video/train/stu3_48.mp4,/content/drive/MyDrive/FinalProjectCV/CV_Image_pose_detection/Data/LLSP/annotation_cleaned/rgb_resnet50_features/stu3_48_rgb_resnet50.npy,push_up,train,54,ok,1740,128,2048,resnet50,
stu8_66.mp4,/content/drive/MyDrive/FinalProjectCV/CV_Image_pose_detection/Data/LLSP/video/train/stu8_66.mp4,/content/drive/MyDrive/FinalProjectCV/CV_Image_pose_detection/Data/LLSP/annotation_cleaned/rgb_resnet50_features/stu8_66_rgb_resnet50.npy,squat,train,5,ok,719,128,2048,resnet50,
stu3_49.mp4,/content/drive/MyDrive/FinalProjectCV/CV_Image_pose_detection/Data/LLSP/video/train/stu3_49.mp4,/content/drive/MyDrive/FinalProjectCV/CV_Image_pose_detection/Data/LLSP/annotation_cleaned/rgb_resnet50_features/stu3_49_rgb_resnet50.npy,push_up,train,39,ok,1349,128,2048,resnet50,
stu7_69.mp4,/content/drive/MyDrive/FinalProjectCV/CV_Image_pose_detection/Data/LLSP/video/train/stu7_69.mp4,/content/drive/MyDrive/FinalProjectCV/CV_Image_pose_detection/Data/LLSP/annotation_cleaned/rgb_resnet50_features/stu7_69_rgb_resnet50.npy,squat,train,20,ok,1109,128,2048,resnet50,
stu8_36.mp4,/content/drive/MyDrive/FinalProjectCV/CV_Image_pose_detection/Data/LLSP/video/train/stu8_36.mp4,/content/drive/MyDrive/FinalProjectCV/CV_Image_pose_detection/Data/LLSP/annotation_cleaned/rgb_resnet50_features/stu8_36_rgb_resnet50.npy,pull_up,train,6,ok,1349,128,2048,resnet50,
train3951.mp4,/content/drive/MyDrive/FinalProjectCV/CV_Image_pose_detection/Data/LLSP/video/train/train3951.mp4,/content/drive/MyDrive/FinalProjectCV/CV_Image_pose_detection/Data/LLSP/annotation_cleaned/rgb_resnet50_features/train3951_rgb_resnet50.npy,squat,train,4,ok,300,128,2048,resnet50,
stu9_70.mp4,/content/drive/MyDrive/FinalProjectCV/CV_Image_pose_detection/Data/LLSP/video/train/stu9_70.mp4,/content/drive/MyDrive/FinalProjectCV/CV_Image_pose_detection/Data/LLSP/annotation_cleaned/rgb_resnet50_features/stu9_70_rgb_resnet50.npy,squat,train,4,ok,384,128,2048,resnet50,
stu10_70.mp4,/content/drive/MyDrive/FinalProjectCV/CV_Image_pose_detection/Data/LLSP/video/train/stu10_70.mp4,/content/drive/MyDrive/FinalProjectCV/CV_Image_pose_detection/Data/LLSP/annotation_cleaned/rgb_resnet50_features/stu10_70_rgb_resnet50.npy,squat,train,5,ok,456,128,2048,resnet50,
stu2_68.mp4,/content/drive/MyDrive/FinalProjectCV/CV_Image_pose_detection/Data/LLSP/video/train/stu2_68.mp4,/content/drive/MyDrive/FinalProjectCV/CV_Image_pose_detection/Data/LLSP/annotation_cleaned/rgb_resnet50_features/stu2_68_rgb_resnet50.npy,squat,train,25,ok,1438,128,2048,resnet50,
stu5_39.mp4,/content/drive/MyDrive/FinalProjectCV/CV_Image_pose_detection/Data/LLSP/video/train/stu5_39.mp4,/content/drive/MyDrive/FinalProjectCV/CV_Image_pose_detection/Data/LLSP/annotation_cleaned/rgb_resnet50_features/stu5_39_rgb_resnet50.npy,pull_up,train,7,ok,900,128,2048,resnet50,
stu9_68.mp4,/content/drive/MyDrive/FinalProjectCV/CV_Image_pose_detection/Data/LLSP/video/train/stu9_68.mp4,/content/drive/MyDrive/FinalProjectCV/CV_Image_pose_detection/Data/LLSP/annotation_cleaned/rgb_resnet50_features/stu9_68_rgb_resnet50.npy,squat,train,20,ok,1350,128,2048,resnet50,
stu9_53.mp4,/content/drive/MyDrive/FinalProjectCV/CV_Image_pose_detection/Data/LLSP/video/train/stu9_53.mp4,/content/drive/MyDrive/FinalProjectCV/CV_Image_pose_detection/Data/LLSP/annotation_cleaned/rgb_resnet50_features/stu9_53_rgb_resnet50.npy,push_up,train,39,ok,1100,128,2048,resnet50,
train2676.mp4,/content/drive/MyDrive/FinalProjectCV/CV_Image_pose_detection/Data/LLSP/video/train/train2676.mp4,/content/drive/MyDrive/FinalProjectCV/CV_Image_pose_detection/Data/LLSP/annotation_cleaned/rgb_resnet50_features/train2676_rgb_resnet50.npy,push_up,train,3,ok,250,128,2048,resnet50,
stu1_49.mp4,/content/drive/MyDrive/FinalProjectCV/CV_Image_pose_detection/Data/LLSP/video/train/stu1_49.mp4,/content/drive/MyDrive/FinalProjectCV/CV_Image_pose_detection/Data/LLSP/annotation_cleaned/rgb_resnet50_features/stu1_49_rgb_resnet50.npy,push_up,train,15,ok,1170,128,2048,resnet50,
test2299.mp4,/content/drive/MyDrive/FinalProjectCV/CV_Image_pose_detection/Data/LLSP/video/train/test2299.mp4,/content/drive/MyDrive/FinalProjectCV/CV_Image_pose_detection/Data/LLSP/annotation_cleaned/rgb_resnet50_features/test2299_rgb_resnet50.npy,squat,train,2,ok,300,128,2048,resnet50,
test2309.mp4,/content/drive/MyDrive/FinalProjectCV/CV_Image_pose_detection/Data/LLSP/video/train/test2309.mp4,/content/drive/MyDrive/FinalProjectCV/CV_Image_pose_detection/Data/LLSP/annotation_cleaned/rgb_resnet50_features/test2309_rgb_resnet50.npy,squat,train,2,ok,300,128,2048,resnet50,
stu4_37.mp4,/content/drive/MyDrive/FinalProjectCV/CV_Image_pose_detection/Data/LLSP/video/train/stu4_37.mp4,/content/drive/MyDrive/FinalProjectCV/CV_Image_pose_detection/Data/LLSP/annotation_cleaned/rgb_resnet50_features/stu4_37_rgb_resnet50.npy,pull_up,train,6,ok,1320,128,2048,resnet50,
stu9_39.mp4,/content/drive/MyDrive/FinalProjectCV/CV_Image_pose_detection/Data/LLSP/video/train/stu9_39.mp4,/content/drive/MyDrive/FinalProjectCV/CV_Image_pose_detection/Data/LLSP/annotation_cleaned/rgb_resnet50_features/stu9_39_rgb_resnet50.npy,pull_up,train,8,ok,1200,128,2048,resnet50,
stu7_48.mp4,/content/drive/MyDrive/FinalProjectCV/CV_Image_pose_detection/Data/LLSP/video/train/stu7_48.mp4,/content/drive/MyDrive/FinalProjectCV/CV_Image_pose_detection/Data/LLSP/annotation_cleaned/rgb_resnet50_features/stu7_48_rgb_resnet50.npy,push_up,train,9,ok,1770,128,2048,resnet50,
stu6_26.mp4,/content/drive/MyDrive/FinalProjectCV/CV_Image_pose_detection/Data/LLSP/video/train/stu6_26.mp4,/content/drive/MyDrive/FinalProjectCV/CV_Image_pose_detection/Data/LLSP/annotation_cleaned/rgb_resnet50_features/stu6_26_rgb_resnet50.npy,pull_up,train,10,ok,990,128,2048,resnet50,
stu9_46.mp4,/content/drive/MyDrive/FinalProjectCV/CV_Image_pose_detection/Data/LLSP/video/train/stu9_46.mp4,/content/drive/MyDrive/FinalProjectCV/CV_Image_pose_detection/Data/LLSP/annotation_cleaned/rgb_resnet50_features/stu9_46_rgb_resnet50.npy,push_up,train,6,ok,720,128,2048,resnet50,
stu7_68.mp4,/content/drive/MyDrive/FinalProjectCV/CV_Image_pose_detection/Data/LLSP/video/train/stu7_68.mp4,/content/drive/MyDrive/FinalProjectCV/CV_Image_pose_detection/Data/LLSP/annotation_cleaned/rgb_resnet50_features/stu7_68_rgb_resnet50.npy,squat,train,20,ok,900,128,2048,resnet50,
stu7_51.mp4,/content/drive/MyDrive/FinalProjectCV/CV_Image_pose_detection/Data/LLSP/video/train/stu7_51.mp4,/content/drive/MyDrive/FinalProjectCV/CV_Image_pose_detection/Data/LLSP/annotation_cleaned/rgb_resnet50_features/stu7_51_rgb_resnet50.npy,push_up,train,47,ok,792,128,2048,resnet50,
stu10_35.mp4,/content/drive/MyDrive/FinalProjectCV/CV_Image_pose_detection/Data/LLSP/video/train/stu10_35.mp4,/content/drive/MyDrive/FinalProjectCV/CV_Image_pose_detection/Data/LLSP/annotation_cleaned/rgb_resnet50_features/stu10_35_rgb_resnet50.npy,pull_up,train,11,ok,1140,128,2048,resnet50,
stu8_67.mp4,/content/drive/MyDrive/FinalProjectCV/CV_Image_pose_detection/Data/LLSP/video/train/stu8_67.mp4,/content/drive/MyDrive/FinalProjectCV/CV_Image_pose_detection/Data/LLSP/annotation_cleaned/rgb_resnet50_features/stu8_67_rgb_resnet50.npy,squat,train,3,ok,330,128,2048,resnet50,
val1258.mp4,/content/drive/MyDrive/FinalProjectCV/CV_Image_pose_detection/Data/LLSP/video/train/val1258.mp4,/content/drive/MyDrive/FinalProjectCV/CV_Image_pose_detection/Data/LLSP/annotation_cleaned/rgb_resnet50_features/val1258_rgb_resnet50.npy,squat,train,3,ok,300,128,2048,resnet50,
stu2_41.mp4,/content/drive/MyDrive/FinalProjectCV/CV_Image_pose_detection/Data/LLSP/video/train/stu2_41.mp4,/content/drive/MyDrive/FinalProjectCV/CV_Image_pose_detection/Data/LLSP/annotation_cleaned/rgb_resnet50_features/stu2_41_rgb_resnet50.npy,pull_up,train,26,ok,2278,128,2048,resnet50,
stu6_43.mp4,/content/drive/MyDrive/FinalProjectCV/CV_Image_pose_detection/Data/LLSP/video/train/stu6_43.mp4,/content/drive/MyDrive/FinalProjectCV/CV_Image_pose_detection/Data/LLSP/annotation_cleaned/rgb_resnet50_features/stu6_43_rgb_resnet50.npy,push_up,train,19,ok,660,128,2048,resnet50,
stu7_41.mp4,/content/drive/MyDrive/FinalProjectCV/CV_Image_pose_detection/Data/LLSP/video/train/stu7_41.mp4,/content/drive/MyDrive/FinalProjectCV/CV_Image_pose_detection/Data/LLSP/annotation_cleaned/rgb_resnet50_features/stu7_41_rgb_resnet50.npy,pull_up,train,4,ok,359,128,2048,resnet50,
stu2_44.mp4,/content/drive/MyDrive/FinalProjectCV/CV_Image_pose_detection/Data/LLSP/video/train/stu2_44.mp4,/content/drive/MyDrive/FinalProjectCV/CV_Image_pose_detection/Data/LLSP/annotation_cleaned/rgb_resnet50_features/stu2_44_rgb_resnet50.npy,pull_up,train,10,ok,1031,128,2048,resnet50,
stu10_45.mp4,/content/drive/MyDrive/FinalProjectCV/CV_Image_pose_detection/Data/LLSP/video/train/stu10_45.mp4,/content/drive/MyDrive/FinalProjectCV/CV_Image_pose_detection/Data/LLSP/annotation_cleaned/rgb_resnet50_features/stu10_45_rgb_resnet50.npy,push_up,train,14,ok,1589,128,2048,resnet50,
train2464.mp4,/content/drive/MyDrive/FinalProjectCV/CV_Image_pose_detection/Data/LLSP/video/train/train2464.mp4,/content/drive/MyDrive/FinalProjectCV/CV_Image_pose_detection/Data/LLSP/annotation_cleaned/rgb_resnet50_features/train2464_rgb_resnet50.npy,pull_up,train,4,ok,300,128,2048,resnet50,
train2523.mp4,/content/drive/MyDrive/FinalProjectCV/CV_Image_pose_detection/Data/LLSP/video/train/train2523.mp4,/content/drive/MyDrive/FinalProjectCV/CV_Image_pose_detection/Data/LLSP/annotation_cleaned/rgb_resnet50_features/train2523_rgb_resnet50.npy,pull_up,train,4,ok,300,128,2048,resnet50,
stu3_69.mp4,/content/drive/MyDrive/FinalProjectCV/CV_Image_pose_detection/Data/LLSP/video/train/stu3_69.mp4,/content/drive/MyDrive/FinalProjectCV/CV_Image_pose_detection/Data/LLSP/annotation_cleaned/rgb_resnet50_features/stu3_69_rgb_resnet50.npy,squat,train,10,ok,450,128,2048,resnet50,
stu4_43.mp4,/content/drive/MyDrive/FinalProjectCV/CV_Image_pose_detection/Data/LLSP/video/train/stu4_43.mp4,/content/drive/MyDrive/FinalProjectCV/CV_Image_pose_detection/Data/LLSP/annotation_cleaned/rgb_resnet50_features/stu4_43_rgb_resnet50.npy,push_up,train,10,ok,929,128,2048,resnet50,
test2318.mp4,/content/drive/MyDrive/FinalProjectCV/CV_Image_pose_detection/Data/LLSP/video/train/test2318.mp4,/content/drive/MyDrive/FinalProjectCV/CV_Image_pose_detection/Data/LLSP/annotation_cleaned/rgb_resnet50_features/test2318_rgb_resnet50.npy,squat,train,4,ok,300,128,2048,resnet50,
stu3_45.mp4,/content/drive/MyDrive/FinalProjectCV/CV_Image_pose_detection/Data/LLSP/video/train/stu3_45.mp4,/content/drive/MyDrive/FinalProjectCV/CV_Image_pose_detection/Data/LLSP/annotation_cleaned/rgb_resnet50_features/stu3_45_rgb_resnet50.npy,push_up,train,25,ok,1798,128,2048,resnet50,
stu3_70.mp4,/content/drive/MyDrive/FinalProjectCV/CV_Image_pose_detection/Data/LLSP/video/train/stu3_70.mp4,/content/drive/MyDrive/FinalProjectCV/CV_Image_pose_detection/Data/LLSP/annotation_cleaned/rgb_resnet50_features/stu3_70_rgb_resnet50.npy,squat,train,12,ok,500,128,2048,resnet50,
train2484.mp4,/content/drive/MyDrive/FinalProjectCV/CV_Image_pose_detection/Data/LLSP/video/train/train2484.mp4,/content/drive/MyDrive/FinalProjectCV/CV_Image_pose_detection/Data/LLSP/annotation_cleaned/rgb_resnet50_features/train2484_rgb_resnet50.npy,pull_up,train,7,ok,300,128,2048,resnet50,
stu3_60.mp4,/content/drive/MyDrive/FinalProjectCV/CV_Image_pose_detection/Data/LLSP/video/train/stu3_60.mp4,/content/drive/MyDrive/FinalProjectCV/CV_Image_pose_detection/Data/LLSP/annotation_cleaned/rgb_resnet50_features/stu3_60_rgb_resnet50.npy,squat,train,4,ok,210,128,2048,resnet50,
stu6_60.mp4,/content/drive/MyDrive/FinalProjectCV/CV_Image_pose_detection/Data/LLSP/video/train/stu6_60.mp4,/content/drive/MyDrive/FinalProjectCV/CV_Image_pose_detection/Data/LLSP/annotation_cleaned/rgb_resnet50_features/stu6_60_rgb_resnet50.npy,squat,train,35,ok,1740,128,2048,resnet50,
stu5_63.mp4,/content/drive/MyDrive/FinalProjectCV/CV_Image_pose_detection/Data/LLSP/video/train/stu5_63.mp4,/content/drive/MyDrive/FinalProjectCV/CV_Image_pose_detection/Data/LLSP/annotation_cleaned/rgb_resnet50_features/stu5_63_rgb_resnet50.npy,squat,train,21,ok,960,128,2048,resnet50,
stu3_68.mp4,/content/drive/MyDrive/FinalProjectCV/CV_Image_pose_detection/Data/LLSP/video/train/stu3_68.mp4,/content/drive/MyDrive/FinalProjectCV/CV_Image_pose_detection/Data/LLSP/annotation_cleaned/rgb_resnet50_features/stu3_68_rgb_resnet50.npy,squat,train,17,ok,1499,128,2048,resnet50,
stu4_44.mp4,/content/drive/MyDrive/FinalProjectCV/CV_Image_pose_detection/Data/LLSP/video/train/stu4_44.mp4,/content/drive/MyDrive/FinalProjectCV/CV_Image_pose_detection/Data/LLSP/annotation_cleaned/rgb_resnet50_features/stu4_44_rgb_resnet50.npy,push_up,train,9,ok,959,128,2048,resnet50,
stu3_33.mp4,/content/drive/MyDrive/FinalProjectCV/CV_Image_pose_detection/Data/LLSP/video/train/stu3_33.mp4,/content/drive/MyDrive/FinalProjectCV/CV_Image_pose_detection/Data/LLSP/annotation_cleaned/rgb_resnet50_features/stu3_33_rgb_resnet50.npy,pull_up,train,10,ok,748,128,2048,resnet50,
stu4_48.mp4,/content/drive/MyDrive/FinalProjectCV/CV_Image_pose_detection/Data/LLSP/video/train/stu4_48.mp4,/content/drive/MyDrive/FinalProjectCV/CV_Image_pose_detection/Data/LLSP/annotation_cleaned/rgb_resnet50_features/stu4_48_rgb_resnet50.npy,push_up,train,8,ok,900,128,2048,resnet50,
stu10_52.mp4,/content/drive/MyDrive/FinalProjectCV/CV_Image_pose_detection/Data/LLSP/video/train/stu10_52.mp4,/content/drive/MyDrive/FinalProjectCV/CV_Image_pose_detection/Data/LLSP/annotation_cleaned/rgb_resnet50_features/stu10_52_rgb_resnet50.npy,push_up,train,37,ok,1648,128,2048,resnet50,
stu1_45.mp4,/content/drive/MyDrive/FinalProjectCV/CV_Image_pose_detection/Data/LLSP/video/train/stu1_45.mp4,/content/drive/MyDrive/FinalProjectCV/CV_Image_pose_detection/Data/LLSP/annotation_cleaned/rgb_resnet50_features/stu1_45_rgb_resnet50.npy,push_up,train,6,ok,825,128,2048,resnet50,
train2502.mp4,/content/drive/MyDrive/FinalProjectCV/CV_Image_pose_detection/Data/LLSP/video/train/train2502.mp4,/content/drive/MyDrive/FinalProjectCV/CV_Image_pose_detection/Data/LLSP/annotation_cleaned/rgb_resnet50_features/train2502_rgb_resnet50.npy,pull_up,train,6,ok,300,128,2048,resnet50,
stu3_40.mp4,/content/drive/MyDrive/FinalProjectCV/CV_Image_pose_detection/Data/LLSP/video/train/stu3_40.mp4,/content/drive/MyDrive/FinalProjectCV/CV_Image_pose_detection/Data/LLSP/annotation_cleaned/rgb_resnet50_features/stu3_40_rgb_resnet50.npy,pull_up,train,6,ok,900,128,2048,resnet50,
stu5_44.mp4,/content/drive/MyDrive/FinalProjectCV/CV_Image_pose_detection/Data/LLSP/video/train/stu5_44.mp4,/content/drive/MyDrive/FinalProjectCV/CV_Image_pose_detection/Data/LLSP/annotation_cleaned/rgb_resnet50_features/stu5_44_rgb_resnet50.npy,push_up,train,12,ok,1499,128,2048,resnet50,
stu2_67.mp4,/content/drive/MyDrive/FinalProjectCV/CV_Image_pose_detection/Data/LLSP/video/train/stu2_67.mp4,/content/drive/MyDrive/FinalProjectCV/CV_Image_pose_detection/Data/LLSP/annotation_cleaned/rgb_resnet50_features/stu2_67_rgb_resnet50.npy,squat,train,11,ok,1470,128,2048,resnet50,
stu10_66.mp4,/content/drive/MyDrive/FinalProjectCV/CV_Image_pose_detection/Data/LLSP/video/train/stu10_66.mp4,/content/drive/MyDrive/FinalProjectCV/CV_Image_pose_detection/Data/LLSP/annotation_cleaned/rgb_resnet50_features/stu10_66_rgb_resnet50.npy,squat,train,25,ok,1229,128,2048,resnet50,
train2745.mp4,/content/drive/MyDrive/FinalProjectCV/CV_Image_pose_detection/Data/LLSP/video/train/train2745.mp4,/content/drive/MyDrive/FinalProjectCV/CV_Image_pose_detection/Data/LLSP/annotation_cleaned/rgb_resnet50_features/train2745_rgb_resnet50.npy,push_up,train,2,ok,300,128,2048,resnet50,
stu3_63.mp4,/content/drive/MyDrive/FinalProjectCV/CV_Image_pose_detection/Data/LLSP/video/train/stu3_63.mp4,/content/drive/MyDrive/FinalProjectCV/CV_Image_pose_detection/Data/LLSP/annotation_cleaned/rgb_resnet50_features/stu3_63_rgb_resnet50.npy,squat,train,7,ok,390,128,2048,resnet50,
stu3_41.mp4,/content/drive/MyDrive/FinalProjectCV/CV_Image_pose_detection/Data/LLSP/video/train/stu3_41.mp4,/content/drive/MyDrive/FinalProjectCV/CV_Image_pose_detection/Data/LLSP/annotation_cleaned/rgb_resnet50_features/stu3_41_rgb_resnet50.npy,pull_up,train,1,ok,200,128,2048,resnet50,
val820.mp4,/content/drive/MyDrive/FinalProjectCV/CV_Image_pose_detection/Data/LLSP/video/train/val820.mp4,/content/drive/MyDrive/FinalProjectCV/CV_Image_pose_detection/Data/LLSP/annotation_cleaned/rgb_resnet50_features/val820_rgb_resnet50.npy,pull_up,train,4,ok,300,128,2048,resnet50,
stu5_42.mp4,/content/drive/MyDrive/FinalProjectCV/CV_Image_pose_detection/Data/LLSP/video/train/stu5_42.mp4,/content/drive/MyDrive/FinalProjectCV/CV_Image_pose_detection/Data/LLSP/annotation_cleaned/rgb_resnet50_features/stu5_42_rgb_resnet50.npy,push_up,train,23,ok,1769,128,2048,resnet50,
stu6_71.mp4,/content/drive/MyDrive/FinalProjectCV/CV_Image_pose_detection/Data/LLSP/video/train/stu6_71.mp4,/content/drive/MyDrive/FinalProjectCV/CV_Image_pose_detection/Data/LLSP/annotation_cleaned/rgb_resnet50_features/stu6_71_rgb_resnet50.npy,squat,train,2,ok,300,128,2048,resnet50,
stu7_37.mp4,/content/drive/MyDrive/FinalProjectCV/CV_Image_pose_detection/Data/LLSP/video/train/stu7_37.mp4,/content/drive/MyDrive/FinalProjectCV/CV_Image_pose_detection/Data/LLSP/annotation_cleaned/rgb_resnet50_features/stu7_37_rgb_resnet50.npy,pull_up,train,15,ok,1048,128,2048,resnet50,
stu10_62.mp4,/content/drive/MyDrive/FinalProjectCV/CV_Image_pose_detection/Data/LLSP/video/train/stu10_62.mp4,/content/drive/MyDrive/FinalProjectCV/CV_Image_pose_detection/Data/LLSP/annotation_cleaned/rgb_resnet50_features/stu10_62_rgb_resnet50.npy,squat,train,3,ok,270,128,2048,resnet50,
stu9_40.mp4,/content/drive/MyDrive/FinalProjectCV/CV_Image_pose_detection/Data/LLSP/video/train/stu9_40.mp4,/content/drive/MyDrive/FinalProjectCV/CV_Image_pose_detection/Data/LLSP/annotation_cleaned/rgb_resnet50_features/stu9_40_rgb_resnet50.npy,pull_up,train,27,ok,1320,128,2048,resnet50,
stu6_64.mp4,/content/drive/MyDrive/FinalProjectCV/CV_Image_pose_detection/Data/LLSP/video/train/stu6_64.mp4,/content/drive/MyDrive/FinalProjectCV/CV_Image_pose_detection/Data/LLSP/annotation_cleaned/rgb_resnet50_features/stu6_64_rgb_resnet50.npy,squat,train,3,ok,510,128,2048,resnet50,
stu5_34.mp4,/content/drive/MyDrive/FinalProjectCV/CV_Image_pose_detection/Data/LLSP/video/train/stu5_34.mp4,/content/drive/MyDrive/FinalProjectCV/CV_Image_pose_detection/Data/LLSP/annotation_cleaned/rgb_resnet50_features/stu5_34_rgb_resnet50.npy,pull_up,train,52,ok,1678,128,2048,resnet50,
stu9_54.mp4,/content/drive/MyDrive/FinalProjectCV/CV_Image_pose_detection/Data/LLSP/video/train/stu9_54.mp4,/content/drive/MyDrive/FinalProjectCV/CV_Image_pose_detection/Data/LLSP/annotation_cleaned/rgb_resnet50_features/stu9_54_rgb_resnet50.npy,push_up,train,26,ok,1799,128,2048,resnet50,
stu4_32.mp4,/content/drive/MyDrive/FinalProjectCV/CV_Image_pose_detection/Data/LLSP/video/train/stu4_32.mp4,/content/drive/MyDrive/FinalProjectCV/CV_Image_pose_detection/Data/LLSP/annotation_cleaned/rgb_resnet50_features/stu4_32_rgb_resnet50.npy,pull_up,train,4,ok,1079,128,2048,resnet50,
stu3_35.mp4,/content/drive/MyDrive/FinalProjectCV/CV_Image_pose_detection/Data/LLSP/video/train/stu3_35.mp4,/content/drive/MyDrive/FinalProjectCV/CV_Image_pose_detection/Data/LLSP/annotation_cleaned/rgb_resnet50_features/stu3_35_rgb_resnet50.npy,pull_up,train,5,ok,359,128,2048,resnet50,
val886.mp4,/content/drive/MyDrive/FinalProjectCV/CV_Image_pose_detection/Data/LLSP/video/train/val886.mp4,/content/drive/MyDrive/FinalProjectCV/CV_Image_pose_detection/Data/LLSP/annotation_cleaned/rgb_resnet50_features/val886_rgb_resnet50.npy,push_up,train,5,ok,300,128,2048,resnet50,
stu1_67.mp4,/content/drive/MyDrive/FinalProjectCV/CV_Image_pose_detection/Data/LLSP/video/train/stu1_67.mp4,/content/drive/MyDrive/FinalProjectCV/CV_Image_pose_detection/Data/LLSP/annotation_cleaned/rgb_resnet50_features/stu1_67_rgb_resnet50.npy,squat,train,20,ok,1079,128,2048,resnet50,
stu3_43.mp4,/content/drive/MyDrive/FinalProjectCV/CV_Image_pose_detection/Data/LLSP/video/train/stu3_43.mp4,/content/drive/MyDrive/FinalProjectCV/CV_Image_pose_detection/Data/LLSP/annotation_cleaned/rgb_resnet50_features/stu3_43_rgb_resnet50.npy,push_up,train,45,ok,1050,128,2048,resnet50,
stu6_41.mp4,/content/drive/MyDrive/FinalProjectCV/CV_Image_pose_detection/Data/LLSP/video/train/stu6_41.mp4,/content/drive/MyDrive/FinalProjectCV/CV_Image_pose_detection/Data/LLSP/annotation_cleaned/rgb_resnet50_features/stu6_41_rgb_resnet50.npy,push_up,train,54,ok,1798,128,2048,resnet50,
test2317.mp4,/content/drive/MyDrive/FinalProjectCV/CV_Image_pose_detection/Data/LLSP/video/train/test2317.mp4,/content/drive/MyDrive/FinalProjectCV/CV_Image_pose_detection/Data/LLSP/annotation_cleaned/rgb_resnet50_features/test2317_rgb_resnet50.npy,squat,train,3,ok,300,128,2048,resnet50,
stu7_70.mp4,/content/drive/MyDrive/FinalProjectCV/CV_Image_pose_detection/Data/LLSP/video/train/stu7_70.mp4,/content/drive/MyDrive/FinalProjectCV/CV_Image_pose_detection/Data/LLSP/annotation_cleaned/rgb_resnet50_features/stu7_70_rgb_resnet50.npy,squat,train,6,ok,950,128,2048,resnet50,
stu4_72.mp4,/content/drive/MyDrive/FinalProjectCV/CV_Image_pose_detection/Data/LLSP/video/train/stu4_72.mp4,/content/drive/MyDrive/FinalProjectCV/CV_Image_pose_detection/Data/LLSP/annotation_cleaned/rgb_resnet50_features/stu4_72_rgb_resnet50.npy,squat,train,3,ok,600,128,2048,resnet50,
stu1_50.mp4,/content/drive/MyDrive/FinalProjectCV/CV_Image_pose_detection/Data/LLSP/video/train/stu1_50.mp4,/content/drive/MyDrive/FinalProjectCV/CV_Image_pose_detection/Data/LLSP/annotation_cleaned/rgb_resnet50_features/stu1_50_rgb_resnet50.npy,push_up,train,13,ok,1260,128,2048,resnet50,
stu8_61.mp4,/content/drive/MyDrive/FinalProjectCV/CV_Image_pose_detection/Data/LLSP/video/train/stu8_61.mp4,/content/drive/MyDrive/FinalProjectCV/CV_Image_pose_detection/Data/LLSP/annotation_cleaned/rgb_resnet50_features/stu8_61_rgb_resnet50.npy,squat,train,5,ok,480,128,2048,resnet50,
stu2_53.mp4,/content/drive/MyDrive/FinalProjectCV/CV_Image_pose_detection/Data/LLSP/video/train/stu2_53.mp4,/content/drive/MyDrive/FinalProjectCV/CV_Image_pose_detection/Data/LLSP/annotation_cleaned/rgb_resnet50_features/stu2_53_rgb_resnet50.npy,push_up,train,49,ok,1800,128,2048,resnet50,
train2739.mp4,/content/drive/MyDrive/FinalProjectCV/CV_Image_pose_detection/Data/LLSP/video/train/train2739.mp4,/content/drive/MyDrive/FinalProjectCV/CV_Image_pose_detection/Data/LLSP/annotation_cleaned/rgb_resnet50_features/train2739_rgb_resnet50.npy,push_up,train,13,ok,300,128,2048,resnet50,
stu5_33.mp4,/content/drive/MyDrive/FinalProjectCV/CV_Image_pose_detection/Data/LLSP/video/train/stu5_33.mp4,/content/drive/MyDrive/FinalProjectCV/CV_Image_pose_detection/Data/LLSP/annotation_cleaned/rgb_resnet50_features/stu5_33_rgb_resnet50.npy,pull_up,train,9,ok,1768,128,2048,resnet50,
stu4_35.mp4,/content/drive/MyDrive/FinalProjectCV/CV_Image_pose_detection/Data/LLSP/video/train/stu4_35.mp4,/content/drive/MyDrive/FinalProjectCV/CV_Image_pose_detection/Data/LLSP/annotation_cleaned/rgb_resnet50_features/stu4_35_rgb_resnet50.npy,pull_up,train,12,ok,1800,128,2048,resnet50,
stu3_32.mp4,/content/drive/MyDrive/FinalProjectCV/CV_Image_pose_detection/Data/LLSP/video/train/stu3_32.mp4,/content/drive/MyDrive/FinalProjectCV/CV_Image_pose_detection/Data/LLSP/annotation_cleaned/rgb_resnet50_features/stu3_32_rgb_resnet50.npy,pull_up,train,7,ok,875,128,2048,resnet50,
train2666.mp4,/content/drive/MyDrive/FinalProjectCV/CV_Image_pose_detection/Data/LLSP/video/train/train2666.mp4,/content/drive/MyDrive/FinalProjectCV/CV_Image_pose_detection/Data/LLSP/annotation_cleaned/rgb_resnet50_features/train2666_rgb_resnet50.npy,push_up,train,5,ok,240,128,2048,resnet50,
stu8_60.mp4,/content/drive/MyDrive/FinalProjectCV/CV_Image_pose_detection/Data/LLSP/video/train/stu8_60.mp4,/content/drive/MyDrive/FinalProjectCV/CV_Image_pose_detection/Data/LLSP/annotation_cleaned/rgb_resnet50_features/stu8_60_rgb_resnet50.npy,squat,train,11,ok,1170,128,2048,resnet50,
stu3_47.mp4,/content/drive/MyDrive/FinalProjectCV/CV_Image_pose_detection/Data/LLSP/video/train/stu3_47.mp4,/content/drive/MyDrive/FinalProjectCV/CV_Image_pose_detection/Data/LLSP/annotation_cleaned/rgb_resnet50_features/stu3_47_rgb_resnet50.npy,push_up,train,6,ok,1799,128,2048,resnet50,
stu6_69.mp4,/content/drive/MyDrive/FinalProjectCV/CV_Image_pose_detection/Data/LLSP/video/train/stu6_69.mp4,/content/drive/MyDrive/FinalProjectCV/CV_Image_pose_detection/Data/LLSP/annotation_cleaned/rgb_resnet50_features/stu6_69_rgb_resnet50.npy,squat,train,15,ok,1618,128,2048,resnet50,
stu6_46.mp4,/content/drive/MyDrive/FinalProjectCV/CV_Image_pose_detection/Data/LLSP/video/train/stu6_46.mp4,/content/drive/MyDrive/FinalProjectCV/CV_Image_pose_detection/Data/LLSP/annotation_cleaned/rgb_resnet50_features/stu6_46_rgb_resnet50.npy,push_up,train,33,ok,1050,128,2048,resnet50,
stu10_37.mp4,/content/drive/MyDrive/FinalProjectCV/CV_Image_pose_detection/Data/LLSP/video/train/stu10_37.mp4,/content/drive/MyDrive/FinalProjectCV/CV_Image_pose_detection/Data/LLSP/annotation_cleaned/rgb_resnet50_features/stu10_37_rgb_resnet50.npy,pull_up,train,17,ok,1770,128,2048,resnet50,
test2295.mp4,/content/drive/MyDrive/FinalProjectCV/CV_Image_pose_detection/Data/LLSP/video/train/test2295.mp4,/content/drive/MyDrive/FinalProjectCV/CV_Image_pose_detection/Data/LLSP/annotation_cleaned/rgb_resnet50_features/test2295_rgb_resnet50.npy,squat,train,1,ok,100,100,2048,resnet50,
stu5_29.mp4,/content/drive/MyDrive/FinalProjectCV/CV_Image_pose_detection/Data/LLSP/video/train/stu5_29.mp4,/content/drive/MyDrive/FinalProjectCV/CV_Image_pose_detection/Data/LLSP/annotation_cleaned/rgb_resnet50_features/stu5_29_rgb_resnet50.npy,pull_up,train,4,ok,421,128,2048,resnet50,
stu9_44.mp4,/content/drive/MyDrive/FinalProjectCV/CV_Image_pose_detection/Data/LLSP/video/train/stu9_44.mp4,/content/drive/MyDrive/FinalProjectCV/CV_Image_pose_detection/Data/LLSP/annotation_cleaned/rgb_resnet50_features/stu9_44_rgb_resnet50.npy,pull_up,train,21,ok,775,128,2048,resnet50,
stu7_39.mp4,/content/drive/MyDrive/FinalProjectCV/CV_Image_pose_detection/Data/LLSP/video/train/stu7_39.mp4,/content/drive/MyDrive/FinalProjectCV/CV_Image_pose_detection/Data/LLSP/annotation_cleaned/rgb_resnet50_features/stu7_39_rgb_resnet50.npy,pull_up,train,7,ok,899,128,2048,resnet50,
stu5_37.mp4,/content/drive/MyDrive/FinalProjectCV/CV_Image_pose_detection/Data/LLSP/video/train/stu5_37.mp4,/content/drive/MyDrive/FinalProjectCV/CV_Image_pose_detection/Data/LLSP/annotation_cleaned/rgb_resnet50_features/stu5_37_rgb_resnet50.npy,pull_up,train,20,ok,780,128,2048,resnet50,
stu2_48.mp4,/content/drive/MyDrive/FinalProjectCV/CV_Image_pose_detection/Data/LLSP/video/train/stu2_48.mp4,/content/drive/MyDrive/FinalProjectCV/CV_Image_pose_detection/Data/LLSP/annotation_cleaned/rgb_resnet50_features/stu2_48_rgb_resnet50.npy,push_up,train,10,ok,900,128,2048,resnet50,
stu6_32.mp4,/content/drive/MyDrive/FinalProjectCV/CV_Image_pose_detection/Data/LLSP/video/train/stu6_32.mp4,/content/drive/MyDrive/FinalProjectCV/CV_Image_pose_detection/Data/LLSP/annotation_cleaned/rgb_resnet50_features/stu6_32_rgb_resnet50.npy,pull_up,train,7,ok,390,128,2048,resnet50,
stu5_69.mp4,/content/drive/MyDrive/FinalProjectCV/CV_Image_pose_detection/Data/LLSP/video/train/stu5_69.mp4,/content/drive/MyDrive/FinalProjectCV/CV_Image_pose_detection/Data/LLSP/annotation_cleaned/rgb_resnet50_features/stu5_69_rgb_resnet50.npy,squat,train,10,ok,839,128,2048,resnet50,
test1496.mp4,/content/drive/MyDrive/FinalProjectCV/CV_Image_pose_detection/Data/LLSP/video/train/test1496.mp4,/content/drive/MyDrive/FinalProjectCV/CV_Image_pose_detection/Data/LLSP/annotation_cleaned/rgb_resnet50_features/test1496_rgb_resnet50.npy,pull_up,train,6,ok,150,128,2048,resnet50,
stu7_62.mp4,/content/drive/MyDrive/FinalProjectCV/CV_Image_pose_detection/Data/LLSP/video/train/stu7_62.mp4,/content/drive/MyDrive/FinalProjectCV/CV_Image_pose_detection/Data/LLSP/annotation_cleaned/rgb_resnet50_features/stu7_62_rgb_resnet50.npy,squat,train,9,ok,745,128,2048,resnet50,
stu7_46.mp4,/content/drive/MyDrive/FinalProjectCV/CV_Image_pose_detection/Data/LLSP/video/train/stu7_46.mp4,/content/drive/MyDrive/FinalProjectCV/CV_Image_pose_detection/Data/LLSP/annotation_cleaned/rgb_resnet50_features/stu7_46_rgb_resnet50.npy,push_up,train,16,ok,1050,128,2048,resnet50,
stu5_38.mp4,/content/drive/MyDrive/FinalProjectCV/CV_Image_pose_detection/Data/LLSP/video/train/stu5_38.mp4,/content/drive/MyDrive/FinalProjectCV/CV_Image_pose_detection/Data/LLSP/annotation_cleaned/rgb_resnet50_features/stu5_38_rgb_resnet50.npy,pull_up,train,13,ok,984,128,2048,resnet50,
stu4_65.mp4,/content/drive/MyDrive/FinalProjectCV/CV_Image_pose_detection/Data/LLSP/video/train/stu4_65.mp4,/content/drive/MyDrive/FinalProjectCV/CV_Image_pose_detection/Data/LLSP/annotation_cleaned/rgb_resnet50_features/stu4_65_rgb_resnet50.npy,squat,train,24,ok,1260,128,2048,resnet50,
stu1_31.mp4,/content/drive/MyDrive/FinalProjectCV/CV_Image_pose_detection/Data/LLSP/video/train/stu1_31.mp4,/content/drive/MyDrive/FinalProjectCV/CV_Image_pose_detection/Data/LLSP/annotation_cleaned/rgb_resnet50_features/stu1_31_rgb_resnet50.npy,pull_up,train,32,ok,1800,128,2048,resnet50,
stu7_71.mp4,/content/drive/MyDrive/FinalProjectCV/CV_Image_pose_detection/Data/LLSP/video/train/stu7_71.mp4,/content/drive/MyDrive/FinalProjectCV/CV_Image_pose_detection/Data/LLSP/annotation_cleaned/rgb_resnet50_features/stu7_71_rgb_resnet50.npy,squat,train,32,ok,1348,128,2048,resnet50,
test2323.mp4,/content/drive/MyDrive/FinalProjectCV/CV_Image_pose_detection/Data/LLSP/video/train/test2323.mp4,/content/drive/MyDrive/FinalProjectCV/CV_Image_pose_detection/Data/LLSP/annotation_cleaned/rgb_resnet50_features/test2323_rgb_resnet50.npy,squat,train,2,ok,300,128,2048,resnet50,
stu5_46.mp4,/content/drive/MyDrive/FinalProjectCV/CV_Image_pose_detection/Data/LLSP/video/train/stu5_46.mp4,/content/drive/MyDrive/FinalProjectCV/CV_Image_pose_detection/Data/LLSP/annotation_cleaned/rgb_resnet50_features/stu5_46_rgb_resnet50.npy,push_up,train,3,ok,1108,128,2048,resnet50,
stu3_67.mp4,/content/drive/MyDrive/FinalProjectCV/CV_Image_pose_detection/Data/LLSP/video/train/stu3_67.mp4,/content/drive/MyDrive/FinalProjectCV/CV_Image_pose_detection/Data/LLSP/annotation_cleaned/rgb_resnet50_features/stu3_67_rgb_resnet50.npy,squat,train,9,ok,660,128,2048,resnet50,
train2685.mp4,/content/drive/MyDrive/FinalProjectCV/CV_Image_pose_detection/Data/LLSP/video/train/train2685.mp4,/content/drive/MyDrive/FinalProjectCV/CV_Image_pose_detection/Data/LLSP/annotation_cleaned/rgb_resnet50_features/train2685_rgb_resnet50.npy,push_up,train,2,ok,300,128,2048,resnet50,
stu1_70.mp4,/content/drive/MyDrive/FinalProjectCV/CV_Image_pose_detection/Data/LLSP/video/train/stu1_70.mp4,/content/drive/MyDrive/FinalProjectCV/CV_Image_pose_detection/Data/LLSP/annotation_cleaned/rgb_resnet50_features/stu1_70_rgb_resnet50.npy,squat,train,1,ok,120,120,2048,resnet50,
test1624.mp4,/content/drive/MyDrive/FinalProjectCV/CV_Image_pose_detection/Data/LLSP/video/train/test1624.mp4,/content/drive/MyDrive/FinalProjectCV/CV_Image_pose_detection/Data/LLSP/annotation_cleaned/rgb_resnet50_features/test1624_rgb_resnet50.npy,push_up,train,3,ok,150,128,2048,resnet50,
stu9_50.mp4,/content/drive/MyDrive/FinalProjectCV/CV_Image_pose_detection/Data/LLSP/video/train/stu9_50.mp4,/content/drive/MyDrive/FinalProjectCV/CV_Image_pose_detection/Data/LLSP/annotation_cleaned/rgb_resnet50_features/stu9_50_rgb_resnet50.npy,push_up,train,65,ok,1800,128,2048,resnet50,
stu5_65.mp4,/content/drive/MyDrive/FinalProjectCV/CV_Image_pose_detection/Data/LLSP/video/train/stu5_65.mp4,/content/drive/MyDrive/FinalProjectCV/CV_Image_pose_detection/Data/LLSP/annotation_cleaned/rgb_resnet50_features/stu5_65_rgb_resnet50.npy,squat,train,18,ok,1409,128,2048,resnet50,
stu8_65.mp4,/content/drive/MyDrive/FinalProjectCV/CV_Image_pose_detection/Data/LLSP/video/train/stu8_65.mp4,/content/drive/MyDrive/FinalProjectCV/CV_Image_pose_detection/Data/LLSP/annotation_cleaned/rgb_resnet50_features/stu8_65_rgb_resnet50.npy,squat,train,24,ok,1859,128,2048,resnet50,
stu3_46.mp4,/content/drive/MyDrive/FinalProjectCV/CV_Image_pose_detection/Data/LLSP/video/train/stu3_46.mp4,/content/drive/MyDrive/FinalProjectCV/CV_Image_pose_detection/Data/LLSP/annotation_cleaned/rgb_resnet50_features/stu3_46_rgb_resnet50.npy,push_up,train,9,ok,599,128,2048,resnet50,
stu4_71.mp4,/content/drive/MyDrive/FinalProjectCV/CV_Image_pose_detection/Data/LLSP/video/train/stu4_71.mp4,/content/drive/MyDrive/FinalProjectCV/CV_Image_pose_detection/Data/LLSP/annotation_cleaned/rgb_resnet50_features/stu4_71_rgb_resnet50.npy,squat,train,36,ok,2100,128,2048,resnet50,
stu7_42.mp4,/content/drive/MyDrive/FinalProjectCV/CV_Image_pose_detection/Data/LLSP/video/train/stu7_42.mp4,/content/drive/MyDrive/FinalProjectCV/CV_Image_pose_detection/Data/LLSP/annotation_cleaned/rgb_resnet50_features/stu7_42_rgb_resnet50.npy,pull_up,train,29,ok,1770,128,2048,resnet50,
stu2_71.mp4,/content/drive/MyDrive/FinalProjectCV/CV_Image_pose_detection/Data/LLSP/video/train/stu2_71.mp4,/content/drive/MyDrive/FinalProjectCV/CV_Image_pose_detection/Data/LLSP/annotation_cleaned/rgb_resnet50_features/stu2_71_rgb_resnet50.npy,squat,train,14,ok,1498,128,2048,resnet50,
train2477.mp4,/content/drive/MyDrive/FinalProjectCV/CV_Image_pose_detection/Data/LLSP/video/train/train2477.mp4,/content/drive/MyDrive/FinalProjectCV/CV_Image_pose_detection/Data/LLSP/annotation_cleaned/rgb_resnet50_features/train2477_rgb_resnet50.npy,pull_up,train,9,ok,300,128,2048,resnet50,
train3932.mp4,/content/drive/MyDrive/FinalProjectCV/CV_Image_pose_detection/Data/LLSP/video/train/train3932.mp4,/content/drive/MyDrive/FinalProjectCV/CV_Image_pose_detection/Data/LLSP/annotation_cleaned/rgb_resnet50_features/train3932_rgb_resnet50.npy,squat,train,2,ok,300,128,2048,resnet50,
stu9_65.mp4,/content/drive/MyDrive/FinalProjectCV/CV_Image_pose_detection/Data/LLSP/video/train/stu9_65.mp4,/content/drive/MyDrive/FinalProjectCV/CV_Image_pose_detection/Data/LLSP/annotation_cleaned/rgb_resnet50_features/stu9_65_rgb_resnet50.npy,squat,train,24,ok,1648,128,2048,resnet50,
stu7_50.mp4,/content/drive/MyDrive/FinalProjectCV/CV_Image_pose_detection/Data/LLSP/video/train/stu7_50.mp4,/content/drive/MyDrive/FinalProjectCV/CV_Image_pose_detection/Data/LLSP/annotation_cleaned/rgb_resnet50_features/stu7_50_rgb_resnet50.npy,push_up,train,46,ok,1470,128,2048,resnet50,
stu8_48.mp4,/content/drive/MyDrive/FinalProjectCV/CV_Image_pose_detection/Data/LLSP/video/train/stu8_48.mp4,/content/drive/MyDrive/FinalProjectCV/CV_Image_pose_detection/Data/LLSP/annotation_cleaned/rgb_resnet50_features/stu8_48_rgb_resnet50.npy,push_up,train,5,ok,1440,128,2048,resnet50,
stu3_51.mp4,/content/drive/MyDrive/FinalProjectCV/CV_Image_pose_detection/Data/LLSP/video/train/stu3_51.mp4,/content/drive/MyDrive/FinalProjectCV/CV_Image_pose_detection/Data/LLSP/annotation_cleaned/rgb_resnet50_features/stu3_51_rgb_resnet50.npy,push_up,train,27,ok,1387,128,2048,resnet50,
stu7_44.mp4,/content/drive/MyDrive/FinalProjectCV/CV_Image_pose_detection/Data/LLSP/video/train/stu7_44.mp4,/content/drive/MyDrive/FinalProjectCV/CV_Image_pose_detection/Data/LLSP/annotation_cleaned/rgb_resnet50_features/stu7_44_rgb_resnet50.npy,pull_up,train,10,ok,750,128,2048,resnet50,
stu5_67.mp4,/content/drive/MyDrive/FinalProjectCV/CV_Image_pose_detection/Data/LLSP/video/train/stu5_67.mp4,/content/drive/MyDrive/FinalProjectCV/CV_Image_pose_detection/Data/LLSP/annotation_cleaned/rgb_resnet50_features/stu5_67_rgb_resnet50.npy,squat,train,16,ok,1049,128,2048,resnet50,
stu6_37.mp4,/content/drive/MyDrive/FinalProjectCV/CV_Image_pose_detection/Data/LLSP/video/train/stu6_37.mp4,/content/drive/MyDrive/FinalProjectCV/CV_Image_pose_detection/Data/LLSP/annotation_cleaned/rgb_resnet50_features/stu6_37_rgb_resnet50.npy,push_up,train,3,ok,959,128,2048,resnet50,
test2331.mp4,/content/drive/MyDrive/FinalProjectCV/CV_Image_pose_detection/Data/LLSP/video/train/test2331.mp4,/content/drive/MyDrive/FinalProjectCV/CV_Image_pose_detection/Data/LLSP/annotation_cleaned/rgb_resnet50_features/test2331_rgb_resnet50.npy,squat,train,2,ok,250,128,2048,resnet50,
stu1_48.mp4,/content/drive/MyDrive/FinalProjectCV/CV_Image_pose_detection/Data/LLSP/video/train/stu1_48.mp4,/content/drive/MyDrive/FinalProjectCV/CV_Image_pose_detection/Data/LLSP/annotation_cleaned/rgb_resnet50_features/stu1_48_rgb_resnet50.npy,push_up,train,111,ok,1368,128,2048,resnet50,
stu4_49.mp4,/content/drive/MyDrive/FinalProjectCV/CV_Image_pose_detection/Data/LLSP/video/train/stu4_49.mp4,/content/drive/MyDrive/FinalProjectCV/CV_Image_pose_detection/Data/LLSP/annotation_cleaned/rgb_resnet50_features/stu4_49_rgb_resnet50.npy,push_up,train,8,ok,960,128,2048,resnet50,
stu9_37.mp4,/content/drive/MyDrive/FinalProjectCV/CV_Image_pose_detection/Data/LLSP/video/train/stu9_37.mp4,/content/drive/MyDrive/FinalProjectCV/CV_Image_pose_detection/Data/LLSP/annotation_cleaned/rgb_resnet50_features/stu9_37_rgb_resnet50.npy,pull_up,train,15,ok,1499,128,2048,resnet50,
val914.mp4,/content/drive/MyDrive/FinalProjectCV/CV_Image_pose_detection/Data/LLSP/video/train/val914.mp4,/content/drive/MyDrive/FinalProjectCV/CV_Image_pose_detection/Data/LLSP/annotation_cleaned/rgb_resnet50_features/val914_rgb_resnet50.npy,push_up,train,2,ok,60,60,2048,resnet50,
stu6_66.mp4,/content/drive/MyDrive/FinalProjectCV/CV_Image_pose_detection/Data/LLSP/video/train/stu6_66.mp4,/content/drive/MyDrive/FinalProjectCV/CV_Image_pose_detection/Data/LLSP/annotation_cleaned/rgb_resnet50_features/stu6_66_rgb_resnet50.npy,squat,train,21,ok,1620,128,2048,resnet50,
stu6_31.mp4,/content/drive/MyDrive/FinalProjectCV/CV_Image_pose_detection/Data/LLSP/video/train/stu6_31.mp4,/content/drive/MyDrive/FinalProjectCV/CV_Image_pose_detection/Data/LLSP/annotation_cleaned/rgb_resnet50_features/stu6_31_rgb_resnet50.npy,pull_up,train,20,ok,750,128,2048,resnet50,
stu10_68.mp4,/content/drive/MyDrive/FinalProjectCV/CV_Image_pose_detection/Data/LLSP/video/train/stu10_68.mp4,/content/drive/MyDrive/FinalProjectCV/CV_Image_pose_detection/Data/LLSP/annotation_cleaned/rgb_resnet50_features/stu10_68_rgb_resnet50.npy,squat,train,20,ok,1678,128,2048,resnet50,
stu1_44.mp4,/content/drive/MyDrive/FinalProjectCV/CV_Image_pose_detection/Data/LLSP/video/train/stu1_44.mp4,/content/drive/MyDrive/FinalProjectCV/CV_Image_pose_detection/Data/LLSP/annotation_cleaned/rgb_resnet50_features/stu1_44_rgb_resnet50.npy,push_up,train,6,ok,750,128,2048,resnet50,
stu9_66.mp4,/content/drive/MyDrive/FinalProjectCV/CV_Image_pose_detection/Data/LLSP/video/train/stu9_66.mp4,/content/drive/MyDrive/FinalProjectCV/CV_Image_pose_detection/Data/LLSP/annotation_cleaned/rgb_resnet50_features/stu9_66_rgb_resnet50.npy,squat,train,35,ok,1800,128,2048,resnet50,
train3912.mp4,/content/drive/MyDrive/FinalProjectCV/CV_Image_pose_detection/Data/LLSP/video/train/train3912.mp4,/content/drive/MyDrive/FinalProjectCV/CV_Image_pose_detection/Data/LLSP/annotation_cleaned/rgb_resnet50_features/train3912_rgb_resnet50.npy,squat,train,4,ok,250,128,2048,resnet50,
stu6_40.mp4,/content/drive/MyDrive/FinalProjectCV/CV_Image_pose_detection/Data/LLSP/video/train/stu6_40.mp4,/content/drive/MyDrive/FinalProjectCV/CV_Image_pose_detection/Data/LLSP/annotation_cleaned/rgb_resnet50_features/stu6_40_rgb_resnet50.npy,push_up,train,8,ok,1325,128,2048,resnet50,
test2298.mp4,/content/drive/MyDrive/FinalProjectCV/CV_Image_pose_detection/Data/LLSP/video/train/test2298.mp4,/content/drive/MyDrive/FinalProjectCV/CV_Image_pose_detection/Data/LLSP/annotation_cleaned/rgb_resnet50_features/test2298_rgb_resnet50.npy,squat,train,2,ok,300,128,2048,resnet50,
stu5_40.mp4,/content/drive/MyDrive/FinalProjectCV/CV_Image_pose_detection/Data/LLSP/video/valid/stu5_40.mp4,/content/drive/MyDrive/FinalProjectCV/CV_Image_pose_detection/Data/LLSP/annotation_cleaned/rgb_resnet50_features/stu5_40_rgb_resnet50.npy,pull_up,valid,17,ok,1079,128,2048,resnet50,
stu4_70.mp4,/content/drive/MyDrive/FinalProjectCV/CV_Image_pose_detection/Data/LLSP/video/valid/stu4_70.mp4,/content/drive/MyDrive/FinalProjectCV/CV_Image_pose_detection/Data/LLSP/annotation_cleaned/rgb_resnet50_features/stu4_70_rgb_resnet50.npy,squat,valid,44,ok,1800,128,2048,resnet50,
train2720.mp4,/content/drive/MyDrive/FinalProjectCV/CV_Image_pose_detection/Data/LLSP/video/valid/train2720.mp4,/content/drive/MyDrive/FinalProjectCV/CV_Image_pose_detection/Data/LLSP/annotation_cleaned/rgb_resnet50_features/train2720_rgb_resnet50.npy,push_up,valid,10,ok,300,128,2048,resnet50,
stu1_47.mp4,/content/drive/MyDrive/FinalProjectCV/CV_Image_pose_detection/Data/LLSP/video/valid/stu1_47.mp4,/content/drive/MyDrive/FinalProjectCV/CV_Image_pose_detection/Data/LLSP/annotation_cleaned/rgb_resnet50_features/stu1_47_rgb_resnet50.npy,push_up,valid,6,ok,599,128,2048,resnet50,
train3946.mp4,/content/drive/MyDrive/FinalProjectCV/CV_Image_pose_detection/Data/LLSP/video/valid/train3946.mp4,/content/drive/MyDrive/FinalProjectCV/CV_Image_pose_detection/Data/LLSP/annotation_cleaned/rgb_resnet50_features/train3946_rgb_resnet50.npy,squat,valid,2,ok,300,128,2048,resnet50,
train2481.mp4,/content/drive/MyDrive/FinalProjectCV/CV_Image_pose_detection/Data/LLSP/video/valid/train2481.mp4,/content/drive/MyDrive/FinalProjectCV/CV_Image_pose_detection/Data/LLSP/annotation_cleaned/rgb_resnet50_features/train2481_rgb_resnet50.npy,pull_up,valid,1,ok,300,128,2048,resnet50,
stu8_37.mp4,/content/drive/MyDrive/FinalProjectCV/CV_Image_pose_detection/Data/LLSP/video/valid/stu8_37.mp4,/content/drive/MyDrive/FinalProjectCV/CV_Image_pose_detection/Data/LLSP/annotation_cleaned/rgb_resnet50_features/stu8_37_rgb_resnet50.npy,pull_up,valid,10,ok,1319,128,2048,resnet50,
stu10_44.mp4,/content/drive/MyDrive/FinalProjectCV/CV_Image_pose_detection/Data/LLSP/video/valid/stu10_44.mp4,/content/drive/MyDrive/FinalProjectCV/CV_Image_pose_detection/Data/LLSP/annotation_cleaned/rgb_resnet50_features/stu10_44_rgb_resnet50.npy,push_up,valid,40,ok,1498,128,2048,resnet50,
train2542.mp4,/content/drive/MyDrive/FinalProjectCV/CV_Image_pose_detection/Data/LLSP/video/valid/train2542.mp4,/content/drive/MyDrive/FinalProjectCV/CV_Image_pose_detection/Data/LLSP/annotation_cleaned/rgb_resnet50_features/train2542_rgb_resnet50.npy,pull_up,valid,1,ok,280,128,2048,resnet50,
stu6_57.mp4,/content/drive/MyDrive/FinalProjectCV/CV_Image_pose_detection/Data/LLSP/video/valid/stu6_57.mp4,/content/drive/MyDrive/FinalProjectCV/CV_Image_pose_detection/Data/LLSP/annotation_cleaned/rgb_resnet50_features/stu6_57_rgb_resnet50.npy,squat,valid,15,ok,1560,128,2048,resnet50,
stu1_38.mp4,/content/drive/MyDrive/FinalProjectCV/CV_Image_pose_detection/Data/LLSP/video/valid/stu1_38.mp4,/content/drive/MyDrive/FinalProjectCV/CV_Image_pose_detection/Data/LLSP/annotation_cleaned/rgb_resnet50_features/stu1_38_rgb_resnet50.npy,pull_up,valid,19,ok,1350,128,2048,resnet50,
stu7_66.mp4,/content/drive/MyDrive/FinalProjectCV/CV_Image_pose_detection/Data/LLSP/video/valid/stu7_66.mp4,/content/drive/MyDrive/FinalProjectCV/CV_Image_pose_detection/Data/LLSP/annotation_cleaned/rgb_resnet50_features/stu7_66_rgb_resnet50.npy,squat,valid,13,ok,990,128,2048,resnet50,
stu6_61.mp4,/content/drive/MyDrive/FinalProjectCV/CV_Image_pose_detection/Data/LLSP/video/valid/stu6_61.mp4,/content/drive/MyDrive/FinalProjectCV/CV_Image_pose_detection/Data/LLSP/annotation_cleaned/rgb_resnet50_features/stu6_61_rgb_resnet50.npy,squat,valid,19,ok,1680,128,2048,resnet50,
stu8_62.mp4,/content/drive/MyDrive/FinalProjectCV/CV_Image_pose_detection/Data/LLSP/video/valid/stu8_62.mp4,/content/drive/MyDrive/FinalProjectCV/CV_Image_pose_detection/Data/LLSP/annotation_cleaned/rgb_resnet50_features/stu8_62_rgb_resnet50.npy,squat,valid,22,ok,1799,128,2048,resnet50,
stu10_47.mp4,/content/drive/MyDrive/FinalProjectCV/CV_Image_pose_detection/Data/LLSP/video/valid/stu10_47.mp4,/content/drive/MyDrive/FinalProjectCV/CV_Image_pose_detection/Data/LLSP/annotation_cleaned/rgb_resnet50_features/stu10_47_rgb_resnet50.npy,push_up,valid,21,ok,1800,128,2048,resnet50,
train3921.mp4,/content/drive/MyDrive/FinalProjectCV/CV_Image_pose_detection/Data/LLSP/video/valid/train3921.mp4,/content/drive/MyDrive/FinalProjectCV/CV_Image_pose_detection/Data/LLSP/annotation_cleaned/rgb_resnet50_features/train3921_rgb_resnet50.npy,squat,valid,4,ok,300,128,2048,resnet50,
stu10_63.mp4,/content/drive/MyDrive/FinalProjectCV/CV_Image_pose_detection/Data/LLSP/video/valid/stu10_63.mp4,/content/drive/MyDrive/FinalProjectCV/CV_Image_pose_detection/Data/LLSP/annotation_cleaned/rgb_resnet50_features/stu10_63_rgb_resnet50.npy,squat,valid,16,ok,1200,128,2048,resnet50,
stu9_55.mp4,/content/drive/MyDrive/FinalProjectCV/CV_Image_pose_detection/Data/LLSP/video/valid/stu9_55.mp4,/content/drive/MyDrive/FinalProjectCV/CV_Image_pose_detection/Data/LLSP/annotation_cleaned/rgb_resnet50_features/stu9_55_rgb_resnet50.npy,push_up,valid,14,ok,1180,128,2048,resnet50,
stu5_45.mp4,/content/drive/MyDrive/FinalProjectCV/CV_Image_pose_detection/Data/LLSP/video/valid/stu5_45.mp4,/content/drive/MyDrive/FinalProjectCV/CV_Image_pose_detection/Data/LLSP/annotation_cleaned/rgb_resnet50_features/stu5_45_rgb_resnet50.npy,push_up,valid,7,ok,1500,128,2048,resnet50,
stu7_43.mp4,/content/drive/MyDrive/FinalProjectCV/CV_Image_pose_detection/Data/LLSP/video/valid/stu7_43.mp4,/content/drive/MyDrive/FinalProjectCV/CV_Image_pose_detection/Data/LLSP/annotation_cleaned/rgb_resnet50_features/stu7_43_rgb_resnet50.npy,pull_up,valid,23,ok,1050,128,2048,resnet50,
train2748.mp4,/content/drive/MyDrive/FinalProjectCV/CV_Image_pose_detection/Data/LLSP/video/valid/train2748.mp4,/content/drive/MyDrive/FinalProjectCV/CV_Image_pose_detection/Data/LLSP/annotation_cleaned/rgb_resnet50_features/train2748_rgb_resnet50.npy,push_up,valid,5,ok,300,128,2048,resnet50,
val901.mp4,/content/drive/MyDrive/FinalProjectCV/CV_Image_pose_detection/Data/LLSP/video/valid/val901.mp4,/content/drive/MyDrive/FinalProjectCV/CV_Image_pose_detection/Data/LLSP/annotation_cleaned/rgb_resnet50_features/val901_rgb_resnet50.npy,push_up,valid,7,ok,250,128,2048,resnet50,
stu3_50.mp4,/content/drive/MyDrive/FinalProjectCV/CV_Image_pose_detection/Data/LLSP/video/valid/stu3_50.mp4,/content/drive/MyDrive/FinalProjectCV/CV_Image_pose_detection/Data/LLSP/annotation_cleaned/rgb_resnet50_features/stu3_50_rgb_resnet50.npy,push_up,valid,28,ok,1250,128,2048,resnet50,
stu5_36.mp4,/content/drive/MyDrive/FinalProjectCV/CV_Image_pose_detection/Data/LLSP/video/valid/stu5_36.mp4,/content/drive/MyDrive/FinalProjectCV/CV_Image_pose_detection/Data/LLSP/annotation_cleaned/rgb_resnet50_features/stu5_36_rgb_resnet50.npy,pull_up,valid,6,ok,475,128,2048,resnet50,
stu3_66.mp4,/content/drive/MyDrive/FinalProjectCV/CV_Image_pose_detection/Data/LLSP/video/valid/stu3_66.mp4,/content/drive/MyDrive/FinalProjectCV/CV_Image_pose_detection/Data/LLSP/annotation_cleaned/rgb_resnet50_features/stu3_66_rgb_resnet50.npy,squat,valid,9,ok,720,128,2048,resnet50,
stu5_71.mp4,/content/drive/MyDrive/FinalProjectCV/CV_Image_pose_detection/Data/LLSP/video/valid/stu5_71.mp4,/content/drive/MyDrive/FinalProjectCV/CV_Image_pose_detection/Data/LLSP/annotation_cleaned/rgb_resnet50_features/stu5_71_rgb_resnet50.npy,squat,valid,19,ok,1031,128,2048,resnet50,
stu1_34.mp4,/content/drive/MyDrive/FinalProjectCV/CV_Image_pose_detection/Data/LLSP/video/valid/stu1_34.mp4,/content/drive/MyDrive/FinalProjectCV/CV_Image_pose_detection/Data/LLSP/annotation_cleaned/rgb_resnet50_features/stu1_34_rgb_resnet50.npy,pull_up,valid,13,ok,1250,128,2048,resnet50,
stu8_47.mp4,/content/drive/MyDrive/FinalProjectCV/CV_Image_pose_detection/Data/LLSP/video/valid/stu8_47.mp4,/content/drive/MyDrive/FinalProjectCV/CV_Image_pose_detection/Data/LLSP/annotation_cleaned/rgb_resnet50_features/stu8_47_rgb_resnet50.npy,push_up,valid,18,ok,1828,128,2048,resnet50,
stu10_42.mp4,/content/drive/MyDrive/FinalProjectCV/CV_Image_pose_detection/Data/LLSP/video/valid/stu10_42.mp4,/content/drive/MyDrive/FinalProjectCV/CV_Image_pose_detection/Data/LLSP/annotation_cleaned/rgb_resnet50_features/stu10_42_rgb_resnet50.npy,push_up,valid,11,ok,900,128,2048,resnet50,
test1595.mp4,/content/drive/MyDrive/FinalProjectCV/CV_Image_pose_detection/Data/LLSP/video/valid/test1595.mp4,/content/drive/MyDrive/FinalProjectCV/CV_Image_pose_detection/Data/LLSP/annotation_cleaned/rgb_resnet50_features/test1595_rgb_resnet50.npy,push_up,valid,3,ok,150,128,2048,resnet50,
stu7_36.mp4,/content/drive/MyDrive/FinalProjectCV/CV_Image_pose_detection/Data/LLSP/video/valid/stu7_36.mp4,/content/drive/MyDrive/FinalProjectCV/CV_Image_pose_detection/Data/LLSP/annotation_cleaned/rgb_resnet50_features/stu7_36_rgb_resnet50.npy,pull_up,valid,20,ok,1649,128,2048,resnet50,
stu1_39.mp4,/content/drive/MyDrive/FinalProjectCV/CV_Image_pose_detection/Data/LLSP/video/valid/stu1_39.mp4,/content/drive/MyDrive/FinalProjectCV/CV_Image_pose_detection/Data/LLSP/annotation_cleaned/rgb_resnet50_features/stu1_39_rgb_resnet50.npy,pull_up,valid,6,ok,1439,128,2048,resnet50,
stu10_67.mp4,/content/drive/MyDrive/FinalProjectCV/CV_Image_pose_detection/Data/LLSP/video/valid/stu10_67.mp4,/content/drive/MyDrive/FinalProjectCV/CV_Image_pose_detection/Data/LLSP/annotation_cleaned/rgb_resnet50_features/stu10_67_rgb_resnet50.npy,squat,valid,6,ok,539,128,2048,resnet50,
stu7_65.mp4,/content/drive/MyDrive/FinalProjectCV/CV_Image_pose_detection/Data/LLSP/video/valid/stu7_65.mp4,/content/drive/MyDrive/FinalProjectCV/CV_Image_pose_detection/Data/LLSP/annotation_cleaned/rgb_resnet50_features/stu7_65_rgb_resnet50.npy,squat,valid,9,ok,720,128,2048,resnet50,
stu10_34.mp4,/content/drive/MyDrive/FinalProjectCV/CV_Image_pose_detection/Data/LLSP/video/valid/stu10_34.mp4,/content/drive/MyDrive/FinalProjectCV/CV_Image_pose_detection/Data/LLSP/annotation_cleaned/rgb_resnet50_features/stu10_34_rgb_resnet50.npy,pull_up,valid,7,ok,528,128,2048,resnet50,
stu6_34.mp4,/content/drive/MyDrive/FinalProjectCV/CV_Image_pose_detection/Data/LLSP/video/valid/stu6_34.mp4,/content/drive/MyDrive/FinalProjectCV/CV_Image_pose_detection/Data/LLSP/annotation_cleaned/rgb_resnet50_features/stu6_34_rgb_resnet50.npy,pull_up,valid,11,ok,1799,128,2048,resnet50,
stu8_43.mp4,/content/drive/MyDrive/FinalProjectCV/CV_Image_pose_detection/Data/LLSP/video/valid/stu8_43.mp4,/content/drive/MyDrive/FinalProjectCV/CV_Image_pose_detection/Data/LLSP/annotation_cleaned/rgb_resnet50_features/stu8_43_rgb_resnet50.npy,push_up,valid,25,ok,1079,128,2048,resnet50,
stu4_40.mp4,/content/drive/MyDrive/FinalProjectCV/CV_Image_pose_detection/Data/LLSP/video/valid/stu4_40.mp4,/content/drive/MyDrive/FinalProjectCV/CV_Image_pose_detection/Data/LLSP/annotation_cleaned/rgb_resnet50_features/stu4_40_rgb_resnet50.npy,push_up,valid,6,ok,1000,128,2048,resnet50,
train3898.mp4,/content/drive/MyDrive/FinalProjectCV/CV_Image_pose_detection/Data/LLSP/video/valid/train3898.mp4,/content/drive/MyDrive/FinalProjectCV/CV_Image_pose_detection/Data/LLSP/annotation_cleaned/rgb_resnet50_features/train3898_rgb_resnet50.npy,squat,valid,2,ok,301,128,2048,resnet50,
test2349.mp4,/content/drive/MyDrive/FinalProjectCV/CV_Image_pose_detection/Data/LLSP/video/valid/test2349.mp4,/content/drive/MyDrive/FinalProjectCV/CV_Image_pose_detection/Data/LLSP/annotation_cleaned/rgb_resnet50_features/test2349_rgb_resnet50.npy,squat,valid,6,ok,140,128,2048,resnet50,
train2711.mp4,/content/drive/MyDrive/FinalProjectCV/CV_Image_pose_detection/Data/LLSP/video/valid/train2711.mp4,/content/drive/MyDrive/FinalProjectCV/CV_Image_pose_detection/Data/LLSP/annotation_cleaned/rgb_resnet50_features/train2711_rgb_resnet50.npy,push_up,valid,5,ok,300,128,2048,resnet50,
stu10_39.mp4,/content/drive/MyDrive/FinalProjectCV/CV_Image_pose_detection/Data/LLSP/video/valid/stu10_39.mp4,/content/drive/MyDrive/FinalProjectCV/CV_Image_pose_detection/Data/LLSP/annotation_cleaned/rgb_resnet50_features/stu10_39_rgb_resnet50.npy,pull_up,valid,10,ok,936,128,2048,resnet50,
stu9_67.mp4,/content/drive/MyDrive/FinalProjectCV/CV_Image_pose_detection/Data/LLSP/video/valid/stu9_67.mp4,/content/drive/MyDrive/FinalProjectCV/CV_Image_pose_detection/Data/LLSP/annotation_cleaned/rgb_resnet50_features/stu9_67_rgb_resnet50.npy,squat,valid,0,ok,275,128,2048,resnet50,
stu1_37.mp4,/content/drive/MyDrive/FinalProjectCV/CV_Image_pose_detection/Data/LLSP/video/valid/stu1_37.mp4,/content/drive/MyDrive/FinalProjectCV/CV_Image_pose_detection/Data/LLSP/annotation_cleaned/rgb_resnet50_features/stu1_37_rgb_resnet50.npy,pull_up,valid,18,ok,1799,128,2048,resnet50,
stu4_45.mp4,/content/drive/MyDrive/FinalProjectCV/CV_Image_pose_detection/Data/LLSP/video/valid/stu4_45.mp4,/content/drive/MyDrive/FinalProjectCV/CV_Image_pose_detection/Data/LLSP/annotation_cleaned/rgb_resnet50_features/stu4_45_rgb_resnet50.npy,push_up,valid,16,ok,1294,128,2048,resnet50,
stu10_69.mp4,/content/drive/MyDrive/FinalProjectCV/CV_Image_pose_detection/Data/LLSP/video/valid/stu10_69.mp4,/content/drive/MyDrive/FinalProjectCV/CV_Image_pose_detection/Data/LLSP/annotation_cleaned/rgb_resnet50_features/stu10_69_rgb_resnet50.npy,squat,valid,39,ok,1920,128,2048,resnet50,
train2716.mp4,/content/drive/MyDrive/FinalProjectCV/CV_Image_pose_detection/Data/LLSP/video/valid/train2716.mp4,/content/drive/MyDrive/FinalProjectCV/CV_Image_pose_detection/Data/LLSP/annotation_cleaned/rgb_resnet50_features/train2716_rgb_resnet50.npy,push_up,valid,10,ok,300,128,2048,resnet50,
stu6_47.mp4,/content/drive/MyDrive/FinalProjectCV/CV_Image_pose_detection/Data/LLSP/video/valid/stu6_47.mp4,/content/drive/MyDrive/FinalProjectCV/CV_Image_pose_detection/Data/LLSP/annotation_cleaned/rgb_resnet50_features/stu6_47_rgb_resnet50.npy,push_up,valid,3,ok,480,128,2048,resnet50,
