min_conf,min_valid_ratio,enter_down,enter_bottom,exit_bottom,back_to_up,min_bottom_frames,train_mae,train_rmse,train_within_1
0.7,0.35,25.0,45.0,30.0,20.0,2,2.7549019607843137,5.221561632534174,0.6372549019607843
0.7,0.5,25.0,45.0,30.0,20.0,2,2.7549019607843137,5.221561632534174,0.6372549019607843
0.7,0.65,25.0,45.0,30.0,20.0,2,2.7549019607843137,5.221561632534174,0.6372549019607843
0.7,0.35,25.0,45.0,30.0,20.0,3,2.8137254901960786,5.294281043230127,0.6372549019607843
0.7,0.5,25.0,45.0,30.0,20.0,3,2.8137254901960786,5.294281043230127,0.6372549019607843
0.7,0.65,25.0,45.0,30.0,20.0,3,2.8137254901960786,5.294281043230127,0.6372549019607843
0.7,0.35,25.0,45.0,40.0,20.0,2,2.8333333333333335,5.331188294128334,0.6372549019607843
0.7,0.5,25.0,45.0,40.0,20.0,2,2.8333333333333335,5.331188294128334,0.6372549019607843
0.7,0.65,25.0,45.0,40.0,20.0,2,2.8333333333333335,5.331188294128334,0.6372549019607843
0.7,0.35,25.0,45.0,30.0,20.0,4,2.8823529411764706,5.464681609942085,0.6274509803921569
0.7,0.5,25.0,45.0,30.0,20.0,4,2.8823529411764706,5.464681609942085,0.6274509803921569
0.7,0.65,25.0,45.0,30.0,20.0,4,2.8823529411764706,5.464681609942085,0.6274509803921569
0.8,0.35,25.0,45.0,30.0,20.0,2,2.8823529411764706,5.468268536229153,0.6372549019607843
0.8,0.5,25.0,45.0,30.0,20.0,2,2.8823529411764706,5.468268536229153,0.6372549019607843
0.8,0.65,25.0,45.0,30.0,20.0,2,2.8823529411764706,5.468268536229153,0.6372549019607843
0.7,0.35,25.0,45.0,40.0,20.0,3,2.9313725490196076,5.554542391274963,0.6372549019607843
0.7,0.5,25.0,45.0,40.0,20.0,3,2.9313725490196076,5.554542391274963,0.6372549019607843
0.7,0.65,25.0,45.0,40.0,20.0,3,2.9313725490196076,5.554542391274963,0.6372549019607843
0.8,0.35,25.0,45.0,30.0,20.0,3,2.9411764705882355,5.60461994303649,0.6372549019607843
0.8,0.5,25.0,45.0,30.0,20.0,3,2.9411764705882355,5.60461994303649,0.6372549019607843
0.8,0.65,25.0,45.0,30.0,20.0,3,2.9411764705882355,5.60461994303649,0.6372549019607843
0.8,0.35,25.0,45.0,40.0,20.0,2,2.9705882352941178,5.678476735817069,0.6372549019607843
0.8,0.5,25.0,45.0,40.0,20.0,2,2.9705882352941178,5.678476735817069,0.6372549019607843
0.8,0.65,25.0,45.0,40.0,20.0,2,2.9705882352941178,5.678476735817069,0.6372549019607843
0.8,0.35,25.0,45.0,30.0,20.0,4,3.019607843137255,5.790458683446924,0.6274509803921569
0.8,0.5,25.0,45.0,30.0,20.0,4,3.019607843137255,5.790458683446924,0.6274509803921569
0.8,0.65,25.0,45.0,30.0,20.0,4,3.019607843137255,5.790458683446924,0.6274509803921569
0.7,0.35,20.0,45.0,30.0,15.0,2,3.0686274509803924,5.520905012483256,0.5784313725490197
0.7,0.35,25.0,45.0,30.0,15.0,2,3.0686274509803924,5.520905012483256,0.5784313725490197
0.7,0.5,20.0,45.0,30.0,15.0,2,3.0686274509803924,5.520905012483256,0.5784313725490197
0.7,0.5,25.0,45.0,30.0,15.0,2,3.0686274509803924,5.520905012483256,0.5784313725490197
0.7,0.65,20.0,45.0,30.0,15.0,2,3.0686274509803924,5.520905012483256,0.5784313725490197
0.7,0.65,25.0,45.0,30.0,15.0,2,3.0686274509803924,5.520905012483256,0.5784313725490197
0.8,0.35,25.0,45.0,40.0,20.0,3,3.0686274509803924,5.913593512856131,0.6372549019607843
0.8,0.5,25.0,45.0,40.0,20.0,3,3.0686274509803924,5.913593512856131,0.6372549019607843
0.8,0.65,25.0,45.0,40.0,20.0,3,3.0686274509803924,5.913593512856131,0.6372549019607843
0.9,0.35,25.0,45.0,30.0,20.0,2,3.0784313725490198,5.809053110380011,0.6176470588235294
0.9,0.5,25.0,45.0,30.0,20.0,2,3.0784313725490198,5.809053110380011,0.6176470588235294
0.9,0.65,25.0,45.0,30.0,20.0,2,3.0784313725490198,5.809053110380011,0.6176470588235294
0.7,0.35,20.0,45.0,30.0,15.0,3,3.1176470588235294,5.5835894000396635,0.5784313725490197
0.7,0.35,25.0,45.0,30.0,15.0,3,3.1176470588235294,5.5835894000396635,0.5784313725490197
0.7,0.5,20.0,45.0,30.0,15.0,3,3.1176470588235294,5.5835894000396635,0.5784313725490197
0.7,0.5,25.0,45.0,30.0,15.0,3,3.1176470588235294,5.5835894000396635,0.5784313725490197
0.7,0.65,20.0,45.0,30.0,15.0,3,3.1176470588235294,5.5835894000396635,0.5784313725490197
0.7,0.65,25.0,45.0,30.0,15.0,3,3.1176470588235294,5.5835894000396635,0.5784313725490197
0.7,0.35,20.0,45.0,40.0,15.0,2,3.1372549019607843,5.625571866355403,0.5784313725490197
0.7,0.35,25.0,45.0,40.0,15.0,2,3.1372549019607843,5.625571866355403,0.5784313725490197
0.7,0.5,20.0,45.0,40.0,15.0,2,3.1372549019607843,5.625571866355403,0.5784313725490197
0.7,0.5,25.0,45.0,40.0,15.0,2,3.1372549019607843,5.625571866355403,0.5784313725490197
0.7,0.65,20.0,45.0,40.0,15.0,2,3.1372549019607843,5.625571866355403,0.5784313725490197
0.7,0.65,25.0,45.0,40.0,15.0,2,3.1372549019607843,5.625571866355403,0.5784313725490197
0.9,0.35,25.0,45.0,30.0,20.0,3,3.1372549019607843,5.921049191605468,0.6176470588235294
0.9,0.35,25.0,45.0,40.0,20.0,2,3.1372549019607843,5.921049191605468,0.6176470588235294
0.9,0.5,25.0,45.0,30.0,20.0,3,3.1372549019607843,5.921049191605468,0.6176470588235294
0.9,0.5,25.0,45.0,40.0,20.0,2,3.1372549019607843,5.921049191605468,0.6176470588235294
0.9,0.65,25.0,45.0,30.0,20.0,3,3.1372549019607843,5.921049191605468,0.6176470588235294
0.9,0.65,25.0,45.0,40.0,20.0,2,3.1372549019607843,5.921049191605468,0.6176470588235294
0.7,0.35,25.0,45.0,40.0,20.0,4,3.156862745098039,5.909447404576081,0.6274509803921569
0.7,0.5,25.0,45.0,40.0,20.0,4,3.156862745098039,5.909447404576081,0.6274509803921569
0.7,0.65,25.0,45.0,40.0,20.0,4,3.156862745098039,5.909447404576081,0.6274509803921569
0.8,0.35,20.0,45.0,30.0,15.0,2,3.1666666666666665,5.690549441062477,0.5784313725490197
0.8,0.5,20.0,45.0,30.0,15.0,2,3.1666666666666665,5.690549441062477,0.5784313725490197
0.8,0.65,20.0,45.0,30.0,15.0,2,3.1666666666666665,5.690549441062477,0.5784313725490197
0.7,0.35,20.0,45.0,30.0,15.0,4,3.1862745098039214,5.745415905012328,0.5686274509803921
0.7,0.35,25.0,45.0,30.0,15.0,4,3.1862745098039214,5.745415905012328,0.5686274509803921
0.7,0.5,20.0,45.0,30.0,15.0,4,3.1862745098039214,5.745415905012328,0.5686274509803921
0.7,0.5,25.0,45.0,30.0,15.0,4,3.1862745098039214,5.745415905012328,0.5686274509803921
0.7,0.65,20.0,45.0,30.0,15.0,4,3.1862745098039214,5.745415905012328,0.5686274509803921
0.7,0.65,25.0,45.0,30.0,15.0,4,3.1862745098039214,5.745415905012328,0.5686274509803921
0.8,0.35,25.0,45.0,30.0,15.0,2,3.1862745098039214,5.748827672477506,0.5784313725490197
0.8,0.5,25.0,45.0,30.0,15.0,2,3.1862745098039214,5.748827672477506,0.5784313725490197
0.8,0.65,25.0,45.0,30.0,15.0,2,3.1862745098039214,5.748827672477506,0.5784313725490197
0.9,0.35,25.0,45.0,30.0,20.0,4,3.215686274509804,6.013057686826066,0.6078431372549019
0.9,0.5,25.0,45.0,30.0,20.0,4,3.215686274509804,6.013057686826066,0.6078431372549019
0.9,0.65,25.0,45.0,30.0,20.0,4,3.215686274509804,6.013057686826066,0.6078431372549019
0.7,0.35,20.0,45.0,40.0,15.0,3,3.2254901960784315,5.830111154895023,0.5784313725490197
0.7,0.35,25.0,45.0,40.0,15.0,3,3.2254901960784315,5.830111154895023,0.5784313725490197
0.7,0.5,20.0,45.0,40.0,15.0,3,3.2254901960784315,5.830111154895023,0.5784313725490197
0.7,0.5,25.0,45.0,40.0,15.0,3,3.2254901960784315,5.830111154895023,0.5784313725490197
0.7,0.65,20.0,45.0,40.0,15.0,3,3.2254901960784315,5.830111154895023,0.5784313725490197
0.7,0.65,25.0,45.0,40.0,15.0,3,3.2254901960784315,5.830111154895023,0.5784313725490197
0.9,0.35,25.0,45.0,40.0,20.0,3,3.235294117647059,6.060155954765391,0.6176470588235294
0.9,0.5,25.0,45.0,40.0,20.0,3,3.235294117647059,6.060155954765391,0.6176470588235294
0.9,0.65,25.0,45.0,40.0,20.0,3,3.235294117647059,6.060155954765391,0.6176470588235294
0.8,0.35,20.0,45.0,30.0,15.0,3,3.2450980392156863,5.86866053461846,0.5784313725490197
0.8,0.5,20.0,45.0,30.0,15.0,3,3.2450980392156863,5.86866053461846,0.5784313725490197
0.8,0.65,20.0,45.0,30.0,15.0,3,3.2450980392156863,5.86866053461846,0.5784313725490197
0.8,0.35,25.0,45.0,30.0,15.0,3,3.2549019607843137,5.90114644893386,0.5784313725490197
0.8,0.5,25.0,45.0,30.0,15.0,3,3.2549019607843137,5.90114644893386,0.5784313725490197
0.8,0.65,25.0,45.0,30.0,15.0,3,3.2549019607843137,5.90114644893386,0.5784313725490197
0.8,0.35,20.0,45.0,40.0,15.0,2,3.264705882352941,5.901977069875258,0.5784313725490197
0.8,0.5,20.0,45.0,40.0,15.0,2,3.264705882352941,5.901977069875258,0.5784313725490197
0.8,0.65,20.0,45.0,40.0,15.0,2,3.264705882352941,5.901977069875258,0.5784313725490197
0.8,0.35,25.0,45.0,40.0,15.0,2,3.284313725490196,5.971336763665071,0.5784313725490197
0.8,0.5,25.0,45.0,40.0,15.0,2,3.284313725490196,5.971336763665071,0.5784313725490197
0.8,0.65,25.0,45.0,40.0,15.0,2,3.284313725490196,5.971336763665071,0.5784313725490197
0.8,0.35,25.0,45.0,40.0,20.0,4,3.284313725490196,6.141309817499017,0.6274509803921569
0.8,0.5,25.0,45.0,40.0,20.0,4,3.284313725490196,6.141309817499017,0.6274509803921569
0.8,0.65,25.0,45.0,40.0,20.0,4,3.284313725490196,6.141309817499017,0.6274509803921569
0.8,0.35,20.0,45.0,30.0,15.0,4,3.3137254901960786,6.034216163337402,0.5686274509803921
0.8,0.35,25.0,45.0,30.0,15.0,4,3.3137254901960786,6.034216163337402,0.5686274509803921
0.8,0.5,20.0,45.0,30.0,15.0,4,3.3137254901960786,6.034216163337402,0.5686274509803921
0.8,0.5,25.0,45.0,30.0,15.0,4,3.3137254901960786,6.034216163337402,0.5686274509803921
0.8,0.65,20.0,45.0,30.0,15.0,4,3.3137254901960786,6.034216163337402,0.5686274509803921
0.8,0.65,25.0,45.0,30.0,15.0,4,3.3137254901960786,6.034216163337402,0.5686274509803921
0.8,0.35,20.0,45.0,40.0,15.0,3,3.3627450980392157,6.163618748627415,0.5784313725490197
0.8,0.35,25.0,45.0,40.0,15.0,3,3.3627450980392157,6.163618748627415,0.5784313725490197
0.8,0.5,20.0,45.0,40.0,15.0,3,3.3627450980392157,6.163618748627415,0.5784313725490197
0.8,0.5,25.0,45.0,40.0,15.0,3,3.3627450980392157,6.163618748627415,0.5784313725490197
0.8,0.65,20.0,45.0,40.0,15.0,3,3.3627450980392157,6.163618748627415,0.5784313725490197
0.8,0.65,25.0,45.0,40.0,15.0,3,3.3627450980392157,6.163618748627415,0.5784313725490197
0.9,0.35,20.0,45.0,30.0,15.0,2,3.372549019607843,6.085985186169492,0.5588235294117647
0.9,0.5,20.0,45.0,30.0,15.0,2,3.372549019607843,6.085985186169492,0.5588235294117647
0.9,0.65,20.0,45.0,30.0,15.0,2,3.372549019607843,6.085985186169492,0.5588235294117647
0.9,0.35,25.0,45.0,30.0,15.0,2,3.392156862745098,6.094034369935962,0.5588235294117647
0.9,0.5,25.0,45.0,30.0,15.0,2,3.392156862745098,6.094034369935962,0.5588235294117647
0.9,0.65,25.0,45.0,30.0,15.0,2,3.392156862745098,6.094034369935962,0.5588235294117647
0.9,0.35,20.0,45.0,40.0,15.0,2,3.4215686274509802,6.201675927821889,0.5686274509803921
0.9,0.5,20.0,45.0,40.0,15.0,2,3.4215686274509802,6.201675927821889,0.5686274509803921
0.9,0.65,20.0,45.0,40.0,15.0,2,3.4215686274509802,6.201675927821889,0.5686274509803921
0.7,0.35,20.0,45.0,40.0,15.0,4,3.4411764705882355,6.162027932044297,0.5686274509803921
0.7,0.35,25.0,45.0,40.0,15.0,4,3.4411764705882355,6.162027932044297,0.5686274509803921
0.7,0.5,20.0,45.0,40.0,15.0,4,3.4411764705882355,6.162027932044297,0.5686274509803921
0.7,0.5,25.0,45.0,40.0,15.0,4,3.4411764705882355,6.162027932044297,0.5686274509803921
0.7,0.65,20.0,45.0,40.0,15.0,4,3.4411764705882355,6.162027932044297,0.5686274509803921
0.7,0.65,25.0,45.0,40.0,15.0,4,3.4411764705882355,6.162027932044297,0.5686274509803921
0.9,0.35,20.0,45.0,30.0,15.0,3,3.4411764705882355,6.211153787546161,0.5588235294117647
0.9,0.5,20.0,45.0,30.0,15.0,3,3.4411764705882355,6.211153787546161,0.5588235294117647
0.9,0.65,20.0,45.0,30.0,15.0,3,3.4411764705882355,6.211153787546161,0.5588235294117647
0.9,0.35,25.0,45.0,40.0,15.0,2,3.4411764705882355,6.233212749174425,0.5686274509803921
0.9,0.5,25.0,45.0,40.0,15.0,2,3.4411764705882355,6.233212749174425,0.5686274509803921
0.9,0.65,25.0,45.0,40.0,15.0,2,3.4411764705882355,6.233212749174425,0.5686274509803921
0.9,0.35,25.0,45.0,30.0,15.0,3,3.450980392156863,6.23557158095202,0.5588235294117647
0.9,0.5,25.0,45.0,30.0,15.0,3,3.450980392156863,6.23557158095202,0.5588235294117647
0.9,0.65,25.0,45.0,30.0,15.0,3,3.450980392156863,6.23557158095202,0.5588235294117647
0.9,0.35,20.0,45.0,30.0,15.0,4,3.5098039215686274,6.3338493081872045,0.5588235294117647
0.9,0.5,20.0,45.0,30.0,15.0,4,3.5098039215686274,6.3338493081872045,0.5588235294117647
0.9,0.65,20.0,45.0,30.0,15.0,4,3.5098039215686274,6.3338493081872045,0.5588235294117647
0.9,0.35,20.0,45.0,40.0,15.0,3,3.5098039215686274,6.355482425649928,0.5686274509803921
0.9,0.5,20.0,45.0,40.0,15.0,3,3.5098039215686274,6.355482425649928,0.5686274509803921
0.9,0.65,20.0,45.0,40.0,15.0,3,3.5098039215686274,6.355482425649928,0.5686274509803921
0.9,0.35,25.0,45.0,40.0,20.0,4,3.519607843137255,6.385492134825754,0.6078431372549019
0.9,0.5,25.0,45.0,40.0,20.0,4,3.519607843137255,6.385492134825754,0.6078431372549019
0.9,0.65,25.0,45.0,40.0,20.0,4,3.519607843137255,6.385492134825754,0.6078431372549019
0.9,0.35,25.0,45.0,30.0,15.0,4,3.5294117647058822,6.392397445250038,0.5588235294117647
0.9,0.5,25.0,45.0,30.0,15.0,4,3.5294117647058822,6.392397445250038,0.5588235294117647
0.9,0.65,25.0,45.0,30.0,15.0,4,3.5294117647058822,6.392397445250038,0.5588235294117647
0.8,0.35,20.0,45.0,40.0,15.0,4,3.5392156862745097,6.3839566070568114,0.5686274509803921
0.8,0.5,20.0,45.0,40.0,15.0,4,3.5392156862745097,6.3839566070568114,0.5686274509803921
0.8,0.65,20.0,45.0,40.0,15.0,4,3.5392156862745097,6.3839566070568114,0.5686274509803921
0.9,0.35,25.0,45.0,40.0,15.0,3,3.5392156862745097,6.416125518306719,0.5686274509803921
0.9,0.5,25.0,45.0,40.0,15.0,3,3.5392156862745097,6.416125518306719,0.5686274509803921
0.9,0.65,25.0,45.0,40.0,15.0,3,3.5392156862745097,6.416125518306719,0.5686274509803921
0.8,0.35,25.0,45.0,40.0,15.0,4,3.5686274509803924,6.4412883865288455,0.5686274509803921
0.8,0.5,25.0,45.0,40.0,15.0,4,3.5686274509803924,6.4412883865288455,0.5686274509803921
0.8,0.65,25.0,45.0,40.0,15.0,4,3.5686274509803924,6.4412883865288455,0.5686274509803921
0.7,0.35,25.0,55.0,40.0,20.0,2,3.6666666666666665,6.7402798568768345,0.6176470588235294
0.7,0.5,25.0,55.0,40.0,20.0,2,3.6666666666666665,6.7402798568768345,0.6176470588235294
0.7,0.65,25.0,55.0,40.0,20.0,2,3.6666666666666665,6.7402798568768345,0.6176470588235294
0.7,0.35,25.0,55.0,30.0,20.0,2,3.676470588235294,6.741007081333488,0.6176470588235294
0.7,0.5,25.0,55.0,30.0,20.0,2,3.676470588235294,6.741007081333488,0.6176470588235294
0.7,0.65,25.0,55.0,30.0,20.0,2,3.676470588235294,6.741007081333488,0.6176470588235294
0.7,0.35,25.0,55.0,30.0,20.0,3,3.676470588235294,6.748275015607656,0.6176470588235294
0.7,0.5,25.0,55.0,30.0,20.0,3,3.676470588235294,6.748275015607656,0.6176470588235294
0.7,0.65,25.0,55.0,30.0,20.0,3,3.676470588235294,6.748275015607656,0.6176470588235294
0.7,0.35,25.0,55.0,30.0,20.0,4,3.715686274509804,6.821965676128436,0.6078431372549019
0.7,0.5,25.0,55.0,30.0,20.0,4,3.715686274509804,6.821965676128436,0.6078431372549019
0.7,0.65,25.0,55.0,30.0,20.0,4,3.715686274509804,6.821965676128436,0.6078431372549019
0.7,0.35,25.0,55.0,40.0,20.0,3,3.7254901960784315,6.84706893065759,0.6176470588235294
0.7,0.5,25.0,55.0,40.0,20.0,3,3.7254901960784315,6.84706893065759,0.6176470588235294
0.7,0.65,25.0,55.0,40.0,20.0,3,3.7254901960784315,6.84706893065759,0.6176470588235294
0.7,0.35,25.0,55.0,50.0,20.0,2,3.735294117647059,6.856369587585593,0.6176470588235294
0.7,0.5,25.0,55.0,50.0,20.0,2,3.735294117647059,6.856369587585593,0.6176470588235294
0.7,0.65,25.0,55.0,50.0,20.0,2,3.735294117647059,6.856369587585593,0.6176470588235294
0.8,0.35,25.0,55.0,30.0,20.0,2,3.784313725490196,6.9606738461270306,0.6176470588235294
0.8,0.5,25.0,55.0,30.0,20.0,2,3.784313725490196,6.9606738461270306,0.6176470588235294
0.8,0.65,25.0,55.0,30.0,20.0,2,3.784313725490196,6.9606738461270306,0.6176470588235294
0.9,0.35,20.0,45.0,40.0,15.0,4,3.7941176470588234,6.748275015607656,0.5588235294117647
0.9,0.5,20.0,45.0,40.0,15.0,4,3.7941176470588234,6.748275015607656,0.5588235294117647
0.9,0.65,20.0,45.0,40.0,15.0,4,3.7941176470588234,6.748275015607656,0.5588235294117647
0.7,0.35,25.0,55.0,40.0,20.0,4,3.803921568627451,6.971932525294181,0.6078431372549019
0.7,0.5,25.0,55.0,40.0,20.0,4,3.803921568627451,6.971932525294181,0.6078431372549019
0.7,0.65,25.0,55.0,40.0,20.0,4,3.803921568627451,6.971932525294181,0.6078431372549019
0.8,0.35,25.0,55.0,30.0,20.0,3,3.803921568627451,7.015389246115272,0.6176470588235294
0.8,0.5,25.0,55.0,30.0,20.0,3,3.803921568627451,7.015389246115272,0.6176470588235294
0.8,0.65,25.0,55.0,30.0,20.0,3,3.803921568627451,7.015389246115272,0.6176470588235294
0.8,0.35,25.0,55.0,40.0,20.0,2,3.8137254901960786,7.0160879552695485,0.6176470588235294
0.8,0.5,25.0,55.0,40.0,20.0,2,3.8137254901960786,7.0160879552695485,0.6176470588235294
0.8,0.65,25.0,55.0,40.0,20.0,2,3.8137254901960786,7.0160879552695485,0.6176470588235294
0.9,0.35,25.0,45.0,40.0,15.0,4,3.823529411764706,6.81117881594259,0.5588235294117647
0.9,0.5,25.0,45.0,40.0,15.0,4,3.823529411764706,6.81117881594259,0.5588235294117647
0.9,0.65,25.0,45.0,40.0,15.0,4,3.823529411764706,6.81117881594259,0.5588235294117647
0.8,0.35,25.0,55.0,30.0,20.0,4,3.8333333333333335,7.039802804724843,0.6078431372549019
0.8,0.5,25.0,55.0,30.0,20.0,4,3.8333333333333335,7.039802804724843,0.6078431372549019
0.8,0.65,25.0,55.0,30.0,20.0,4,3.8333333333333335,7.039802804724843,0.6078431372549019
0.8,0.35,25.0,55.0,50.0,20.0,2,3.8333333333333335,7.049544554889525,0.6176470588235294
0.8,0.5,25.0,55.0,50.0,20.0,2,3.8333333333333335,7.049544554889525,0.6176470588235294
0.8,0.65,25.0,55.0,50.0,20.0,2,3.8333333333333335,7.049544554889525,0.6176470588235294
0.8,0.35,25.0,55.0,40.0,20.0,3,3.8333333333333335,7.082843120291926,0.6176470588235294
0.8,0.5,25.0,55.0,40.0,20.0,3,3.8333333333333335,7.082843120291926,0.6176470588235294
0.8,0.65,25.0,55.0,40.0,20.0,3,3.8333333333333335,7.082843120291926,0.6176470588235294
0.7,0.35,25.0,55.0,50.0,20.0,3,3.8627450980392157,6.981768976356614,0.5980392156862745
0.7,0.5,25.0,55.0,50.0,20.0,3,3.8627450980392157,6.981768976356614,0.5980392156862745
0.7,0.65,25.0,55.0,50.0,20.0,3,3.8627450980392157,6.981768976356614,0.5980392156862745
0.8,0.35,25.0,55.0,40.0,20.0,4,3.9215686274509802,7.138682253310165,0.6078431372549019
0.8,0.5,25.0,55.0,40.0,20.0,4,3.9215686274509802,7.138682253310165,0.6078431372549019
0.8,0.65,25.0,55.0,40.0,20.0,4,3.9215686274509802,7.138682253310165,0.6078431372549019
0.8,0.35,25.0,55.0,50.0,20.0,3,3.9313725490196076,7.146231695864639,0.5980392156862745
0.8,0.5,25.0,55.0,50.0,20.0,3,3.9313725490196076,7.146231695864639,0.5980392156862745
0.8,0.65,25.0,55.0,50.0,20.0,3,3.9313725490196076,7.146231695864639,0.5980392156862745
0.9,0.35,25.0,55.0,30.0,20.0,2,3.9313725490196076,7.159937561344578,0.5980392156862745
0.9,0.5,25.0,55.0,30.0,20.0,2,3.9313725490196076,7.159937561344578,0.5980392156862745
0.9,0.65,25.0,55.0,30.0,20.0,2,3.9313725490196076,7.159937561344578,0.5980392156862745
0.7,0.35,20.0,55.0,40.0,15.0,2,3.950980392156863,6.9670090918754015,0.5588235294117647
0.7,0.35,25.0,55.0,40.0,15.0,2,3.950980392156863,6.9670090918754015,0.5588235294117647
0.7,0.5,20.0,55.0,40.0,15.0,2,3.950980392156863,6.9670090918754015,0.5588235294117647
0.7,0.5,25.0,55.0,40.0,15.0,2,3.950980392156863,6.9670090918754015,0.5588235294117647
0.7,0.65,20.0,55.0,40.0,15.0,2,3.950980392156863,6.9670090918754015,0.5588235294117647
0.7,0.65,25.0,55.0,40.0,15.0,2,3.950980392156863,6.9670090918754015,0.5588235294117647
0.7,0.35,20.0,55.0,30.0,15.0,2,3.9607843137254903,6.967712652502479,0.5588235294117647
0.7,0.35,25.0,55.0,30.0,15.0,2,3.9607843137254903,6.967712652502479,0.5588235294117647
0.7,0.5,20.0,55.0,30.0,15.0,2,3.9607843137254903,6.967712652502479,0.5588235294117647
0.7,0.5,25.0,55.0,30.0,15.0,2,3.9607843137254903,6.967712652502479,0.5588235294117647
0.7,0.65,20.0,55.0,30.0,15.0,2,3.9607843137254903,6.967712652502479,0.5588235294117647
0.7,0.65,25.0,55.0,30.0,15.0,2,3.9607843137254903,6.967712652502479,0.5588235294117647
0.7,0.35,20.0,55.0,30.0,15.0,3,3.9607843137254903,6.97474435542475,0.5588235294117647
0.7,0.35,25.0,55.0,30.0,15.0,3,3.9607843137254903,6.97474435542475,0.5588235294117647
0.7,0.5,20.0,55.0,30.0,15.0,3,3.9607843137254903,6.97474435542475,0.5588235294117647
0.7,0.5,25.0,55.0,30.0,15.0,3,3.9607843137254903,6.97474435542475,0.5588235294117647
0.7,0.65,20.0,55.0,30.0,15.0,3,3.9607843137254903,6.97474435542475,0.5588235294117647
0.7,0.65,25.0,55.0,30.0,15.0,3,3.9607843137254903,6.97474435542475,0.5588235294117647
0.9,0.35,25.0,55.0,30.0,20.0,3,3.9607843137254903,7.171566952139512,0.5980392156862745
0.9,0.35,25.0,55.0,40.0,20.0,2,3.9607843137254903,7.171566952139512,0.5980392156862745
0.9,0.5,25.0,55.0,30.0,20.0,3,3.9607843137254903,7.171566952139512,0.5980392156862745
0.9,0.5,25.0,55.0,40.0,20.0,2,3.9607843137254903,7.171566952139512,0.5980392156862745
0.9,0.65,25.0,55.0,30.0,20.0,3,3.9607843137254903,7.171566952139512,0.5980392156862745
0.9,0.65,25.0,55.0,40.0,20.0,2,3.9607843137254903,7.171566952139512,0.5980392156862745
0.9,0.35,25.0,55.0,50.0,20.0,2,3.980392156862745,7.179764592787366,0.5980392156862745
0.9,0.5,25.0,55.0,50.0,20.0,2,3.980392156862745,7.179764592787366,0.5980392156862745
0.9,0.65,25.0,55.0,50.0,20.0,2,3.980392156862745,7.179764592787366,0.5980392156862745
0.7,0.35,20.0,55.0,30.0,15.0,4,4.0,7.046066904559551,0.5490196078431373
0.7,0.35,25.0,55.0,30.0,15.0,4,4.0,7.046066904559551,0.5490196078431373
0.7,0.5,20.0,55.0,30.0,15.0,4,4.0,7.046066904559551,0.5490196078431373
0.7,0.5,25.0,55.0,30.0,15.0,4,4.0,7.046066904559551,0.5490196078431373
0.7,0.65,20.0,55.0,30.0,15.0,4,4.0,7.046066904559551,0.5490196078431373
0.7,0.65,25.0,55.0,30.0,15.0,4,4.0,7.046066904559551,0.5490196078431373
0.7,0.35,20.0,55.0,40.0,15.0,3,4.009803921568627,7.070374535937355,0.5588235294117647
0.7,0.35,25.0,55.0,40.0,15.0,3,4.009803921568627,7.070374535937355,0.5588235294117647
0.7,0.5,20.0,55.0,40.0,15.0,3,4.009803921568627,7.070374535937355,0.5588235294117647
0.7,0.5,25.0,55.0,40.0,15.0,3,4.009803921568627,7.070374535937355,0.5588235294117647
0.7,0.65,20.0,55.0,40.0,15.0,3,4.009803921568627,7.070374535937355,0.5588235294117647
0.7,0.65,25.0,55.0,40.0,15.0,3,4.009803921568627,7.070374535937355,0.5588235294117647
0.7,0.35,20.0,55.0,50.0,15.0,2,4.019607843137255,7.079381827449592,0.5588235294117647
0.7,0.35,25.0,55.0,50.0,15.0,2,4.019607843137255,7.079381827449592,0.5588235294117647
0.7,0.5,20.0,55.0,50.0,15.0,2,4.019607843137255,7.079381827449592,0.5588235294117647
0.7,0.5,25.0,55.0,50.0,15.0,2,4.019607843137255,7.079381827449592,0.5588235294117647
0.7,0.65,20.0,55.0,50.0,15.0,2,4.019607843137255,7.079381827449592,0.5588235294117647
0.7,0.65,25.0,55.0,50.0,15.0,2,4.019607843137255,7.079381827449592,0.5588235294117647
0.9,0.35,25.0,55.0,30.0,20.0,4,4.029411764705882,7.215859439524886,0.5882352941176471
0.9,0.5,25.0,55.0,30.0,20.0,4,4.029411764705882,7.215859439524886,0.5882352941176471
0.9,0.65,25.0,55.0,30.0,20.0,4,4.029411764705882,7.215859439524886,0.5882352941176471
0.9,0.35,25.0,55.0,40.0,20.0,3,4.03921568627451,7.2151800760210945,0.5882352941176471
0.9,0.5,25.0,55.0,40.0,20.0,3,4.03921568627451,7.2151800760210945,0.5882352941176471
0.9,0.65,25.0,55.0,40.0,20.0,3,4.03921568627451,7.2151800760210945,0.5882352941176471
0.8,0.35,20.0,55.0,30.0,15.0,2,4.068627450980392,7.1681485016129844,0.5588235294117647
0.8,0.5,20.0,55.0,30.0,15.0,2,4.068627450980392,7.1681485016129844,0.5588235294117647
0.8,0.65,20.0,55.0,30.0,15.0,2,4.068627450980392,7.1681485016129844,0.5588235294117647
0.8,0.35,25.0,55.0,30.0,15.0,2,4.078431372549019,7.197494117304123,0.5588235294117647
0.8,0.5,25.0,55.0,30.0,15.0,2,4.078431372549019,7.197494117304123,0.5588235294117647
0.8,0.65,25.0,55.0,30.0,15.0,2,4.078431372549019,7.197494117304123,0.5588235294117647
0.7,0.35,20.0,55.0,40.0,15.0,4,4.088235294117647,7.206342522321542,0.5490196078431373
0.7,0.35,25.0,55.0,40.0,15.0,4,4.088235294117647,7.206342522321542,0.5490196078431373
0.7,0.5,20.0,55.0,40.0,15.0,4,4.088235294117647,7.206342522321542,0.5490196078431373
0.7,0.5,25.0,55.0,40.0,15.0,4,4.088235294117647,7.206342522321542,0.5490196078431373
0.7,0.65,20.0,55.0,40.0,15.0,4,4.088235294117647,7.206342522321542,0.5490196078431373
0.7,0.65,25.0,55.0,40.0,15.0,4,4.088235294117647,7.206342522321542,0.5490196078431373
0.8,0.35,20.0,55.0,40.0,15.0,2,4.088235294117647,7.219934278121384,0.5588235294117647
0.8,0.5,20.0,55.0,40.0,15.0,2,4.088235294117647,7.219934278121384,0.5588235294117647
0.8,0.65,20.0,55.0,40.0,15.0,2,4.088235294117647,7.219934278121384,0.5588235294117647
0.7,0.35,25.0,55.0,50.0,20.0,4,4.088235294117647,7.306322805705786,0.5686274509803921
0.7,0.5,25.0,55.0,50.0,20.0,4,4.088235294117647,7.306322805705786,0.5686274509803921
0.7,0.65,25.0,55.0,50.0,20.0,4,4.088235294117647,7.306322805705786,0.5686274509803921
0.8,0.35,20.0,55.0,30.0,15.0,3,4.098039215686274,7.250422570511349,0.5588235294117647
0.8,0.35,25.0,55.0,30.0,15.0,3,4.098039215686274,7.250422570511349,0.5588235294117647
0.8,0.35,25.0,55.0,40.0,15.0,2,4.098039215686274,7.250422570511349,0.5588235294117647
0.8,0.5,20.0,55.0,30.0,15.0,3,4.098039215686274,7.250422570511349,0.5588235294117647
0.8,0.5,25.0,55.0,30.0,15.0,3,4.098039215686274,7.250422570511349,0.5588235294117647
0.8,0.5,25.0,55.0,40.0,15.0,2,4.098039215686274,7.250422570511349,0.5588235294117647
0.8,0.65,20.0,55.0,30.0,15.0,3,4.098039215686274,7.250422570511349,0.5588235294117647
0.8,0.65,25.0,55.0,30.0,15.0,3,4.098039215686274,7.250422570511349,0.5588235294117647
0.8,0.65,25.0,55.0,40.0,15.0,2,4.098039215686274,7.250422570511349,0.5588235294117647
0.8,0.35,20.0,55.0,50.0,15.0,2,4.117647058823529,7.282802735641994,0.5588235294117647
0.8,0.35,25.0,55.0,50.0,15.0,2,4.117647058823529,7.282802735641994,0.5588235294117647
0.8,0.5,20.0,55.0,50.0,15.0,2,4.117647058823529,7.282802735641994,0.5588235294117647
0.8,0.5,25.0,55.0,50.0,15.0,2,4.117647058823529,7.282802735641994,0.5588235294117647
0.8,0.65,20.0,55.0,50.0,15.0,2,4.117647058823529,7.282802735641994,0.5588235294117647
0.8,0.65,25.0,55.0,50.0,15.0,2,4.117647058823529,7.282802735641994,0.5588235294117647
0.8,0.35,20.0,55.0,30.0,15.0,4,4.127450980392157,7.274047340090822,0.5490196078431373
0.8,0.35,25.0,55.0,30.0,15.0,4,4.127450980392157,7.274047340090822,0.5490196078431373
0.8,0.5,20.0,55.0,30.0,15.0,4,4.127450980392157,7.274047340090822,0.5490196078431373
0.8,0.5,25.0,55.0,30.0,15.0,4,4.127450980392157,7.274047340090822,0.5490196078431373
0.8,0.65,20.0,55.0,30.0,15.0,4,4.127450980392157,7.274047340090822,0.5490196078431373
0.8,0.65,25.0,55.0,30.0,15.0,4,4.127450980392157,7.274047340090822,0.5490196078431373
0.8,0.35,20.0,55.0,40.0,15.0,3,4.127450980392157,7.315709660937705,0.5588235294117647
0.8,0.35,25.0,55.0,40.0,15.0,3,4.127450980392157,7.315709660937705,0.5588235294117647
0.8,0.5,20.0,55.0,40.0,15.0,3,4.127450980392157,7.315709660937705,0.5588235294117647
0.8,0.5,25.0,55.0,40.0,15.0,3,4.127450980392157,7.315709660937705,0.5588235294117647
0.8,0.65,20.0,55.0,40.0,15.0,3,4.127450980392157,7.315709660937705,0.5588235294117647
0.8,0.65,25.0,55.0,40.0,15.0,3,4.127450980392157,7.315709660937705,0.5588235294117647
0.7,0.35,20.0,55.0,50.0,15.0,3,4.147058823529412,7.2036210937795095,0.5490196078431373
0.7,0.35,25.0,55.0,50.0,15.0,3,4.147058823529412,7.2036210937795095,0.5490196078431373
0.7,0.5,20.0,55.0,50.0,15.0,3,4.147058823529412,7.2036210937795095,0.5490196078431373
0.7,0.5,25.0,55.0,50.0,15.0,3,4.147058823529412,7.2036210937795095,0.5490196078431373
0.7,0.65,20.0,55.0,50.0,15.0,3,4.147058823529412,7.2036210937795095,0.5490196078431373
0.7,0.65,25.0,55.0,50.0,15.0,3,4.147058823529412,7.2036210937795095,0.5490196078431373
0.9,0.35,25.0,55.0,40.0,20.0,4,4.1568627450980395,7.353803870960186,0.5882352941176471
0.9,0.5,25.0,55.0,40.0,20.0,4,4.1568627450980395,7.353803870960186,0.5882352941176471
0.9,0.65,25.0,55.0,40.0,20.0,4,4.1568627450980395,7.353803870960186,0.5882352941176471
0.8,0.35,20.0,55.0,40.0,15.0,4,4.186274509803922,7.379755030739536,0.5490196078431373
0.8,0.5,20.0,55.0,40.0,15.0,4,4.186274509803922,7.379755030739536,0.5490196078431373
0.8,0.65,20.0,55.0,40.0,15.0,4,4.186274509803922,7.379755030739536,0.5490196078431373
0.8,0.35,25.0,55.0,50.0,20.0,4,4.186274509803922,7.4181811628394385,0.5784313725490197
0.8,0.5,25.0,55.0,50.0,20.0,4,4.186274509803922,7.4181811628394385,0.5784313725490197
0.8,0.65,25.0,55.0,50.0,20.0,4,4.186274509803922,7.4181811628394385,0.5784313725490197
0.9,0.35,25.0,55.0,50.0,20.0,3,4.196078431372549,7.35113703356661,0.5784313725490197
0.9,0.5,25.0,55.0,50.0,20.0,3,4.196078431372549,7.35113703356661,0.5784313725490197
0.9,0.65,25.0,55.0,50.0,20.0,3,4.196078431372549,7.35113703356661,0.5784313725490197
0.8,0.35,20.0,55.0,50.0,15.0,3,4.215686274509804,7.376433061167325,0.5490196078431373
0.8,0.5,20.0,55.0,50.0,15.0,3,4.215686274509804,7.376433061167325,0.5490196078431373
0.8,0.65,20.0,55.0,50.0,15.0,3,4.215686274509804,7.376433061167325,0.5490196078431373
0.8,0.35,25.0,55.0,40.0,15.0,4,4.215686274509804,7.428086603442053,0.5490196078431373
0.8,0.5,25.0,55.0,40.0,15.0,4,4.215686274509804,7.428086603442053,0.5490196078431373
0.8,0.65,25.0,55.0,40.0,15.0,4,4.215686274509804,7.428086603442053,0.5490196078431373
0.8,0.35,25.0,55.0,50.0,15.0,3,4.2254901960784315,7.379755030739536,0.5490196078431373
0.8,0.5,25.0,55.0,50.0,15.0,3,4.2254901960784315,7.379755030739536,0.5490196078431373
0.8,0.65,25.0,55.0,50.0,15.0,3,4.2254901960784315,7.379755030739536,0.5490196078431373
0.9,0.35,20.0,55.0,30.0,15.0,2,4.2254901960784315,7.422144925432112,0.5392156862745098
0.9,0.5,20.0,55.0,30.0,15.0,2,4.2254901960784315,7.422144925432112,0.5392156862745098
0.9,0.65,20.0,55.0,30.0,15.0,2,4.2254901960784315,7.422144925432112,0.5392156862745098
0.9,0.35,25.0,55.0,30.0,15.0,2,4.245098039215686,7.42874649653654,0.5392156862745098
0.9,0.5,25.0,55.0,30.0,15.0,2,4.245098039215686,7.42874649653654,0.5392156862745098
0.9,0.65,25.0,55.0,30.0,15.0,2,4.245098039215686,7.42874649653654,0.5392156862745098
0.9,0.35,20.0,55.0,40.0,15.0,2,4.245098039215686,7.440614564539627,0.5490196078431373
0.9,0.5,20.0,55.0,40.0,15.0,2,4.245098039215686,7.440614564539627,0.5490196078431373
0.9,0.65,20.0,55.0,40.0,15.0,2,4.245098039215686,7.440614564539627,0.5490196078431373
0.9,0.35,20.0,55.0,30.0,15.0,3,4.264705882352941,7.448516104356809,0.5392156862745098
0.9,0.5,20.0,55.0,30.0,15.0,3,4.264705882352941,7.448516104356809,0.5392156862745098
0.9,0.65,20.0,55.0,30.0,15.0,3,4.264705882352941,7.448516104356809,0.5392156862745098
0.9,0.35,20.0,55.0,50.0,15.0,2,4.264705882352941,7.461666743311128,0.5490196078431373
0.9,0.5,20.0,55.0,50.0,15.0,2,4.264705882352941,7.461666743311128,0.5490196078431373
0.9,0.65,20.0,55.0,50.0,15.0,2,4.264705882352941,7.461666743311128,0.5490196078431373
0.9,0.35,25.0,55.0,40.0,15.0,2,4.264705882352941,7.466920513892211,0.5490196078431373
0.9,0.5,25.0,55.0,40.0,15.0,2,4.264705882352941,7.466920513892211,0.5490196078431373
0.9,0.65,25.0,55.0,40.0,15.0,2,4.264705882352941,7.466920513892211,0.5490196078431373
0.9,0.35,25.0,55.0,30.0,15.0,3,4.2745098039215685,7.468889725085663,0.5392156862745098
0.9,0.5,25.0,55.0,30.0,15.0,3,4.2745098039215685,7.468889725085663,0.5392156862745098
0.9,0.65,25.0,55.0,30.0,15.0,3,4.2745098039215685,7.468889725085663,0.5392156862745098
0.9,0.35,25.0,55.0,50.0,15.0,2,4.284313725490196,7.489207921677542,0.5490196078431373
0.9,0.5,25.0,55.0,50.0,15.0,2,4.284313725490196,7.489207921677542,0.5490196078431373
0.9,0.65,25.0,55.0,50.0,15.0,2,4.284313725490196,7.489207921677542,0.5490196078431373
0.9,0.35,20.0,55.0,40.0,15.0,3,4.313725490196078,7.499019543756841,0.5392156862745098
0.9,0.5,20.0,55.0,40.0,15.0,3,4.313725490196078,7.499019543756841,0.5392156862745098
0.9,0.65,20.0,55.0,40.0,15.0,3,4.313725490196078,7.499019543756841,0.5392156862745098
0.9,0.35,20.0,55.0,30.0,15.0,4,4.323529411764706,7.521863557161152,0.5392156862745098
0.9,0.5,20.0,55.0,30.0,15.0,4,4.323529411764706,7.521863557161152,0.5392156862745098
0.9,0.65,20.0,55.0,30.0,15.0,4,4.323529411764706,7.521863557161152,0.5392156862745098
0.9,0.35,25.0,55.0,40.0,15.0,3,4.3431372549019605,7.551782025767553,0.5392156862745098
0.9,0.5,25.0,55.0,40.0,15.0,3,4.3431372549019605,7.551782025767553,0.5392156862745098
0.9,0.65,25.0,55.0,40.0,15.0,3,4.3431372549019605,7.551782025767553,0.5392156862745098
0.9,0.35,25.0,55.0,30.0,15.0,4,4.3431372549019605,7.571230376349983,0.5392156862745098
0.9,0.5,25.0,55.0,30.0,15.0,4,4.3431372549019605,7.571230376349983,0.5392156862745098
0.9,0.65,25.0,55.0,30.0,15.0,4,4.3431372549019605,7.571230376349983,0.5392156862745098
0.7,0.35,20.0,55.0,50.0,15.0,4,4.362745098039215,7.543988646987902,0.5196078431372549
0.7,0.5,20.0,55.0,50.0,15.0,4,4.362745098039215,7.543988646987902,0.5196078431372549
0.7,0.65,20.0,55.0,50.0,15.0,4,4.362745098039215,7.543988646987902,0.5196078431372549
0.7,0.35,25.0,55.0,50.0,15.0,4,4.372549019607843,7.547236866146808,0.5196078431372549
0.7,0.5,25.0,55.0,50.0,15.0,4,4.372549019607843,7.547236866146808,0.5196078431372549
0.7,0.65,25.0,55.0,50.0,15.0,4,4.372549019607843,7.547236866146808,0.5196078431372549
0.9,0.35,20.0,55.0,40.0,15.0,4,4.431372549019608,7.698994077405279,0.5392156862745098
0.9,0.5,20.0,55.0,40.0,15.0,4,4.431372549019608,7.698994077405279,0.5392156862745098
0.9,0.65,20.0,55.0,40.0,15.0,4,4.431372549019608,7.698994077405279,0.5392156862745098
0.9,0.35,20.0,55.0,50.0,15.0,3,4.450980392156863,7.610622092013962,0.5294117647058824
0.9,0.5,20.0,55.0,50.0,15.0,3,4.450980392156863,7.610622092013962,0.5294117647058824
0.9,0.65,20.0,55.0,50.0,15.0,3,4.450980392156863,7.610622092013962,0.5294117647058824
0.8,0.35,20.0,55.0,50.0,15.0,4,4.450980392156863,7.661976399920661,0.5294117647058824
0.8,0.5,20.0,55.0,50.0,15.0,4,4.450980392156863,7.661976399920661,0.5294117647058824
0.8,0.65,20.0,55.0,50.0,15.0,4,4.450980392156863,7.661976399920661,0.5294117647058824
0.9,0.35,25.0,55.0,50.0,20.0,4,4.46078431372549,7.737735393486123,0.5686274509803921
0.9,0.5,25.0,55.0,50.0,20.0,4,4.46078431372549,7.737735393486123,0.5686274509803921
0.9,0.65,25.0,55.0,50.0,20.0,4,4.46078431372549,7.737735393486123,0.5686274509803921
0.9,0.35,25.0,55.0,40.0,15.0,4,4.46078431372549,7.754189253583649,0.5392156862745098
0.9,0.5,25.0,55.0,40.0,15.0,4,4.46078431372549,7.754189253583649,0.5392156862745098
0.9,0.65,25.0,55.0,40.0,15.0,4,4.46078431372549,7.754189253583649,0.5392156862745098
0.8,0.35,25.0,55.0,50.0,15.0,4,4.480392156862745,7.713624310270756,0.5294117647058824
0.8,0.5,25.0,55.0,50.0,15.0,4,4.480392156862745,7.713624310270756,0.5294117647058824
0.8,0.65,25.0,55.0,50.0,15.0,4,4.480392156862745,7.713624310270756,0.5294117647058824
0.9,0.35,25.0,55.0,50.0,15.0,3,4.5,7.695809911638828,0.5294117647058824
0.9,0.5,25.0,55.0,50.0,15.0,3,4.5,7.695809911638828,0.5294117647058824
0.9,0.65,25.0,55.0,50.0,15.0,3,4.5,7.695809911638828,0.5294117647058824
0.7,0.35,25.0,65.0,30.0,20.0,2,4.529411764705882,7.874007874011811,0.5392156862745098
0.7,0.5,25.0,65.0,30.0,20.0,2,4.529411764705882,7.874007874011811,0.5392156862745098
0.7,0.65,25.0,65.0,30.0,20.0,2,4.529411764705882,7.874007874011811,0.5392156862745098
0.7,0.35,25.0,65.0,30.0,20.0,3,4.53921568627451,7.874630399045318,0.5392156862745098
0.7,0.35,25.0,65.0,40.0,20.0,2,4.53921568627451,7.874630399045318,0.5392156862745098
0.7,0.5,25.0,65.0,30.0,20.0,3,4.53921568627451,7.874630399045318,0.5392156862745098
0.7,0.5,25.0,65.0,40.0,20.0,2,4.53921568627451,7.874630399045318,0.5392156862745098
0.7,0.65,25.0,65.0,30.0,20.0,3,4.53921568627451,7.874630399045318,0.5392156862745098
0.7,0.65,25.0,65.0,40.0,20.0,2,4.53921568627451,7.874630399045318,0.5392156862745098
0.7,0.35,25.0,65.0,40.0,20.0,3,4.568627450980392,7.921180343813394,0.5392156862745098
0.7,0.35,25.0,65.0,50.0,20.0,2,4.568627450980392,7.921180343813394,0.5392156862745098
0.7,0.5,25.0,65.0,40.0,20.0,3,4.568627450980392,7.921180343813394,0.5392156862745098
0.7,0.5,25.0,65.0,50.0,20.0,2,4.568627450980392,7.921180343813394,0.5392156862745098
0.7,0.65,25.0,65.0,40.0,20.0,3,4.568627450980392,7.921180343813394,0.5392156862745098
0.7,0.65,25.0,65.0,50.0,20.0,2,4.568627450980392,7.921180343813394,0.5392156862745098
0.7,0.35,25.0,65.0,30.0,20.0,4,4.588235294117647,7.968073548758908,0.5294117647058824
0.7,0.5,25.0,65.0,30.0,20.0,4,4.588235294117647,7.968073548758908,0.5294117647058824
0.7,0.65,25.0,65.0,30.0,20.0,4,4.588235294117647,7.968073548758908,0.5294117647058824
0.7,0.35,15.0,45.0,30.0,10.0,2,4.607843137254902,7.402967078721034,0.4803921568627451
0.7,0.35,20.0,45.0,30.0,10.0,2,4.607843137254902,7.402967078721034,0.4803921568627451
0.7,0.35,25.0,45.0,30.0,10.0,2,4.607843137254902,7.402967078721034,0.4803921568627451
0.7,0.5,15.0,45.0,30.0,10.0,2,4.607843137254902,7.402967078721034,0.4803921568627451
0.7,0.5,20.0,45.0,30.0,10.0,2,4.607843137254902,7.402967078721034,0.4803921568627451
0.7,0.5,25.0,45.0,30.0,10.0,2,4.607843137254902,7.402967078721034,0.4803921568627451
0.7,0.65,15.0,45.0,30.0,10.0,2,4.607843137254902,7.402967078721034,0.4803921568627451
0.7,0.65,20.0,45.0,30.0,10.0,2,4.607843137254902,7.402967078721034,0.4803921568627451
0.7,0.65,25.0,45.0,30.0,10.0,2,4.607843137254902,7.402967078721034,0.4803921568627451
0.7,0.35,25.0,65.0,50.0,20.0,3,4.627450980392157,7.984052732742669,0.5196078431372549
0.7,0.5,25.0,65.0,50.0,20.0,3,4.627450980392157,7.984052732742669,0.5196078431372549
0.7,0.65,25.0,65.0,50.0,20.0,3,4.627450980392157,7.984052732742669,0.5196078431372549
0.8,0.35,25.0,65.0,30.0,20.0,2,4.637254901960785,8.042168276543043,0.5392156862745098
0.8,0.5,25.0,65.0,30.0,20.0,2,4.637254901960785,8.042168276543043,0.5392156862745098
0.8,0.65,25.0,65.0,30.0,20.0,2,4.637254901960785,8.042168276543043,0.5392156862745098
0.7,0.35,15.0,45.0,30.0,10.0,3,4.647058823529412,7.443907892087486,0.4803921568627451
0.7,0.35,20.0,45.0,30.0,10.0,3,4.647058823529412,7.443907892087486,0.4803921568627451
0.7,0.35,25.0,45.0,30.0,10.0,3,4.647058823529412,7.443907892087486,0.4803921568627451
0.7,0.5,15.0,45.0,30.0,10.0,3,4.647058823529412,7.443907892087486,0.4803921568627451
0.7,0.5,20.0,45.0,30.0,10.0,3,4.647058823529412,7.443907892087486,0.4803921568627451
0.7,0.5,25.0,45.0,30.0,10.0,3,4.647058823529412,7.443907892087486,0.4803921568627451
0.7,0.65,15.0,45.0,30.0,10.0,3,4.647058823529412,7.443907892087486,0.4803921568627451
0.7,0.65,20.0,45.0,30.0,10.0,3,4.647058823529412,7.443907892087486,0.4803921568627451
0.7,0.65,25.0,45.0,30.0,10.0,3,4.647058823529412,7.443907892087486,0.4803921568627451
0.8,0.35,25.0,65.0,40.0,20.0,2,4.647058823529412,8.070765447091173,0.5392156862745098
0.8,0.5,25.0,65.0,40.0,20.0,2,4.647058823529412,8.070765447091173,0.5392156862745098
0.8,0.65,25.0,65.0,40.0,20.0,2,4.647058823529412,8.070765447091173,0.5392156862745098
0.7,0.35,15.0,45.0,40.0,10.0,2,4.6568627450980395,7.464294090837378,0.4803921568627451
0.7,0.35,20.0,45.0,40.0,10.0,2,4.6568627450980395,7.464294090837378,0.4803921568627451
0.7,0.35,25.0,45.0,40.0,10.0,2,4.6568627450980395,7.464294090837378,0.4803921568627451
0.7,0.5,15.0,45.0,40.0,10.0,2,4.6568627450980395,7.464294090837378,0.4803921568627451
0.7,0.5,20.0,45.0,40.0,10.0,2,4.6568627450980395,7.464294090837378,0.4803921568627451
0.7,0.5,25.0,45.0,40.0,10.0,2,4.6568627450980395,7.464294090837378,0.4803921568627451
0.7,0.65,15.0,45.0,40.0,10.0,2,4.6568627450980395,7.464294090837378,0.4803921568627451
0.7,0.65,20.0,45.0,40.0,10.0,2,4.6568627450980395,7.464294090837378,0.4803921568627451
0.7,0.65,25.0,45.0,40.0,10.0,2,4.6568627450980395,7.464294090837378,0.4803921568627451
0.8,0.35,25.0,65.0,30.0,20.0,3,4.6568627450980395,8.081084182745991,0.5392156862745098
0.8,0.5,25.0,65.0,30.0,20.0,3,4.6568627450980395,8.081084182745991,0.5392156862745098
0.8,0.65,25.0,65.0,30.0,20.0,3,4.6568627450980395,8.081084182745991,0.5392156862745098
0.8,0.35,25.0,65.0,50.0,20.0,2,4.6568627450980395,8.093207028119323,0.5392156862745098
0.8,0.5,25.0,65.0,50.0,20.0,2,4.6568627450980395,8.093207028119323,0.5392156862745098
0.8,0.65,25.0,65.0,50.0,20.0,2,4.6568627450980395,8.093207028119323,0.5392156862745098
0.7,0.35,25.0,65.0,40.0,20.0,4,4.676470588235294,8.07744378124761,0.5294117647058824
0.7,0.5,25.0,65.0,40.0,20.0,4,4.676470588235294,8.07744378124761,0.5294117647058824
0.7,0.65,25.0,65.0,40.0,20.0,4,4.676470588235294,8.07744378124761,0.5294117647058824
0.8,0.35,15.0,45.0,30.0,10.0,2,4.686274509803922,7.525121326622725,0.4803921568627451
0.8,0.35,20.0,45.0,30.0,10.0,2,4.686274509803922,7.525121326622725,0.4803921568627451
0.8,0.35,25.0,45.0,30.0,10.0,2,4.686274509803922,7.525121326622725,0.4803921568627451
0.8,0.5,15.0,45.0,30.0,10.0,2,4.686274509803922,7.525121326622725,0.4803921568627451
0.8,0.5,20.0,45.0,30.0,10.0,2,4.686274509803922,7.525121326622725,0.4803921568627451
0.8,0.5,25.0,45.0,30.0,10.0,2,4.686274509803922,7.525121326622725,0.4803921568627451
0.8,0.65,15.0,45.0,30.0,10.0,2,4.686274509803922,7.525121326622725,0.4803921568627451
0.8,0.65,20.0,45.0,30.0,10.0,2,4.686274509803922,7.525121326622725,0.4803921568627451
0.8,0.65,25.0,45.0,30.0,10.0,2,4.686274509803922,7.525121326622725,0.4803921568627451
0.8,0.35,25.0,65.0,40.0,20.0,3,4.696078431372549,8.135494730488363,0.5294117647058824
0.8,0.5,25.0,65.0,40.0,20.0,3,4.696078431372549,8.135494730488363,0.5294117647058824
0.8,0.65,25.0,65.0,40.0,20.0,3,4.696078431372549,8.135494730488363,0.5294117647058824
0.7,0.35,15.0,45.0,30.0,10.0,4,4.705882352941177,7.570582902933966,0.47058823529411764
0.7,0.35,20.0,45.0,30.0,10.0,4,4.705882352941177,7.570582902933966,0.47058823529411764
0.7,0.35,25.0,45.0,30.0,10.0,4,4.705882352941177,7.570582902933966,0.47058823529411764
0.7,0.5,15.0,45.0,30.0,10.0,4,4.705882352941177,7.570582902933966,0.47058823529411764
0.7,0.5,20.0,45.0,30.0,10.0,4,4.705882352941177,7.570582902933966,0.47058823529411764
0.7,0.5,25.0,45.0,30.0,10.0,4,4.705882352941177,7.570582902933966,0.47058823529411764
0.7,0.65,15.0,45.0,30.0,10.0,4,4.705882352941177,7.570582902933966,0.47058823529411764
0.7,0.65,20.0,45.0,30.0,10.0,4,4.705882352941177,7.570582902933966,0.47058823529411764
0.7,0.65,25.0,45.0,30.0,10.0,4,4.705882352941177,7.570582902933966,0.47058823529411764
0.8,0.35,25.0,65.0,30.0,20.0,4,4.705882352941177,8.138506872740667,0.5294117647058824
0.8,0.5,25.0,65.0,30.0,20.0,4,4.705882352941177,8.138506872740667,0.5294117647058824
0.8,0.65,25.0,65.0,30.0,20.0,4,4.705882352941177,8.138506872740667,0.5294117647058824
0.8,0.35,15.0,45.0,30.0,10.0,3,4.7254901960784315,7.573172464461019,0.4803921568627451
0.8,0.5,15.0,45.0,30.0,10.0,3,4.7254901960784315,7.573172464461019,0.4803921568627451
0.8,0.65,15.0,45.0,30.0,10.0,3,4.7254901960784315,7.573172464461019,0.4803921568627451
0.8,0.35,25.0,65.0,50.0,20.0,3,4.7254901960784315,8.145731469700594,0.5196078431372549
0.8,0.5,25.0,65.0,50.0,20.0,3,4.7254901960784315,8.145731469700594,0.5196078431372549
0.8,0.65,25.0,65.0,50.0,20.0,3,4.7254901960784315,8.145731469700594,0.5196078431372549
0.7,0.35,25.0,65.0,50.0,20.0,4,4.7254901960784315,8.168567205824925,0.5196078431372549
0.7,0.5,25.0,65.0,50.0,20.0,4,4.7254901960784315,8.168567205824925,0.5196078431372549
0.7,0.65,25.0,65.0,50.0,20.0,4,4.7254901960784315,8.168567205824925,0.5196078431372549
0.8,0.35,15.0,45.0,40.0,10.0,2,4.735294117647059,7.573819716499675,0.4803921568627451
0.8,0.5,15.0,45.0,40.0,10.0,2,4.735294117647059,7.573819716499675,0.4803921568627451
0.8,0.65,15.0,45.0,40.0,10.0,2,4.735294117647059,7.573819716499675,0.4803921568627451
0.8,0.35,20.0,45.0,30.0,10.0,3,4.735294117647059,7.5945026557527315,0.4803921568627451
0.8,0.35,25.0,45.0,30.0,10.0,3,4.735294117647059,7.5945026557527315,0.4803921568627451
0.8,0.5,20.0,45.0,30.0,10.0,3,4.735294117647059,7.5945026557527315,0.4803921568627451
0.8,0.5,25.0,45.0,30.0,10.0,3,4.735294117647059,7.5945026557527315,0.4803921568627451
0.8,0.65,20.0,45.0,30.0,10.0,3,4.735294117647059,7.5945026557527315,0.4803921568627451
0.8,0.65,25.0,45.0,30.0,10.0,3,4.735294117647059,7.5945026557527315,0.4803921568627451
0.7,0.35,15.0,45.0,40.0,10.0,3,4.735294117647059,7.612554130655287,0.4803921568627451
0.7,0.35,20.0,45.0,40.0,10.0,3,4.735294117647059,7.612554130655287,0.4803921568627451
0.7,0.35,25.0,45.0,40.0,10.0,3,4.735294117647059,7.612554130655287,0.4803921568627451
0.7,0.5,15.0,45.0,40.0,10.0,3,4.735294117647059,7.612554130655287,0.4803921568627451
0.7,0.5,20.0,45.0,40.0,10.0,3,4.735294117647059,7.612554130655287,0.4803921568627451
0.7,0.5,25.0,45.0,40.0,10.0,3,4.735294117647059,7.612554130655287,0.4803921568627451
0.7,0.65,15.0,45.0,40.0,10.0,3,4.735294117647059,7.612554130655287,0.4803921568627451
0.7,0.65,20.0,45.0,40.0,10.0,3,4.735294117647059,7.612554130655287,0.4803921568627451
0.7,0.65,25.0,45.0,40.0,10.0,3,4.735294117647059,7.612554130655287,0.4803921568627451
0.9,0.35,20.0,55.0,50.0,15.0,4,4.735294117647059,8.054349695637,0.5196078431372549
0.9,0.5,20.0,55.0,50.0,15.0,4,4.735294117647059,8.054349695637,0.5196078431372549
0.9,0.65,20.0,55.0,50.0,15.0,4,4.735294117647059,8.054349695637,0.5196078431372549
0.8,0.35,20.0,45.0,40.0,10.0,2,4.745098039215686,7.595148090050905,0.4803921568627451
0.8,0.35,25.0,45.0,40.0,10.0,2,4.745098039215686,7.595148090050905,0.4803921568627451
0.8,0.5,20.0,45.0,40.0,10.0,2,4.745098039215686,7.595148090050905,0.4803921568627451
0.8,0.5,25.0,45.0,40.0,10.0,2,4.745098039215686,7.595148090050905,0.4803921568627451
0.8,0.65,20.0,45.0,40.0,10.0,2,4.745098039215686,7.595148090050905,0.4803921568627451
0.8,0.65,25.0,45.0,40.0,10.0,2,4.745098039215686,7.595148090050905,0.4803921568627451
0.9,0.35,25.0,55.0,50.0,15.0,4,4.764705882352941,8.11920985240873,0.5196078431372549
0.9,0.5,25.0,55.0,50.0,15.0,4,4.764705882352941,8.11920985240873,0.5196078431372549
0.9,0.65,25.0,55.0,50.0,15.0,4,4.764705882352941,8.11920985240873,0.5196078431372549
0.8,0.35,25.0,65.0,40.0,20.0,4,4.7745098039215685,8.201506317887766,0.5196078431372549
0.8,0.5,25.0,65.0,40.0,20.0,4,4.7745098039215685,8.201506317887766,0.5196078431372549
0.8,0.65,25.0,65.0,40.0,20.0,4,4.7745098039215685,8.201506317887766,0.5196078431372549
0.9,0.35,25.0,65.0,30.0,20.0,2,4.794117647058823,8.182357874852265,0.5294117647058824
0.9,0.5,25.0,65.0,30.0,20.0,2,4.794117647058823,8.182357874852265,0.5294117647058824
0.9,0.65,25.0,65.0,30.0,20.0,2,4.794117647058823,8.182357874852265,0.5294117647058824
0.9,0.35,15.0,45.0,30.0,10.0,2,4.803921568627451,7.698994077405279,0.47058823529411764
0.9,0.35,20.0,45.0,30.0,10.0,2,4.803921568627451,7.698994077405279,0.47058823529411764
0.9,0.5,15.0,45.0,30.0,10.0,2,4.803921568627451,7.698994077405279,0.47058823529411764
0.9,0.5,20.0,45.0,30.0,10.0,2,4.803921568627451,7.698994077405279,0.47058823529411764
0.9,0.65,15.0,45.0,30.0,10.0,2,4.803921568627451,7.698994077405279,0.47058823529411764
0.9,0.65,20.0,45.0,30.0,10.0,2,4.803921568627451,7.698994077405279,0.47058823529411764
0.9,0.35,25.0,65.0,30.0,20.0,3,4.803921568627451,8.182956941944976,0.5294117647058824
0.9,0.5,25.0,65.0,30.0,20.0,3,4.803921568627451,8.182956941944976,0.5294117647058824
0.9,0.65,25.0,65.0,30.0,20.0,3,4.803921568627451,8.182956941944976,0.5294117647058824
0.9,0.35,25.0,65.0,40.0,20.0,2,4.803921568627451,8.184154944578136,0.5196078431372549
0.9,0.5,25.0,65.0,40.0,20.0,2,4.803921568627451,8.184154944578136,0.5196078431372549
0.9,0.65,25.0,65.0,40.0,20.0,2,4.803921568627451,8.184154944578136,0.5196078431372549
0.9,0.35,25.0,45.0,30.0,10.0,2,4.813725490196078,7.699630752541981,0.47058823529411764
0.9,0.5,25.0,45.0,30.0,10.0,2,4.813725490196078,7.699630752541981,0.47058823529411764
0.9,0.65,25.0,45.0,30.0,10.0,2,4.813725490196078,7.699630752541981,0.47058823529411764
0.8,0.35,15.0,45.0,30.0,10.0,4,4.813725490196078,7.756717518813397,0.47058823529411764
0.8,0.35,20.0,45.0,30.0,10.0,4,4.813725490196078,7.756717518813397,0.47058823529411764
0.8,0.35,25.0,45.0,30.0,10.0,4,4.813725490196078,7.756717518813397,0.47058823529411764
0.8,0.5,15.0,45.0,30.0,10.0,4,4.813725490196078,7.756717518813397,0.47058823529411764
0.8,0.5,20.0,45.0,30.0,10.0,4,4.813725490196078,7.756717518813397,0.47058823529411764
0.8,0.5,25.0,45.0,30.0,10.0,4,4.813725490196078,7.756717518813397,0.47058823529411764
0.8,0.65,15.0,45.0,30.0,10.0,4,4.813725490196078,7.756717518813397,0.47058823529411764
0.8,0.65,20.0,45.0,30.0,10.0,4,4.813725490196078,7.756717518813397,0.47058823529411764
0.8,0.65,25.0,45.0,30.0,10.0,4,4.813725490196078,7.756717518813397,0.47058823529411764
0.7,0.35,20.0,65.0,30.0,15.0,2,4.813725490196078,8.071372796713668,0.49019607843137253
0.7,0.35,25.0,65.0,30.0,15.0,2,4.813725490196078,8.071372796713668,0.49019607843137253
0.7,0.5,20.0,65.0,30.0,15.0,2,4.813725490196078,8.071372796713668,0.49019607843137253
0.7,0.5,25.0,65.0,30.0,15.0,2,4.813725490196078,8.071372796713668,0.49019607843137253
0.7,0.65,20.0,65.0,30.0,15.0,2,4.813725490196078,8.071372796713668,0.49019607843137253
0.7,0.65,25.0,65.0,30.0,15.0,2,4.813725490196078,8.071372796713668,0.49019607843137253
0.8,0.35,25.0,65.0,50.0,20.0,4,4.813725490196078,8.244427708173207,0.5196078431372549
0.8,0.5,25.0,65.0,50.0,20.0,4,4.813725490196078,8.244427708173207,0.5196078431372549
0.8,0.65,25.0,65.0,50.0,20.0,4,4.813725490196078,8.244427708173207,0.5196078431372549
0.7,0.35,20.0,65.0,30.0,15.0,3,4.823529411764706,8.071980100638136,0.49019607843137253
0.7,0.35,20.0,65.0,40.0,15.0,2,4.823529411764706,8.071980100638136,0.49019607843137253
0.7,0.35,25.0,65.0,30.0,15.0,3,4.823529411764706,8.071980100638136,0.49019607843137253
0.7,0.35,25.0,65.0,40.0,15.0,2,4.823529411764706,8.071980100638136,0.49019607843137253
0.7,0.5,20.0,65.0,30.0,15.0,3,4.823529411764706,8.071980100638136,0.49019607843137253
0.7,0.5,20.0,65.0,40.0,15.0,2,4.823529411764706,8.071980100638136,0.49019607843137253
0.7,0.5,25.0,65.0,30.0,15.0,3,4.823529411764706,8.071980100638136,0.49019607843137253
0.7,0.5,25.0,65.0,40.0,15.0,2,4.823529411764706,8.071980100638136,0.49019607843137253
0.7,0.65,20.0,65.0,30.0,15.0,3,4.823529411764706,8.071980100638136,0.49019607843137253
0.7,0.65,20.0,65.0,40.0,15.0,2,4.823529411764706,8.071980100638136,0.49019607843137253
0.7,0.65,25.0,65.0,30.0,15.0,3,4.823529411764706,8.071980100638136,0.49019607843137253
0.7,0.65,25.0,65.0,40.0,15.0,2,4.823529411764706,8.071980100638136,0.49019607843137253
0.9,0.35,25.0,65.0,50.0,20.0,2,4.823529411764706,8.21404822455372,0.5196078431372549
0.9,0.5,25.0,65.0,50.0,20.0,2,4.823529411764706,8.21404822455372,0.5196078431372549
0.9,0.65,25.0,65.0,50.0,20.0,2,4.823529411764706,8.21404822455372,0.5196078431372549
0.9,0.35,15.0,45.0,30.0,10.0,3,4.8431372549019605,7.743434916994233,0.47058823529411764
0.9,0.35,15.0,45.0,40.0,10.0,2,4.8431372549019605,7.743434916994233,0.47058823529411764
0.9,0.5,15.0,45.0,30.0,10.0,3,4.8431372549019605,7.743434916994233,0.47058823529411764
0.9,0.5,15.0,45.0,40.0,10.0,2,4.8431372549019605,7.743434916994233,0.47058823529411764
0.9,0.65,15.0,45.0,30.0,10.0,3,4.8431372549019605,7.743434916994233,0.47058823529411764
0.9,0.65,15.0,45.0,40.0,10.0,2,4.8431372549019605,7.743434916994233,0.47058823529411764
0.8,0.35,15.0,45.0,40.0,10.0,3,4.8431372549019605,7.797686937074831,0.4803921568627451
0.8,0.35,20.0,45.0,40.0,10.0,3,4.8431372549019605,7.797686937074831,0.4803921568627451
0.8,0.35,25.0,45.0,40.0,10.0,3,4.8431372549019605,7.797686937074831,0.4803921568627451
0.8,0.5,15.0,45.0,40.0,10.0,3,4.8431372549019605,7.797686937074831,0.4803921568627451
0.8,0.5,20.0,45.0,40.0,10.0,3,4.8431372549019605,7.797686937074831,0.4803921568627451
0.8,0.5,25.0,45.0,40.0,10.0,3,4.8431372549019605,7.797686937074831,0.4803921568627451
0.8,0.65,15.0,45.0,40.0,10.0,3,4.8431372549019605,7.797686937074831,0.4803921568627451
0.8,0.65,20.0,45.0,40.0,10.0,3,4.8431372549019605,7.797686937074831,0.4803921568627451
0.8,0.65,25.0,45.0,40.0,10.0,3,4.8431372549019605,7.797686937074831,0.4803921568627451
0.9,0.35,20.0,45.0,30.0,10.0,3,4.852941176470588,7.7642973748749595,0.47058823529411764
0.9,0.35,20.0,45.0,40.0,10.0,2,4.852941176470588,7.7642973748749595,0.47058823529411764
0.9,0.5,20.0,45.0,30.0,10.0,3,4.852941176470588,7.7642973748749595,0.47058823529411764
0.9,0.5,20.0,45.0,40.0,10.0,2,4.852941176470588,7.7642973748749595,0.47058823529411764
0.9,0.65,20.0,45.0,30.0,10.0,3,4.852941176470588,7.7642973748749595,0.47058823529411764
0.9,0.65,20.0,45.0,40.0,10.0,2,4.852941176470588,7.7642973748749595,0.47058823529411764
0.7,0.35,20.0,65.0,40.0,15.0,3,4.852941176470588,8.118606081457724,0.49019607843137253
0.7,0.35,20.0,65.0,50.0,15.0,2,4.852941176470588,8.118606081457724,0.49019607843137253
0.7,0.35,25.0,65.0,40.0,15.0,3,4.852941176470588,8.118606081457724,0.49019607843137253
0.7,0.35,25.0,65.0,50.0,15.0,2,4.852941176470588,8.118606081457724,0.49019607843137253
0.7,0.5,20.0,65.0,40.0,15.0,3,4.852941176470588,8.118606081457724,0.49019607843137253
0.7,0.5,20.0,65.0,50.0,15.0,2,4.852941176470588,8.118606081457724,0.49019607843137253
0.7,0.5,25.0,65.0,40.0,15.0,3,4.852941176470588,8.118606081457724,0.49019607843137253
0.7,0.5,25.0,65.0,50.0,15.0,2,4.852941176470588,8.118606081457724,0.49019607843137253
0.7,0.65,20.0,65.0,40.0,15.0,3,4.852941176470588,8.118606081457724,0.49019607843137253
0.7,0.65,20.0,65.0,50.0,15.0,2,4.852941176470588,8.118606081457724,0.49019607843137253
0.7,0.65,25.0,65.0,40.0,15.0,3,4.852941176470588,8.118606081457724,0.49019607843137253
0.7,0.65,25.0,65.0,50.0,15.0,2,4.852941176470588,8.118606081457724,0.49019607843137253
0.9,0.35,25.0,45.0,30.0,10.0,3,4.862745098039215,7.786363142083225,0.47058823529411764
0.9,0.35,25.0,45.0,40.0,10.0,2,4.862745098039215,7.786363142083225,0.47058823529411764
0.9,0.5,25.0,45.0,30.0,10.0,3,4.862745098039215,7.786363142083225,0.47058823529411764
0.9,0.5,25.0,45.0,40.0,10.0,2,4.862745098039215,7.786363142083225,0.47058823529411764
0.9,0.65,25.0,45.0,30.0,10.0,3,4.862745098039215,7.786363142083225,0.47058823529411764
0.9,0.65,25.0,45.0,40.0,10.0,2,4.862745098039215,7.786363142083225,0.47058823529411764
0.7,0.35,20.0,65.0,30.0,15.0,4,4.872549019607843,8.164365422070354,0.4803921568627451
0.7,0.35,25.0,65.0,30.0,15.0,4,4.872549019607843,8.164365422070354,0.4803921568627451
0.7,0.5,20.0,65.0,30.0,15.0,4,4.872549019607843,8.164365422070354,0.4803921568627451
0.7,0.5,25.0,65.0,30.0,15.0,4,4.872549019607843,8.164365422070354,0.4803921568627451
0.7,0.65,20.0,65.0,30.0,15.0,4,4.872549019607843,8.164365422070354,0.4803921568627451
0.7,0.65,25.0,65.0,30.0,15.0,4,4.872549019607843,8.164365422070354,0.4803921568627451
0.9,0.35,25.0,65.0,40.0,20.0,3,4.882352941176471,8.246211251235321,0.5196078431372549
0.9,0.5,25.0,65.0,40.0,20.0,3,4.882352941176471,8.246211251235321,0.5196078431372549
0.9,0.65,25.0,65.0,40.0,20.0,3,4.882352941176471,8.246211251235321,0.5196078431372549
0.9,0.35,25.0,65.0,30.0,20.0,4,4.882352941176471,8.26758375684641,0.5098039215686274
0.9,0.5,25.0,65.0,30.0,20.0,4,4.882352941176471,8.26758375684641,0.5098039215686274
0.9,0.65,25.0,65.0,30.0,20.0,4,4.882352941176471,8.26758375684641,0.5098039215686274
0.9,0.35,15.0,45.0,30.0,10.0,4,4.911764705882353,7.873385299757111,0.47058823529411764
0.9,0.5,15.0,45.0,30.0,10.0,4,4.911764705882353,7.873385299757111,0.47058823529411764
0.9,0.65,15.0,45.0,30.0,10.0,4,4.911764705882353,7.873385299757111,0.47058823529411764
0.7,0.35,20.0,65.0,50.0,15.0,3,4.911764705882353,8.193134380711216,0.47058823529411764
0.7,0.35,25.0,65.0,50.0,15.0,3,4.911764705882353,8.193134380711216,0.47058823529411764
0.7,0.5,20.0,65.0,50.0,15.0,3,4.911764705882353,8.193134380711216,0.47058823529411764
0.7,0.5,25.0,65.0,50.0,15.0,3,4.911764705882353,8.193134380711216,0.47058823529411764
0.7,0.65,20.0,65.0,50.0,15.0,3,4.911764705882353,8.193134380711216,0.47058823529411764
0.7,0.65,25.0,65.0,50.0,15.0,3,4.911764705882353,8.193134380711216,0.47058823529411764
0.9,0.35,20.0,45.0,30.0,10.0,4,4.921568627450981,7.897629329084003,0.47058823529411764
0.9,0.5,20.0,45.0,30.0,10.0,4,4.921568627450981,7.897629329084003,0.47058823529411764
0.9,0.65,20.0,45.0,30.0,10.0,4,4.921568627450981,7.897629329084003,0.47058823529411764
0.8,0.35,20.0,65.0,30.0,15.0,2,4.921568627450981,8.236694558796142,0.49019607843137253
0.8,0.5,20.0,65.0,30.0,15.0,2,4.921568627450981,8.236694558796142,0.49019607843137253
0.8,0.65,20.0,65.0,30.0,15.0,2,4.921568627450981,8.236694558796142,0.49019607843137253
0.7,0.35,15.0,45.0,40.0,10.0,4,4.931372549019608,7.855933189285014,0.47058823529411764
0.7,0.5,15.0,45.0,40.0,10.0,4,4.931372549019608,7.855933189285014,0.47058823529411764
0.7,0.65,15.0,45.0,40.0,10.0,4,4.931372549019608,7.855933189285014,0.47058823529411764
0.9,0.35,15.0,45.0,40.0,10.0,3,4.931372549019608,7.914370151942654,0.47058823529411764
0.9,0.5,15.0,45.0,40.0,10.0,3,4.931372549019608,7.914370151942654,0.47058823529411764
0.9,0.65,15.0,45.0,40.0,10.0,3,4.931372549019608,7.914370151942654,0.47058823529411764
0.8,0.35,20.0,65.0,40.0,15.0,2,4.931372549019608,8.26343232110545,0.49019607843137253
0.8,0.35,25.0,65.0,30.0,15.0,2,4.931372549019608,8.26343232110545,0.49019607843137253
0.8,0.5,20.0,65.0,40.0,15.0,2,4.931372549019608,8.26343232110545,0.49019607843137253
0.8,0.5,25.0,65.0,30.0,15.0,2,4.931372549019608,8.26343232110545,0.49019607843137253
0.8,0.65,20.0,65.0,40.0,15.0,2,4.931372549019608,8.26343232110545,0.49019607843137253
0.8,0.65,25.0,65.0,30.0,15.0,2,4.931372549019608,8.26343232110545,0.49019607843137253
0.7,0.35,20.0,45.0,40.0,10.0,4,4.9411764705882355,7.876497678935385,0.47058823529411764
0.7,0.35,25.0,45.0,40.0,10.0,4,4.9411764705882355,7.876497678935385,0.47058823529411764
0.7,0.5,20.0,45.0,40.0,10.0,4,4.9411764705882355,7.876497678935385,0.47058823529411764
0.7,0.5,25.0,45.0,40.0,10.0,4,4.9411764705882355,7.876497678935385,0.47058823529411764
0.7,0.65,20.0,45.0,40.0,10.0,4,4.9411764705882355,7.876497678935385,0.47058823529411764
0.7,0.65,25.0,45.0,40.0,10.0,4,4.9411764705882355,7.876497678935385,0.47058823529411764
0.9,0.35,20.0,45.0,40.0,10.0,3,4.9411764705882355,7.9174664198722,0.47058823529411764
0.9,0.5,20.0,45.0,40.0,10.0,3,4.9411764705882355,7.9174664198722,0.47058823529411764
0.9,0.65,20.0,45.0,40.0,10.0,3,4.9411764705882355,7.9174664198722,0.47058823529411764
0.9,0.35,25.0,45.0,30.0,10.0,4,4.9411764705882355,7.949596117500093,0.47058823529411764
0.9,0.5,25.0,45.0,30.0,10.0,4,4.9411764705882355,7.949596117500093,0.47058823529411764
0.9,0.65,25.0,45.0,30.0,10.0,4,4.9411764705882355,7.949596117500093,0.47058823529411764
0.8,0.35,25.0,65.0,40.0,15.0,2,4.9411764705882355,8.291266371261733,0.49019607843137253
0.8,0.5,25.0,65.0,40.0,15.0,2,4.9411764705882355,8.291266371261733,0.49019607843137253
0.8,0.65,25.0,65.0,40.0,15.0,2,4.9411764705882355,8.291266371261733,0.49019607843137253
0.8,0.35,20.0,65.0,30.0,15.0,3,4.950980392156863,8.30131102331929,0.49019607843137253
0.8,0.35,25.0,65.0,30.0,15.0,3,4.950980392156863,8.30131102331929,0.49019607843137253
0.8,0.5,20.0,65.0,30.0,15.0,3,4.950980392156863,8.30131102331929,0.49019607843137253
0.8,0.5,25.0,65.0,30.0,15.0,3,4.950980392156863,8.30131102331929,0.49019607843137253
0.8,0.65,20.0,65.0,30.0,15.0,3,4.950980392156863,8.30131102331929,0.49019607843137253
0.8,0.65,25.0,65.0,30.0,15.0,3,4.950980392156863,8.30131102331929,0.49019607843137253
0.8,0.35,20.0,65.0,50.0,15.0,2,4.950980392156863,8.314291971081612,0.49019607843137253
0.8,0.35,25.0,65.0,50.0,15.0,2,4.950980392156863,8.314291971081612,0.49019607843137253
0.8,0.5,20.0,65.0,50.0,15.0,2,4.950980392156863,8.314291971081612,0.49019607843137253
0.8,0.5,25.0,65.0,50.0,15.0,2,4.950980392156863,8.314291971081612,0.49019607843137253
0.8,0.65,20.0,65.0,50.0,15.0,2,4.950980392156863,8.314291971081612,0.49019607843137253
0.8,0.65,25.0,65.0,50.0,15.0,2,4.950980392156863,8.314291971081612,0.49019607843137253
0.7,0.35,20.0,65.0,40.0,15.0,4,4.96078431372549,8.297176462803595,0.4803921568627451
0.7,0.35,25.0,65.0,40.0,15.0,4,4.96078431372549,8.297176462803595,0.4803921568627451
0.7,0.5,20.0,65.0,40.0,15.0,4,4.96078431372549,8.297176462803595,0.4803921568627451
0.7,0.5,25.0,65.0,40.0,15.0,4,4.96078431372549,8.297176462803595,0.4803921568627451
0.7,0.65,20.0,65.0,40.0,15.0,4,4.96078431372549,8.297176462803595,0.4803921568627451
0.7,0.65,25.0,65.0,40.0,15.0,4,4.96078431372549,8.297176462803595,0.4803921568627451
0.9,0.35,25.0,45.0,40.0,10.0,3,4.970588235294118,7.971148956472618,0.47058823529411764
0.9,0.5,25.0,45.0,40.0,10.0,3,4.970588235294118,7.971148956472618,0.47058823529411764
0.9,0.65,25.0,45.0,40.0,10.0,3,4.970588235294118,7.971148956472618,0.47058823529411764
0.9,0.35,25.0,65.0,50.0,20.0,3,4.970588235294118,8.337841917614968,0.5098039215686274
0.9,0.5,25.0,65.0,50.0,20.0,3,4.970588235294118,8.337841917614968,0.5098039215686274
0.9,0.65,25.0,65.0,50.0,20.0,3,4.970588235294118,8.337841917614968,0.5098039215686274
0.8,0.35,20.0,65.0,40.0,15.0,3,4.990196078431373,8.355460818542332,0.4803921568627451
0.8,0.35,25.0,65.0,40.0,15.0,3,4.990196078431373,8.355460818542332,0.4803921568627451
0.8,0.5,20.0,65.0,40.0,15.0,3,4.990196078431373,8.355460818542332,0.4803921568627451
0.8,0.5,25.0,65.0,40.0,15.0,3,4.990196078431373,8.355460818542332,0.4803921568627451
0.8,0.65,20.0,65.0,40.0,15.0,3,4.990196078431373,8.355460818542332,0.4803921568627451
0.8,0.65,25.0,65.0,40.0,15.0,3,4.990196078431373,8.355460818542332,0.4803921568627451
0.8,0.35,20.0,65.0,30.0,15.0,4,5.0,8.358393691256664,0.4803921568627451
0.8,0.35,25.0,65.0,30.0,15.0,4,5.0,8.358393691256664,0.4803921568627451
0.8,0.5,20.0,65.0,30.0,15.0,4,5.0,8.358393691256664,0.4803921568627451
0.8,0.5,25.0,65.0,30.0,15.0,4,5.0,8.358393691256664,0.4803921568627451
0.8,0.65,20.0,65.0,30.0,15.0,4,5.0,8.358393691256664,0.4803921568627451
0.8,0.65,25.0,65.0,30.0,15.0,4,5.0,8.358393691256664,0.4803921568627451
0.7,0.35,20.0,65.0,50.0,15.0,4,5.0,8.382989311929341,0.47058823529411764
0.7,0.5,20.0,65.0,50.0,15.0,4,5.0,8.382989311929341,0.47058823529411764
0.7,0.65,20.0,65.0,50.0,15.0,4,5.0,8.382989311929341,0.47058823529411764
0.8,0.35,20.0,65.0,50.0,15.0,3,5.009803921568627,8.375384100059495,0.47058823529411764
0.8,0.5,20.0,65.0,50.0,15.0,3,5.009803921568627,8.375384100059495,0.47058823529411764
0.8,0.65,20.0,65.0,50.0,15.0,3,5.009803921568627,8.375384100059495,0.47058823529411764
0.7,0.35,25.0,65.0,50.0,15.0,4,5.009803921568627,8.385912556887575,0.47058823529411764
0.7,0.5,25.0,65.0,50.0,15.0,4,5.009803921568627,8.385912556887575,0.47058823529411764
0.7,0.65,25.0,65.0,50.0,15.0,4,5.009803921568627,8.385912556887575,0.47058823529411764
0.9,0.35,25.0,65.0,40.0,20.0,4,5.009803921568627,8.398762747350023,0.5098039215686274
0.9,0.5,25.0,65.0,40.0,20.0,4,5.009803921568627,8.398762747350023,0.5098039215686274
0.9,0.65,25.0,65.0,40.0,20.0,4,5.009803921568627,8.398762747350023,0.5098039215686274
0.8,0.35,15.0,45.0,40.0,10.0,4,5.019607843137255,8.011021819233505,0.47058823529411764
0.8,0.5,15.0,45.0,40.0,10.0,4,5.019607843137255,8.011021819233505,0.47058823529411764
0.8,0.65,15.0,45.0,40.0,10.0,4,5.019607843137255,8.011021819233505,0.47058823529411764
0.8,0.35,25.0,65.0,50.0,15.0,3,5.019607843137255,8.378309998524317,0.47058823529411764
0.8,0.5,25.0,65.0,50.0,15.0,3,5.019607843137255,8.378309998524317,0.47058823529411764
0.8,0.65,25.0,65.0,50.0,15.0,3,5.019607843137255,8.378309998524317,0.47058823529411764
0.8,0.35,20.0,45.0,40.0,10.0,4,5.029411764705882,8.032409840336662,0.47058823529411764
0.8,0.5,20.0,45.0,40.0,10.0,4,5.029411764705882,8.032409840336662,0.47058823529411764
0.8,0.65,20.0,45.0,40.0,10.0,4,5.029411764705882,8.032409840336662,0.47058823529411764
0.8,0.35,20.0,65.0,40.0,15.0,4,5.03921568627451,8.426149773176359,0.47058823529411764
0.8,0.5,20.0,65.0,40.0,15.0,4,5.03921568627451,8.426149773176359,0.47058823529411764
0.8,0.65,20.0,65.0,40.0,15.0,4,5.03921568627451,8.426149773176359,0.47058823529411764
0.8,0.35,25.0,45.0,40.0,10.0,4,5.0588235294117645,8.082903768654761,0.47058823529411764
0.8,0.5,25.0,45.0,40.0,10.0,4,5.0588235294117645,8.082903768654761,0.47058823529411764
0.8,0.65,25.0,45.0,40.0,10.0,4,5.0588235294117645,8.082903768654761,0.47058823529411764
0.9,0.35,20.0,65.0,30.0,15.0,2,5.068627450980392,8.417418914160718,0.4803921568627451
0.9,0.5,20.0,65.0,30.0,15.0,2,5.068627450980392,8.417418914160718,0.4803921568627451
0.9,0.65,20.0,65.0,30.0,15.0,2,5.068627450980392,8.417418914160718,0.4803921568627451
0.8,0.35,25.0,65.0,40.0,15.0,4,5.068627450980392,8.470826521702845,0.47058823529411764
0.8,0.5,25.0,65.0,40.0,15.0,4,5.068627450980392,8.470826521702845,0.47058823529411764
0.8,0.65,25.0,65.0,40.0,15.0,4,5.068627450980392,8.470826521702845,0.47058823529411764
0.8,0.35,20.0,65.0,50.0,15.0,4,5.078431372549019,8.467932590245459,0.47058823529411764
0.8,0.5,20.0,65.0,50.0,15.0,4,5.078431372549019,8.467932590245459,0.47058823529411764
0.8,0.65,20.0,65.0,50.0,15.0,4,5.078431372549019,8.467932590245459,0.47058823529411764
0.9,0.35,25.0,65.0,50.0,20.0,4,5.078431372549019,8.508358059152489,0.5
0.9,0.5,25.0,65.0,50.0,20.0,4,5.078431372549019,8.508358059152489,0.5
0.9,0.65,25.0,65.0,50.0,20.0,4,5.078431372549019,8.508358059152489,0.5
0.9,0.35,20.0,65.0,30.0,15.0,3,5.088235294117647,8.418583551857632,0.4803921568627451
0.9,0.5,20.0,65.0,30.0,15.0,3,5.088235294117647,8.418583551857632,0.4803921568627451
0.9,0.65,20.0,65.0,30.0,15.0,3,5.088235294117647,8.418583551857632,0.4803921568627451
0.9,0.35,20.0,65.0,40.0,15.0,2,5.088235294117647,8.419748028459349,0.47058823529411764
0.9,0.5,20.0,65.0,40.0,15.0,2,5.088235294117647,8.419748028459349,0.47058823529411764
0.9,0.65,20.0,65.0,40.0,15.0,2,5.088235294117647,8.419748028459349,0.47058823529411764
0.9,0.35,25.0,65.0,30.0,15.0,2,5.098039215686274,8.455187524734821,0.4803921568627451
0.9,0.5,25.0,65.0,30.0,15.0,2,5.098039215686274,8.455187524734821,0.4803921568627451
0.9,0.65,25.0,65.0,30.0,15.0,2,5.098039215686274,8.455187524734821,0.4803921568627451
0.9,0.35,25.0,65.0,30.0,15.0,3,5.107843137254902,8.455767262643882,0.4803921568627451
0.9,0.5,25.0,65.0,30.0,15.0,3,5.107843137254902,8.455767262643882,0.4803921568627451
0.9,0.65,25.0,65.0,30.0,15.0,3,5.107843137254902,8.455767262643882,0.4803921568627451
0.9,0.35,25.0,65.0,40.0,15.0,2,5.107843137254902,8.456926619235693,0.47058823529411764
0.9,0.5,25.0,65.0,40.0,15.0,2,5.107843137254902,8.456926619235693,0.47058823529411764
0.9,0.65,25.0,65.0,40.0,15.0,2,5.107843137254902,8.456926619235693,0.47058823529411764
0.9,0.35,20.0,65.0,50.0,15.0,2,5.107843137254902,8.460403735788796,0.47058823529411764
0.9,0.5,20.0,65.0,50.0,15.0,2,5.107843137254902,8.460403735788796,0.47058823529411764
0.9,0.65,20.0,65.0,50.0,15.0,2,5.107843137254902,8.460403735788796,0.47058823529411764
0.8,0.35,25.0,65.0,50.0,15.0,4,5.107843137254902,8.514693182963201,0.47058823529411764
0.8,0.5,25.0,65.0,50.0,15.0,4,5.107843137254902,8.514693182963201,0.47058823529411764
0.8,0.65,25.0,65.0,50.0,15.0,4,5.107843137254902,8.514693182963201,0.47058823529411764
0.9,0.35,25.0,65.0,50.0,15.0,2,5.127450980392157,8.499711644474516,0.47058823529411764
0.9,0.5,25.0,65.0,50.0,15.0,2,5.127450980392157,8.499711644474516,0.47058823529411764
0.9,0.65,25.0,65.0,50.0,15.0,2,5.127450980392157,8.499711644474516,0.47058823529411764
0.9,0.35,20.0,65.0,40.0,15.0,3,5.1568627450980395,8.507205711607535,0.47058823529411764
0.9,0.5,20.0,65.0,40.0,15.0,3,5.1568627450980395,8.507205711607535,0.47058823529411764
0.9,0.65,20.0,65.0,40.0,15.0,3,5.1568627450980395,8.507205711607535,0.47058823529411764
0.9,0.35,15.0,45.0,40.0,10.0,4,5.166666666666667,8.171567157156671,0.47058823529411764
0.9,0.5,15.0,45.0,40.0,10.0,4,5.166666666666667,8.171567157156671,0.47058823529411764
0.9,0.65,15.0,45.0,40.0,10.0,4,5.166666666666667,8.171567157156671,0.47058823529411764
0.9,0.35,20.0,65.0,30.0,15.0,4,5.166666666666667,8.543429994939466,0.46078431372549017
0.9,0.5,20.0,65.0,30.0,15.0,4,5.166666666666667,8.543429994939466,0.46078431372549017
0.9,0.65,20.0,65.0,30.0,15.0,4,5.166666666666667,8.543429994939466,0.46078431372549017
0.9,0.35,25.0,65.0,40.0,15.0,3,5.186274509803922,8.556043615652106,0.47058823529411764
0.9,0.5,25.0,65.0,40.0,15.0,3,5.186274509803922,8.556043615652106,0.47058823529411764
0.9,0.65,25.0,65.0,40.0,15.0,3,5.186274509803922,8.556043615652106,0.47058823529411764
0.9,0.35,25.0,65.0,30.0,15.0,4,5.186274509803922,8.589208916071467,0.46078431372549017
0.9,0.5,25.0,65.0,30.0,15.0,4,5.186274509803922,8.589208916071467,0.46078431372549017
0.9,0.65,25.0,65.0,30.0,15.0,4,5.186274509803922,8.589208916071467,0.46078431372549017
0.9,0.35,20.0,45.0,40.0,10.0,4,5.205882352941177,8.265804825409605,0.47058823529411764
0.9,0.5,20.0,45.0,40.0,10.0,4,5.205882352941177,8.265804825409605,0.47058823529411764
0.9,0.65,20.0,45.0,40.0,10.0,4,5.205882352941177,8.265804825409605,0.47058823529411764
0.9,0.35,20.0,65.0,50.0,15.0,3,5.2254901960784315,8.578929957499728,0.46078431372549017
0.9,0.5,20.0,65.0,50.0,15.0,3,5.2254901960784315,8.578929957499728,0.46078431372549017
0.9,0.65,20.0,65.0,50.0,15.0,3,5.2254901960784315,8.578929957499728,0.46078431372549017
0.9,0.35,25.0,45.0,40.0,10.0,4,5.235294117647059,8.319596521136695,0.47058823529411764
0.9,0.5,25.0,45.0,40.0,10.0,4,5.235294117647059,8.319596521136695,0.47058823529411764
0.9,0.65,25.0,45.0,40.0,10.0,4,5.235294117647059,8.319596521136695,0.47058823529411764
0.9,0.35,25.0,65.0,50.0,15.0,3,5.2745098039215685,8.656857193611792,0.46078431372549017
0.9,0.5,25.0,65.0,50.0,15.0,3,5.2745098039215685,8.656857193611792,0.46078431372549017
0.9,0.65,25.0,65.0,50.0,15.0,3,5.2745098039215685,8.656857193611792,0.46078431372549017
0.9,0.35,20.0,65.0,40.0,15.0,4,5.284313725490196,8.703729198497866,0.46078431372549017
0.9,0.5,20.0,65.0,40.0,15.0,4,5.284313725490196,8.703729198497866,0.46078431372549017
0.9,0.65,20.0,65.0,40.0,15.0,4,5.284313725490196,8.703729198497866,0.46078431372549017
0.9,0.35,25.0,65.0,40.0,15.0,4,5.313725490196078,8.752590652901283,0.46078431372549017
0.9,0.5,25.0,65.0,40.0,15.0,4,5.313725490196078,8.752590652901283,0.46078431372549017
0.9,0.65,25.0,65.0,40.0,15.0,4,5.313725490196078,8.752590652901283,0.46078431372549017
0.9,0.35,20.0,65.0,50.0,15.0,4,5.352941176470588,8.798395575665051,0.45098039215686275
0.9,0.5,20.0,65.0,50.0,15.0,4,5.352941176470588,8.798395575665051,0.45098039215686275
0.9,0.65,20.0,65.0,50.0,15.0,4,5.352941176470588,8.798395575665051,0.45098039215686275
0.9,0.35,25.0,65.0,50.0,15.0,4,5.382352941176471,8.857809227666031,0.45098039215686275
0.9,0.5,25.0,65.0,50.0,15.0,4,5.382352941176471,8.857809227666031,0.45098039215686275
0.9,0.65,25.0,65.0,50.0,15.0,4,5.382352941176471,8.857809227666031,0.45098039215686275
0.7,0.35,15.0,55.0,40.0,10.0,2,5.450980392156863,8.589779608668094,0.46078431372549017
0.7,0.35,20.0,55.0,40.0,10.0,2,5.450980392156863,8.589779608668094,0.46078431372549017
0.7,0.35,25.0,55.0,40.0,10.0,2,5.450980392156863,8.589779608668094,0.46078431372549017
0.7,0.5,15.0,55.0,40.0,10.0,2,5.450980392156863,8.589779608668094,0.46078431372549017
0.7,0.5,20.0,55.0,40.0,10.0,2,5.450980392156863,8.589779608668094,0.46078431372549017
0.7,0.5,25.0,55.0,40.0,10.0,2,5.450980392156863,8.589779608668094,0.46078431372549017
0.7,0.65,15.0,55.0,40.0,10.0,2,5.450980392156863,8.589779608668094,0.46078431372549017
0.7,0.65,20.0,55.0,40.0,10.0,2,5.450980392156863,8.589779608668094,0.46078431372549017
0.7,0.65,25.0,55.0,40.0,10.0,2,5.450980392156863,8.589779608668094,0.46078431372549017
0.7,0.35,15.0,55.0,30.0,10.0,2,5.46078431372549,8.590350263351246,0.46078431372549017
0.7,0.35,20.0,55.0,30.0,10.0,2,5.46078431372549,8.590350263351246,0.46078431372549017
0.7,0.35,25.0,55.0,30.0,10.0,2,5.46078431372549,8.590350263351246,0.46078431372549017
0.7,0.5,15.0,55.0,30.0,10.0,2,5.46078431372549,8.590350263351246,0.46078431372549017
0.7,0.5,20.0,55.0,30.0,10.0,2,5.46078431372549,8.590350263351246,0.46078431372549017
0.7,0.5,25.0,55.0,30.0,10.0,2,5.46078431372549,8.590350263351246,0.46078431372549017
0.7,0.65,15.0,55.0,30.0,10.0,2,5.46078431372549,8.590350263351246,0.46078431372549017
0.7,0.65,20.0,55.0,30.0,10.0,2,5.46078431372549,8.590350263351246,0.46078431372549017
0.7,0.65,25.0,55.0,30.0,10.0,2,5.46078431372549,8.590350263351246,0.46078431372549017
0.7,0.35,15.0,55.0,30.0,10.0,3,5.46078431372549,8.597195165045536,0.46078431372549017
0.7,0.35,20.0,55.0,30.0,10.0,3,5.46078431372549,8.597195165045536,0.46078431372549017
0.7,0.35,25.0,55.0,30.0,10.0,3,5.46078431372549,8.597195165045536,0.46078431372549017
0.7,0.5,15.0,55.0,30.0,10.0,3,5.46078431372549,8.597195165045536,0.46078431372549017
0.7,0.5,20.0,55.0,30.0,10.0,3,5.46078431372549,8.597195165045536,0.46078431372549017
0.7,0.5,25.0,55.0,30.0,10.0,3,5.46078431372549,8.597195165045536,0.46078431372549017
0.7,0.65,15.0,55.0,30.0,10.0,3,5.46078431372549,8.597195165045536,0.46078431372549017
0.7,0.65,20.0,55.0,30.0,10.0,3,5.46078431372549,8.597195165045536,0.46078431372549017
0.7,0.65,25.0,55.0,30.0,10.0,3,5.46078431372549,8.597195165045536,0.46078431372549017
0.7,0.35,15.0,55.0,40.0,10.0,3,5.5,8.66082004902357,0.46078431372549017
0.7,0.5,15.0,55.0,40.0,10.0,3,5.5,8.66082004902357,0.46078431372549017
0.7,0.65,15.0,55.0,40.0,10.0,3,5.5,8.66082004902357,0.46078431372549017
0.7,0.35,15.0,55.0,30.0,10.0,4,5.5,8.661951960424734,0.45098039215686275
0.7,0.35,20.0,55.0,30.0,10.0,4,5.5,8.661951960424734,0.45098039215686275
0.7,0.35,25.0,55.0,30.0,10.0,4,5.5,8.661951960424734,0.45098039215686275
0.7,0.5,15.0,55.0,30.0,10.0,4,5.5,8.661951960424734,0.45098039215686275
0.7,0.5,20.0,55.0,30.0,10.0,4,5.5,8.661951960424734,0.45098039215686275
0.7,0.5,25.0,55.0,30.0,10.0,4,5.5,8.661951960424734,0.45098039215686275
0.7,0.65,15.0,55.0,30.0,10.0,4,5.5,8.661951960424734,0.45098039215686275
0.7,0.65,20.0,55.0,30.0,10.0,4,5.5,8.661951960424734,0.45098039215686275
0.7,0.65,25.0,55.0,30.0,10.0,4,5.5,8.661951960424734,0.45098039215686275
0.7,0.35,15.0,55.0,50.0,10.0,2,5.509803921568627,8.66930578218914,0.46078431372549017
0.7,0.5,15.0,55.0,50.0,10.0,2,5.509803921568627,8.66930578218914,0.46078431372549017
0.7,0.65,15.0,55.0,50.0,10.0,2,5.509803921568627,8.66930578218914,0.46078431372549017
0.7,0.35,20.0,55.0,40.0,10.0,3,5.509803921568627,8.683994743542994,0.46078431372549017
0.7,0.35,25.0,55.0,40.0,10.0,3,5.509803921568627,8.683994743542994,0.46078431372549017
0.7,0.5,20.0,55.0,40.0,10.0,3,5.509803921568627,8.683994743542994,0.46078431372549017
0.7,0.5,25.0,55.0,40.0,10.0,3,5.509803921568627,8.683994743542994,0.46078431372549017
0.7,0.65,20.0,55.0,40.0,10.0,3,5.509803921568627,8.683994743542994,0.46078431372549017
0.7,0.65,25.0,55.0,40.0,10.0,3,5.509803921568627,8.683994743542994,0.46078431372549017
0.7,0.35,20.0,55.0,50.0,10.0,2,5.519607843137255,8.692457853185816,0.46078431372549017
0.7,0.35,25.0,55.0,50.0,10.0,2,5.519607843137255,8.692457853185816,0.46078431372549017
0.7,0.5,20.0,55.0,50.0,10.0,2,5.519607843137255,8.692457853185816,0.46078431372549017
0.7,0.5,25.0,55.0,50.0,10.0,2,5.519607843137255,8.692457853185816,0.46078431372549017
0.7,0.65,20.0,55.0,50.0,10.0,2,5.519607843137255,8.692457853185816,0.46078431372549017
0.7,0.65,25.0,55.0,50.0,10.0,2,5.519607843137255,8.692457853185816,0.46078431372549017
0.8,0.35,15.0,55.0,30.0,10.0,2,5.53921568627451,8.698095351575427,0.46078431372549017
0.8,0.35,15.0,55.0,40.0,10.0,2,5.53921568627451,8.698095351575427,0.46078431372549017
0.8,0.35,20.0,55.0,30.0,10.0,2,5.53921568627451,8.698095351575427,0.46078431372549017
0.8,0.35,25.0,55.0,30.0,10.0,2,5.53921568627451,8.698095351575427,0.46078431372549017
0.8,0.5,15.0,55.0,30.0,10.0,2,5.53921568627451,8.698095351575427,0.46078431372549017
0.8,0.5,15.0,55.0,40.0,10.0,2,5.53921568627451,8.698095351575427,0.46078431372549017
0.8,0.5,20.0,55.0,30.0,10.0,2,5.53921568627451,8.698095351575427,0.46078431372549017
0.8,0.5,25.0,55.0,30.0,10.0,2,5.53921568627451,8.698095351575427,0.46078431372549017
0.8,0.65,15.0,55.0,30.0,10.0,2,5.53921568627451,8.698095351575427,0.46078431372549017
0.8,0.65,15.0,55.0,40.0,10.0,2,5.53921568627451,8.698095351575427,0.46078431372549017
0.8,0.65,20.0,55.0,30.0,10.0,2,5.53921568627451,8.698095351575427,0.46078431372549017
0.8,0.65,25.0,55.0,30.0,10.0,2,5.53921568627451,8.698095351575427,0.46078431372549017
0.8,0.35,20.0,55.0,40.0,10.0,2,5.549019607843137,8.716673227605973,0.46078431372549017
0.8,0.35,25.0,55.0,40.0,10.0,2,5.549019607843137,8.716673227605973,0.46078431372549017
0.8,0.5,20.0,55.0,40.0,10.0,2,5.549019607843137,8.716673227605973,0.46078431372549017
0.8,0.5,25.0,55.0,40.0,10.0,2,5.549019607843137,8.716673227605973,0.46078431372549017
0.8,0.65,20.0,55.0,40.0,10.0,2,5.549019607843137,8.716673227605973,0.46078431372549017
0.8,0.65,25.0,55.0,40.0,10.0,2,5.549019607843137,8.716673227605973,0.46078431372549017
0.8,0.35,15.0,55.0,30.0,10.0,3,5.549019607843137,8.722295074838332,0.46078431372549017
0.8,0.5,15.0,55.0,30.0,10.0,3,5.549019607843137,8.722295074838332,0.46078431372549017
0.8,0.65,15.0,55.0,30.0,10.0,3,5.549019607843137,8.722295074838332,0.46078431372549017
0.8,0.35,20.0,55.0,30.0,10.0,3,5.5588235294117645,8.740821516557453,0.46078431372549017
0.8,0.35,25.0,55.0,30.0,10.0,3,5.5588235294117645,8.740821516557453,0.46078431372549017
0.8,0.5,20.0,55.0,30.0,10.0,3,5.5588235294117645,8.740821516557453,0.46078431372549017
0.8,0.5,25.0,55.0,30.0,10.0,3,5.5588235294117645,8.740821516557453,0.46078431372549017
0.8,0.65,20.0,55.0,30.0,10.0,3,5.5588235294117645,8.740821516557453,0.46078431372549017
0.8,0.65,25.0,55.0,30.0,10.0,3,5.5588235294117645,8.740821516557453,0.46078431372549017
0.8,0.35,15.0,55.0,50.0,10.0,2,5.578431372549019,8.772170791323939,0.46078431372549017
0.8,0.5,15.0,55.0,50.0,10.0,2,5.578431372549019,8.772170791323939,0.46078431372549017
0.8,0.65,15.0,55.0,50.0,10.0,2,5.578431372549019,8.772170791323939,0.46078431372549017
0.7,0.35,15.0,55.0,40.0,10.0,4,5.578431372549019,8.777757094374572,0.45098039215686275
0.7,0.35,20.0,55.0,40.0,10.0,4,5.578431372549019,8.777757094374572,0.45098039215686275
0.7,0.35,25.0,55.0,40.0,10.0,4,5.578431372549019,8.777757094374572,0.45098039215686275
0.7,0.5,15.0,55.0,40.0,10.0,4,5.578431372549019,8.777757094374572,0.45098039215686275
0.7,0.5,20.0,55.0,40.0,10.0,4,5.578431372549019,8.777757094374572,0.45098039215686275
0.7,0.5,25.0,55.0,40.0,10.0,4,5.578431372549019,8.777757094374572,0.45098039215686275
0.7,0.65,15.0,55.0,40.0,10.0,4,5.578431372549019,8.777757094374572,0.45098039215686275
0.7,0.65,20.0,55.0,40.0,10.0,4,5.578431372549019,8.777757094374572,0.45098039215686275
0.7,0.65,25.0,55.0,40.0,10.0,4,5.578431372549019,8.777757094374572,0.45098039215686275
0.8,0.35,20.0,55.0,50.0,10.0,2,5.588235294117647,8.790592119073754,0.46078431372549017
0.8,0.35,25.0,55.0,50.0,10.0,2,5.588235294117647,8.790592119073754,0.46078431372549017
0.8,0.5,20.0,55.0,50.0,10.0,2,5.588235294117647,8.790592119073754,0.46078431372549017
0.8,0.5,25.0,55.0,50.0,10.0,2,5.588235294117647,8.790592119073754,0.46078431372549017
0.8,0.65,20.0,55.0,50.0,10.0,2,5.588235294117647,8.790592119073754,0.46078431372549017
0.8,0.65,25.0,55.0,50.0,10.0,2,5.588235294117647,8.790592119073754,0.46078431372549017
0.8,0.35,15.0,55.0,40.0,10.0,3,5.598039215686274,8.81676211075512,0.46078431372549017
0.8,0.35,20.0,55.0,40.0,10.0,3,5.598039215686274,8.81676211075512,0.46078431372549017
0.8,0.35,25.0,55.0,40.0,10.0,3,5.598039215686274,8.81676211075512,0.46078431372549017
0.8,0.5,15.0,55.0,40.0,10.0,3,5.598039215686274,8.81676211075512,0.46078431372549017
0.8,0.5,20.0,55.0,40.0,10.0,3,5.598039215686274,8.81676211075512,0.46078431372549017
0.8,0.5,25.0,55.0,40.0,10.0,3,5.598039215686274,8.81676211075512,0.46078431372549017
0.8,0.65,15.0,55.0,40.0,10.0,3,5.598039215686274,8.81676211075512,0.46078431372549017
0.8,0.65,20.0,55.0,40.0,10.0,3,5.598039215686274,8.81676211075512,0.46078431372549017
0.8,0.65,25.0,55.0,40.0,10.0,3,5.598039215686274,8.81676211075512,0.46078431372549017
0.8,0.35,15.0,55.0,30.0,10.0,4,5.607843137254902,8.81175685227012,0.45098039215686275
0.8,0.35,20.0,55.0,30.0,10.0,4,5.607843137254902,8.81175685227012,0.45098039215686275
0.8,0.35,25.0,55.0,30.0,10.0,4,5.607843137254902,8.81175685227012,0.45098039215686275
0.8,0.5,15.0,55.0,30.0,10.0,4,5.607843137254902,8.81175685227012,0.45098039215686275
0.8,0.5,20.0,55.0,30.0,10.0,4,5.607843137254902,8.81175685227012,0.45098039215686275
0.8,0.5,25.0,55.0,30.0,10.0,4,5.607843137254902,8.81175685227012,0.45098039215686275
0.8,0.65,15.0,55.0,30.0,10.0,4,5.607843137254902,8.81175685227012,0.45098039215686275
0.8,0.65,20.0,55.0,30.0,10.0,4,5.607843137254902,8.81175685227012,0.45098039215686275
0.8,0.65,25.0,55.0,30.0,10.0,4,5.607843137254902,8.81175685227012,0.45098039215686275
0.7,0.35,15.0,55.0,50.0,10.0,3,5.637254901960785,8.776640118217557,0.4411764705882353
0.7,0.35,20.0,55.0,50.0,10.0,3,5.637254901960785,8.776640118217557,0.4411764705882353
0.7,0.35,25.0,55.0,50.0,10.0,3,5.637254901960785,8.776640118217557,0.4411764705882353
0.7,0.5,15.0,55.0,50.0,10.0,3,5.637254901960785,8.776640118217557,0.4411764705882353
0.7,0.5,20.0,55.0,50.0,10.0,3,5.637254901960785,8.776640118217557,0.4411764705882353
0.7,0.5,25.0,55.0,50.0,10.0,3,5.637254901960785,8.776640118217557,0.4411764705882353
0.7,0.65,15.0,55.0,50.0,10.0,3,5.637254901960785,8.776640118217557,0.4411764705882353
0.7,0.65,20.0,55.0,50.0,10.0,3,5.637254901960785,8.776640118217557,0.4411764705882353
0.7,0.65,25.0,55.0,50.0,10.0,3,5.637254901960785,8.776640118217557,0.4411764705882353
0.9,0.35,15.0,55.0,30.0,10.0,2,5.637254901960785,8.834535619252613,0.45098039215686275
0.9,0.35,20.0,55.0,30.0,10.0,2,5.637254901960785,8.834535619252613,0.45098039215686275
0.9,0.5,15.0,55.0,30.0,10.0,2,5.637254901960785,8.834535619252613,0.45098039215686275
0.9,0.5,20.0,55.0,30.0,10.0,2,5.637254901960785,8.834535619252613,0.45098039215686275
0.9,0.65,15.0,55.0,30.0,10.0,2,5.637254901960785,8.834535619252613,0.45098039215686275
0.9,0.65,20.0,55.0,30.0,10.0,2,5.637254901960785,8.834535619252613,0.45098039215686275
0.9,0.35,25.0,55.0,30.0,10.0,2,5.647058823529412,8.83509046526473,0.45098039215686275
0.9,0.5,25.0,55.0,30.0,10.0,2,5.647058823529412,8.83509046526473,0.45098039215686275
0.9,0.65,25.0,55.0,30.0,10.0,2,5.647058823529412,8.83509046526473,0.45098039215686275
0.8,0.35,15.0,55.0,40.0,10.0,4,5.6568627450980395,8.884332982786024,0.45098039215686275
0.8,0.5,15.0,55.0,40.0,10.0,4,5.6568627450980395,8.884332982786024,0.45098039215686275
0.8,0.65,15.0,55.0,40.0,10.0,4,5.6568627450980395,8.884332982786024,0.45098039215686275
0.9,0.35,15.0,55.0,30.0,10.0,3,5.666666666666667,8.853934541363241,0.45098039215686275
0.9,0.35,15.0,55.0,40.0,10.0,2,5.666666666666667,8.853934541363241,0.45098039215686275
0.9,0.35,20.0,55.0,30.0,10.0,3,5.666666666666667,8.853934541363241,0.45098039215686275
0.9,0.35,20.0,55.0,40.0,10.0,2,5.666666666666667,8.853934541363241,0.45098039215686275
0.9,0.5,15.0,55.0,30.0,10.0,3,5.666666666666667,8.853934541363241,0.45098039215686275
0.9,0.5,15.0,55.0,40.0,10.0,2,5.666666666666667,8.853934541363241,0.45098039215686275
0.9,0.5,20.0,55.0,30.0,10.0,3,5.666666666666667,8.853934541363241,0.45098039215686275
0.9,0.5,20.0,55.0,40.0,10.0,2,5.666666666666667,8.853934541363241,0.45098039215686275
0.9,0.65,15.0,55.0,30.0,10.0,3,5.666666666666667,8.853934541363241,0.45098039215686275
0.9,0.65,15.0,55.0,40.0,10.0,2,5.666666666666667,8.853934541363241,0.45098039215686275
0.9,0.65,20.0,55.0,30.0,10.0,3,5.666666666666667,8.853934541363241,0.45098039215686275
0.9,0.65,20.0,55.0,40.0,10.0,2,5.666666666666667,8.853934541363241,0.45098039215686275
0.8,0.35,20.0,55.0,40.0,10.0,4,5.666666666666667,8.903623408698369,0.45098039215686275
0.8,0.5,20.0,55.0,40.0,10.0,4,5.666666666666667,8.903623408698369,0.45098039215686275
0.8,0.65,20.0,55.0,40.0,10.0,4,5.666666666666667,8.903623408698369,0.45098039215686275
0.9,0.35,25.0,55.0,30.0,10.0,3,5.676470588235294,8.873291053360475,0.45098039215686275
0.9,0.35,25.0,55.0,40.0,10.0,2,5.676470588235294,8.873291053360475,0.45098039215686275
0.9,0.5,25.0,55.0,30.0,10.0,3,5.676470588235294,8.873291053360475,0.45098039215686275
0.9,0.5,25.0,55.0,40.0,10.0,2,5.676470588235294,8.873291053360475,0.45098039215686275
0.9,0.65,25.0,55.0,30.0,10.0,3,5.676470588235294,8.873291053360475,0.45098039215686275
0.9,0.65,25.0,55.0,40.0,10.0,2,5.676470588235294,8.873291053360475,0.45098039215686275
0.8,0.35,15.0,55.0,50.0,10.0,3,5.696078431372549,8.897565210026093,0.4411764705882353
0.8,0.35,20.0,55.0,50.0,10.0,3,5.696078431372549,8.897565210026093,0.4411764705882353
0.8,0.5,15.0,55.0,50.0,10.0,3,5.696078431372549,8.897565210026093,0.4411764705882353
0.8,0.5,20.0,55.0,50.0,10.0,3,5.696078431372549,8.897565210026093,0.4411764705882353
0.8,0.65,15.0,55.0,50.0,10.0,3,5.696078431372549,8.897565210026093,0.4411764705882353
0.8,0.65,20.0,55.0,50.0,10.0,3,5.696078431372549,8.897565210026093,0.4411764705882353
0.9,0.35,15.0,55.0,50.0,10.0,2,5.696078431372549,8.900870193193384,0.45098039215686275
0.9,0.35,20.0,55.0,50.0,10.0,2,5.696078431372549,8.900870193193384,0.45098039215686275
0.9,0.5,15.0,55.0,50.0,10.0,2,5.696078431372549,8.900870193193384,0.45098039215686275
0.9,0.5,20.0,55.0,50.0,10.0,2,5.696078431372549,8.900870193193384,0.45098039215686275
0.9,0.65,15.0,55.0,50.0,10.0,2,5.696078431372549,8.900870193193384,0.45098039215686275
0.9,0.65,20.0,55.0,50.0,10.0,2,5.696078431372549,8.900870193193384,0.45098039215686275
0.8,0.35,25.0,55.0,40.0,10.0,4,5.696078431372549,8.948107478734283,0.45098039215686275
0.8,0.5,25.0,55.0,40.0,10.0,4,5.696078431372549,8.948107478734283,0.45098039215686275
0.8,0.65,25.0,55.0,40.0,10.0,4,5.696078431372549,8.948107478734283,0.45098039215686275
0.8,0.35,25.0,55.0,50.0,10.0,3,5.705882352941177,8.900319447891171,0.4411764705882353
0.8,0.5,25.0,55.0,50.0,10.0,3,5.705882352941177,8.900319447891171,0.4411764705882353
0.8,0.65,25.0,55.0,50.0,10.0,3,5.705882352941177,8.900319447891171,0.4411764705882353
0.9,0.35,15.0,55.0,30.0,10.0,4,5.705882352941177,8.921223867503699,0.45098039215686275
0.9,0.35,25.0,55.0,50.0,10.0,2,5.705882352941177,8.921223867503699,0.45098039215686275
0.9,0.5,15.0,55.0,30.0,10.0,4,5.705882352941177,8.921223867503699,0.45098039215686275
0.9,0.5,25.0,55.0,50.0,10.0,2,5.705882352941177,8.921223867503699,0.45098039215686275
0.9,0.65,15.0,55.0,30.0,10.0,4,5.705882352941177,8.921223867503699,0.45098039215686275
0.9,0.65,25.0,55.0,50.0,10.0,2,5.705882352941177,8.921223867503699,0.45098039215686275
0.9,0.35,15.0,55.0,40.0,10.0,3,5.715686274509804,8.923970803513466,0.45098039215686275
0.9,0.5,15.0,55.0,40.0,10.0,3,5.715686274509804,8.923970803513466,0.45098039215686275
0.9,0.65,15.0,55.0,40.0,10.0,3,5.715686274509804,8.923970803513466,0.45098039215686275
0.9,0.35,20.0,55.0,30.0,10.0,4,5.715686274509804,8.94262759122251,0.45098039215686275
0.9,0.5,20.0,55.0,30.0,10.0,4,5.715686274509804,8.94262759122251,0.45098039215686275
0.9,0.65,20.0,55.0,30.0,10.0,4,5.715686274509804,8.94262759122251,0.45098039215686275
0.9,0.35,20.0,55.0,40.0,10.0,3,5.7254901960784315,8.92781509401607,0.45098039215686275
0.9,0.5,20.0,55.0,40.0,10.0,3,5.7254901960784315,8.92781509401607,0.45098039215686275
0.9,0.65,20.0,55.0,40.0,10.0,3,5.7254901960784315,8.92781509401607,0.45098039215686275
0.9,0.35,25.0,55.0,30.0,10.0,4,5.735294117647059,8.988554814154433,0.45098039215686275
0.9,0.5,25.0,55.0,30.0,10.0,4,5.735294117647059,8.988554814154433,0.45098039215686275
0.9,0.65,25.0,55.0,30.0,10.0,4,5.735294117647059,8.988554814154433,0.45098039215686275
0.9,0.35,25.0,55.0,40.0,10.0,3,5.754901960784314,8.976548967868945,0.45098039215686275
0.9,0.5,25.0,55.0,40.0,10.0,3,5.754901960784314,8.976548967868945,0.45098039215686275
0.9,0.65,25.0,55.0,40.0,10.0,3,5.754901960784314,8.976548967868945,0.45098039215686275
0.9,0.35,15.0,55.0,40.0,10.0,4,5.794117647058823,9.021216821536687,0.45098039215686275
0.9,0.5,15.0,55.0,40.0,10.0,4,5.794117647058823,9.021216821536687,0.45098039215686275
0.9,0.65,15.0,55.0,40.0,10.0,4,5.794117647058823,9.021216821536687,0.45098039215686275
0.9,0.35,15.0,55.0,50.0,10.0,3,5.823529411764706,8.98582762127205,0.43137254901960786
0.9,0.5,15.0,55.0,50.0,10.0,3,5.823529411764706,8.98582762127205,0.43137254901960786
0.9,0.65,15.0,55.0,50.0,10.0,3,5.823529411764706,8.98582762127205,0.43137254901960786
0.7,0.35,15.0,55.0,50.0,10.0,4,5.833333333333333,9.024476520584905,0.4215686274509804
0.7,0.35,20.0,55.0,50.0,10.0,4,5.833333333333333,9.024476520584905,0.4215686274509804
0.7,0.5,15.0,55.0,50.0,10.0,4,5.833333333333333,9.024476520584905,0.4215686274509804
0.7,0.5,20.0,55.0,50.0,10.0,4,5.833333333333333,9.024476520584905,0.4215686274509804
0.7,0.65,15.0,55.0,50.0,10.0,4,5.833333333333333,9.024476520584905,0.4215686274509804
0.7,0.65,20.0,55.0,50.0,10.0,4,5.833333333333333,9.024476520584905,0.4215686274509804
0.9,0.35,20.0,55.0,40.0,10.0,4,5.833333333333333,9.106666379582576,0.45098039215686275
0.9,0.5,20.0,55.0,40.0,10.0,4,5.833333333333333,9.106666379582576,0.45098039215686275
0.9,0.65,20.0,55.0,40.0,10.0,4,5.833333333333333,9.106666379582576,0.45098039215686275
0.7,0.35,25.0,55.0,50.0,10.0,4,5.8431372549019605,9.02719203730769,0.4215686274509804
0.7,0.5,25.0,55.0,50.0,10.0,4,5.8431372549019605,9.02719203730769,0.4215686274509804
0.7,0.65,25.0,55.0,50.0,10.0,4,5.8431372549019605,9.02719203730769,0.4215686274509804
0.9,0.35,20.0,55.0,50.0,10.0,3,5.852941176470588,9.022303518742524,0.43137254901960786
0.9,0.5,20.0,55.0,50.0,10.0,3,5.852941176470588,9.022303518742524,0.43137254901960786
0.9,0.65,20.0,55.0,50.0,10.0,3,5.852941176470588,9.022303518742524,0.43137254901960786
0.9,0.35,25.0,55.0,40.0,10.0,4,5.862745098039215,9.155519068396107,0.45098039215686275
0.9,0.5,25.0,55.0,40.0,10.0,4,5.862745098039215,9.155519068396107,0.45098039215686275
0.9,0.65,25.0,55.0,40.0,10.0,4,5.862745098039215,9.155519068396107,0.45098039215686275
0.9,0.35,25.0,55.0,50.0,10.0,3,5.901960784313726,9.098588556775725,0.43137254901960786
0.9,0.5,25.0,55.0,50.0,10.0,3,5.901960784313726,9.098588556775725,0.43137254901960786
0.9,0.65,25.0,55.0,50.0,10.0,3,5.901960784313726,9.098588556775725,0.43137254901960786
0.8,0.35,15.0,55.0,50.0,10.0,4,5.911764705882353,9.110971623354374,0.43137254901960786
0.8,0.5,15.0,55.0,50.0,10.0,4,5.911764705882353,9.110971623354374,0.43137254901960786
0.8,0.65,15.0,55.0,50.0,10.0,4,5.911764705882353,9.110971623354374,0.43137254901960786
0.8,0.35,20.0,55.0,50.0,10.0,4,5.921568627450981,9.130856970712435,0.43137254901960786
0.8,0.5,20.0,55.0,50.0,10.0,4,5.921568627450981,9.130856970712435,0.43137254901960786
0.8,0.65,20.0,55.0,50.0,10.0,4,5.921568627450981,9.130856970712435,0.43137254901960786
0.8,0.35,25.0,55.0,50.0,10.0,4,5.950980392156863,9.178512844639686,0.43137254901960786
0.8,0.5,25.0,55.0,50.0,10.0,4,5.950980392156863,9.178512844639686,0.43137254901960786
0.8,0.65,25.0,55.0,50.0,10.0,4,5.950980392156863,9.178512844639686,0.43137254901960786
0.9,0.35,15.0,55.0,50.0,10.0,4,6.098039215686274,9.339983625127351,0.4215686274509804
0.9,0.5,15.0,55.0,50.0,10.0,4,6.098039215686274,9.339983625127351,0.4215686274509804
0.9,0.65,15.0,55.0,50.0,10.0,4,6.098039215686274,9.339983625127351,0.4215686274509804
0.9,0.35,20.0,55.0,50.0,10.0,4,6.117647058823529,9.390232722794217,0.4215686274509804
0.9,0.5,20.0,55.0,50.0,10.0,4,6.117647058823529,9.390232722794217,0.4215686274509804
0.9,0.65,20.0,55.0,50.0,10.0,4,6.117647058823529,9.390232722794217,0.4215686274509804
0.9,0.35,25.0,55.0,50.0,10.0,4,6.147058823529412,9.448000099616475,0.4215686274509804
0.9,0.5,25.0,55.0,50.0,10.0,4,6.147058823529412,9.448000099616475,0.4215686274509804
0.9,0.65,25.0,55.0,50.0,10.0,4,6.147058823529412,9.448000099616475,0.4215686274509804
0.7,0.35,15.0,65.0,30.0,10.0,2,6.2745098039215685,9.498193842752936,0.39215686274509803
0.7,0.35,15.0,65.0,30.0,10.0,3,6.2745098039215685,9.498193842752936,0.39215686274509803
0.7,0.35,15.0,65.0,40.0,10.0,2,6.2745098039215685,9.498193842752936,0.39215686274509803
0.7,0.5,15.0,65.0,30.0,10.0,2,6.2745098039215685,9.498193842752936,0.39215686274509803
0.7,0.5,15.0,65.0,30.0,10.0,3,6.2745098039215685,9.498193842752936,0.39215686274509803
0.7,0.5,15.0,65.0,40.0,10.0,2,6.2745098039215685,9.498193842752936,0.39215686274509803
0.7,0.65,15.0,65.0,30.0,10.0,2,6.2745098039215685,9.498193842752936,0.39215686274509803
0.7,0.65,15.0,65.0,30.0,10.0,3,6.2745098039215685,9.498193842752936,0.39215686274509803
0.7,0.65,15.0,65.0,40.0,10.0,2,6.2745098039215685,9.498193842752936,0.39215686274509803
0.7,0.35,20.0,65.0,30.0,10.0,2,6.284313725490196,9.518300227229979,0.39215686274509803
0.7,0.35,25.0,65.0,30.0,10.0,2,6.284313725490196,9.518300227229979,0.39215686274509803
0.7,0.5,20.0,65.0,30.0,10.0,2,6.284313725490196,9.518300227229979,0.39215686274509803
0.7,0.5,25.0,65.0,30.0,10.0,2,6.284313725490196,9.518300227229979,0.39215686274509803
0.7,0.65,20.0,65.0,30.0,10.0,2,6.284313725490196,9.518300227229979,0.39215686274509803
0.7,0.65,25.0,65.0,30.0,10.0,2,6.284313725490196,9.518300227229979,0.39215686274509803
0.7,0.35,20.0,65.0,30.0,10.0,3,6.294117647058823,9.518815217097918,0.39215686274509803
0.7,0.35,20.0,65.0,40.0,10.0,2,6.294117647058823,9.518815217097918,0.39215686274509803
0.7,0.35,25.0,65.0,30.0,10.0,3,6.294117647058823,9.518815217097918,0.39215686274509803
0.7,0.35,25.0,65.0,40.0,10.0,2,6.294117647058823,9.518815217097918,0.39215686274509803
0.7,0.5,20.0,65.0,30.0,10.0,3,6.294117647058823,9.518815217097918,0.39215686274509803
0.7,0.5,20.0,65.0,40.0,10.0,2,6.294117647058823,9.518815217097918,0.39215686274509803
0.7,0.5,25.0,65.0,30.0,10.0,3,6.294117647058823,9.518815217097918,0.39215686274509803
0.7,0.5,25.0,65.0,40.0,10.0,2,6.294117647058823,9.518815217097918,0.39215686274509803
0.7,0.65,20.0,65.0,30.0,10.0,3,6.294117647058823,9.518815217097918,0.39215686274509803
0.7,0.65,20.0,65.0,40.0,10.0,2,6.294117647058823,9.518815217097918,0.39215686274509803
0.7,0.65,25.0,65.0,30.0,10.0,3,6.294117647058823,9.518815217097918,0.39215686274509803
0.7,0.65,25.0,65.0,40.0,10.0,2,6.294117647058823,9.518815217097918,0.39215686274509803
0.7,0.35,15.0,65.0,50.0,10.0,2,6.303921568627451,9.538878135212304,0.39215686274509803
0.7,0.5,15.0,65.0,50.0,10.0,2,6.303921568627451,9.538878135212304,0.39215686274509803
0.7,0.65,15.0,65.0,50.0,10.0,2,6.303921568627451,9.538878135212304,0.39215686274509803
0.7,0.35,15.0,65.0,40.0,10.0,3,6.313725490196078,9.539392014169456,0.39215686274509803
0.7,0.5,15.0,65.0,40.0,10.0,3,6.313725490196078,9.539392014169456,0.39215686274509803
0.7,0.65,15.0,65.0,40.0,10.0,3,6.313725490196078,9.539392014169456,0.39215686274509803
0.7,0.35,20.0,65.0,40.0,10.0,3,6.323529411764706,9.560437269514074,0.39215686274509803
0.7,0.35,20.0,65.0,50.0,10.0,2,6.323529411764706,9.560437269514074,0.39215686274509803
0.7,0.35,25.0,65.0,40.0,10.0,3,6.323529411764706,9.560437269514074,0.39215686274509803
0.7,0.35,25.0,65.0,50.0,10.0,2,6.323529411764706,9.560437269514074,0.39215686274509803
0.7,0.5,20.0,65.0,40.0,10.0,3,6.323529411764706,9.560437269514074,0.39215686274509803
0.7,0.5,20.0,65.0,50.0,10.0,2,6.323529411764706,9.560437269514074,0.39215686274509803
0.7,0.5,25.0,65.0,40.0,10.0,3,6.323529411764706,9.560437269514074,0.39215686274509803
0.7,0.5,25.0,65.0,50.0,10.0,2,6.323529411764706,9.560437269514074,0.39215686274509803
0.7,0.65,20.0,65.0,40.0,10.0,3,6.323529411764706,9.560437269514074,0.39215686274509803
0.7,0.65,20.0,65.0,50.0,10.0,2,6.323529411764706,9.560437269514074,0.39215686274509803
0.7,0.65,25.0,65.0,40.0,10.0,3,6.323529411764706,9.560437269514074,0.39215686274509803
0.7,0.65,25.0,65.0,50.0,10.0,2,6.323529411764706,9.560437269514074,0.39215686274509803
0.8,0.35,15.0,65.0,30.0,10.0,2,6.333333333333333,9.545556403836475,0.39215686274509803
0.8,0.35,15.0,65.0,40.0,10.0,2,6.333333333333333,9.545556403836475,0.39215686274509803
0.8,0.5,15.0,65.0,30.0,10.0,2,6.333333333333333,9.545556403836475,0.39215686274509803
0.8,0.5,15.0,65.0,40.0,10.0,2,6.333333333333333,9.545556403836475,0.39215686274509803
0.8,0.65,15.0,65.0,30.0,10.0,2,6.333333333333333,9.545556403836475,0.39215686274509803
0.8,0.65,15.0,65.0,40.0,10.0,2,6.333333333333333,9.545556403836475,0.39215686274509803
0.7,0.35,15.0,65.0,30.0,10.0,4,6.333333333333333,9.579389640386957,0.38235294117647056
0.7,0.5,15.0,65.0,30.0,10.0,4,6.333333333333333,9.579389640386957,0.38235294117647056
0.7,0.65,15.0,65.0,30.0,10.0,4,6.333333333333333,9.579389640386957,0.38235294117647056
0.7,0.35,20.0,65.0,30.0,10.0,4,6.3431372549019605,9.60136836653005,0.38235294117647056
0.7,0.35,25.0,65.0,30.0,10.0,4,6.3431372549019605,9.60136836653005,0.38235294117647056
0.7,0.5,20.0,65.0,30.0,10.0,4,6.3431372549019605,9.60136836653005,0.38235294117647056
0.7,0.5,25.0,65.0,30.0,10.0,4,6.3431372549019605,9.60136836653005,0.38235294117647056
0.7,0.65,20.0,65.0,30.0,10.0,4,6.3431372549019605,9.60136836653005,0.38235294117647056
0.7,0.65,25.0,65.0,30.0,10.0,4,6.3431372549019605,9.60136836653005,0.38235294117647056
0.8,0.35,15.0,65.0,30.0,10.0,3,6.352941176470588,9.577342543528367,0.39215686274509803
0.8,0.5,15.0,65.0,30.0,10.0,3,6.352941176470588,9.577342543528367,0.39215686274509803
0.8,0.65,15.0,65.0,30.0,10.0,3,6.352941176470588,9.577342543528367,0.39215686274509803
0.8,0.35,20.0,65.0,30.0,10.0,2,6.352941176470588,9.579389640386957,0.39215686274509803
0.8,0.35,20.0,65.0,40.0,10.0,2,6.352941176470588,9.579389640386957,0.39215686274509803
0.8,0.35,25.0,65.0,30.0,10.0,2,6.352941176470588,9.579389640386957,0.39215686274509803
0.8,0.35,25.0,65.0,40.0,10.0,2,6.352941176470588,9.579389640386957,0.39215686274509803
0.8,0.5,20.0,65.0,30.0,10.0,2,6.352941176470588,9.579389640386957,0.39215686274509803
0.8,0.5,20.0,65.0,40.0,10.0,2,6.352941176470588,9.579389640386957,0.39215686274509803
0.8,0.5,25.0,65.0,30.0,10.0,2,6.352941176470588,9.579389640386957,0.39215686274509803
0.8,0.5,25.0,65.0,40.0,10.0,2,6.352941176470588,9.579389640386957,0.39215686274509803
0.8,0.65,20.0,65.0,30.0,10.0,2,6.352941176470588,9.579389640386957,0.39215686274509803
0.8,0.65,20.0,65.0,40.0,10.0,2,6.352941176470588,9.579389640386957,0.39215686274509803
0.8,0.65,25.0,65.0,30.0,10.0,2,6.352941176470588,9.579389640386957,0.39215686274509803
0.8,0.65,25.0,65.0,40.0,10.0,2,6.352941176470588,9.579389640386957,0.39215686274509803
0.8,0.35,15.0,65.0,50.0,10.0,2,6.362745098039215,9.61055383929767,0.39215686274509803
0.8,0.5,15.0,65.0,50.0,10.0,2,6.362745098039215,9.61055383929767,0.39215686274509803
0.8,0.65,15.0,65.0,50.0,10.0,2,6.362745098039215,9.61055383929767,0.39215686274509803
0.7,0.35,15.0,65.0,50.0,10.0,3,6.372549019607843,9.6069827545936,0.37254901960784315
0.7,0.35,20.0,65.0,50.0,10.0,3,6.372549019607843,9.6069827545936,0.37254901960784315
0.7,0.35,25.0,65.0,50.0,10.0,3,6.372549019607843,9.6069827545936,0.37254901960784315
0.7,0.5,15.0,65.0,50.0,10.0,3,6.372549019607843,9.6069827545936,0.37254901960784315
0.7,0.5,20.0,65.0,50.0,10.0,3,6.372549019607843,9.6069827545936,0.37254901960784315
0.7,0.5,25.0,65.0,50.0,10.0,3,6.372549019607843,9.6069827545936,0.37254901960784315
0.7,0.65,15.0,65.0,50.0,10.0,3,6.372549019607843,9.6069827545936,0.37254901960784315
0.7,0.65,20.0,65.0,50.0,10.0,3,6.372549019607843,9.6069827545936,0.37254901960784315
0.7,0.65,25.0,65.0,50.0,10.0,3,6.372549019607843,9.6069827545936,0.37254901960784315
0.8,0.35,20.0,65.0,30.0,10.0,3,6.372549019607843,9.611063885939362,0.39215686274509803
0.8,0.35,25.0,65.0,30.0,10.0,3,6.372549019607843,9.611063885939362,0.39215686274509803
0.8,0.5,20.0,65.0,30.0,10.0,3,6.372549019607843,9.611063885939362,0.39215686274509803
0.8,0.5,25.0,65.0,30.0,10.0,3,6.372549019607843,9.611063885939362,0.39215686274509803
0.8,0.65,20.0,65.0,30.0,10.0,3,6.372549019607843,9.611063885939362,0.39215686274509803
0.8,0.65,25.0,65.0,30.0,10.0,3,6.372549019607843,9.611063885939362,0.39215686274509803
0.8,0.35,20.0,65.0,50.0,10.0,2,6.382352941176471,9.64415905725163,0.39215686274509803
0.8,0.35,25.0,65.0,50.0,10.0,2,6.382352941176471,9.64415905725163,0.39215686274509803
0.8,0.5,20.0,65.0,50.0,10.0,2,6.382352941176471,9.64415905725163,0.39215686274509803
0.8,0.5,25.0,65.0,50.0,10.0,2,6.382352941176471,9.64415905725163,0.39215686274509803
0.8,0.65,20.0,65.0,50.0,10.0,2,6.382352941176471,9.64415905725163,0.39215686274509803
0.8,0.65,25.0,65.0,50.0,10.0,2,6.382352941176471,9.64415905725163,0.39215686274509803
0.8,0.35,15.0,65.0,40.0,10.0,3,6.411764705882353,9.662947222230278,0.38235294117647056
0.8,0.5,15.0,65.0,40.0,10.0,3,6.411764705882353,9.662947222230278,0.38235294117647056
0.8,0.65,15.0,65.0,40.0,10.0,3,6.411764705882353,9.662947222230278,0.38235294117647056
0.8,0.35,15.0,65.0,30.0,10.0,4,6.421568627450981,9.667511795375555,0.38235294117647056
0.8,0.5,15.0,65.0,30.0,10.0,4,6.421568627450981,9.667511795375555,0.38235294117647056
0.8,0.65,15.0,65.0,30.0,10.0,4,6.421568627450981,9.667511795375555,0.38235294117647056
0.8,0.35,20.0,65.0,40.0,10.0,3,6.421568627450981,9.679673467187442,0.38235294117647056
0.8,0.35,25.0,65.0,40.0,10.0,3,6.421568627450981,9.679673467187442,0.38235294117647056
0.8,0.5,20.0,65.0,40.0,10.0,3,6.421568627450981,9.679673467187442,0.38235294117647056
0.8,0.5,25.0,65.0,40.0,10.0,3,6.421568627450981,9.679673467187442,0.38235294117647056
0.8,0.65,20.0,65.0,40.0,10.0,3,6.421568627450981,9.679673467187442,0.38235294117647056
0.8,0.65,25.0,65.0,40.0,10.0,3,6.421568627450981,9.679673467187442,0.38235294117647056
0.7,0.35,15.0,65.0,40.0,10.0,4,6.421568627450981,9.700919705742075,0.38235294117647056
0.7,0.35,20.0,65.0,40.0,10.0,4,6.421568627450981,9.700919705742075,0.38235294117647056
0.7,0.35,25.0,65.0,40.0,10.0,4,6.421568627450981,9.700919705742075,0.38235294117647056
0.7,0.5,15.0,65.0,40.0,10.0,4,6.421568627450981,9.700919705742075,0.38235294117647056
0.7,0.5,20.0,65.0,40.0,10.0,4,6.421568627450981,9.700919705742075,0.38235294117647056
0.7,0.5,25.0,65.0,40.0,10.0,4,6.421568627450981,9.700919705742075,0.38235294117647056
0.7,0.65,15.0,65.0,40.0,10.0,4,6.421568627450981,9.700919705742075,0.38235294117647056
0.7,0.65,20.0,65.0,40.0,10.0,4,6.421568627450981,9.700919705742075,0.38235294117647056
0.7,0.65,25.0,65.0,40.0,10.0,4,6.421568627450981,9.700919705742075,0.38235294117647056
0.8,0.35,20.0,65.0,30.0,10.0,4,6.431372549019608,9.684230156573634,0.38235294117647056
0.8,0.35,25.0,65.0,30.0,10.0,4,6.431372549019608,9.684230156573634,0.38235294117647056
0.8,0.5,20.0,65.0,30.0,10.0,4,6.431372549019608,9.684230156573634,0.38235294117647056
0.8,0.5,25.0,65.0,30.0,10.0,4,6.431372549019608,9.684230156573634,0.38235294117647056
0.8,0.65,20.0,65.0,30.0,10.0,4,6.431372549019608,9.684230156573634,0.38235294117647056
0.8,0.65,25.0,65.0,30.0,10.0,4,6.431372549019608,9.684230156573634,0.38235294117647056
0.9,0.35,15.0,65.0,30.0,10.0,2,6.4411764705882355,9.702940730702698,0.38235294117647056
0.9,0.35,20.0,65.0,30.0,10.0,2,6.4411764705882355,9.702940730702698,0.38235294117647056
0.9,0.5,15.0,65.0,30.0,10.0,2,6.4411764705882355,9.702940730702698,0.38235294117647056
0.9,0.5,20.0,65.0,30.0,10.0,2,6.4411764705882355,9.702940730702698,0.38235294117647056
0.9,0.65,15.0,65.0,30.0,10.0,2,6.4411764705882355,9.702940730702698,0.38235294117647056
0.9,0.65,20.0,65.0,30.0,10.0,2,6.4411764705882355,9.702940730702698,0.38235294117647056
0.8,0.35,15.0,65.0,50.0,10.0,3,6.4411764705882355,9.705971479091682,0.37254901960784315
0.8,0.5,15.0,65.0,50.0,10.0,3,6.4411764705882355,9.705971479091682,0.37254901960784315
0.8,0.65,15.0,65.0,50.0,10.0,3,6.4411764705882355,9.705971479091682,0.37254901960784315
0.8,0.35,20.0,65.0,50.0,10.0,3,6.450980392156863,9.723632017299048,0.37254901960784315
0.8,0.5,20.0,65.0,50.0,10.0,3,6.450980392156863,9.723632017299048,0.37254901960784315
0.8,0.65,20.0,65.0,50.0,10.0,3,6.450980392156863,9.723632017299048,0.37254901960784315
0.7,0.35,15.0,65.0,50.0,10.0,4,6.450980392156863,9.751822353575063,0.37254901960784315
0.7,0.35,20.0,65.0,50.0,10.0,4,6.450980392156863,9.751822353575063,0.37254901960784315
0.7,0.5,15.0,65.0,50.0,10.0,4,6.450980392156863,9.751822353575063,0.37254901960784315
0.7,0.5,20.0,65.0,50.0,10.0,4,6.450980392156863,9.751822353575063,0.37254901960784315
0.7,0.65,15.0,65.0,50.0,10.0,4,6.450980392156863,9.751822353575063,0.37254901960784315
0.7,0.65,20.0,65.0,50.0,10.0,4,6.450980392156863,9.751822353575063,0.37254901960784315
0.9,0.35,15.0,65.0,30.0,10.0,3,6.46078431372549,9.703951085339758,0.38235294117647056
0.9,0.35,20.0,65.0,30.0,10.0,3,6.46078431372549,9.703951085339758,0.38235294117647056
0.9,0.5,15.0,65.0,30.0,10.0,3,6.46078431372549,9.703951085339758,0.38235294117647056
0.9,0.5,20.0,65.0,30.0,10.0,3,6.46078431372549,9.703951085339758,0.38235294117647056
0.9,0.65,15.0,65.0,30.0,10.0,3,6.46078431372549,9.703951085339758,0.38235294117647056
0.9,0.65,20.0,65.0,30.0,10.0,3,6.46078431372549,9.703951085339758,0.38235294117647056
0.9,0.35,15.0,65.0,40.0,10.0,2,6.46078431372549,9.704961334791804,0.37254901960784315
0.9,0.35,20.0,65.0,40.0,10.0,2,6.46078431372549,9.704961334791804,0.37254901960784315
0.9,0.5,15.0,65.0,40.0,10.0,2,6.46078431372549,9.704961334791804,0.37254901960784315
0.9,0.5,20.0,65.0,40.0,10.0,2,6.46078431372549,9.704961334791804,0.37254901960784315
0.9,0.65,15.0,65.0,40.0,10.0,2,6.46078431372549,9.704961334791804,0.37254901960784315
0.9,0.65,20.0,65.0,40.0,10.0,2,6.46078431372549,9.704961334791804,0.37254901960784315
0.8,0.35,25.0,65.0,50.0,10.0,3,6.46078431372549,9.726152333563682,0.37254901960784315
0.8,0.5,25.0,65.0,50.0,10.0,3,6.46078431372549,9.726152333563682,0.37254901960784315
0.8,0.65,25.0,65.0,50.0,10.0,3,6.46078431372549,9.726152333563682,0.37254901960784315
0.7,0.35,25.0,65.0,50.0,10.0,4,6.46078431372549,9.754335386049087,0.37254901960784315
0.7,0.5,25.0,65.0,50.0,10.0,4,6.46078431372549,9.754335386049087,0.37254901960784315
0.7,0.65,25.0,65.0,50.0,10.0,4,6.46078431372549,9.754335386049087,0.37254901960784315
0.9,0.35,25.0,65.0,30.0,10.0,2,6.470588235294118,9.73975077186471,0.38235294117647056
0.9,0.5,25.0,65.0,30.0,10.0,2,6.470588235294118,9.73975077186471,0.38235294117647056
0.9,0.65,25.0,65.0,30.0,10.0,2,6.470588235294118,9.73975077186471,0.38235294117647056
0.8,0.35,15.0,65.0,40.0,10.0,4,6.470588235294118,9.751822353575063,0.37254901960784315
0.8,0.5,15.0,65.0,40.0,10.0,4,6.470588235294118,9.751822353575063,0.37254901960784315
0.8,0.65,15.0,65.0,40.0,10.0,4,6.470588235294118,9.751822353575063,0.37254901960784315
0.9,0.35,25.0,65.0,30.0,10.0,3,6.480392156862745,9.740254053134747,0.38235294117647056
0.9,0.5,25.0,65.0,30.0,10.0,3,6.480392156862745,9.740254053134747,0.38235294117647056
0.9,0.65,25.0,65.0,30.0,10.0,3,6.480392156862745,9.740254053134747,0.38235294117647056
0.9,0.35,25.0,65.0,40.0,10.0,2,6.480392156862745,9.741260537668886,0.37254901960784315
0.9,0.5,25.0,65.0,40.0,10.0,2,6.480392156862745,9.741260537668886,0.37254901960784315
0.9,0.65,25.0,65.0,40.0,10.0,2,6.480392156862745,9.741260537668886,0.37254901960784315
0.9,0.35,15.0,65.0,50.0,10.0,2,6.480392156862745,9.742266918221977,0.37254901960784315
0.9,0.35,20.0,65.0,50.0,10.0,2,6.480392156862745,9.742266918221977,0.37254901960784315
0.9,0.5,15.0,65.0,50.0,10.0,2,6.480392156862745,9.742266918221977,0.37254901960784315
0.9,0.5,20.0,65.0,50.0,10.0,2,6.480392156862745,9.742266918221977,0.37254901960784315
0.9,0.65,15.0,65.0,50.0,10.0,2,6.480392156862745,9.742266918221977,0.37254901960784315
0.9,0.65,20.0,65.0,50.0,10.0,2,6.480392156862745,9.742266918221977,0.37254901960784315
0.8,0.35,20.0,65.0,40.0,10.0,4,6.480392156862745,9.770403487764744,0.37254901960784315
0.8,0.5,20.0,65.0,40.0,10.0,4,6.480392156862745,9.770403487764744,0.37254901960784315
0.8,0.65,20.0,65.0,40.0,10.0,4,6.480392156862745,9.770403487764744,0.37254901960784315
0.9,0.35,25.0,65.0,50.0,10.0,2,6.5,9.780432646110194,0.37254901960784315
0.9,0.5,25.0,65.0,50.0,10.0,2,6.5,9.780432646110194,0.37254901960784315
0.9,0.65,25.0,65.0,50.0,10.0,2,6.5,9.780432646110194,0.37254901960784315
0.8,0.35,15.0,65.0,50.0,10.0,4,6.5,9.783439388809532,0.37254901960784315
0.8,0.5,15.0,65.0,50.0,10.0,4,6.5,9.783439388809532,0.37254901960784315
0.8,0.65,15.0,65.0,50.0,10.0,4,6.5,9.783439388809532,0.37254901960784315
0.8,0.35,20.0,65.0,50.0,10.0,4,6.509803921568627,9.801960588196069,0.37254901960784315
0.8,0.5,20.0,65.0,50.0,10.0,4,6.509803921568627,9.801960588196069,0.37254901960784315
0.8,0.65,20.0,65.0,50.0,10.0,4,6.509803921568627,9.801960588196069,0.37254901960784315
0.8,0.35,25.0,65.0,40.0,10.0,4,6.509803921568627,9.812956621072919,0.37254901960784315
0.8,0.5,25.0,65.0,40.0,10.0,4,6.509803921568627,9.812956621072919,0.37254901960784315
0.8,0.65,25.0,65.0,40.0,10.0,4,6.509803921568627,9.812956621072919,0.37254901960784315
0.9,0.35,15.0,65.0,40.0,10.0,3,6.519607843137255,9.783439388809532,0.37254901960784315
0.9,0.5,15.0,65.0,40.0,10.0,3,6.519607843137255,9.783439388809532,0.37254901960784315
0.9,0.65,15.0,65.0,40.0,10.0,3,6.519607843137255,9.783439388809532,0.37254901960784315
0.9,0.35,20.0,65.0,40.0,10.0,3,6.529411764705882,9.78694608779931,0.37254901960784315
0.9,0.5,20.0,65.0,40.0,10.0,3,6.529411764705882,9.78694608779931,0.37254901960784315
0.9,0.65,20.0,65.0,40.0,10.0,3,6.529411764705882,9.78694608779931,0.37254901960784315
0.9,0.35,15.0,65.0,30.0,10.0,4,6.529411764705882,9.799959983911899,0.3627450980392157
0.9,0.5,15.0,65.0,30.0,10.0,4,6.529411764705882,9.799959983911899,0.3627450980392157
0.9,0.65,15.0,65.0,30.0,10.0,4,6.529411764705882,9.799959983911899,0.3627450980392157
0.9,0.35,20.0,65.0,30.0,10.0,4,6.53921568627451,9.820446856970829,0.3627450980392157
0.9,0.5,20.0,65.0,30.0,10.0,4,6.53921568627451,9.820446856970829,0.3627450980392157
0.9,0.65,20.0,65.0,30.0,10.0,4,6.53921568627451,9.820446856970829,0.3627450980392157
0.8,0.35,25.0,65.0,50.0,10.0,4,6.53921568627451,9.846368893767735,0.37254901960784315
0.8,0.5,25.0,65.0,50.0,10.0,4,6.53921568627451,9.846368893767735,0.37254901960784315
0.8,0.65,25.0,65.0,50.0,10.0,4,6.53921568627451,9.846368893767735,0.37254901960784315
0.9,0.35,25.0,65.0,40.0,10.0,3,6.5588235294117645,9.833416417063429,0.37254901960784315
0.9,0.5,25.0,65.0,40.0,10.0,3,6.5588235294117645,9.833416417063429,0.37254901960784315
0.9,0.65,25.0,65.0,40.0,10.0,3,6.5588235294117645,9.833416417063429,0.37254901960784315
0.9,0.35,25.0,65.0,30.0,10.0,4,6.5588235294117645,9.864275014851696,0.3627450980392157
0.9,0.5,25.0,65.0,30.0,10.0,4,6.5588235294117645,9.864275014851696,0.3627450980392157
0.9,0.65,25.0,65.0,30.0,10.0,4,6.5588235294117645,9.864275014851696,0.3627450980392157
0.9,0.35,15.0,65.0,50.0,10.0,3,6.568627450980392,9.816952124748692,0.3627450980392157
0.9,0.5,15.0,65.0,50.0,10.0,3,6.568627450980392,9.816952124748692,0.3627450980392157
0.9,0.65,15.0,65.0,50.0,10.0,3,6.568627450980392,9.816952124748692,0.3627450980392157
0.9,0.35,20.0,65.0,50.0,10.0,3,6.598039215686274,9.851346081010611,0.3627450980392157
0.9,0.5,20.0,65.0,50.0,10.0,3,6.598039215686274,9.851346081010611,0.3627450980392157
0.9,0.65,20.0,65.0,50.0,10.0,3,6.598039215686274,9.851346081010611,0.3627450980392157
0.9,0.35,15.0,65.0,40.0,10.0,4,6.617647058823529,9.890082178131589,0.3627450980392157
0.9,0.5,15.0,65.0,40.0,10.0,4,6.617647058823529,9.890082178131589,0.3627450980392157
0.9,0.65,15.0,65.0,40.0,10.0,4,6.617647058823529,9.890082178131589,0.3627450980392157
0.9,0.35,25.0,65.0,50.0,10.0,3,6.647058823529412,9.923234766712623,0.3627450980392157
0.9,0.5,25.0,65.0,50.0,10.0,3,6.647058823529412,9.923234766712623,0.3627450980392157
0.9,0.65,25.0,65.0,50.0,10.0,3,6.647058823529412,9.923234766712623,0.3627450980392157
0.9,0.35,20.0,65.0,40.0,10.0,4,6.6568627450980395,9.968086330787832,0.3627450980392157
0.9,0.5,20.0,65.0,40.0,10.0,4,6.6568627450980395,9.968086330787832,0.3627450980392157
0.9,0.65,20.0,65.0,40.0,10.0,4,6.6568627450980395,9.968086330787832,0.3627450980392157
0.9,0.35,25.0,65.0,40.0,10.0,4,6.686274509803922,10.012736986497963,0.3627450980392157
0.9,0.5,25.0,65.0,40.0,10.0,4,6.686274509803922,10.012736986497963,0.3627450980392157
0.9,0.65,25.0,65.0,40.0,10.0,4,6.686274509803922,10.012736986497963,0.3627450980392157
0.9,0.35,15.0,65.0,50.0,10.0,4,6.705882352941177,10.003920799993821,0.35294117647058826
0.9,0.5,15.0,65.0,50.0,10.0,4,6.705882352941177,10.003920799993821,0.35294117647058826
0.9,0.65,15.0,65.0,50.0,10.0,4,6.705882352941177,10.003920799993821,0.35294117647058826
0.9,0.35,20.0,65.0,50.0,10.0,4,6.7254901960784315,10.050851100436084,0.35294117647058826
0.9,0.5,20.0,65.0,50.0,10.0,4,6.7254901960784315,10.050851100436084,0.35294117647058826
0.9,0.65,20.0,65.0,50.0,10.0,4,6.7254901960784315,10.050851100436084,0.35294117647058826
0.9,0.35,25.0,65.0,50.0,10.0,4,6.754901960784314,10.104842558756415,0.35294117647058826
0.9,0.5,25.0,65.0,50.0,10.0,4,6.754901960784314,10.104842558756415,0.35294117647058826
0.9,0.65,25.0,65.0,50.0,10.0,4,6.754901960784314,10.104842558756415,0.35294117647058826
