index,type,name,count,L1,L2,L3,L4,L5,L6,L7,L8,L9,L10,L11,L12,L13,L14,L15,L16,L17,L18,L19,L20,L21,L22,L23,L24,L25,L26,L27,L28,L29,L30,L31,L32,L33,L34,L35,L36,L37,L38,L39,L40,L41,L42,L43,L44,L45,L46,L47,L48,L49,L50,L51,L52,L53,L54,L55,L56,L57,L58,L59,L60,L61,L62,L63,L64,L65,L66,L67,L68,L69,L70,L71,L72,L73,L74,L75,L76,L77,L78,L79,L80,L81,L82,L83,L84,L85,L86,L87,L88,L89,L90,L91,L92,L93,L94,L95,L96,L97,L98,L99,L100,L101,L102,L103,L104,L105,L106,L107,L108,L109,L110,L111,L112,L113,L114,L115,L116,L117,L118,L119,L120,L121,L122,L123,L124,L125,L126,L127,L128,L129,L130,L131,L132,L133,L134,L135,L136,L137,L138,L139,L140,L141,L142,L143,L144,L145,L146,L147,L148,L149,L150,L151,L152,L153,L154,L155,L156,L157,L158,L159,L160,L161,L162,L163,L164,L165,L166,L167,L168,L169,L170,L171,L172,L173,L174,L175,L176,L177,L178,L179,L180,L181,L182,L183,L184,L185,L186,L187,L188,L189,L190,L191,L192,L193,L194,L195,L196,L197,L198,L199,L200,split
0,front_raise,train951.mp4,4.0,6.0,72.0,72.0,132.0,132.0,204.0,204.0,271.0,,,,,,,,,,,,,,,,,,,,,,,,,,,,,,,,,,,,,,,,,,,,,,,,,,,,,,,,,,,,,,,,,,,,,,,,,,,,,,,,,,,,,,,,,,,,,,,,,,,,,,,,,,,,,,,,,,,,,,,,,,,,,,,,,,,,,,,,,,,,,,,,,,,,,,,,,,,,,,,,,,,,,,,,,,,,,,,,,,,,,,,,,,,,,,,,,train
1,front_raise,train952.mp4,10.0,13.0,62.0,62.0,103.0,103.0,126.0,126.0,146.0,146.0,171.0,171.0,194.0,194.0,215.0,215.0,239.0,239.0,260.0,260.0,281.0,,,,,,,,,,,,,,,,,,,,,,,,,,,,,,,,,,,,,,,,,,,,,,,,,,,,,,,,,,,,,,,,,,,,,,,,,,,,,,,,,,,,,,,,,,,,,,,,,,,,,,,,,,,,,,,,,,,,,,,,,,,,,,,,,,,,,,,,,,,,,,,,,,,,,,,,,,,,,,,,,,,,,,,,,,,,,,,,,,,,,train
2,pull_up,test1463.mp4,7.0,21.0,60.0,60.0,98.0,98.0,132.0,132.0,172.0,172.0,210.0,210.0,246.0,246.0,279.0,,,,,,,,,,,,,,,,,,,,,,,,,,,,,,,,,,,,,,,,,,,,,,,,,,,,,,,,,,,,,,,,,,,,,,,,,,,,,,,,,,,,,,,,,,,,,,,,,,,,,,,,,,,,,,,,,,,,,,,,,,,,,,,,,,,,,,,,,,,,,,,,,,,,,,,,,,,,,,,,,,,,,,,,,,,,,,,,,,,,,,,,,,,train
3,squat,test2340.mp4,4.0,0.0,86.0,86.0,155.0,155.0,218.0,219.0,285.0,,,,,,,,,,,,,,,,,,,,,,,,,,,,,,,,,,,,,,,,,,,,,,,,,,,,,,,,,,,,,,,,,,,,,,,,,,,,,,,,,,,,,,,,,,,,,,,,,,,,,,,,,,,,,,,,,,,,,,,,,,,,,,,,,,,,,,,,,,,,,,,,,,,,,,,,,,,,,,,,,,,,,,,,,,,,,,,,,,,,,,,,,,,,,,,,,train
4,front_raise,stu5_11.mp4,6.0,104.0,179.0,179.0,255.0,255.0,330.0,426.0,501.0,703.0,789.0,790.0,853.0,,,,,,,,,,,,,,,,,,,,,,,,,,,,,,,,,,,,,,,,,,,,,,,,,,,,,,,,,,,,,,,,,,,,,,,,,,,,,,,,,,,,,,,,,,,,,,,,,,,,,,,,,,,,,,,,,,,,,,,,,,,,,,,,,,,,,,,,,,,,,,,,,,,,,,,,,,,,,,,,,,,,,,,,,,,,,,,,,,,,,,,,,,,,,train
5,bench_pressing,stu9_2.mp4,3.0,433.0,482.0,1020.0,1100.0,1101.0,1181.0,,,,,,,,,,,,,,,,,,,,,,,,,,,,,,,,,,,,,,,,,,,,,,,,,,,,,,,,,,,,,,,,,,,,,,,,,,,,,,,,,,,,,,,,,,,,,,,,,,,,,,,,,,,,,,,,,,,,,,,,,,,,,,,,,,,,,,,,,,,,,,,,,,,,,,,,,,,,,,,,,,,,,,,,,,,,,,,,,,,,,,,,,,,,,,,,,,,train
6,jump_jacks,stu6_18.mp4,11.0,375.0,424.0,511.0,558.0,575.0,614.0,654.0,708.0,720.0,789.0,837.0,882.0,886.0,926.0,931.0,970.0,977.0,1056.0,1063.0,1112.0,1123.0,1180.0,,,,,,,,,,,,,,,,,,,,,,,,,,,,,,,,,,,,,,,,,,,,,,,,,,,,,,,,,,,,,,,,,,,,,,,,,,,,,,,,,,,,,,,,,,,,,,,,,,,,,,,,,,,,,,,,,,,,,,,,,,,,,,,,,,,,,,,,,,,,,,,,,,,,,,,,,,,,,,,,,,,,,,,,,,,,,,,,,,,train
7,front_raise,stu4_14.mp4,5.0,6.0,87.0,87.0,177.0,177.0,276.0,276.0,377.0,377.0,490.0,,,,,,,,,,,,,,,,,,,,,,,,,,,,,,,,,,,,,,,,,,,,,,,,,,,,,,,,,,,,,,,,,,,,,,,,,,,,,,,,,,,,,,,,,,,,,,,,,,,,,,,,,,,,,,,,,,,,,,,,,,,,,,,,,,,,,,,,,,,,,,,,,,,,,,,,,,,,,,,,,,,,,,,,,,,,,,,,,,,,,,,,,,,,,,,train
8,bench_pressing,stu8_3.mp4,9.0,0.0,95.0,95.0,188.0,188.0,272.0,272.0,364.0,364.0,470.0,470.0,572.0,572.0,688.0,688.0,805.0,805.0,937.0,,,,,,,,,,,,,,,,,,,,,,,,,,,,,,,,,,,,,,,,,,,,,,,,,,,,,,,,,,,,,,,,,,,,,,,,,,,,,,,,,,,,,,,,,,,,,,,,,,,,,,,,,,,,,,,,,,,,,,,,,,,,,,,,,,,,,,,,,,,,,,,,,,,,,,,,,,,,,,,,,,,,,,,,,,,,,,,,,,,,,,,train
9,sit_up,stu4_54.mp4,4.0,524.0,700.0,760.0,948.0,952.0,1080.0,1104.0,1220.0,,,,,,,,,,,,,,,,,,,,,,,,,,,,,,,,,,,,,,,,,,,,,,,,,,,,,,,,,,,,,,,,,,,,,,,,,,,,,,,,,,,,,,,,,,,,,,,,,,,,,,,,,,,,,,,,,,,,,,,,,,,,,,,,,,,,,,,,,,,,,,,,,,,,,,,,,,,,,,,,,,,,,,,,,,,,,,,,,,,,,,,,,,,,,,,,,train
10,bench_pressing,test128.mp4,2.0,3.0,38.0,38.0,109.0,,,,,,,,,,,,,,,,,,,,,,,,,,,,,,,,,,,,,,,,,,,,,,,,,,,,,,,,,,,,,,,,,,,,,,,,,,,,,,,,,,,,,,,,,,,,,,,,,,,,,,,,,,,,,,,,,,,,,,,,,,,,,,,,,,,,,,,,,,,,,,,,,,,,,,,,,,,,,,,,,,,,,,,,,,,,,,,,,,,,,,,,,,,,,,,,,,,,,train
11,squat,stu4_66.mp4,27.0,62.0,94.0,96.0,130.0,132.0,168.0,172.0,210.0,215.0,250.0,262.0,297.0,298.0,327.0,333.0,371.0,373.0,407.0,413.0,449.0,453.0,491.0,492.0,524.0,530.0,563.0,569.0,601.0,602.0,634.0,635.0,670.0,672.0,707.0,712.0,749.0,750.0,783.0,785.0,818.0,822.0,858.0,864.0,896.0,899.0,933.0,939.0,975.0,975.0,1008.0,1013.0,1043.0,1046.0,1081.0,,,,,,,,,,,,,,,,,,,,,,,,,,,,,,,,,,,,,,,,,,,,,,,,,,,,,,,,,,,,,,,,,,,,,,,,,,,,,,,,,,,,,,,,,,,,,,,,,,,,,,,,,,,,,,,,,,,,,,,,,,,,,,,,,,,,,,,,,,,,,,,,,,,train
12,sit_up,stu5_61.mp4,2.0,72.0,117.0,117.0,164.0,,,,,,,,,,,,,,,,,,,,,,,,,,,,,,,,,,,,,,,,,,,,,,,,,,,,,,,,,,,,,,,,,,,,,,,,,,,,,,,,,,,,,,,,,,,,,,,,,,,,,,,,,,,,,,,,,,,,,,,,,,,,,,,,,,,,,,,,,,,,,,,,,,,,,,,,,,,,,,,,,,,,,,,,,,,,,,,,,,,,,,,,,,,,,,,,,,,,,train
13,pull_up,stu6_35.mp4,5.0,22.0,89.0,89.0,147.0,149.0,207.0,207.0,272.0,273.0,329.0,,,,,,,,,,,,,,,,,,,,,,,,,,,,,,,,,,,,,,,,,,,,,,,,,,,,,,,,,,,,,,,,,,,,,,,,,,,,,,,,,,,,,,,,,,,,,,,,,,,,,,,,,,,,,,,,,,,,,,,,,,,,,,,,,,,,,,,,,,,,,,,,,,,,,,,,,,,,,,,,,,,,,,,,,,,,,,,,,,,,,,,,,,,,,,,train
14,bench_pressing,val77.mp4,3.0,0.0,43.0,43.0,87.0,87.0,131.0,,,,,,,,,,,,,,,,,,,,,,,,,,,,,,,,,,,,,,,,,,,,,,,,,,,,,,,,,,,,,,,,,,,,,,,,,,,,,,,,,,,,,,,,,,,,,,,,,,,,,,,,,,,,,,,,,,,,,,,,,,,,,,,,,,,,,,,,,,,,,,,,,,,,,,,,,,,,,,,,,,,,,,,,,,,,,,,,,,,,,,,,,,,,,,,,,,,train
15,squat,stu9_63.mp4,20.0,25.0,80.0,81.0,135.0,135.0,196.0,196.0,254.0,254.0,316.0,317.0,384.0,384.0,457.0,457.0,526.0,526.0,583.0,583.0,643.0,643.0,705.0,705.0,773.0,774.0,834.0,834.0,903.0,903.0,975.0,975.0,1036.0,1036.0,1095.0,1095.0,1160.0,1160.0,1232.0,1232.0,1293.0,,,,,,,,,,,,,,,,,,,,,,,,,,,,,,,,,,,,,,,,,,,,,,,,,,,,,,,,,,,,,,,,,,,,,,,,,,,,,,,,,,,,,,,,,,,,,,,,,,,,,,,,,,,,,,,,,,,,,,,,,,,,,,,,,,,,,,,,,,,,,,,,,,,,,,,,,,,,,,,,,train
16,sit_up,stu5_52.mp4,4.0,466.0,534.0,534.0,622.0,622.0,712.0,712.0,810.0,,,,,,,,,,,,,,,,,,,,,,,,,,,,,,,,,,,,,,,,,,,,,,,,,,,,,,,,,,,,,,,,,,,,,,,,,,,,,,,,,,,,,,,,,,,,,,,,,,,,,,,,,,,,,,,,,,,,,,,,,,,,,,,,,,,,,,,,,,,,,,,,,,,,,,,,,,,,,,,,,,,,,,,,,,,,,,,,,,,,,,,,,,,,,,,,,train
17,pull_up,stu2_35.mp4,6.0,77.0,177.0,177.0,249.0,249.0,335.0,335.0,452.0,452.0,570.0,570.0,715.0,,,,,,,,,,,,,,,,,,,,,,,,,,,,,,,,,,,,,,,,,,,,,,,,,,,,,,,,,,,,,,,,,,,,,,,,,,,,,,,,,,,,,,,,,,,,,,,,,,,,,,,,,,,,,,,,,,,,,,,,,,,,,,,,,,,,,,,,,,,,,,,,,,,,,,,,,,,,,,,,,,,,,,,,,,,,,,,,,,,,,,,,,,,,,train
18,bench_pressing,stu6_1.mp4,5.0,66.0,152.0,228.0,331.0,353.0,441.0,747.0,807.0,807.0,930.0,,,,,,,,,,,,,,,,,,,,,,,,,,,,,,,,,,,,,,,,,,,,,,,,,,,,,,,,,,,,,,,,,,,,,,,,,,,,,,,,,,,,,,,,,,,,,,,,,,,,,,,,,,,,,,,,,,,,,,,,,,,,,,,,,,,,,,,,,,,,,,,,,,,,,,,,,,,,,,,,,,,,,,,,,,,,,,,,,,,,,,,,,,,,,,,train
19,sit_up,stu7_57.mp4,43.0,2.0,36.0,36.0,79.0,79.0,121.0,121.0,163.0,163.0,210.0,210.0,250.0,251.0,293.0,294.0,335.0,336.0,382.0,382.0,420.0,421.0,465.0,466.0,509.0,509.0,553.0,554.0,596.0,597.0,641.0,641.0,683.0,684.0,727.0,728.0,770.0,771.0,812.0,813.0,854.0,856.0,899.0,900.0,938.0,940.0,984.0,986.0,1024.0,1024.0,1068.0,1069.0,1109.0,1109.0,1150.0,1151.0,1192.0,1192.0,1231.0,1232.0,1273.0,1274.0,1315.0,1316.0,1354.0,1355.0,1395.0,1397.0,1437.0,1438.0,1476.0,1477.0,1515.0,1519.0,1558.0,1558.0,1599.0,1601.0,1640.0,1641.0,1682.0,1683.0,1722.0,1723.0,1761.0,1761.0,1799.0,,,,,,,,,,,,,,,,,,,,,,,,,,,,,,,,,,,,,,,,,,,,,,,,,,,,,,,,,,,,,,,,,,,,,,,,,,,,,,,,,,,,,,,,,,,,,,,,,,,,,,,,,,,,,,,,,,,train
20,bench_pressing,train133.mp4,10.0,5.0,32.0,32.0,61.0,61.0,92.0,92.0,119.0,119.0,145.0,145.0,176.0,176.0,206.0,206.0,234.0,234.0,262.0,262.0,299.0,,,,,,,,,,,,,,,,,,,,,,,,,,,,,,,,,,,,,,,,,,,,,,,,,,,,,,,,,,,,,,,,,,,,,,,,,,,,,,,,,,,,,,,,,,,,,,,,,,,,,,,,,,,,,,,,,,,,,,,,,,,,,,,,,,,,,,,,,,,,,,,,,,,,,,,,,,,,,,,,,,,,,,,,,,,,,,,,,,,,,train
21,push_up,stu7_49.mp4,50.0,309.0,354.0,354.0,382.0,382.0,403.0,403.0,426.0,426.0,450.0,451.0,472.0,472.0,495.0,495.0,515.0,515.0,536.0,536.0,557.0,558.0,578.0,579.0,600.0,600.0,623.0,623.0,644.0,644.0,666.0,666.0,687.0,687.0,709.0,710.0,732.0,732.0,754.0,755.0,774.0,774.0,798.0,798.0,818.0,820.0,843.0,844.0,863.0,863.0,885.0,885.0,906.0,907.0,929.0,930.0,950.0,951.0,972.0,972.0,997.0,998.0,1019.0,1020.0,1041.0,1042.0,1066.0,1067.0,1087.0,1089.0,1110.0,1111.0,1133.0,1135.0,1159.0,1160.0,1183.0,1185.0,1205.0,1205.0,1229.0,1230.0,1252.0,1253.0,1274.0,1275.0,1301.0,1303.0,1325.0,1326.0,1350.0,1352.0,1376.0,1376.0,1406.0,1408.0,1433.0,1435.0,1465.0,1467.0,1505.0,,,,,,,,,,,,,,,,,,,,,,,,,,,,,,,,,,,,,,,,,,,,,,,,,,,,,,,,,,,,,,,,,,,,,,,,,,,,,,,,,,,,,,,,,,,,,,,,,,,,,train
22,push_up,stu9_51.mp4,62.0,4.0,24.0,24.0,43.0,43.0,61.0,61.0,81.0,81.0,101.0,102.0,119.0,119.0,137.0,137.0,155.0,155.0,174.0,174.0,193.0,193.0,213.0,213.0,232.0,232.0,251.0,251.0,269.0,269.0,286.0,286.0,305.0,305.0,323.0,323.0,343.0,343.0,363.0,363.0,381.0,381.0,398.0,398.0,420.0,420.0,438.0,438.0,457.0,457.0,476.0,476.0,496.0,496.0,513.0,513.0,532.0,533.0,552.0,552.0,571.0,572.0,590.0,590.0,611.0,611.0,630.0,630.0,651.0,651.0,671.0,671.0,691.0,691.0,711.0,711.0,731.0,731.0,753.0,753.0,773.0,773.0,795.0,795.0,816.0,816.0,836.0,836.0,858.0,858.0,878.0,879.0,900.0,900.0,921.0,921.0,942.0,942.0,964.0,964.0,987.0,1061.0,1084.0,1084.0,1106.0,1106.0,1127.0,1127.0,1148.0,1148.0,1169.0,1169.0,1190.0,1190.0,1214.0,1214.0,1236.0,1236.0,1258.0,1258.0,1283.0,1373.0,1397.0,1397.0,1418.0,,,,,,,,,,,,,,,,,,,,,,,,,,,,,,,,,,,,,,,,,,,,,,,,,,,,,,,,,,,,,,,,,,,,,,,,,,,,,train
23,sit_up,train3301.mp4,4.0,0.0,21.0,21.0,40.0,40.0,60.0,60.0,79.0,,,,,,,,,,,,,,,,,,,,,,,,,,,,,,,,,,,,,,,,,,,,,,,,,,,,,,,,,,,,,,,,,,,,,,,,,,,,,,,,,,,,,,,,,,,,,,,,,,,,,,,,,,,,,,,,,,,,,,,,,,,,,,,,,,,,,,,,,,,,,,,,,,,,,,,,,,,,,,,,,,,,,,,,,,,,,,,,,,,,,,,,,,,,,,,,,train
24,push_up,stu10_50.mp4,31.0,8.0,32.0,32.0,53.0,53.0,72.0,72.0,94.0,94.0,113.0,113.0,136.0,137.0,156.0,156.0,178.0,178.0,199.0,199.0,220.0,220.0,238.0,238.0,261.0,261.0,283.0,283.0,304.0,304.0,326.0,326.0,348.0,348.0,372.0,372.0,391.0,391.0,413.0,413.0,435.0,435.0,452.0,452.0,475.0,475.0,497.0,497.0,518.0,518.0,540.0,540.0,560.0,560.0,584.0,584.0,605.0,605.0,628.0,628.0,656.0,656.0,704.0,,,,,,,,,,,,,,,,,,,,,,,,,,,,,,,,,,,,,,,,,,,,,,,,,,,,,,,,,,,,,,,,,,,,,,,,,,,,,,,,,,,,,,,,,,,,,,,,,,,,,,,,,,,,,,,,,,,,,,,,,,,,,,,,,,,,,,,,,,,train
25,pull_up,stu8_35.mp4,11.0,276.0,357.0,357.0,436.0,436.0,526.0,526.0,616.0,616.0,699.0,699.0,789.0,789.0,886.0,886.0,1020.0,1020.0,1140.0,1140.0,1264.0,1264.0,1431.0,,,,,,,,,,,,,,,,,,,,,,,,,,,,,,,,,,,,,,,,,,,,,,,,,,,,,,,,,,,,,,,,,,,,,,,,,,,,,,,,,,,,,,,,,,,,,,,,,,,,,,,,,,,,,,,,,,,,,,,,,,,,,,,,,,,,,,,,,,,,,,,,,,,,,,,,,,,,,,,,,,,,,,,,,,,,,,,,,,,train
26,squat,stu1_68.mp4,20.0,63.0,106.0,106.0,148.0,148.0,190.0,190.0,237.0,237.0,278.0,278.0,311.0,311.0,359.0,359.0,392.0,392.0,439.0,439.0,477.0,477.0,521.0,521.0,555.0,555.0,596.0,596.0,633.0,633.0,672.0,672.0,709.0,709.0,748.0,748.0,788.0,788.0,823.0,823.0,867.0,,,,,,,,,,,,,,,,,,,,,,,,,,,,,,,,,,,,,,,,,,,,,,,,,,,,,,,,,,,,,,,,,,,,,,,,,,,,,,,,,,,,,,,,,,,,,,,,,,,,,,,,,,,,,,,,,,,,,,,,,,,,,,,,,,,,,,,,,,,,,,,,,,,,,,,,,,,,,,,,,train
27,jump_jacks,train1605.mp4,5.0,15.0,56.0,57.0,99.0,100.0,145.0,146.0,190.0,191.0,227.0,,,,,,,,,,,,,,,,,,,,,,,,,,,,,,,,,,,,,,,,,,,,,,,,,,,,,,,,,,,,,,,,,,,,,,,,,,,,,,,,,,,,,,,,,,,,,,,,,,,,,,,,,,,,,,,,,,,,,,,,,,,,,,,,,,,,,,,,,,,,,,,,,,,,,,,,,,,,,,,,,,,,,,,,,,,,,,,,,,,,,,,,,,,,,,,train
28,front_raise,train940.mp4,5.0,45.0,94.0,94.0,148.0,148.0,201.0,201.0,255.0,255.0,299.0,,,,,,,,,,,,,,,,,,,,,,,,,,,,,,,,,,,,,,,,,,,,,,,,,,,,,,,,,,,,,,,,,,,,,,,,,,,,,,,,,,,,,,,,,,,,,,,,,,,,,,,,,,,,,,,,,,,,,,,,,,,,,,,,,,,,,,,,,,,,,,,,,,,,,,,,,,,,,,,,,,,,,,,,,,,,,,,,,,,,,,,,,,,,,,,train
29,jump_jacks,stu7_34.mp4,44.0,22.0,48.0,48.0,71.0,71.0,94.0,94.0,117.0,117.0,140.0,141.0,161.0,161.0,183.0,183.0,205.0,206.0,227.0,227.0,248.0,248.0,271.0,271.0,293.0,293.0,315.0,315.0,336.0,337.0,358.0,358.0,379.0,379.0,402.0,402.0,424.0,424.0,446.0,447.0,467.0,467.0,490.0,490.0,510.0,510.0,533.0,534.0,555.0,555.0,577.0,577.0,599.0,599.0,620.0,621.0,641.0,641.0,663.0,664.0,685.0,685.0,706.0,706.0,729.0,729.0,749.0,749.0,771.0,771.0,792.0,792.0,814.0,814.0,835.0,836.0,857.0,857.0,878.0,878.0,900.0,900.0,922.0,922.0,943.0,943.0,965.0,965.0,987.0,,,,,,,,,,,,,,,,,,,,,,,,,,,,,,,,,,,,,,,,,,,,,,,,,,,,,,,,,,,,,,,,,,,,,,,,,,,,,,,,,,,,,,,,,,,,,,,,,,,,,,,,,,,,,,,,,train
30,sit_up,stu2_58.mp4,37.0,9.0,52.0,53.0,98.0,98.0,141.0,141.0,195.0,195.0,239.0,239.0,287.0,287.0,333.0,333.0,378.0,378.0,418.0,418.0,453.0,453.0,502.0,503.0,543.0,543.0,601.0,602.0,643.0,643.0,689.0,689.0,741.0,741.0,789.0,789.0,844.0,844.0,884.0,885.0,933.0,934.0,982.0,982.0,1038.0,1039.0,1086.0,1086.0,1129.0,1129.0,1181.0,1181.0,1228.0,1229.0,1273.0,1273.0,1324.0,1325.0,1379.0,1380.0,1423.0,1423.0,1474.0,1474.0,1522.0,1523.0,1568.0,1568.0,1612.0,1613.0,1663.0,1664.0,1719.0,1720.0,1759.0,,,,,,,,,,,,,,,,,,,,,,,,,,,,,,,,,,,,,,,,,,,,,,,,,,,,,,,,,,,,,,,,,,,,,,,,,,,,,,,,,,,,,,,,,,,,,,,,,,,,,,,,,,,,,,,,,,,,,,,,,,,,,,,train
31,sit_up,stu4_50.mp4,3.0,136.0,227.0,228.0,339.0,340.0,443.0,,,,,,,,,,,,,,,,,,,,,,,,,,,,,,,,,,,,,,,,,,,,,,,,,,,,,,,,,,,,,,,,,,,,,,,,,,,,,,,,,,,,,,,,,,,,,,,,,,,,,,,,,,,,,,,,,,,,,,,,,,,,,,,,,,,,,,,,,,,,,,,,,,,,,,,,,,,,,,,,,,,,,,,,,,,,,,,,,,,,,,,,,,,,,,,,,,,train
32,pull_up,stu1_33.mp4,28.0,16.0,56.0,56.0,91.0,91.0,130.0,130.0,172.0,172.0,201.0,201.0,237.0,237.0,273.0,273.0,302.0,302.0,341.0,341.0,377.0,377.0,413.0,413.0,446.0,446.0,482.0,482.0,519.0,519.0,556.0,556.0,592.0,592.0,624.0,624.0,665.0,665.0,702.0,702.0,743.0,743.0,779.0,779.0,824.0,824.0,864.0,864.0,916.0,916.0,963.0,1024.0,1076.0,1076.0,1127.0,1177.0,1237.0,,,,,,,,,,,,,,,,,,,,,,,,,,,,,,,,,,,,,,,,,,,,,,,,,,,,,,,,,,,,,,,,,,,,,,,,,,,,,,,,,,,,,,,,,,,,,,,,,,,,,,,,,,,,,,,,,,,,,,,,,,,,,,,,,,,,,,,,,,,,,,,,,train
33,front_raise,stu9_22.mp4,6.0,39.0,124.0,124.0,207.0,207.0,277.0,566.0,659.0,659.0,750.0,750.0,851.0,,,,,,,,,,,,,,,,,,,,,,,,,,,,,,,,,,,,,,,,,,,,,,,,,,,,,,,,,,,,,,,,,,,,,,,,,,,,,,,,,,,,,,,,,,,,,,,,,,,,,,,,,,,,,,,,,,,,,,,,,,,,,,,,,,,,,,,,,,,,,,,,,,,,,,,,,,,,,,,,,,,,,,,,,,,,,,,,,,,,,,,,,,,,,train
34,bench_pressing,stu7_3.mp4,12.0,90.0,167.0,168.0,206.0,206.0,242.0,243.0,281.0,281.0,330.0,330.0,388.0,389.0,460.0,461.0,524.0,525.0,607.0,607.0,680.0,726.0,820.0,822.0,909.0,,,,,,,,,,,,,,,,,,,,,,,,,,,,,,,,,,,,,,,,,,,,,,,,,,,,,,,,,,,,,,,,,,,,,,,,,,,,,,,,,,,,,,,,,,,,,,,,,,,,,,,,,,,,,,,,,,,,,,,,,,,,,,,,,,,,,,,,,,,,,,,,,,,,,,,,,,,,,,,,,,,,,,,,,,,,,,,,,train
35,front_raise,stu1_14.mp4,3.0,15.0,227.0,227.0,403.0,403.0,540.0,,,,,,,,,,,,,,,,,,,,,,,,,,,,,,,,,,,,,,,,,,,,,,,,,,,,,,,,,,,,,,,,,,,,,,,,,,,,,,,,,,,,,,,,,,,,,,,,,,,,,,,,,,,,,,,,,,,,,,,,,,,,,,,,,,,,,,,,,,,,,,,,,,,,,,,,,,,,,,,,,,,,,,,,,,,,,,,,,,,,,,,,,,,,,,,,,,,train
36,push_up,stu3_42.mp4,10.0,5.0,62.0,62.0,133.0,133.0,183.0,183.0,247.0,247.0,312.0,313.0,394.0,394.0,465.0,465.0,550.0,550.0,660.0,660.0,748.0,,,,,,,,,,,,,,,,,,,,,,,,,,,,,,,,,,,,,,,,,,,,,,,,,,,,,,,,,,,,,,,,,,,,,,,,,,,,,,,,,,,,,,,,,,,,,,,,,,,,,,,,,,,,,,,,,,,,,,,,,,,,,,,,,,,,,,,,,,,,,,,,,,,,,,,,,,,,,,,,,,,,,,,,,,,,,,,,,,,,,train
37,jump_jacks,stu4_15.mp4,16.0,8.0,37.0,38.0,67.0,67.0,96.0,97.0,124.0,124.0,152.0,152.0,178.0,178.0,205.0,206.0,234.0,235.0,262.0,263.0,292.0,292.0,319.0,320.0,349.0,349.0,375.0,376.0,400.0,400.0,430.0,430.0,462.0,,,,,,,,,,,,,,,,,,,,,,,,,,,,,,,,,,,,,,,,,,,,,,,,,,,,,,,,,,,,,,,,,,,,,,,,,,,,,,,,,,,,,,,,,,,,,,,,,,,,,,,,,,,,,,,,,,,,,,,,,,,,,,,,,,,,,,,,,,,,,,,,,,,,,,,,,,,,,,,,,,,,,,,,,train
38,squat,stu6_62.mp4,20.0,44.0,85.0,85.0,118.0,119.0,150.0,150.0,181.0,181.0,209.0,209.0,240.0,240.0,267.0,267.0,297.0,297.0,325.0,326.0,355.0,355.0,384.0,384.0,410.0,411.0,443.0,444.0,473.0,473.0,501.0,502.0,532.0,532.0,561.0,562.0,591.0,591.0,621.0,622.0,646.0,,,,,,,,,,,,,,,,,,,,,,,,,,,,,,,,,,,,,,,,,,,,,,,,,,,,,,,,,,,,,,,,,,,,,,,,,,,,,,,,,,,,,,,,,,,,,,,,,,,,,,,,,,,,,,,,,,,,,,,,,,,,,,,,,,,,,,,,,,,,,,,,,,,,,,,,,,,,,,,,,train
39,front_raise,train987.mp4,7.0,0.0,36.0,36.0,78.0,78.0,118.0,118.0,160.0,160.0,204.0,204.0,244.0,244.0,279.0,,,,,,,,,,,,,,,,,,,,,,,,,,,,,,,,,,,,,,,,,,,,,,,,,,,,,,,,,,,,,,,,,,,,,,,,,,,,,,,,,,,,,,,,,,,,,,,,,,,,,,,,,,,,,,,,,,,,,,,,,,,,,,,,,,,,,,,,,,,,,,,,,,,,,,,,,,,,,,,,,,,,,,,,,,,,,,,,,,,,,,,,,,,train
40,squat,stu8_64.mp4,3.0,7.0,88.0,88.0,155.0,155.0,227.0,,,,,,,,,,,,,,,,,,,,,,,,,,,,,,,,,,,,,,,,,,,,,,,,,,,,,,,,,,,,,,,,,,,,,,,,,,,,,,,,,,,,,,,,,,,,,,,,,,,,,,,,,,,,,,,,,,,,,,,,,,,,,,,,,,,,,,,,,,,,,,,,,,,,,,,,,,,,,,,,,,,,,,,,,,,,,,,,,,,,,,,,,,,,,,,,,,,train
41,pull_up,stu4_39.mp4,1.0,124.0,226.0,,,,,,,,,,,,,,,,,,,,,,,,,,,,,,,,,,,,,,,,,,,,,,,,,,,,,,,,,,,,,,,,,,,,,,,,,,,,,,,,,,,,,,,,,,,,,,,,,,,,,,,,,,,,,,,,,,,,,,,,,,,,,,,,,,,,,,,,,,,,,,,,,,,,,,,,,,,,,,,,,,,,,,,,,,,,,,,,,,,,,,,,,,,,,,,,,,,,,,,train
42,pull_up,stu2_40.mp4,12.0,32.0,84.0,84.0,150.0,150.0,193.0,193.0,238.0,238.0,280.0,280.0,334.0,334.0,416.0,416.0,481.0,482.0,568.0,568.0,657.0,657.0,750.0,750.0,866.0,,,,,,,,,,,,,,,,,,,,,,,,,,,,,,,,,,,,,,,,,,,,,,,,,,,,,,,,,,,,,,,,,,,,,,,,,,,,,,,,,,,,,,,,,,,,,,,,,,,,,,,,,,,,,,,,,,,,,,,,,,,,,,,,,,,,,,,,,,,,,,,,,,,,,,,,,,,,,,,,,,,,,,,,,,,,,,,,,train
43,front_raise,stu7_18.mp4,5.0,40.0,207.0,208.0,337.0,338.0,399.0,402.0,466.0,555.0,663.0,,,,,,,,,,,,,,,,,,,,,,,,,,,,,,,,,,,,,,,,,,,,,,,,,,,,,,,,,,,,,,,,,,,,,,,,,,,,,,,,,,,,,,,,,,,,,,,,,,,,,,,,,,,,,,,,,,,,,,,,,,,,,,,,,,,,,,,,,,,,,,,,,,,,,,,,,,,,,,,,,,,,,,,,,,,,,,,,,,,,,,,,,,,,,,,train
44,bench_pressing,train160.mp4,7.0,5.0,53.0,53.0,91.0,91.0,133.0,133.0,173.0,173.0,208.0,208.0,248.0,248.0,283.0,,,,,,,,,,,,,,,,,,,,,,,,,,,,,,,,,,,,,,,,,,,,,,,,,,,,,,,,,,,,,,,,,,,,,,,,,,,,,,,,,,,,,,,,,,,,,,,,,,,,,,,,,,,,,,,,,,,,,,,,,,,,,,,,,,,,,,,,,,,,,,,,,,,,,,,,,,,,,,,,,,,,,,,,,,,,,,,,,,,,,,,,,,,train
45,squat,stu7_67.mp4,29.0,118.0,165.0,166.0,208.0,211.0,252.0,252.0,293.0,294.0,339.0,339.0,381.0,383.0,419.0,420.0,459.0,460.0,498.0,500.0,539.0,585.0,642.0,642.0,676.0,676.0,721.0,721.0,750.0,750.0,795.0,796.0,823.0,823.0,864.0,864.0,888.0,888.0,931.0,931.0,967.0,1179.0,1231.0,1232.0,1278.0,1280.0,1321.0,1322.0,1365.0,1365.0,1413.0,1415.0,1457.0,1458.0,1497.0,1497.0,1536.0,1536.0,1580.0,,,,,,,,,,,,,,,,,,,,,,,,,,,,,,,,,,,,,,,,,,,,,,,,,,,,,,,,,,,,,,,,,,,,,,,,,,,,,,,,,,,,,,,,,,,,,,,,,,,,,,,,,,,,,,,,,,,,,,,,,,,,,,,,,,,,,,,,,,,,,,,train
46,bench_pressing,train180.mp4,3.0,0.0,65.0,65.0,128.0,128.0,206.0,,,,,,,,,,,,,,,,,,,,,,,,,,,,,,,,,,,,,,,,,,,,,,,,,,,,,,,,,,,,,,,,,,,,,,,,,,,,,,,,,,,,,,,,,,,,,,,,,,,,,,,,,,,,,,,,,,,,,,,,,,,,,,,,,,,,,,,,,,,,,,,,,,,,,,,,,,,,,,,,,,,,,,,,,,,,,,,,,,,,,,,,,,,,,,,,,,,train
47,pull_up,stu6_29.mp4,5.0,24.0,76.0,86.0,118.0,121.0,155.0,156.0,194.0,197.0,245.0,,,,,,,,,,,,,,,,,,,,,,,,,,,,,,,,,,,,,,,,,,,,,,,,,,,,,,,,,,,,,,,,,,,,,,,,,,,,,,,,,,,,,,,,,,,,,,,,,,,,,,,,,,,,,,,,,,,,,,,,,,,,,,,,,,,,,,,,,,,,,,,,,,,,,,,,,,,,,,,,,,,,,,,,,,,,,,,,,,,,,,,,,,,,,,,train
48,push_up,stu10_46.mp4,11.0,5.0,56.0,56.0,112.0,112.0,138.0,138.0,172.0,172.0,206.0,206.0,238.0,238.0,273.0,273.0,301.0,302.0,332.0,332.0,362.0,362.0,393.0,,,,,,,,,,,,,,,,,,,,,,,,,,,,,,,,,,,,,,,,,,,,,,,,,,,,,,,,,,,,,,,,,,,,,,,,,,,,,,,,,,,,,,,,,,,,,,,,,,,,,,,,,,,,,,,,,,,,,,,,,,,,,,,,,,,,,,,,,,,,,,,,,,,,,,,,,,,,,,,,,,,,,,,,,,,,,,,,,,,train
49,pull_up,stu6_33.mp4,6.0,0.0,33.0,33.0,85.0,86.0,251.0,252.0,389.0,390.0,467.0,467.0,537.0,,,,,,,,,,,,,,,,,,,,,,,,,,,,,,,,,,,,,,,,,,,,,,,,,,,,,,,,,,,,,,,,,,,,,,,,,,,,,,,,,,,,,,,,,,,,,,,,,,,,,,,,,,,,,,,,,,,,,,,,,,,,,,,,,,,,,,,,,,,,,,,,,,,,,,,,,,,,,,,,,,,,,,,,,,,,,,,,,,,,,,,,,,,,,train
50,pull_up,stu4_33.mp4,6.0,52.0,103.0,103.0,156.0,156.0,207.0,207.0,259.0,259.0,318.0,318.0,454.0,,,,,,,,,,,,,,,,,,,,,,,,,,,,,,,,,,,,,,,,,,,,,,,,,,,,,,,,,,,,,,,,,,,,,,,,,,,,,,,,,,,,,,,,,,,,,,,,,,,,,,,,,,,,,,,,,,,,,,,,,,,,,,,,,,,,,,,,,,,,,,,,,,,,,,,,,,,,,,,,,,,,,,,,,,,,,,,,,,,,,,,,,,,,,train
51,squat,stu3_65.mp4,6.0,83.0,184.0,184.0,292.0,292.0,391.0,391.0,452.0,452.0,515.0,583.0,673.0,,,,,,,,,,,,,,,,,,,,,,,,,,,,,,,,,,,,,,,,,,,,,,,,,,,,,,,,,,,,,,,,,,,,,,,,,,,,,,,,,,,,,,,,,,,,,,,,,,,,,,,,,,,,,,,,,,,,,,,,,,,,,,,,,,,,,,,,,,,,,,,,,,,,,,,,,,,,,,,,,,,,,,,,,,,,,,,,,,,,,,,,,,,,,train
52,front_raise,stu6_8.mp4,6.0,19.0,110.0,111.0,191.0,198.0,346.0,382.0,553.0,579.0,702.0,702.0,822.0,,,,,,,,,,,,,,,,,,,,,,,,,,,,,,,,,,,,,,,,,,,,,,,,,,,,,,,,,,,,,,,,,,,,,,,,,,,,,,,,,,,,,,,,,,,,,,,,,,,,,,,,,,,,,,,,,,,,,,,,,,,,,,,,,,,,,,,,,,,,,,,,,,,,,,,,,,,,,,,,,,,,,,,,,,,,,,,,,,,,,,,,,,,,,train
53,pull_up,stu1_41.mp4,12.0,72.0,122.0,122.0,191.0,191.0,256.0,256.0,326.0,326.0,398.0,398.0,467.0,467.0,542.0,542.0,618.0,618.0,693.0,693.0,789.0,789.0,940.0,1379.0,1527.0,,,,,,,,,,,,,,,,,,,,,,,,,,,,,,,,,,,,,,,,,,,,,,,,,,,,,,,,,,,,,,,,,,,,,,,,,,,,,,,,,,,,,,,,,,,,,,,,,,,,,,,,,,,,,,,,,,,,,,,,,,,,,,,,,,,,,,,,,,,,,,,,,,,,,,,,,,,,,,,,,,,,,,,,,,,,,,,,,train
54,push_up,train2719.mp4,3.0,3.0,88.0,88.0,178.0,178.0,264.0,,,,,,,,,,,,,,,,,,,,,,,,,,,,,,,,,,,,,,,,,,,,,,,,,,,,,,,,,,,,,,,,,,,,,,,,,,,,,,,,,,,,,,,,,,,,,,,,,,,,,,,,,,,,,,,,,,,,,,,,,,,,,,,,,,,,,,,,,,,,,,,,,,,,,,,,,,,,,,,,,,,,,,,,,,,,,,,,,,,,,,,,,,,,,,,,,,,train
55,front_raise,stu9_26.mp4,3.0,142.0,239.0,239.0,339.0,339.0,436.0,,,,,,,,,,,,,,,,,,,,,,,,,,,,,,,,,,,,,,,,,,,,,,,,,,,,,,,,,,,,,,,,,,,,,,,,,,,,,,,,,,,,,,,,,,,,,,,,,,,,,,,,,,,,,,,,,,,,,,,,,,,,,,,,,,,,,,,,,,,,,,,,,,,,,,,,,,,,,,,,,,,,,,,,,,,,,,,,,,,,,,,,,,,,,,,,,,,train
56,sit_up,stu7_60.mp4,26.0,60.0,96.0,97.0,135.0,136.0,177.0,179.0,222.0,222.0,260.0,262.0,309.0,310.0,354.0,355.0,401.0,402.0,450.0,452.0,500.0,502.0,546.0,549.0,585.0,587.0,622.0,628.0,666.0,670.0,713.0,714.0,750.0,751.0,799.0,801.0,840.0,842.0,884.0,886.0,928.0,929.0,967.0,969.0,1000.0,1003.0,1045.0,1048.0,1090.0,1092.0,1134.0,1135.0,1181.0,,,,,,,,,,,,,,,,,,,,,,,,,,,,,,,,,,,,,,,,,,,,,,,,,,,,,,,,,,,,,,,,,,,,,,,,,,,,,,,,,,,,,,,,,,,,,,,,,,,,,,,,,,,,,,,,,,,,,,,,,,,,,,,,,,,,,,,,,,,,,,,,,,,,,train
57,push_up,stu2_51.mp4,19.0,223.0,271.0,271.0,308.0,308.0,343.0,343.0,374.0,374.0,401.0,403.0,444.0,445.0,475.0,475.0,503.0,503.0,534.0,534.0,564.0,612.0,666.0,666.0,703.0,704.0,740.0,740.0,779.0,780.0,831.0,853.0,892.0,893.0,979.0,980.0,1046.0,1047.0,1150.0,,,,,,,,,,,,,,,,,,,,,,,,,,,,,,,,,,,,,,,,,,,,,,,,,,,,,,,,,,,,,,,,,,,,,,,,,,,,,,,,,,,,,,,,,,,,,,,,,,,,,,,,,,,,,,,,,,,,,,,,,,,,,,,,,,,,,,,,,,,,,,,,,,,,,,,,,,,,,,,,,,,train
58,bench_pressing,stu8_1.mp4,3.0,172.0,270.0,270.0,366.0,366.0,481.0,,,,,,,,,,,,,,,,,,,,,,,,,,,,,,,,,,,,,,,,,,,,,,,,,,,,,,,,,,,,,,,,,,,,,,,,,,,,,,,,,,,,,,,,,,,,,,,,,,,,,,,,,,,,,,,,,,,,,,,,,,,,,,,,,,,,,,,,,,,,,,,,,,,,,,,,,,,,,,,,,,,,,,,,,,,,,,,,,,,,,,,,,,,,,,,,,,,train
59,squat,stu10_64.mp4,2.0,0.0,105.0,105.0,352.0,,,,,,,,,,,,,,,,,,,,,,,,,,,,,,,,,,,,,,,,,,,,,,,,,,,,,,,,,,,,,,,,,,,,,,,,,,,,,,,,,,,,,,,,,,,,,,,,,,,,,,,,,,,,,,,,,,,,,,,,,,,,,,,,,,,,,,,,,,,,,,,,,,,,,,,,,,,,,,,,,,,,,,,,,,,,,,,,,,,,,,,,,,,,,,,,,,,,,train
60,jump_jacks,stu10_31.mp4,10.0,8.0,41.0,41.0,66.0,66.0,92.0,92.0,116.0,117.0,141.0,141.0,167.0,167.0,192.0,192.0,217.0,217.0,241.0,241.0,267.0,,,,,,,,,,,,,,,,,,,,,,,,,,,,,,,,,,,,,,,,,,,,,,,,,,,,,,,,,,,,,,,,,,,,,,,,,,,,,,,,,,,,,,,,,,,,,,,,,,,,,,,,,,,,,,,,,,,,,,,,,,,,,,,,,,,,,,,,,,,,,,,,,,,,,,,,,,,,,,,,,,,,,,,,,,,,,,,,,,,,,train
61,push_up,train2712.mp4,6.0,1.0,41.0,41.0,89.0,89.0,146.0,146.0,196.0,197.0,242.0,243.0,290.0,,,,,,,,,,,,,,,,,,,,,,,,,,,,,,,,,,,,,,,,,,,,,,,,,,,,,,,,,,,,,,,,,,,,,,,,,,,,,,,,,,,,,,,,,,,,,,,,,,,,,,,,,,,,,,,,,,,,,,,,,,,,,,,,,,,,,,,,,,,,,,,,,,,,,,,,,,,,,,,,,,,,,,,,,,,,,,,,,,,,,,,,,,,,,train
62,jump_jacks,stu1_22.mp4,9.0,1.0,23.0,23.0,45.0,45.0,66.0,66.0,90.0,90.0,111.0,111.0,133.0,133.0,156.0,156.0,177.0,177.0,200.0,,,,,,,,,,,,,,,,,,,,,,,,,,,,,,,,,,,,,,,,,,,,,,,,,,,,,,,,,,,,,,,,,,,,,,,,,,,,,,,,,,,,,,,,,,,,,,,,,,,,,,,,,,,,,,,,,,,,,,,,,,,,,,,,,,,,,,,,,,,,,,,,,,,,,,,,,,,,,,,,,,,,,,,,,,,,,,,,,,,,,,,train
63,jump_jacks,stu4_25.mp4,6.0,9.0,40.0,40.0,73.0,268.0,306.0,480.0,524.0,524.0,555.0,555.0,582.0,,,,,,,,,,,,,,,,,,,,,,,,,,,,,,,,,,,,,,,,,,,,,,,,,,,,,,,,,,,,,,,,,,,,,,,,,,,,,,,,,,,,,,,,,,,,,,,,,,,,,,,,,,,,,,,,,,,,,,,,,,,,,,,,,,,,,,,,,,,,,,,,,,,,,,,,,,,,,,,,,,,,,,,,,,,,,,,,,,,,,,,,,,,,,train
64,squat,stu3_61.mp4,19.0,2.0,65.0,65.0,145.0,145.0,216.0,216.0,293.0,293.0,366.0,366.0,430.0,430.0,500.0,500.0,571.0,571.0,642.0,642.0,718.0,718.0,787.0,787.0,857.0,857.0,919.0,919.0,991.0,991.0,1059.0,1059.0,1125.0,1125.0,1197.0,1198.0,1257.0,1257.0,1334.0,,,,,,,,,,,,,,,,,,,,,,,,,,,,,,,,,,,,,,,,,,,,,,,,,,,,,,,,,,,,,,,,,,,,,,,,,,,,,,,,,,,,,,,,,,,,,,,,,,,,,,,,,,,,,,,,,,,,,,,,,,,,,,,,,,,,,,,,,,,,,,,,,,,,,,,,,,,,,,,,,,,train
65,squat,stu8_63.mp4,26.0,1.0,62.0,62.0,134.0,134.0,194.0,194.0,263.0,263.0,329.0,329.0,394.0,394.0,466.0,467.0,527.0,527.0,593.0,593.0,655.0,655.0,716.0,716.0,784.0,784.0,848.0,848.0,914.0,914.0,982.0,982.0,1044.0,1044.0,1109.0,1109.0,1179.0,1179.0,1243.0,1243.0,1310.0,1310.0,1375.0,1375.0,1427.0,1427.0,1490.0,1490.0,1561.0,1561.0,1614.0,1614.0,1685.0,,,,,,,,,,,,,,,,,,,,,,,,,,,,,,,,,,,,,,,,,,,,,,,,,,,,,,,,,,,,,,,,,,,,,,,,,,,,,,,,,,,,,,,,,,,,,,,,,,,,,,,,,,,,,,,,,,,,,,,,,,,,,,,,,,,,,,,,,,,,,,,,,,,,,train
66,front_raise,stu2_20.mp4,13.0,79.0,145.0,145.0,198.0,198.0,251.0,251.0,304.0,304.0,360.0,360.0,412.0,412.0,466.0,466.0,518.0,518.0,572.0,572.0,629.0,630.0,679.0,679.0,736.0,736.0,789.0,,,,,,,,,,,,,,,,,,,,,,,,,,,,,,,,,,,,,,,,,,,,,,,,,,,,,,,,,,,,,,,,,,,,,,,,,,,,,,,,,,,,,,,,,,,,,,,,,,,,,,,,,,,,,,,,,,,,,,,,,,,,,,,,,,,,,,,,,,,,,,,,,,,,,,,,,,,,,,,,,,,,,,,,,,,,,,,train
67,front_raise,stu10_16.mp4,6.0,22.0,94.0,94.0,147.0,147.0,197.0,197.0,249.0,249.0,300.0,300.0,343.0,,,,,,,,,,,,,,,,,,,,,,,,,,,,,,,,,,,,,,,,,,,,,,,,,,,,,,,,,,,,,,,,,,,,,,,,,,,,,,,,,,,,,,,,,,,,,,,,,,,,,,,,,,,,,,,,,,,,,,,,,,,,,,,,,,,,,,,,,,,,,,,,,,,,,,,,,,,,,,,,,,,,,,,,,,,,,,,,,,,,,,,,,,,,,train
68,push_up,stu10_53.mp4,23.0,71.0,98.0,98.0,124.0,124.0,149.0,150.0,174.0,174.0,197.0,198.0,222.0,222.0,247.0,247.0,272.0,272.0,299.0,299.0,325.0,325.0,348.0,349.0,375.0,375.0,401.0,401.0,425.0,425.0,453.0,453.0,479.0,479.0,505.0,505.0,529.0,529.0,555.0,555.0,582.0,582.0,606.0,606.0,632.0,632.0,671.0,,,,,,,,,,,,,,,,,,,,,,,,,,,,,,,,,,,,,,,,,,,,,,,,,,,,,,,,,,,,,,,,,,,,,,,,,,,,,,,,,,,,,,,,,,,,,,,,,,,,,,,,,,,,,,,,,,,,,,,,,,,,,,,,,,,,,,,,,,,,,,,,,,,,,,,,,,,train
69,sit_up,val1089.mp4,4.0,4.0,49.0,49.0,97.0,97.0,147.0,148.0,199.0,,,,,,,,,,,,,,,,,,,,,,,,,,,,,,,,,,,,,,,,,,,,,,,,,,,,,,,,,,,,,,,,,,,,,,,,,,,,,,,,,,,,,,,,,,,,,,,,,,,,,,,,,,,,,,,,,,,,,,,,,,,,,,,,,,,,,,,,,,,,,,,,,,,,,,,,,,,,,,,,,,,,,,,,,,,,,,,,,,,,,,,,,,,,,,,,,train
70,squat,stu3_62.mp4,13.0,7.0,89.0,89.0,156.0,156.0,240.0,240.0,326.0,326.0,394.0,394.0,477.0,477.0,555.0,555.0,663.0,663.0,760.0,760.0,836.0,836.0,919.0,919.0,1005.0,1005.0,1075.0,,,,,,,,,,,,,,,,,,,,,,,,,,,,,,,,,,,,,,,,,,,,,,,,,,,,,,,,,,,,,,,,,,,,,,,,,,,,,,,,,,,,,,,,,,,,,,,,,,,,,,,,,,,,,,,,,,,,,,,,,,,,,,,,,,,,,,,,,,,,,,,,,,,,,,,,,,,,,,,,,,,,,,,,,,,,,,,train
71,sit_up,stu8_56.mp4,4.0,22.0,110.0,110.0,178.0,178.0,263.0,263.0,345.0,,,,,,,,,,,,,,,,,,,,,,,,,,,,,,,,,,,,,,,,,,,,,,,,,,,,,,,,,,,,,,,,,,,,,,,,,,,,,,,,,,,,,,,,,,,,,,,,,,,,,,,,,,,,,,,,,,,,,,,,,,,,,,,,,,,,,,,,,,,,,,,,,,,,,,,,,,,,,,,,,,,,,,,,,,,,,,,,,,,,,,,,,,,,,,,,,train
72,push_up,stu10_51.mp4,54.0,8.0,33.0,33.0,57.0,57.0,81.0,81.0,105.0,105.0,129.0,129.0,154.0,154.0,176.0,176.0,199.0,199.0,223.0,223.0,247.0,248.0,270.0,270.0,294.0,295.0,318.0,318.0,340.0,340.0,362.0,362.0,387.0,388.0,411.0,411.0,435.0,435.0,459.0,459.0,484.0,484.0,507.0,507.0,531.0,531.0,554.0,554.0,577.0,577.0,602.0,602.0,626.0,626.0,649.0,649.0,673.0,674.0,696.0,696.0,721.0,721.0,745.0,745.0,770.0,770.0,793.0,793.0,817.0,817.0,841.0,841.0,867.0,867.0,893.0,982.0,1012.0,1012.0,1038.0,1038.0,1062.0,1062.0,1087.0,1087.0,1110.0,1212.0,1245.0,1245.0,1273.0,1273.0,1300.0,1300.0,1329.0,1329.0,1364.0,1364.0,1400.0,1520.0,1552.0,1552.0,1582.0,1582.0,1610.0,1610.0,1651.0,1651.0,1703.0,1703.0,1746.0,,,,,,,,,,,,,,,,,,,,,,,,,,,,,,,,,,,,,,,,,,,,,,,,,,,,,,,,,,,,,,,,,,,,,,,,,,,,,,,,,,,,,,,,,,,,,train
73,squat,stu8_69.mp4,19.0,13.0,80.0,80.0,179.0,179.0,240.0,240.0,294.0,294.0,362.0,362.0,414.0,414.0,480.0,480.0,537.0,537.0,593.0,593.0,649.0,649.0,701.0,701.0,766.0,766.0,829.0,829.0,884.0,884.0,948.0,948.0,1010.0,1010.0,1071.0,1071.0,1120.0,1120.0,1174.0,,,,,,,,,,,,,,,,,,,,,,,,,,,,,,,,,,,,,,,,,,,,,,,,,,,,,,,,,,,,,,,,,,,,,,,,,,,,,,,,,,,,,,,,,,,,,,,,,,,,,,,,,,,,,,,,,,,,,,,,,,,,,,,,,,,,,,,,,,,,,,,,,,,,,,,,,,,,,,,,,,,train
74,squat,stu7_63.mp4,12.0,286.0,374.0,375.0,477.0,481.0,578.0,581.0,696.0,700.0,804.0,807.0,899.0,902.0,990.0,993.0,1097.0,1099.0,1194.0,1195.0,1282.0,1283.0,1391.0,1391.0,1485.0,,,,,,,,,,,,,,,,,,,,,,,,,,,,,,,,,,,,,,,,,,,,,,,,,,,,,,,,,,,,,,,,,,,,,,,,,,,,,,,,,,,,,,,,,,,,,,,,,,,,,,,,,,,,,,,,,,,,,,,,,,,,,,,,,,,,,,,,,,,,,,,,,,,,,,,,,,,,,,,,,,,,,,,,,,,,,,,,,train
75,pull_up,stu9_35.mp4,5.0,0.0,87.0,87.0,181.0,484.0,529.0,530.0,579.0,580.0,628.0,,,,,,,,,,,,,,,,,,,,,,,,,,,,,,,,,,,,,,,,,,,,,,,,,,,,,,,,,,,,,,,,,,,,,,,,,,,,,,,,,,,,,,,,,,,,,,,,,,,,,,,,,,,,,,,,,,,,,,,,,,,,,,,,,,,,,,,,,,,,,,,,,,,,,,,,,,,,,,,,,,,,,,,,,,,,,,,,,,,,,,,,,,,,,,,train
76,push_up,stu8_44.mp4,22.0,805.0,849.0,849.0,882.0,882.0,920.0,920.0,953.0,953.0,987.0,987.0,1019.0,1019.0,1059.0,1059.0,1093.0,1093.0,1130.0,1130.0,1161.0,1161.0,1199.0,1199.0,1235.0,1235.0,1269.0,1269.0,1301.0,1301.0,1335.0,1335.0,1369.0,1369.0,1398.0,1398.0,1433.0,1433.0,1468.0,1468.0,1502.0,1566.0,1689.0,1689.0,1799.0,,,,,,,,,,,,,,,,,,,,,,,,,,,,,,,,,,,,,,,,,,,,,,,,,,,,,,,,,,,,,,,,,,,,,,,,,,,,,,,,,,,,,,,,,,,,,,,,,,,,,,,,,,,,,,,,,,,,,,,,,,,,,,,,,,,,,,,,,,,,,,,,,,,,,,,,,,,,,train
77,sit_up,train3319.mp4,1.0,0.0,164.0,,,,,,,,,,,,,,,,,,,,,,,,,,,,,,,,,,,,,,,,,,,,,,,,,,,,,,,,,,,,,,,,,,,,,,,,,,,,,,,,,,,,,,,,,,,,,,,,,,,,,,,,,,,,,,,,,,,,,,,,,,,,,,,,,,,,,,,,,,,,,,,,,,,,,,,,,,,,,,,,,,,,,,,,,,,,,,,,,,,,,,,,,,,,,,,,,,,,,,,train
78,bench_pressing,stu8_4.mp4,6.0,0.0,113.0,113.0,283.0,283.0,484.0,484.0,640.0,640.0,779.0,779.0,959.0,,,,,,,,,,,,,,,,,,,,,,,,,,,,,,,,,,,,,,,,,,,,,,,,,,,,,,,,,,,,,,,,,,,,,,,,,,,,,,,,,,,,,,,,,,,,,,,,,,,,,,,,,,,,,,,,,,,,,,,,,,,,,,,,,,,,,,,,,,,,,,,,,,,,,,,,,,,,,,,,,,,,,,,,,,,,,,,,,,,,,,,,,,,,,train
79,push_up,stu3_44.mp4,11.0,19.0,61.0,156.0,193.0,193.0,230.0,230.0,269.0,269.0,306.0,306.0,339.0,339.0,387.0,387.0,428.0,429.0,471.0,471.0,512.0,512.0,548.0,,,,,,,,,,,,,,,,,,,,,,,,,,,,,,,,,,,,,,,,,,,,,,,,,,,,,,,,,,,,,,,,,,,,,,,,,,,,,,,,,,,,,,,,,,,,,,,,,,,,,,,,,,,,,,,,,,,,,,,,,,,,,,,,,,,,,,,,,,,,,,,,,,,,,,,,,,,,,,,,,,,,,,,,,,,,,,,,,,,train
80,squat,stu7_64.mp4,11.0,17.0,84.0,155.0,223.0,224.0,269.0,269.0,303.0,303.0,344.0,687.0,751.0,752.0,803.0,803.0,842.0,843.0,880.0,881.0,921.0,921.0,1005.0,,,,,,,,,,,,,,,,,,,,,,,,,,,,,,,,,,,,,,,,,,,,,,,,,,,,,,,,,,,,,,,,,,,,,,,,,,,,,,,,,,,,,,,,,,,,,,,,,,,,,,,,,,,,,,,,,,,,,,,,,,,,,,,,,,,,,,,,,,,,,,,,,,,,,,,,,,,,,,,,,,,,,,,,,,,,,,,,,,,train
81,pull_up,train2568.mp4,3.0,10.0,84.0,88.0,144.0,150.0,212.0,,,,,,,,,,,,,,,,,,,,,,,,,,,,,,,,,,,,,,,,,,,,,,,,,,,,,,,,,,,,,,,,,,,,,,,,,,,,,,,,,,,,,,,,,,,,,,,,,,,,,,,,,,,,,,,,,,,,,,,,,,,,,,,,,,,,,,,,,,,,,,,,,,,,,,,,,,,,,,,,,,,,,,,,,,,,,,,,,,,,,,,,,,,,,,,,,,,train
82,sit_up,train3386.mp4,5.0,0.0,68.0,68.0,124.0,124.0,182.0,182.0,235.0,235.0,299.0,,,,,,,,,,,,,,,,,,,,,,,,,,,,,,,,,,,,,,,,,,,,,,,,,,,,,,,,,,,,,,,,,,,,,,,,,,,,,,,,,,,,,,,,,,,,,,,,,,,,,,,,,,,,,,,,,,,,,,,,,,,,,,,,,,,,,,,,,,,,,,,,,,,,,,,,,,,,,,,,,,,,,,,,,,,,,,,,,,,,,,,,,,,,,,,train
83,push_up,stu5_48.mp4,7.0,54.0,180.0,180.0,449.0,449.0,604.0,604.0,759.0,760.0,898.0,898.0,1039.0,1039.0,1318.0,,,,,,,,,,,,,,,,,,,,,,,,,,,,,,,,,,,,,,,,,,,,,,,,,,,,,,,,,,,,,,,,,,,,,,,,,,,,,,,,,,,,,,,,,,,,,,,,,,,,,,,,,,,,,,,,,,,,,,,,,,,,,,,,,,,,,,,,,,,,,,,,,,,,,,,,,,,,,,,,,,,,,,,,,,,,,,,,,,,,,,,,,,,train
84,pull_up,train2570.mp4,4.0,29.0,78.0,86.0,132.0,142.0,192.0,194.0,242.0,,,,,,,,,,,,,,,,,,,,,,,,,,,,,,,,,,,,,,,,,,,,,,,,,,,,,,,,,,,,,,,,,,,,,,,,,,,,,,,,,,,,,,,,,,,,,,,,,,,,,,,,,,,,,,,,,,,,,,,,,,,,,,,,,,,,,,,,,,,,,,,,,,,,,,,,,,,,,,,,,,,,,,,,,,,,,,,,,,,,,,,,,,,,,,,,,train
85,front_raise,test586.mp4,7.0,19.0,56.0,56.0,99.0,99.0,136.0,136.0,178.0,178.0,220.0,220.0,257.0,257.0,298.0,,,,,,,,,,,,,,,,,,,,,,,,,,,,,,,,,,,,,,,,,,,,,,,,,,,,,,,,,,,,,,,,,,,,,,,,,,,,,,,,,,,,,,,,,,,,,,,,,,,,,,,,,,,,,,,,,,,,,,,,,,,,,,,,,,,,,,,,,,,,,,,,,,,,,,,,,,,,,,,,,,,,,,,,,,,,,,,,,,,,,,,,,,,train
86,pull_up,stu2_38.mp4,8.0,136.0,213.0,213.0,295.0,295.0,379.0,379.0,460.0,460.0,536.0,536.0,622.0,622.0,709.0,709.0,807.0,,,,,,,,,,,,,,,,,,,,,,,,,,,,,,,,,,,,,,,,,,,,,,,,,,,,,,,,,,,,,,,,,,,,,,,,,,,,,,,,,,,,,,,,,,,,,,,,,,,,,,,,,,,,,,,,,,,,,,,,,,,,,,,,,,,,,,,,,,,,,,,,,,,,,,,,,,,,,,,,,,,,,,,,,,,,,,,,,,,,,,,,,train
87,sit_up,stu5_56.mp4,29.0,331.0,377.0,377.0,426.0,426.0,473.0,473.0,515.0,515.0,554.0,555.0,591.0,592.0,625.0,625.0,666.0,666.0,708.0,709.0,750.0,750.0,789.0,789.0,830.0,830.0,874.0,874.0,914.0,914.0,954.0,955.0,996.0,996.0,1041.0,1041.0,1082.0,1082.0,1128.0,1130.0,1172.0,1172.0,1216.0,1216.0,1260.0,1260.0,1306.0,1306.0,1352.0,1352.0,1394.0,1394.0,1436.0,1437.0,1480.0,1480.0,1524.0,1524.0,1559.0,,,,,,,,,,,,,,,,,,,,,,,,,,,,,,,,,,,,,,,,,,,,,,,,,,,,,,,,,,,,,,,,,,,,,,,,,,,,,,,,,,,,,,,,,,,,,,,,,,,,,,,,,,,,,,,,,,,,,,,,,,,,,,,,,,,,,,,,,,,,,,,train
88,squat,train3948.mp4,2.0,5.0,129.0,129.0,299.0,,,,,,,,,,,,,,,,,,,,,,,,,,,,,,,,,,,,,,,,,,,,,,,,,,,,,,,,,,,,,,,,,,,,,,,,,,,,,,,,,,,,,,,,,,,,,,,,,,,,,,,,,,,,,,,,,,,,,,,,,,,,,,,,,,,,,,,,,,,,,,,,,,,,,,,,,,,,,,,,,,,,,,,,,,,,,,,,,,,,,,,,,,,,,,,,,,,,,train
89,pull_up,stu5_30.mp4,4.0,19.0,103.0,103.0,249.0,249.0,426.0,426.0,706.0,,,,,,,,,,,,,,,,,,,,,,,,,,,,,,,,,,,,,,,,,,,,,,,,,,,,,,,,,,,,,,,,,,,,,,,,,,,,,,,,,,,,,,,,,,,,,,,,,,,,,,,,,,,,,,,,,,,,,,,,,,,,,,,,,,,,,,,,,,,,,,,,,,,,,,,,,,,,,,,,,,,,,,,,,,,,,,,,,,,,,,,,,,,,,,,,,train
90,sit_up,stu9_58.mp4,16.0,4.0,55.0,55.0,97.0,97.0,155.0,155.0,207.0,207.0,253.0,253.0,303.0,304.0,352.0,352.0,398.0,398.0,453.0,453.0,498.0,498.0,541.0,541.0,580.0,580.0,624.0,624.0,663.0,663.0,727.0,727.0,764.0,,,,,,,,,,,,,,,,,,,,,,,,,,,,,,,,,,,,,,,,,,,,,,,,,,,,,,,,,,,,,,,,,,,,,,,,,,,,,,,,,,,,,,,,,,,,,,,,,,,,,,,,,,,,,,,,,,,,,,,,,,,,,,,,,,,,,,,,,,,,,,,,,,,,,,,,,,,,,,,,,,,,,,,,,train
91,front_raise,stu1_20.mp4,3.0,36.0,105.0,105.0,186.0,186.0,265.0,,,,,,,,,,,,,,,,,,,,,,,,,,,,,,,,,,,,,,,,,,,,,,,,,,,,,,,,,,,,,,,,,,,,,,,,,,,,,,,,,,,,,,,,,,,,,,,,,,,,,,,,,,,,,,,,,,,,,,,,,,,,,,,,,,,,,,,,,,,,,,,,,,,,,,,,,,,,,,,,,,,,,,,,,,,,,,,,,,,,,,,,,,,,,,,,,,,train
92,sit_up,train3366.mp4,2.0,0.0,97.0,97.0,185.0,,,,,,,,,,,,,,,,,,,,,,,,,,,,,,,,,,,,,,,,,,,,,,,,,,,,,,,,,,,,,,,,,,,,,,,,,,,,,,,,,,,,,,,,,,,,,,,,,,,,,,,,,,,,,,,,,,,,,,,,,,,,,,,,,,,,,,,,,,,,,,,,,,,,,,,,,,,,,,,,,,,,,,,,,,,,,,,,,,,,,,,,,,,,,,,,,,,,,train
93,pull_up,train2501.mp4,2.0,11.0,119.0,119.0,238.0,,,,,,,,,,,,,,,,,,,,,,,,,,,,,,,,,,,,,,,,,,,,,,,,,,,,,,,,,,,,,,,,,,,,,,,,,,,,,,,,,,,,,,,,,,,,,,,,,,,,,,,,,,,,,,,,,,,,,,,,,,,,,,,,,,,,,,,,,,,,,,,,,,,,,,,,,,,,,,,,,,,,,,,,,,,,,,,,,,,,,,,,,,,,,,,,,,,,,train
94,sit_up,stu1_55.mp4,5.0,762.0,806.0,806.0,871.0,871.0,967.0,967.0,1120.0,1120.0,1188.0,,,,,,,,,,,,,,,,,,,,,,,,,,,,,,,,,,,,,,,,,,,,,,,,,,,,,,,,,,,,,,,,,,,,,,,,,,,,,,,,,,,,,,,,,,,,,,,,,,,,,,,,,,,,,,,,,,,,,,,,,,,,,,,,,,,,,,,,,,,,,,,,,,,,,,,,,,,,,,,,,,,,,,,,,,,,,,,,,,,,,,,,,,,,,,,train
95,front_raise,stu3_9.mp4,12.0,24.0,84.0,84.0,145.0,145.0,210.0,210.0,278.0,278.0,350.0,350.0,422.0,422.0,492.0,492.0,562.0,562.0,630.0,630.0,708.0,708.0,784.0,784.0,854.0,,,,,,,,,,,,,,,,,,,,,,,,,,,,,,,,,,,,,,,,,,,,,,,,,,,,,,,,,,,,,,,,,,,,,,,,,,,,,,,,,,,,,,,,,,,,,,,,,,,,,,,,,,,,,,,,,,,,,,,,,,,,,,,,,,,,,,,,,,,,,,,,,,,,,,,,,,,,,,,,,,,,,,,,,,,,,,,,,train
96,bench_pressing,stu8_5.mp4,47.0,118.0,138.0,138.0,158.0,158.0,176.0,176.0,193.0,193.0,214.0,214.0,232.0,232.0,254.0,254.0,275.0,275.0,292.0,292.0,311.0,311.0,332.0,332.0,350.0,350.0,368.0,368.0,388.0,388.0,405.0,405.0,424.0,424.0,445.0,445.0,462.0,462.0,481.0,481.0,500.0,500.0,520.0,520.0,539.0,539.0,558.0,558.0,576.0,576.0,594.0,594.0,615.0,615.0,636.0,636.0,653.0,653.0,672.0,672.0,691.0,691.0,712.0,712.0,733.0,733.0,753.0,753.0,774.0,774.0,797.0,797.0,816.0,816.0,839.0,839.0,860.0,860.0,882.0,882.0,905.0,905.0,929.0,929.0,954.0,1052.0,1080.0,1080.0,1152.0,1152.0,1213.0,1213.0,1266.0,1266.0,1340.0,,,,,,,,,,,,,,,,,,,,,,,,,,,,,,,,,,,,,,,,,,,,,,,,,,,,,,,,,,,,,,,,,,,,,,,,,,,,,,,,,,,,,,,,,,,,,,,,,,,,,,,,,,,train
97,squat,stu4_61.mp4,10.0,493.0,670.0,731.0,815.0,823.0,910.0,922.0,1003.0,1018.0,1085.0,1086.0,1153.0,1156.0,1228.0,1246.0,1326.0,1331.0,1407.0,1418.0,1494.0,,,,,,,,,,,,,,,,,,,,,,,,,,,,,,,,,,,,,,,,,,,,,,,,,,,,,,,,,,,,,,,,,,,,,,,,,,,,,,,,,,,,,,,,,,,,,,,,,,,,,,,,,,,,,,,,,,,,,,,,,,,,,,,,,,,,,,,,,,,,,,,,,,,,,,,,,,,,,,,,,,,,,,,,,,,,,,,,,,,,,train
98,pull_up,stu6_28.mp4,13.0,18.0,86.0,109.0,178.0,205.0,278.0,349.0,439.0,557.0,626.0,715.0,807.0,840.0,896.0,933.0,986.0,1010.0,1050.0,1064.0,1168.0,1187.0,1253.0,1284.0,1350.0,1374.0,1421.0,,,,,,,,,,,,,,,,,,,,,,,,,,,,,,,,,,,,,,,,,,,,,,,,,,,,,,,,,,,,,,,,,,,,,,,,,,,,,,,,,,,,,,,,,,,,,,,,,,,,,,,,,,,,,,,,,,,,,,,,,,,,,,,,,,,,,,,,,,,,,,,,,,,,,,,,,,,,,,,,,,,,,,,,,,,,,,,train
99,pull_up,val819.mp4,6.0,12.0,60.0,60.0,98.0,99.0,152.0,153.0,195.0,196.0,238.0,239.0,292.0,,,,,,,,,,,,,,,,,,,,,,,,,,,,,,,,,,,,,,,,,,,,,,,,,,,,,,,,,,,,,,,,,,,,,,,,,,,,,,,,,,,,,,,,,,,,,,,,,,,,,,,,,,,,,,,,,,,,,,,,,,,,,,,,,,,,,,,,,,,,,,,,,,,,,,,,,,,,,,,,,,,,,,,,,,,,,,,,,,,,,,,,,,,,,train
100,sit_up,stu5_50.mp4,1.0,661.0,832.0,,,,,,,,,,,,,,,,,,,,,,,,,,,,,,,,,,,,,,,,,,,,,,,,,,,,,,,,,,,,,,,,,,,,,,,,,,,,,,,,,,,,,,,,,,,,,,,,,,,,,,,,,,,,,,,,,,,,,,,,,,,,,,,,,,,,,,,,,,,,,,,,,,,,,,,,,,,,,,,,,,,,,,,,,,,,,,,,,,,,,,,,,,,,,,,,,,,,,,,train
101,jump_jacks,stu2_28.mp4,31.0,40.0,62.0,62.0,83.0,83.0,106.0,106.0,128.0,128.0,152.0,152.0,172.0,172.0,195.0,195.0,217.0,217.0,240.0,240.0,262.0,262.0,284.0,284.0,306.0,306.0,329.0,329.0,351.0,351.0,373.0,373.0,395.0,395.0,417.0,417.0,439.0,439.0,462.0,462.0,483.0,483.0,504.0,504.0,528.0,528.0,549.0,549.0,572.0,572.0,591.0,591.0,615.0,615.0,637.0,637.0,660.0,660.0,681.0,681.0,703.0,703.0,728.0,,,,,,,,,,,,,,,,,,,,,,,,,,,,,,,,,,,,,,,,,,,,,,,,,,,,,,,,,,,,,,,,,,,,,,,,,,,,,,,,,,,,,,,,,,,,,,,,,,,,,,,,,,,,,,,,,,,,,,,,,,,,,,,,,,,,,,,,,,,train
103,bench_pressing,stu1_9.mp4,10.0,245.0,342.0,342.0,462.0,640.0,726.0,726.0,823.0,823.0,906.0,906.0,980.0,980.0,1056.0,1056.0,1149.0,1149.0,1284.0,1284.0,1392.0,,,,,,,,,,,,,,,,,,,,,,,,,,,,,,,,,,,,,,,,,,,,,,,,,,,,,,,,,,,,,,,,,,,,,,,,,,,,,,,,,,,,,,,,,,,,,,,,,,,,,,,,,,,,,,,,,,,,,,,,,,,,,,,,,,,,,,,,,,,,,,,,,,,,,,,,,,,,,,,,,,,,,,,,,,,,,,,,,,,,,train
104,squat,stu8_59.mp4,10.0,352.0,498.0,498.0,597.0,597.0,654.0,654.0,711.0,711.0,773.0,773.0,826.0,826.0,878.0,878.0,941.0,941.0,1000.0,1000.0,1063.0,,,,,,,,,,,,,,,,,,,,,,,,,,,,,,,,,,,,,,,,,,,,,,,,,,,,,,,,,,,,,,,,,,,,,,,,,,,,,,,,,,,,,,,,,,,,,,,,,,,,,,,,,,,,,,,,,,,,,,,,,,,,,,,,,,,,,,,,,,,,,,,,,,,,,,,,,,,,,,,,,,,,,,,,,,,,,,,,,,,,,train
105,pull_up,stu1_32.mp4,8.0,76.0,120.0,120.0,170.0,170.0,218.0,218.0,272.0,272.0,323.0,323.0,376.0,376.0,420.0,420.0,489.0,,,,,,,,,,,,,,,,,,,,,,,,,,,,,,,,,,,,,,,,,,,,,,,,,,,,,,,,,,,,,,,,,,,,,,,,,,,,,,,,,,,,,,,,,,,,,,,,,,,,,,,,,,,,,,,,,,,,,,,,,,,,,,,,,,,,,,,,,,,,,,,,,,,,,,,,,,,,,,,,,,,,,,,,,,,,,,,,,,,,,,,,,train
106,bench_pressing,stu7_14.mp4,29.0,2.0,29.0,32.0,66.0,67.0,98.0,99.0,135.0,135.0,175.0,175.0,208.0,209.0,247.0,248.0,284.0,286.0,321.0,321.0,360.0,361.0,393.0,395.0,437.0,438.0,477.0,478.0,515.0,516.0,554.0,556.0,592.0,594.0,628.0,628.0,668.0,669.0,712.0,713.0,750.0,751.0,795.0,797.0,838.0,839.0,884.0,884.0,935.0,937.0,990.0,992.0,1042.0,1043.0,1111.0,1113.0,1266.0,1266.0,1368.0,,,,,,,,,,,,,,,,,,,,,,,,,,,,,,,,,,,,,,,,,,,,,,,,,,,,,,,,,,,,,,,,,,,,,,,,,,,,,,,,,,,,,,,,,,,,,,,,,,,,,,,,,,,,,,,,,,,,,,,,,,,,,,,,,,,,,,,,,,,,,,,train
107,pull_up,stu1_35.mp4,35.0,30.0,55.0,55.0,82.0,82.0,112.0,112.0,139.0,139.0,165.0,165.0,186.0,186.0,212.0,212.0,235.0,235.0,268.0,268.0,290.0,290.0,317.0,317.0,346.0,346.0,372.0,372.0,405.0,405.0,429.0,429.0,457.0,457.0,487.0,487.0,521.0,521.0,549.0,549.0,582.0,582.0,614.0,614.0,646.0,646.0,685.0,685.0,715.0,715.0,749.0,749.0,789.0,789.0,829.0,829.0,873.0,873.0,915.0,915.0,981.0,1032.0,1080.0,1150.0,1207.0,1295.0,1355.0,1441.0,1501.0,1667.0,1757.0,,,,,,,,,,,,,,,,,,,,,,,,,,,,,,,,,,,,,,,,,,,,,,,,,,,,,,,,,,,,,,,,,,,,,,,,,,,,,,,,,,,,,,,,,,,,,,,,,,,,,,,,,,,,,,,,,,,,,,,,,,,,,,,,,,,train
108,battle_rope,stu1_0.mp4,4.0,3.0,62.0,62.0,117.0,117.0,175.0,175.0,230.0,,,,,,,,,,,,,,,,,,,,,,,,,,,,,,,,,,,,,,,,,,,,,,,,,,,,,,,,,,,,,,,,,,,,,,,,,,,,,,,,,,,,,,,,,,,,,,,,,,,,,,,,,,,,,,,,,,,,,,,,,,,,,,,,,,,,,,,,,,,,,,,,,,,,,,,,,,,,,,,,,,,,,,,,,,,,,,,,,,,,,,,,,,,,,,,,,train
109,squat,stu6_58.mp4,5.0,1.0,59.0,59.0,123.0,124.0,182.0,197.0,262.0,263.0,316.0,,,,,,,,,,,,,,,,,,,,,,,,,,,,,,,,,,,,,,,,,,,,,,,,,,,,,,,,,,,,,,,,,,,,,,,,,,,,,,,,,,,,,,,,,,,,,,,,,,,,,,,,,,,,,,,,,,,,,,,,,,,,,,,,,,,,,,,,,,,,,,,,,,,,,,,,,,,,,,,,,,,,,,,,,,,,,,,,,,,,,,,,,,,,,,,train
110,jump_jacks,stu3_29.mp4,28.0,157.0,190.0,190.0,224.0,224.0,257.0,257.0,288.0,288.0,321.0,321.0,379.0,379.0,431.0,431.0,464.0,464.0,496.0,496.0,528.0,528.0,563.0,563.0,593.0,594.0,623.0,624.0,665.0,665.0,706.0,706.0,746.0,815.0,862.0,862.0,915.0,915.0,965.0,965.0,1016.0,1016.0,1068.0,1116.0,1177.0,1177.0,1243.0,1243.0,1308.0,1308.0,1373.0,1373.0,1438.0,1438.0,1499.0,1518.0,1552.0,,,,,,,,,,,,,,,,,,,,,,,,,,,,,,,,,,,,,,,,,,,,,,,,,,,,,,,,,,,,,,,,,,,,,,,,,,,,,,,,,,,,,,,,,,,,,,,,,,,,,,,,,,,,,,,,,,,,,,,,,,,,,,,,,,,,,,,,,,,,,,,,,train
111,sit_up,stu2_63.mp4,11.0,56.0,111.0,111.0,181.0,181.0,253.0,254.0,328.0,328.0,389.0,390.0,451.0,451.0,514.0,515.0,589.0,590.0,655.0,655.0,719.0,719.0,792.0,,,,,,,,,,,,,,,,,,,,,,,,,,,,,,,,,,,,,,,,,,,,,,,,,,,,,,,,,,,,,,,,,,,,,,,,,,,,,,,,,,,,,,,,,,,,,,,,,,,,,,,,,,,,,,,,,,,,,,,,,,,,,,,,,,,,,,,,,,,,,,,,,,,,,,,,,,,,,,,,,,,,,,,,,,,,,,,,,,,train
112,pull_up,stu3_38.mp4,9.0,10.0,87.0,87.0,161.0,161.0,237.0,237.0,328.0,329.0,427.0,427.0,570.0,570.0,673.0,673.0,862.0,862.0,1087.0,,,,,,,,,,,,,,,,,,,,,,,,,,,,,,,,,,,,,,,,,,,,,,,,,,,,,,,,,,,,,,,,,,,,,,,,,,,,,,,,,,,,,,,,,,,,,,,,,,,,,,,,,,,,,,,,,,,,,,,,,,,,,,,,,,,,,,,,,,,,,,,,,,,,,,,,,,,,,,,,,,,,,,,,,,,,,,,,,,,,,,,train
113,push_up,stu8_40.mp4,4.0,210.0,374.0,375.0,512.0,512.0,593.0,593.0,683.0,,,,,,,,,,,,,,,,,,,,,,,,,,,,,,,,,,,,,,,,,,,,,,,,,,,,,,,,,,,,,,,,,,,,,,,,,,,,,,,,,,,,,,,,,,,,,,,,,,,,,,,,,,,,,,,,,,,,,,,,,,,,,,,,,,,,,,,,,,,,,,,,,,,,,,,,,,,,,,,,,,,,,,,,,,,,,,,,,,,,,,,,,,,,,,,,,train
114,jump_jacks,stu5_20.mp4,5.0,179.0,262.0,262.0,345.0,345.0,429.0,429.0,513.0,513.0,602.0,,,,,,,,,,,,,,,,,,,,,,,,,,,,,,,,,,,,,,,,,,,,,,,,,,,,,,,,,,,,,,,,,,,,,,,,,,,,,,,,,,,,,,,,,,,,,,,,,,,,,,,,,,,,,,,,,,,,,,,,,,,,,,,,,,,,,,,,,,,,,,,,,,,,,,,,,,,,,,,,,,,,,,,,,,,,,,,,,,,,,,,,,,,,,,,train
115,bench_pressing,train156.mp4,3.0,6.0,87.0,87.0,165.0,165.0,244.0,,,,,,,,,,,,,,,,,,,,,,,,,,,,,,,,,,,,,,,,,,,,,,,,,,,,,,,,,,,,,,,,,,,,,,,,,,,,,,,,,,,,,,,,,,,,,,,,,,,,,,,,,,,,,,,,,,,,,,,,,,,,,,,,,,,,,,,,,,,,,,,,,,,,,,,,,,,,,,,,,,,,,,,,,,,,,,,,,,,,,,,,,,,,,,,,,,,train
116,jump_jacks,stu4_21.mp4,2.0,61.0,87.0,87.0,110.0,,,,,,,,,,,,,,,,,,,,,,,,,,,,,,,,,,,,,,,,,,,,,,,,,,,,,,,,,,,,,,,,,,,,,,,,,,,,,,,,,,,,,,,,,,,,,,,,,,,,,,,,,,,,,,,,,,,,,,,,,,,,,,,,,,,,,,,,,,,,,,,,,,,,,,,,,,,,,,,,,,,,,,,,,,,,,,,,,,,,,,,,,,,,,,,,,,,,,train
117,push_up,train2692.mp4,2.0,6.0,129.0,135.0,281.0,,,,,,,,,,,,,,,,,,,,,,,,,,,,,,,,,,,,,,,,,,,,,,,,,,,,,,,,,,,,,,,,,,,,,,,,,,,,,,,,,,,,,,,,,,,,,,,,,,,,,,,,,,,,,,,,,,,,,,,,,,,,,,,,,,,,,,,,,,,,,,,,,,,,,,,,,,,,,,,,,,,,,,,,,,,,,,,,,,,,,,,,,,,,,,,,,,,,,train
118,push_up,stu10_49.mp4,21.0,20.0,45.0,45.0,72.0,72.0,108.0,177.0,207.0,207.0,236.0,236.0,281.0,370.0,404.0,404.0,437.0,437.0,485.0,579.0,620.0,621.0,666.0,666.0,708.0,788.0,815.0,815.0,854.0,854.0,904.0,983.0,1033.0,1033.0,1085.0,1085.0,1135.0,1217.0,1257.0,1257.0,1303.0,1303.0,1351.0,,,,,,,,,,,,,,,,,,,,,,,,,,,,,,,,,,,,,,,,,,,,,,,,,,,,,,,,,,,,,,,,,,,,,,,,,,,,,,,,,,,,,,,,,,,,,,,,,,,,,,,,,,,,,,,,,,,,,,,,,,,,,,,,,,,,,,,,,,,,,,,,,,,,,,,,,,,,,,,train
119,front_raise,stu6_6.mp4,9.0,5.0,309.0,309.0,455.0,455.0,562.0,563.0,663.0,663.0,770.0,772.0,867.0,867.0,977.0,977.0,1102.0,1107.0,1204.0,,,,,,,,,,,,,,,,,,,,,,,,,,,,,,,,,,,,,,,,,,,,,,,,,,,,,,,,,,,,,,,,,,,,,,,,,,,,,,,,,,,,,,,,,,,,,,,,,,,,,,,,,,,,,,,,,,,,,,,,,,,,,,,,,,,,,,,,,,,,,,,,,,,,,,,,,,,,,,,,,,,,,,,,,,,,,,,,,,,,,,,train
120,bench_pressing,stu1_11.mp4,12.0,76.0,134.0,134.0,192.0,192.0,240.0,240.0,296.0,296.0,347.0,347.0,405.0,405.0,459.0,459.0,509.0,509.0,563.0,563.0,618.0,618.0,674.0,674.0,742.0,,,,,,,,,,,,,,,,,,,,,,,,,,,,,,,,,,,,,,,,,,,,,,,,,,,,,,,,,,,,,,,,,,,,,,,,,,,,,,,,,,,,,,,,,,,,,,,,,,,,,,,,,,,,,,,,,,,,,,,,,,,,,,,,,,,,,,,,,,,,,,,,,,,,,,,,,,,,,,,,,,,,,,,,,,,,,,,,,train
121,squat,stu10_65.mp4,4.0,63.0,151.0,292.0,383.0,420.0,523.0,552.0,664.0,,,,,,,,,,,,,,,,,,,,,,,,,,,,,,,,,,,,,,,,,,,,,,,,,,,,,,,,,,,,,,,,,,,,,,,,,,,,,,,,,,,,,,,,,,,,,,,,,,,,,,,,,,,,,,,,,,,,,,,,,,,,,,,,,,,,,,,,,,,,,,,,,,,,,,,,,,,,,,,,,,,,,,,,,,,,,,,,,,,,,,,,,,,,,,,,,train
122,pull_up,stu7_40.mp4,15.0,111.0,174.0,175.0,218.0,220.0,261.0,262.0,303.0,304.0,346.0,757.0,809.0,810.0,851.0,851.0,889.0,890.0,928.0,929.0,968.0,969.0,1008.0,1009.0,1050.0,1052.0,1093.0,1136.0,1181.0,1183.0,1224.0,,,,,,,,,,,,,,,,,,,,,,,,,,,,,,,,,,,,,,,,,,,,,,,,,,,,,,,,,,,,,,,,,,,,,,,,,,,,,,,,,,,,,,,,,,,,,,,,,,,,,,,,,,,,,,,,,,,,,,,,,,,,,,,,,,,,,,,,,,,,,,,,,,,,,,,,,,,,,,,,,,,,,,,,,,,train
123,squat,stu1_72.mp4,21.0,22.0,83.0,83.0,158.0,158.0,248.0,248.0,331.0,331.0,391.0,391.0,465.0,465.0,532.0,532.0,596.0,596.0,654.0,654.0,723.0,723.0,783.0,783.0,849.0,849.0,913.0,913.0,987.0,987.0,1030.0,1030.0,1094.0,1094.0,1156.0,1156.0,1209.0,1209.0,1267.0,1267.0,1321.0,1321.0,1389.0,,,,,,,,,,,,,,,,,,,,,,,,,,,,,,,,,,,,,,,,,,,,,,,,,,,,,,,,,,,,,,,,,,,,,,,,,,,,,,,,,,,,,,,,,,,,,,,,,,,,,,,,,,,,,,,,,,,,,,,,,,,,,,,,,,,,,,,,,,,,,,,,,,,,,,,,,,,,,,,train
124,squat,stu6_70.mp4,26.0,107.0,172.0,173.0,212.0,214.0,251.0,251.0,288.0,289.0,328.0,330.0,369.0,370.0,408.0,408.0,452.0,453.0,489.0,489.0,524.0,525.0,569.0,570.0,609.0,610.0,645.0,646.0,684.0,685.0,724.0,726.0,768.0,769.0,802.0,804.0,843.0,845.0,881.0,882.0,921.0,923.0,962.0,965.0,1006.0,1010.0,1043.0,1046.0,1082.0,1085.0,1125.0,1129.0,1162.0,,,,,,,,,,,,,,,,,,,,,,,,,,,,,,,,,,,,,,,,,,,,,,,,,,,,,,,,,,,,,,,,,,,,,,,,,,,,,,,,,,,,,,,,,,,,,,,,,,,,,,,,,,,,,,,,,,,,,,,,,,,,,,,,,,,,,,,,,,,,,,,,,,,,,train
125,sit_up,stu1_54.mp4,7.0,36.0,93.0,93.0,150.0,150.0,214.0,214.0,292.0,399.0,492.0,930.0,1046.0,1046.0,1152.0,,,,,,,,,,,,,,,,,,,,,,,,,,,,,,,,,,,,,,,,,,,,,,,,,,,,,,,,,,,,,,,,,,,,,,,,,,,,,,,,,,,,,,,,,,,,,,,,,,,,,,,,,,,,,,,,,,,,,,,,,,,,,,,,,,,,,,,,,,,,,,,,,,,,,,,,,,,,,,,,,,,,,,,,,,,,,,,,,,,,,,,,,,,train
126,pull_up,stu2_43.mp4,21.0,68.0,125.0,126.0,165.0,165.0,216.0,216.0,265.0,266.0,310.0,310.0,356.0,357.0,409.0,590.0,638.0,638.0,689.0,689.0,739.0,739.0,784.0,784.0,837.0,837.0,887.0,887.0,938.0,938.0,989.0,989.0,1041.0,1189.0,1234.0,1235.0,1295.0,1296.0,1340.0,1340.0,1383.0,1383.0,1438.0,,,,,,,,,,,,,,,,,,,,,,,,,,,,,,,,,,,,,,,,,,,,,,,,,,,,,,,,,,,,,,,,,,,,,,,,,,,,,,,,,,,,,,,,,,,,,,,,,,,,,,,,,,,,,,,,,,,,,,,,,,,,,,,,,,,,,,,,,,,,,,,,,,,,,,,,,,,,,,,train
127,sit_up,stu4_57.mp4,31.0,84.0,136.0,137.0,187.0,187.0,240.0,245.0,292.0,292.0,342.0,342.0,392.0,392.0,439.0,439.0,488.0,489.0,542.0,542.0,594.0,594.0,654.0,654.0,734.0,734.0,785.0,785.0,832.0,834.0,869.0,872.0,914.0,918.0,955.0,958.0,995.0,1000.0,1039.0,1040.0,1079.0,1082.0,1125.0,1126.0,1164.0,1243.0,1288.0,1288.0,1324.0,1326.0,1360.0,1363.0,1399.0,1400.0,1437.0,1438.0,1479.0,1481.0,1523.0,1524.0,1569.0,1571.0,1608.0,,,,,,,,,,,,,,,,,,,,,,,,,,,,,,,,,,,,,,,,,,,,,,,,,,,,,,,,,,,,,,,,,,,,,,,,,,,,,,,,,,,,,,,,,,,,,,,,,,,,,,,,,,,,,,,,,,,,,,,,,,,,,,,,,,,,,,,,,,,train
128,jump_jacks,stu9_28.mp4,4.0,36.0,91.0,92.0,127.0,127.0,163.0,164.0,201.0,,,,,,,,,,,,,,,,,,,,,,,,,,,,,,,,,,,,,,,,,,,,,,,,,,,,,,,,,,,,,,,,,,,,,,,,,,,,,,,,,,,,,,,,,,,,,,,,,,,,,,,,,,,,,,,,,,,,,,,,,,,,,,,,,,,,,,,,,,,,,,,,,,,,,,,,,,,,,,,,,,,,,,,,,,,,,,,,,,,,,,,,,,,,,,,,,train
129,front_raise,stu7_21.mp4,7.0,39.0,129.0,129.0,213.0,215.0,314.0,316.0,406.0,407.0,504.0,551.0,606.0,608.0,672.0,,,,,,,,,,,,,,,,,,,,,,,,,,,,,,,,,,,,,,,,,,,,,,,,,,,,,,,,,,,,,,,,,,,,,,,,,,,,,,,,,,,,,,,,,,,,,,,,,,,,,,,,,,,,,,,,,,,,,,,,,,,,,,,,,,,,,,,,,,,,,,,,,,,,,,,,,,,,,,,,,,,,,,,,,,,,,,,,,,,,,,,,,,,train
130,push_up,stu8_41.mp4,22.0,49.0,92.0,92.0,128.0,128.0,163.0,163.0,192.0,192.0,220.0,220.0,249.0,249.0,283.0,283.0,313.0,313.0,345.0,345.0,375.0,376.0,404.0,404.0,433.0,433.0,463.0,463.0,492.0,492.0,517.0,517.0,547.0,547.0,574.0,574.0,602.0,602.0,629.0,629.0,660.0,808.0,911.0,911.0,1091.0,,,,,,,,,,,,,,,,,,,,,,,,,,,,,,,,,,,,,,,,,,,,,,,,,,,,,,,,,,,,,,,,,,,,,,,,,,,,,,,,,,,,,,,,,,,,,,,,,,,,,,,,,,,,,,,,,,,,,,,,,,,,,,,,,,,,,,,,,,,,,,,,,,,,,,,,,,,,,train
131,pull_up,stu4_34.mp4,17.0,97.0,135.0,135.0,174.0,174.0,211.0,211.0,252.0,253.0,289.0,290.0,328.0,328.0,365.0,365.0,407.0,407.0,443.0,774.0,824.0,864.0,933.0,933.0,992.0,1020.0,1092.0,1095.0,1177.0,1359.0,1442.0,1493.0,1570.0,1599.0,1694.0,,,,,,,,,,,,,,,,,,,,,,,,,,,,,,,,,,,,,,,,,,,,,,,,,,,,,,,,,,,,,,,,,,,,,,,,,,,,,,,,,,,,,,,,,,,,,,,,,,,,,,,,,,,,,,,,,,,,,,,,,,,,,,,,,,,,,,,,,,,,,,,,,,,,,,,,,,,,,,,,,,,,,,,train
132,front_raise,stu10_23.mp4,9.0,39.0,87.0,87.0,138.0,138.0,188.0,188.0,237.0,365.0,441.0,441.0,489.0,489.0,536.0,536.0,578.0,578.0,615.0,,,,,,,,,,,,,,,,,,,,,,,,,,,,,,,,,,,,,,,,,,,,,,,,,,,,,,,,,,,,,,,,,,,,,,,,,,,,,,,,,,,,,,,,,,,,,,,,,,,,,,,,,,,,,,,,,,,,,,,,,,,,,,,,,,,,,,,,,,,,,,,,,,,,,,,,,,,,,,,,,,,,,,,,,,,,,,,,,,,,,,,train
133,sit_up,stu10_58.mp4,5.0,29.0,170.0,170.0,255.0,256.0,352.0,352.0,443.0,443.0,527.0,,,,,,,,,,,,,,,,,,,,,,,,,,,,,,,,,,,,,,,,,,,,,,,,,,,,,,,,,,,,,,,,,,,,,,,,,,,,,,,,,,,,,,,,,,,,,,,,,,,,,,,,,,,,,,,,,,,,,,,,,,,,,,,,,,,,,,,,,,,,,,,,,,,,,,,,,,,,,,,,,,,,,,,,,,,,,,,,,,,,,,,,,,,,,,,train
134,bench_pressing,stu1_4.mp4,3.0,29.0,151.0,151.0,263.0,263.0,352.0,,,,,,,,,,,,,,,,,,,,,,,,,,,,,,,,,,,,,,,,,,,,,,,,,,,,,,,,,,,,,,,,,,,,,,,,,,,,,,,,,,,,,,,,,,,,,,,,,,,,,,,,,,,,,,,,,,,,,,,,,,,,,,,,,,,,,,,,,,,,,,,,,,,,,,,,,,,,,,,,,,,,,,,,,,,,,,,,,,,,,,,,,,,,,,,,,,,train
135,push_up,val912.mp4,1.0,0.0,118.0,,,,,,,,,,,,,,,,,,,,,,,,,,,,,,,,,,,,,,,,,,,,,,,,,,,,,,,,,,,,,,,,,,,,,,,,,,,,,,,,,,,,,,,,,,,,,,,,,,,,,,,,,,,,,,,,,,,,,,,,,,,,,,,,,,,,,,,,,,,,,,,,,,,,,,,,,,,,,,,,,,,,,,,,,,,,,,,,,,,,,,,,,,,,,,,,,,,,,,,train
136,push_up,stu6_38.mp4,16.0,93.0,138.0,138.0,170.0,170.0,194.0,196.0,223.0,225.0,258.0,259.0,288.0,292.0,319.0,321.0,351.0,354.0,386.0,388.0,422.0,528.0,580.0,581.0,644.0,646.0,701.0,795.0,849.0,855.0,901.0,905.0,962.0,,,,,,,,,,,,,,,,,,,,,,,,,,,,,,,,,,,,,,,,,,,,,,,,,,,,,,,,,,,,,,,,,,,,,,,,,,,,,,,,,,,,,,,,,,,,,,,,,,,,,,,,,,,,,,,,,,,,,,,,,,,,,,,,,,,,,,,,,,,,,,,,,,,,,,,,,,,,,,,,,,,,,,,,,train
137,sit_up,stu1_66.mp4,6.0,327.0,411.0,411.0,535.0,535.0,675.0,675.0,814.0,814.0,1017.0,1017.0,1188.0,,,,,,,,,,,,,,,,,,,,,,,,,,,,,,,,,,,,,,,,,,,,,,,,,,,,,,,,,,,,,,,,,,,,,,,,,,,,,,,,,,,,,,,,,,,,,,,,,,,,,,,,,,,,,,,,,,,,,,,,,,,,,,,,,,,,,,,,,,,,,,,,,,,,,,,,,,,,,,,,,,,,,,,,,,,,,,,,,,,,,,,,,,,,,train
138,pull_up,val826.mp4,7.0,0.0,19.0,19.0,38.0,38.0,57.0,57.0,81.0,81.0,102.0,102.0,119.0,119.0,141.0,,,,,,,,,,,,,,,,,,,,,,,,,,,,,,,,,,,,,,,,,,,,,,,,,,,,,,,,,,,,,,,,,,,,,,,,,,,,,,,,,,,,,,,,,,,,,,,,,,,,,,,,,,,,,,,,,,,,,,,,,,,,,,,,,,,,,,,,,,,,,,,,,,,,,,,,,,,,,,,,,,,,,,,,,,,,,,,,,,,,,,,,,,,train
139,bench_pressing,stu2_3.mp4,16.0,52.0,112.0,113.0,165.0,165.0,217.0,327.0,386.0,387.0,447.0,451.0,507.0,597.0,653.0,653.0,720.0,723.0,777.0,779.0,843.0,845.0,899.0,902.0,959.0,962.0,1024.0,1027.0,1083.0,1084.0,1139.0,1143.0,1195.0,,,,,,,,,,,,,,,,,,,,,,,,,,,,,,,,,,,,,,,,,,,,,,,,,,,,,,,,,,,,,,,,,,,,,,,,,,,,,,,,,,,,,,,,,,,,,,,,,,,,,,,,,,,,,,,,,,,,,,,,,,,,,,,,,,,,,,,,,,,,,,,,,,,,,,,,,,,,,,,,,,,,,,,,,train
140,front_raise,stu2_16.mp4,2.0,336.0,513.0,513.0,709.0,,,,,,,,,,,,,,,,,,,,,,,,,,,,,,,,,,,,,,,,,,,,,,,,,,,,,,,,,,,,,,,,,,,,,,,,,,,,,,,,,,,,,,,,,,,,,,,,,,,,,,,,,,,,,,,,,,,,,,,,,,,,,,,,,,,,,,,,,,,,,,,,,,,,,,,,,,,,,,,,,,,,,,,,,,,,,,,,,,,,,,,,,,,,,,,,,,,,,train
141,bench_pressing,stu9_3.mp4,46.0,247.0,274.0,275.0,297.0,298.0,318.0,318.0,339.0,339.0,362.0,362.0,383.0,383.0,405.0,406.0,426.0,426.0,448.0,448.0,469.0,469.0,491.0,491.0,512.0,513.0,534.0,534.0,556.0,556.0,577.0,577.0,598.0,598.0,620.0,620.0,641.0,641.0,664.0,664.0,684.0,684.0,707.0,707.0,728.0,728.0,751.0,751.0,772.0,772.0,794.0,794.0,817.0,817.0,839.0,839.0,863.0,863.0,885.0,885.0,908.0,909.0,931.0,931.0,955.0,955.0,980.0,980.0,1002.0,1002.0,1027.0,1027.0,1054.0,1054.0,1079.0,1079.0,1105.0,1105.0,1134.0,1134.0,1171.0,1212.0,1246.0,1247.0,1284.0,1303.0,1347.0,1363.0,1413.0,1457.0,1514.0,1551.0,1605.0,,,,,,,,,,,,,,,,,,,,,,,,,,,,,,,,,,,,,,,,,,,,,,,,,,,,,,,,,,,,,,,,,,,,,,,,,,,,,,,,,,,,,,,,,,,,,,,,,,,,,,,,,,,,,train
142,front_raise,stu9_25.mp4,1.0,87.0,202.0,,,,,,,,,,,,,,,,,,,,,,,,,,,,,,,,,,,,,,,,,,,,,,,,,,,,,,,,,,,,,,,,,,,,,,,,,,,,,,,,,,,,,,,,,,,,,,,,,,,,,,,,,,,,,,,,,,,,,,,,,,,,,,,,,,,,,,,,,,,,,,,,,,,,,,,,,,,,,,,,,,,,,,,,,,,,,,,,,,,,,,,,,,,,,,,,,,,,,,,train
143,sit_up,stu7_55.mp4,19.0,170.0,223.0,223.0,278.0,278.0,337.0,337.0,397.0,397.0,465.0,465.0,535.0,535.0,594.0,594.0,663.0,663.0,730.0,857.0,918.0,918.0,988.0,989.0,1054.0,1054.0,1127.0,1127.0,1208.0,1328.0,1381.0,1381.0,1443.0,1443.0,1506.0,1668.0,1730.0,1731.0,1799.0,,,,,,,,,,,,,,,,,,,,,,,,,,,,,,,,,,,,,,,,,,,,,,,,,,,,,,,,,,,,,,,,,,,,,,,,,,,,,,,,,,,,,,,,,,,,,,,,,,,,,,,,,,,,,,,,,,,,,,,,,,,,,,,,,,,,,,,,,,,,,,,,,,,,,,,,,,,,,,,,,,,train
144,sit_up,train3327.mp4,3.0,59.0,132.0,132.0,211.0,211.0,293.0,,,,,,,,,,,,,,,,,,,,,,,,,,,,,,,,,,,,,,,,,,,,,,,,,,,,,,,,,,,,,,,,,,,,,,,,,,,,,,,,,,,,,,,,,,,,,,,,,,,,,,,,,,,,,,,,,,,,,,,,,,,,,,,,,,,,,,,,,,,,,,,,,,,,,,,,,,,,,,,,,,,,,,,,,,,,,,,,,,,,,,,,,,,,,,,,,,,train
145,jump_jacks,stu4_24.mp4,42.0,16.0,38.0,38.0,60.0,61.0,86.0,87.0,111.0,111.0,132.0,132.0,157.0,157.0,181.0,181.0,202.0,203.0,225.0,225.0,248.0,248.0,274.0,274.0,296.0,296.0,319.0,319.0,342.0,342.0,365.0,365.0,392.0,394.0,416.0,417.0,439.0,439.0,460.0,460.0,481.0,481.0,507.0,507.0,535.0,535.0,556.0,556.0,580.0,581.0,604.0,605.0,639.0,640.0,685.0,685.0,729.0,729.0,776.0,776.0,819.0,819.0,863.0,863.0,910.0,911.0,960.0,960.0,1010.0,1011.0,1054.0,1054.0,1099.0,1099.0,1143.0,1144.0,1187.0,1187.0,1230.0,1231.0,1273.0,1274.0,1321.0,1322.0,1376.0,,,,,,,,,,,,,,,,,,,,,,,,,,,,,,,,,,,,,,,,,,,,,,,,,,,,,,,,,,,,,,,,,,,,,,,,,,,,,,,,,,,,,,,,,,,,,,,,,,,,,,,,,,,,,,,,,,,,,train
146,bench_pressing,stu5_4.mp4,5.0,139.0,177.0,177.0,222.0,222.0,272.0,272.0,323.0,323.0,373.0,,,,,,,,,,,,,,,,,,,,,,,,,,,,,,,,,,,,,,,,,,,,,,,,,,,,,,,,,,,,,,,,,,,,,,,,,,,,,,,,,,,,,,,,,,,,,,,,,,,,,,,,,,,,,,,,,,,,,,,,,,,,,,,,,,,,,,,,,,,,,,,,,,,,,,,,,,,,,,,,,,,,,,,,,,,,,,,,,,,,,,,,,,,,,,,train
147,jump_jacks,stu7_31.mp4,42.0,9.0,48.0,48.0,79.0,79.0,108.0,108.0,138.0,138.0,168.0,168.0,196.0,197.0,227.0,228.0,257.0,258.0,286.0,287.0,315.0,316.0,347.0,348.0,376.0,377.0,406.0,408.0,437.0,439.0,467.0,467.0,498.0,499.0,529.0,530.0,560.0,561.0,591.0,591.0,620.0,621.0,650.0,650.0,682.0,682.0,711.0,711.0,741.0,743.0,772.0,773.0,802.0,803.0,833.0,834.0,863.0,864.0,895.0,895.0,926.0,926.0,957.0,957.0,988.0,989.0,1019.0,1019.0,1050.0,1051.0,1080.0,1081.0,1111.0,1111.0,1142.0,1142.0,1171.0,1172.0,1204.0,1204.0,1235.0,1236.0,1266.0,1268.0,1296.0,,,,,,,,,,,,,,,,,,,,,,,,,,,,,,,,,,,,,,,,,,,,,,,,,,,,,,,,,,,,,,,,,,,,,,,,,,,,,,,,,,,,,,,,,,,,,,,,,,,,,,,,,,,,,,,,,,,,,train
148,sit_up,train3309.mp4,3.0,0.0,70.0,70.0,166.0,167.0,264.0,,,,,,,,,,,,,,,,,,,,,,,,,,,,,,,,,,,,,,,,,,,,,,,,,,,,,,,,,,,,,,,,,,,,,,,,,,,,,,,,,,,,,,,,,,,,,,,,,,,,,,,,,,,,,,,,,,,,,,,,,,,,,,,,,,,,,,,,,,,,,,,,,,,,,,,,,,,,,,,,,,,,,,,,,,,,,,,,,,,,,,,,,,,,,,,,,,,train
149,front_raise,train954.mp4,6.0,3.0,47.0,47.0,91.0,91.0,142.0,142.0,195.0,195.0,243.0,243.0,286.0,,,,,,,,,,,,,,,,,,,,,,,,,,,,,,,,,,,,,,,,,,,,,,,,,,,,,,,,,,,,,,,,,,,,,,,,,,,,,,,,,,,,,,,,,,,,,,,,,,,,,,,,,,,,,,,,,,,,,,,,,,,,,,,,,,,,,,,,,,,,,,,,,,,,,,,,,,,,,,,,,,,,,,,,,,,,,,,,,,,,,,,,,,,,,train
150,pull_up,stu3_37.mp4,8.0,6.0,93.0,93.0,174.0,174.0,249.0,251.0,322.0,322.0,405.0,405.0,487.0,488.0,572.0,572.0,653.0,,,,,,,,,,,,,,,,,,,,,,,,,,,,,,,,,,,,,,,,,,,,,,,,,,,,,,,,,,,,,,,,,,,,,,,,,,,,,,,,,,,,,,,,,,,,,,,,,,,,,,,,,,,,,,,,,,,,,,,,,,,,,,,,,,,,,,,,,,,,,,,,,,,,,,,,,,,,,,,,,,,,,,,,,,,,,,,,,,,,,,,,,train
151,jump_jacks,stu4_18.mp4,10.0,13.0,41.0,41.0,77.0,77.0,107.0,108.0,138.0,138.0,169.0,169.0,194.0,194.0,222.0,223.0,253.0,253.0,285.0,285.0,339.0,,,,,,,,,,,,,,,,,,,,,,,,,,,,,,,,,,,,,,,,,,,,,,,,,,,,,,,,,,,,,,,,,,,,,,,,,,,,,,,,,,,,,,,,,,,,,,,,,,,,,,,,,,,,,,,,,,,,,,,,,,,,,,,,,,,,,,,,,,,,,,,,,,,,,,,,,,,,,,,,,,,,,,,,,,,,,,,,,,,,,train
152,front_raise,stu8_17.mp4,23.0,69.0,121.0,121.0,170.0,170.0,219.0,219.0,269.0,269.0,319.0,319.0,369.0,369.0,417.0,417.0,456.0,457.0,505.0,505.0,554.0,554.0,603.0,603.0,646.0,646.0,694.0,694.0,762.0,762.0,803.0,803.0,856.0,856.0,908.0,908.0,951.0,951.0,1006.0,1006.0,1056.0,1056.0,1106.0,1106.0,1157.0,1157.0,1199.0,,,,,,,,,,,,,,,,,,,,,,,,,,,,,,,,,,,,,,,,,,,,,,,,,,,,,,,,,,,,,,,,,,,,,,,,,,,,,,,,,,,,,,,,,,,,,,,,,,,,,,,,,,,,,,,,,,,,,,,,,,,,,,,,,,,,,,,,,,,,,,,,,,,,,,,,,,,train
153,sit_up,stu1_63.mp4,33.0,6.0,24.0,24.0,46.0,46.0,69.0,69.0,93.0,93.0,119.0,119.0,151.0,151.0,179.0,179.0,212.0,212.0,239.0,239.0,270.0,270.0,299.0,299.0,329.0,329.0,356.0,356.0,383.0,383.0,411.0,411.0,444.0,444.0,471.0,471.0,498.0,498.0,535.0,535.0,563.0,563.0,587.0,587.0,623.0,623.0,658.0,658.0,687.0,687.0,724.0,724.0,755.0,755.0,786.0,786.0,830.0,830.0,859.0,859.0,898.0,898.0,929.0,929.0,964.0,964.0,1003.0,,,,,,,,,,,,,,,,,,,,,,,,,,,,,,,,,,,,,,,,,,,,,,,,,,,,,,,,,,,,,,,,,,,,,,,,,,,,,,,,,,,,,,,,,,,,,,,,,,,,,,,,,,,,,,,,,,,,,,,,,,,,,,,,,,,,,,,train
154,bench_pressing,stu10_10.mp4,16.0,152.0,256.0,257.0,360.0,360.0,487.0,487.0,566.0,566.0,658.0,658.0,779.0,779.0,870.0,870.0,1008.0,1008.0,1085.0,1086.0,1159.0,1159.0,1252.0,1252.0,1355.0,1355.0,1442.0,1443.0,1526.0,1526.0,1595.0,1595.0,1647.0,,,,,,,,,,,,,,,,,,,,,,,,,,,,,,,,,,,,,,,,,,,,,,,,,,,,,,,,,,,,,,,,,,,,,,,,,,,,,,,,,,,,,,,,,,,,,,,,,,,,,,,,,,,,,,,,,,,,,,,,,,,,,,,,,,,,,,,,,,,,,,,,,,,,,,,,,,,,,,,,,,,,,,,,,train
155,pull_up,val824.mp4,5.0,15.0,79.0,80.0,142.0,144.0,202.0,204.0,257.0,260.0,298.0,,,,,,,,,,,,,,,,,,,,,,,,,,,,,,,,,,,,,,,,,,,,,,,,,,,,,,,,,,,,,,,,,,,,,,,,,,,,,,,,,,,,,,,,,,,,,,,,,,,,,,,,,,,,,,,,,,,,,,,,,,,,,,,,,,,,,,,,,,,,,,,,,,,,,,,,,,,,,,,,,,,,,,,,,,,,,,,,,,,,,,,,,,,,,,,train
156,sit_up,stu7_54.mp4,19.0,87.0,130.0,130.0,164.0,164.0,200.0,200.0,236.0,236.0,272.0,272.0,307.0,308.0,344.0,345.0,378.0,378.0,416.0,417.0,451.0,451.0,487.0,488.0,523.0,524.0,559.0,559.0,596.0,597.0,629.0,629.0,665.0,665.0,702.0,703.0,739.0,740.0,777.0,,,,,,,,,,,,,,,,,,,,,,,,,,,,,,,,,,,,,,,,,,,,,,,,,,,,,,,,,,,,,,,,,,,,,,,,,,,,,,,,,,,,,,,,,,,,,,,,,,,,,,,,,,,,,,,,,,,,,,,,,,,,,,,,,,,,,,,,,,,,,,,,,,,,,,,,,,,,,,,,,,,train
157,squat,stu5_70.mp4,6.0,132.0,186.0,186.0,233.0,233.0,284.0,633.0,691.0,691.0,746.0,747.0,804.0,,,,,,,,,,,,,,,,,,,,,,,,,,,,,,,,,,,,,,,,,,,,,,,,,,,,,,,,,,,,,,,,,,,,,,,,,,,,,,,,,,,,,,,,,,,,,,,,,,,,,,,,,,,,,,,,,,,,,,,,,,,,,,,,,,,,,,,,,,,,,,,,,,,,,,,,,,,,,,,,,,,,,,,,,,,,,,,,,,,,,,,,,,,,,train
158,push_up,val890.mp4,5.0,2.0,62.0,62.0,124.0,125.0,179.0,180.0,238.0,238.0,290.0,,,,,,,,,,,,,,,,,,,,,,,,,,,,,,,,,,,,,,,,,,,,,,,,,,,,,,,,,,,,,,,,,,,,,,,,,,,,,,,,,,,,,,,,,,,,,,,,,,,,,,,,,,,,,,,,,,,,,,,,,,,,,,,,,,,,,,,,,,,,,,,,,,,,,,,,,,,,,,,,,,,,,,,,,,,,,,,,,,,,,,,,,,,,,,,train
159,sit_up,val1074.mp4,4.0,0.0,54.0,54.0,125.0,125.0,206.0,206.0,284.0,,,,,,,,,,,,,,,,,,,,,,,,,,,,,,,,,,,,,,,,,,,,,,,,,,,,,,,,,,,,,,,,,,,,,,,,,,,,,,,,,,,,,,,,,,,,,,,,,,,,,,,,,,,,,,,,,,,,,,,,,,,,,,,,,,,,,,,,,,,,,,,,,,,,,,,,,,,,,,,,,,,,,,,,,,,,,,,,,,,,,,,,,,,,,,,,,train
160,push_up,stu4_41.mp4,35.0,100.0,124.0,124.0,146.0,146.0,172.0,172.0,198.0,198.0,221.0,221.0,236.0,236.0,262.0,263.0,286.0,287.0,313.0,313.0,336.0,337.0,358.0,359.0,386.0,387.0,409.0,410.0,434.0,435.0,457.0,459.0,486.0,488.0,510.0,511.0,533.0,535.0,560.0,561.0,584.0,584.0,609.0,610.0,632.0,633.0,657.0,658.0,683.0,684.0,711.0,712.0,735.0,736.0,762.0,762.0,788.0,789.0,818.0,819.0,839.0,839.0,865.0,865.0,892.0,892.0,914.0,914.0,935.0,935.0,964.0,,,,,,,,,,,,,,,,,,,,,,,,,,,,,,,,,,,,,,,,,,,,,,,,,,,,,,,,,,,,,,,,,,,,,,,,,,,,,,,,,,,,,,,,,,,,,,,,,,,,,,,,,,,,,,,,,,,,,,,,,,,,,,,,,,,train
161,squat,stu3_64.mp4,19.0,6.0,84.0,84.0,146.0,146.0,212.0,212.0,281.0,281.0,354.0,354.0,428.0,428.0,500.0,500.0,583.0,583.0,657.0,657.0,725.0,820.0,906.0,907.0,997.0,997.0,1087.0,1087.0,1179.0,1179.0,1282.0,1282.0,1374.0,1375.0,1466.0,1466.0,1550.0,1550.0,1619.0,,,,,,,,,,,,,,,,,,,,,,,,,,,,,,,,,,,,,,,,,,,,,,,,,,,,,,,,,,,,,,,,,,,,,,,,,,,,,,,,,,,,,,,,,,,,,,,,,,,,,,,,,,,,,,,,,,,,,,,,,,,,,,,,,,,,,,,,,,,,,,,,,,,,,,,,,,,,,,,,,,,train
162,bench_pressing,stu5_8.mp4,1.0,549.0,659.0,,,,,,,,,,,,,,,,,,,,,,,,,,,,,,,,,,,,,,,,,,,,,,,,,,,,,,,,,,,,,,,,,,,,,,,,,,,,,,,,,,,,,,,,,,,,,,,,,,,,,,,,,,,,,,,,,,,,,,,,,,,,,,,,,,,,,,,,,,,,,,,,,,,,,,,,,,,,,,,,,,,,,,,,,,,,,,,,,,,,,,,,,,,,,,,,,,,,,,,train
163,front_raise,stu10_18.mp4,4.0,63.0,457.0,457.0,724.0,725.0,833.0,833.0,934.0,,,,,,,,,,,,,,,,,,,,,,,,,,,,,,,,,,,,,,,,,,,,,,,,,,,,,,,,,,,,,,,,,,,,,,,,,,,,,,,,,,,,,,,,,,,,,,,,,,,,,,,,,,,,,,,,,,,,,,,,,,,,,,,,,,,,,,,,,,,,,,,,,,,,,,,,,,,,,,,,,,,,,,,,,,,,,,,,,,,,,,,,,,,,,,,,,train
164,front_raise,stu6_10.mp4,3.0,57.0,167.0,174.0,298.0,304.0,405.0,,,,,,,,,,,,,,,,,,,,,,,,,,,,,,,,,,,,,,,,,,,,,,,,,,,,,,,,,,,,,,,,,,,,,,,,,,,,,,,,,,,,,,,,,,,,,,,,,,,,,,,,,,,,,,,,,,,,,,,,,,,,,,,,,,,,,,,,,,,,,,,,,,,,,,,,,,,,,,,,,,,,,,,,,,,,,,,,,,,,,,,,,,,,,,,,,,,train
165,squat,stu5_66.mp4,12.0,202.0,271.0,271.0,335.0,335.0,400.0,400.0,462.0,462.0,525.0,525.0,585.0,585.0,642.0,642.0,712.0,712.0,777.0,777.0,837.0,837.0,905.0,905.0,958.0,,,,,,,,,,,,,,,,,,,,,,,,,,,,,,,,,,,,,,,,,,,,,,,,,,,,,,,,,,,,,,,,,,,,,,,,,,,,,,,,,,,,,,,,,,,,,,,,,,,,,,,,,,,,,,,,,,,,,,,,,,,,,,,,,,,,,,,,,,,,,,,,,,,,,,,,,,,,,,,,,,,,,,,,,,,,,,,,,train
166,front_raise,train1005.mp4,4.0,1.0,60.0,60.0,131.0,131.0,193.0,193.0,273.0,,,,,,,,,,,,,,,,,,,,,,,,,,,,,,,,,,,,,,,,,,,,,,,,,,,,,,,,,,,,,,,,,,,,,,,,,,,,,,,,,,,,,,,,,,,,,,,,,,,,,,,,,,,,,,,,,,,,,,,,,,,,,,,,,,,,,,,,,,,,,,,,,,,,,,,,,,,,,,,,,,,,,,,,,,,,,,,,,,,,,,,,,,,,,,,,,train
167,pull_up,val817.mp4,4.0,5.0,32.0,32.0,100.0,101.0,186.0,187.0,248.0,,,,,,,,,,,,,,,,,,,,,,,,,,,,,,,,,,,,,,,,,,,,,,,,,,,,,,,,,,,,,,,,,,,,,,,,,,,,,,,,,,,,,,,,,,,,,,,,,,,,,,,,,,,,,,,,,,,,,,,,,,,,,,,,,,,,,,,,,,,,,,,,,,,,,,,,,,,,,,,,,,,,,,,,,,,,,,,,,,,,,,,,,,,,,,,,,train
168,push_up,stu2_49.mp4,18.0,84.0,166.0,166.0,225.0,225.0,288.0,288.0,353.0,354.0,421.0,421.0,489.0,489.0,544.0,544.0,605.0,606.0,665.0,665.0,740.0,740.0,820.0,820.0,897.0,897.0,971.0,971.0,1057.0,1057.0,1137.0,1137.0,1213.0,1213.0,1302.0,1303.0,1377.0,,,,,,,,,,,,,,,,,,,,,,,,,,,,,,,,,,,,,,,,,,,,,,,,,,,,,,,,,,,,,,,,,,,,,,,,,,,,,,,,,,,,,,,,,,,,,,,,,,,,,,,,,,,,,,,,,,,,,,,,,,,,,,,,,,,,,,,,,,,,,,,,,,,,,,,,,,,,,,,,,,,,,train
169,front_raise,stu9_20.mp4,7.0,64.0,147.0,147.0,225.0,225.0,290.0,291.0,376.0,376.0,429.0,429.0,485.0,600.0,712.0,,,,,,,,,,,,,,,,,,,,,,,,,,,,,,,,,,,,,,,,,,,,,,,,,,,,,,,,,,,,,,,,,,,,,,,,,,,,,,,,,,,,,,,,,,,,,,,,,,,,,,,,,,,,,,,,,,,,,,,,,,,,,,,,,,,,,,,,,,,,,,,,,,,,,,,,,,,,,,,,,,,,,,,,,,,,,,,,,,,,,,,,,,,train
170,squat,val1235.mp4,2.0,5.0,141.0,142.0,289.0,,,,,,,,,,,,,,,,,,,,,,,,,,,,,,,,,,,,,,,,,,,,,,,,,,,,,,,,,,,,,,,,,,,,,,,,,,,,,,,,,,,,,,,,,,,,,,,,,,,,,,,,,,,,,,,,,,,,,,,,,,,,,,,,,,,,,,,,,,,,,,,,,,,,,,,,,,,,,,,,,,,,,,,,,,,,,,,,,,,,,,,,,,,,,,,,,,,,,train
171,bench_pressing,train181.mp4,2.0,26.0,172.0,172.0,298.0,,,,,,,,,,,,,,,,,,,,,,,,,,,,,,,,,,,,,,,,,,,,,,,,,,,,,,,,,,,,,,,,,,,,,,,,,,,,,,,,,,,,,,,,,,,,,,,,,,,,,,,,,,,,,,,,,,,,,,,,,,,,,,,,,,,,,,,,,,,,,,,,,,,,,,,,,,,,,,,,,,,,,,,,,,,,,,,,,,,,,,,,,,,,,,,,,,,,,train
172,jump_jacks,train1617.mp4,17.0,4.0,21.0,24.0,34.0,36.0,46.0,49.0,63.0,86.0,100.0,111.0,126.0,137.0,153.0,155.0,167.0,169.0,180.0,181.0,195.0,195.0,207.0,208.0,225.0,226.0,237.0,237.0,254.0,256.0,266.0,267.0,281.0,283.0,296.0,,,,,,,,,,,,,,,,,,,,,,,,,,,,,,,,,,,,,,,,,,,,,,,,,,,,,,,,,,,,,,,,,,,,,,,,,,,,,,,,,,,,,,,,,,,,,,,,,,,,,,,,,,,,,,,,,,,,,,,,,,,,,,,,,,,,,,,,,,,,,,,,,,,,,,,,,,,,,,,,,,,,,,,train
173,push_up,stu2_46.mp4,21.0,0.0,21.0,21.0,48.0,48.0,74.0,75.0,100.0,102.0,126.0,126.0,156.0,156.0,184.0,184.0,213.0,213.0,245.0,245.0,279.0,461.0,489.0,489.0,517.0,518.0,548.0,548.0,582.0,582.0,637.0,848.0,872.0,873.0,902.0,902.0,932.0,932.0,968.0,1170.0,1211.0,1212.0,1245.0,,,,,,,,,,,,,,,,,,,,,,,,,,,,,,,,,,,,,,,,,,,,,,,,,,,,,,,,,,,,,,,,,,,,,,,,,,,,,,,,,,,,,,,,,,,,,,,,,,,,,,,,,,,,,,,,,,,,,,,,,,,,,,,,,,,,,,,,,,,,,,,,,,,,,,,,,,,,,,,train
174,sit_up,stu1_62.mp4,19.0,141.0,184.0,184.0,231.0,231.0,271.0,271.0,314.0,314.0,364.0,364.0,417.0,417.0,459.0,459.0,506.0,506.0,551.0,551.0,594.0,594.0,641.0,641.0,688.0,688.0,739.0,739.0,779.0,779.0,826.0,826.0,888.0,888.0,931.0,931.0,975.0,975.0,1035.0,,,,,,,,,,,,,,,,,,,,,,,,,,,,,,,,,,,,,,,,,,,,,,,,,,,,,,,,,,,,,,,,,,,,,,,,,,,,,,,,,,,,,,,,,,,,,,,,,,,,,,,,,,,,,,,,,,,,,,,,,,,,,,,,,,,,,,,,,,,,,,,,,,,,,,,,,,,,,,,,,,,train
175,front_raise,stu4_13.mp4,6.0,4.0,65.0,65.0,135.0,135.0,209.0,211.0,286.0,286.0,365.0,366.0,437.0,,,,,,,,,,,,,,,,,,,,,,,,,,,,,,,,,,,,,,,,,,,,,,,,,,,,,,,,,,,,,,,,,,,,,,,,,,,,,,,,,,,,,,,,,,,,,,,,,,,,,,,,,,,,,,,,,,,,,,,,,,,,,,,,,,,,,,,,,,,,,,,,,,,,,,,,,,,,,,,,,,,,,,,,,,,,,,,,,,,,,,,,,,,,,train
176,front_raise,stu5_13.mp4,4.0,0.0,60.0,60.0,129.0,129.0,188.0,188.0,263.0,,,,,,,,,,,,,,,,,,,,,,,,,,,,,,,,,,,,,,,,,,,,,,,,,,,,,,,,,,,,,,,,,,,,,,,,,,,,,,,,,,,,,,,,,,,,,,,,,,,,,,,,,,,,,,,,,,,,,,,,,,,,,,,,,,,,,,,,,,,,,,,,,,,,,,,,,,,,,,,,,,,,,,,,,,,,,,,,,,,,,,,,,,,,,,,,,train
177,bench_pressing,stu10_9.mp4,9.0,0.0,51.0,51.0,132.0,132.0,209.0,210.0,285.0,285.0,366.0,366.0,428.0,432.0,481.0,481.0,565.0,565.0,649.0,,,,,,,,,,,,,,,,,,,,,,,,,,,,,,,,,,,,,,,,,,,,,,,,,,,,,,,,,,,,,,,,,,,,,,,,,,,,,,,,,,,,,,,,,,,,,,,,,,,,,,,,,,,,,,,,,,,,,,,,,,,,,,,,,,,,,,,,,,,,,,,,,,,,,,,,,,,,,,,,,,,,,,,,,,,,,,,,,,,,,,,train
178,front_raise,stu10_15.mp4,17.0,14.0,73.0,73.0,127.0,135.0,180.0,180.0,226.0,226.0,268.0,268.0,313.0,313.0,356.0,356.0,404.0,404.0,448.0,448.0,526.0,526.0,569.0,570.0,620.0,620.0,661.0,661.0,710.0,710.0,752.0,752.0,797.0,798.0,844.0,,,,,,,,,,,,,,,,,,,,,,,,,,,,,,,,,,,,,,,,,,,,,,,,,,,,,,,,,,,,,,,,,,,,,,,,,,,,,,,,,,,,,,,,,,,,,,,,,,,,,,,,,,,,,,,,,,,,,,,,,,,,,,,,,,,,,,,,,,,,,,,,,,,,,,,,,,,,,,,,,,,,,,,train
179,pull_up,stu5_31.mp4,10.0,9.0,61.0,61.0,109.0,109.0,170.0,170.0,246.0,246.0,311.0,311.0,368.0,368.0,438.0,438.0,525.0,525.0,624.0,704.0,779.0,,,,,,,,,,,,,,,,,,,,,,,,,,,,,,,,,,,,,,,,,,,,,,,,,,,,,,,,,,,,,,,,,,,,,,,,,,,,,,,,,,,,,,,,,,,,,,,,,,,,,,,,,,,,,,,,,,,,,,,,,,,,,,,,,,,,,,,,,,,,,,,,,,,,,,,,,,,,,,,,,,,,,,,,,,,,,,,,,,,,,train
180,jump_jacks,stu4_23.mp4,21.0,181.0,208.0,208.0,237.0,237.0,261.0,367.0,400.0,400.0,430.0,430.0,469.0,469.0,503.0,929.0,981.0,983.0,1033.0,1033.0,1092.0,1092.0,1143.0,1143.0,1200.0,1201.0,1256.0,1257.0,1306.0,1307.0,1356.0,1356.0,1411.0,1411.0,1462.0,1462.0,1513.0,1513.0,1562.0,1563.0,1608.0,1608.0,1664.0,,,,,,,,,,,,,,,,,,,,,,,,,,,,,,,,,,,,,,,,,,,,,,,,,,,,,,,,,,,,,,,,,,,,,,,,,,,,,,,,,,,,,,,,,,,,,,,,,,,,,,,,,,,,,,,,,,,,,,,,,,,,,,,,,,,,,,,,,,,,,,,,,,,,,,,,,,,,,,,train
181,push_up,stu5_43.mp4,14.0,56.0,116.0,116.0,178.0,178.0,242.0,242.0,313.0,313.0,381.0,381.0,439.0,439.0,499.0,500.0,555.0,555.0,609.0,722.0,771.0,771.0,834.0,834.0,892.0,892.0,952.0,952.0,1018.0,,,,,,,,,,,,,,,,,,,,,,,,,,,,,,,,,,,,,,,,,,,,,,,,,,,,,,,,,,,,,,,,,,,,,,,,,,,,,,,,,,,,,,,,,,,,,,,,,,,,,,,,,,,,,,,,,,,,,,,,,,,,,,,,,,,,,,,,,,,,,,,,,,,,,,,,,,,,,,,,,,,,,,,,,,,,,train
182,squat,train3959.mp4,2.0,5.0,77.0,96.0,219.0,,,,,,,,,,,,,,,,,,,,,,,,,,,,,,,,,,,,,,,,,,,,,,,,,,,,,,,,,,,,,,,,,,,,,,,,,,,,,,,,,,,,,,,,,,,,,,,,,,,,,,,,,,,,,,,,,,,,,,,,,,,,,,,,,,,,,,,,,,,,,,,,,,,,,,,,,,,,,,,,,,,,,,,,,,,,,,,,,,,,,,,,,,,,,,,,,,,,,train
183,squat,stu3_59.mp4,1.0,13.0,140.0,,,,,,,,,,,,,,,,,,,,,,,,,,,,,,,,,,,,,,,,,,,,,,,,,,,,,,,,,,,,,,,,,,,,,,,,,,,,,,,,,,,,,,,,,,,,,,,,,,,,,,,,,,,,,,,,,,,,,,,,,,,,,,,,,,,,,,,,,,,,,,,,,,,,,,,,,,,,,,,,,,,,,,,,,,,,,,,,,,,,,,,,,,,,,,,,,,,,,,,train
184,sit_up,train3323.mp4,5.0,16.0,72.0,73.0,124.0,124.0,178.0,178.0,234.0,234.0,285.0,,,,,,,,,,,,,,,,,,,,,,,,,,,,,,,,,,,,,,,,,,,,,,,,,,,,,,,,,,,,,,,,,,,,,,,,,,,,,,,,,,,,,,,,,,,,,,,,,,,,,,,,,,,,,,,,,,,,,,,,,,,,,,,,,,,,,,,,,,,,,,,,,,,,,,,,,,,,,,,,,,,,,,,,,,,,,,,,,,,,,,,,,,,,,,,train
185,jump_jacks,train1640.mp4,10.0,13.0,39.0,41.0,59.0,59.0,86.0,87.0,109.0,109.0,133.0,134.0,157.0,158.0,179.0,181.0,200.0,201.0,222.0,223.0,244.0,,,,,,,,,,,,,,,,,,,,,,,,,,,,,,,,,,,,,,,,,,,,,,,,,,,,,,,,,,,,,,,,,,,,,,,,,,,,,,,,,,,,,,,,,,,,,,,,,,,,,,,,,,,,,,,,,,,,,,,,,,,,,,,,,,,,,,,,,,,,,,,,,,,,,,,,,,,,,,,,,,,,,,,,,,,,,,,,,,,,,train
186,push_up,stu2_45.mp4,4.0,5.0,64.0,64.0,139.0,139.0,211.0,211.0,288.0,,,,,,,,,,,,,,,,,,,,,,,,,,,,,,,,,,,,,,,,,,,,,,,,,,,,,,,,,,,,,,,,,,,,,,,,,,,,,,,,,,,,,,,,,,,,,,,,,,,,,,,,,,,,,,,,,,,,,,,,,,,,,,,,,,,,,,,,,,,,,,,,,,,,,,,,,,,,,,,,,,,,,,,,,,,,,,,,,,,,,,,,,,,,,,,,,train
187,bench_pressing,stu10_3.mp4,6.0,340.0,419.0,419.0,478.0,479.0,541.0,541.0,602.0,602.0,668.0,668.0,769.0,,,,,,,,,,,,,,,,,,,,,,,,,,,,,,,,,,,,,,,,,,,,,,,,,,,,,,,,,,,,,,,,,,,,,,,,,,,,,,,,,,,,,,,,,,,,,,,,,,,,,,,,,,,,,,,,,,,,,,,,,,,,,,,,,,,,,,,,,,,,,,,,,,,,,,,,,,,,,,,,,,,,,,,,,,,,,,,,,,,,,,,,,,,,,train
188,bench_pressing,stu5_7.mp4,25.0,37.0,61.0,61.0,88.0,88.0,112.0,112.0,138.0,138.0,162.0,162.0,188.0,188.0,214.0,214.0,242.0,242.0,268.0,268.0,298.0,298.0,329.0,359.0,391.0,391.0,422.0,422.0,448.0,448.0,482.0,546.0,578.0,578.0,618.0,618.0,666.0,667.0,729.0,729.0,797.0,1035.0,1091.0,1315.0,1394.0,1394.0,1465.0,1465.0,1588.0,1588.0,1771.0,,,,,,,,,,,,,,,,,,,,,,,,,,,,,,,,,,,,,,,,,,,,,,,,,,,,,,,,,,,,,,,,,,,,,,,,,,,,,,,,,,,,,,,,,,,,,,,,,,,,,,,,,,,,,,,,,,,,,,,,,,,,,,,,,,,,,,,,,,,,,,,,,,,,,,,train
189,sit_up,stu4_52.mp4,8.0,1.0,68.0,68.0,158.0,159.0,275.0,277.0,381.0,384.0,504.0,507.0,633.0,634.0,773.0,776.0,889.0,,,,,,,,,,,,,,,,,,,,,,,,,,,,,,,,,,,,,,,,,,,,,,,,,,,,,,,,,,,,,,,,,,,,,,,,,,,,,,,,,,,,,,,,,,,,,,,,,,,,,,,,,,,,,,,,,,,,,,,,,,,,,,,,,,,,,,,,,,,,,,,,,,,,,,,,,,,,,,,,,,,,,,,,,,,,,,,,,,,,,,,,,train
190,bench_pressing,stu8_6.mp4,8.0,302.0,380.0,380.0,435.0,435.0,485.0,485.0,555.0,555.0,616.0,616.0,683.0,683.0,747.0,747.0,817.0,,,,,,,,,,,,,,,,,,,,,,,,,,,,,,,,,,,,,,,,,,,,,,,,,,,,,,,,,,,,,,,,,,,,,,,,,,,,,,,,,,,,,,,,,,,,,,,,,,,,,,,,,,,,,,,,,,,,,,,,,,,,,,,,,,,,,,,,,,,,,,,,,,,,,,,,,,,,,,,,,,,,,,,,,,,,,,,,,,,,,,,,,train
191,pull_up,stu9_41.mp4,9.0,56.0,160.0,160.0,267.0,660.0,765.0,765.0,848.0,848.0,945.0,1525.0,1605.0,1605.0,1671.0,1671.0,1727.0,1727.0,1798.0,,,,,,,,,,,,,,,,,,,,,,,,,,,,,,,,,,,,,,,,,,,,,,,,,,,,,,,,,,,,,,,,,,,,,,,,,,,,,,,,,,,,,,,,,,,,,,,,,,,,,,,,,,,,,,,,,,,,,,,,,,,,,,,,,,,,,,,,,,,,,,,,,,,,,,,,,,,,,,,,,,,,,,,,,,,,,,,,,,,,,,,train
192,squat,stu6_67.mp4,20.0,49.0,86.0,88.0,136.0,137.0,189.0,191.0,239.0,242.0,290.0,292.0,343.0,347.0,391.0,394.0,444.0,450.0,491.0,506.0,547.0,787.0,830.0,836.0,882.0,884.0,922.0,924.0,971.0,974.0,1017.0,1021.0,1060.0,1063.0,1100.0,1106.0,1146.0,1152.0,1188.0,1193.0,1233.0,,,,,,,,,,,,,,,,,,,,,,,,,,,,,,,,,,,,,,,,,,,,,,,,,,,,,,,,,,,,,,,,,,,,,,,,,,,,,,,,,,,,,,,,,,,,,,,,,,,,,,,,,,,,,,,,,,,,,,,,,,,,,,,,,,,,,,,,,,,,,,,,,,,,,,,,,,,,,,,,,train
193,pull_up,stu3_36.mp4,8.0,139.0,246.0,246.0,340.0,340.0,432.0,432.0,553.0,691.0,855.0,855.0,926.0,927.0,998.0,998.0,1049.0,,,,,,,,,,,,,,,,,,,,,,,,,,,,,,,,,,,,,,,,,,,,,,,,,,,,,,,,,,,,,,,,,,,,,,,,,,,,,,,,,,,,,,,,,,,,,,,,,,,,,,,,,,,,,,,,,,,,,,,,,,,,,,,,,,,,,,,,,,,,,,,,,,,,,,,,,,,,,,,,,,,,,,,,,,,,,,,,,,,,,,,,,train
194,sit_up,stu1_65.mp4,3.0,39.0,124.0,124.0,204.0,204.0,299.0,,,,,,,,,,,,,,,,,,,,,,,,,,,,,,,,,,,,,,,,,,,,,,,,,,,,,,,,,,,,,,,,,,,,,,,,,,,,,,,,,,,,,,,,,,,,,,,,,,,,,,,,,,,,,,,,,,,,,,,,,,,,,,,,,,,,,,,,,,,,,,,,,,,,,,,,,,,,,,,,,,,,,,,,,,,,,,,,,,,,,,,,,,,,,,,,,,,train
195,squat,test2319.mp4,7.0,0.0,37.0,37.0,66.0,66.0,98.0,98.0,127.0,127.0,157.0,157.0,189.0,189.0,229.0,,,,,,,,,,,,,,,,,,,,,,,,,,,,,,,,,,,,,,,,,,,,,,,,,,,,,,,,,,,,,,,,,,,,,,,,,,,,,,,,,,,,,,,,,,,,,,,,,,,,,,,,,,,,,,,,,,,,,,,,,,,,,,,,,,,,,,,,,,,,,,,,,,,,,,,,,,,,,,,,,,,,,,,,,,,,,,,,,,,,,,,,,,,train
196,jump_jacks,stu4_26.mp4,20.0,131.0,188.0,188.0,252.0,253.0,309.0,309.0,369.0,370.0,428.0,429.0,483.0,484.0,541.0,541.0,604.0,604.0,661.0,662.0,723.0,1052.0,1106.0,1106.0,1168.0,1168.0,1229.0,1229.0,1282.0,1282.0,1344.0,1344.0,1400.0,1400.0,1459.0,1460.0,1514.0,1515.0,1573.0,1573.0,1632.0,,,,,,,,,,,,,,,,,,,,,,,,,,,,,,,,,,,,,,,,,,,,,,,,,,,,,,,,,,,,,,,,,,,,,,,,,,,,,,,,,,,,,,,,,,,,,,,,,,,,,,,,,,,,,,,,,,,,,,,,,,,,,,,,,,,,,,,,,,,,,,,,,,,,,,,,,,,,,,,,,train
197,front_raise,stu3_11.mp4,3.0,17.0,100.0,100.0,176.0,176.0,234.0,,,,,,,,,,,,,,,,,,,,,,,,,,,,,,,,,,,,,,,,,,,,,,,,,,,,,,,,,,,,,,,,,,,,,,,,,,,,,,,,,,,,,,,,,,,,,,,,,,,,,,,,,,,,,,,,,,,,,,,,,,,,,,,,,,,,,,,,,,,,,,,,,,,,,,,,,,,,,,,,,,,,,,,,,,,,,,,,,,,,,,,,,,,,,,,,,,,train
198,pull_up,test1448.mp4,7.0,9.0,38.0,38.0,68.0,68.0,97.0,97.0,123.0,123.0,154.0,154.0,178.0,178.0,199.0,,,,,,,,,,,,,,,,,,,,,,,,,,,,,,,,,,,,,,,,,,,,,,,,,,,,,,,,,,,,,,,,,,,,,,,,,,,,,,,,,,,,,,,,,,,,,,,,,,,,,,,,,,,,,,,,,,,,,,,,,,,,,,,,,,,,,,,,,,,,,,,,,,,,,,,,,,,,,,,,,,,,,,,,,,,,,,,,,,,,,,,,,,,train
199,battle_rope,stu5_1.mp4,17.0,48.0,60.0,60.0,72.0,72.0,84.0,84.0,96.0,96.0,107.0,107.0,121.0,121.0,132.0,132.0,143.0,143.0,152.0,152.0,166.0,166.0,177.0,177.0,187.0,187.0,201.0,201.0,214.0,214.0,225.0,225.0,235.0,235.0,248.0,,,,,,,,,,,,,,,,,,,,,,,,,,,,,,,,,,,,,,,,,,,,,,,,,,,,,,,,,,,,,,,,,,,,,,,,,,,,,,,,,,,,,,,,,,,,,,,,,,,,,,,,,,,,,,,,,,,,,,,,,,,,,,,,,,,,,,,,,,,,,,,,,,,,,,,,,,,,,,,,,,,,,,,train
200,pull_up,stu5_35.mp4,11.0,16.0,88.0,88.0,149.0,149.0,222.0,222.0,296.0,296.0,383.0,383.0,459.0,460.0,547.0,547.0,652.0,652.0,750.0,750.0,921.0,1007.0,1161.0,,,,,,,,,,,,,,,,,,,,,,,,,,,,,,,,,,,,,,,,,,,,,,,,,,,,,,,,,,,,,,,,,,,,,,,,,,,,,,,,,,,,,,,,,,,,,,,,,,,,,,,,,,,,,,,,,,,,,,,,,,,,,,,,,,,,,,,,,,,,,,,,,,,,,,,,,,,,,,,,,,,,,,,,,,,,,,,,,,,train
201,squat,stu4_62.mp4,14.0,37.0,112.0,145.0,217.0,223.0,313.0,327.0,419.0,435.0,536.0,551.0,647.0,666.0,745.0,762.0,873.0,884.0,981.0,1000.0,1093.0,1113.0,1179.0,1198.0,1281.0,1289.0,1390.0,1406.0,1500.0,,,,,,,,,,,,,,,,,,,,,,,,,,,,,,,,,,,,,,,,,,,,,,,,,,,,,,,,,,,,,,,,,,,,,,,,,,,,,,,,,,,,,,,,,,,,,,,,,,,,,,,,,,,,,,,,,,,,,,,,,,,,,,,,,,,,,,,,,,,,,,,,,,,,,,,,,,,,,,,,,,,,,,,,,,,,,train
202,pull_up,stu6_36.mp4,5.0,58.0,137.0,139.0,219.0,547.0,613.0,614.0,705.0,707.0,790.0,,,,,,,,,,,,,,,,,,,,,,,,,,,,,,,,,,,,,,,,,,,,,,,,,,,,,,,,,,,,,,,,,,,,,,,,,,,,,,,,,,,,,,,,,,,,,,,,,,,,,,,,,,,,,,,,,,,,,,,,,,,,,,,,,,,,,,,,,,,,,,,,,,,,,,,,,,,,,,,,,,,,,,,,,,,,,,,,,,,,,,,,,,,,,,,train
203,front_raise,test531.mp4,4.0,0.0,79.0,79.0,151.0,151.0,221.0,222.0,290.0,,,,,,,,,,,,,,,,,,,,,,,,,,,,,,,,,,,,,,,,,,,,,,,,,,,,,,,,,,,,,,,,,,,,,,,,,,,,,,,,,,,,,,,,,,,,,,,,,,,,,,,,,,,,,,,,,,,,,,,,,,,,,,,,,,,,,,,,,,,,,,,,,,,,,,,,,,,,,,,,,,,,,,,,,,,,,,,,,,,,,,,,,,,,,,,,,train
204,pull_up,stu9_42.mp4,30.0,183.0,221.0,221.0,251.0,251.0,282.0,282.0,313.0,313.0,344.0,344.0,372.0,372.0,402.0,402.0,431.0,431.0,461.0,461.0,491.0,491.0,520.0,520.0,549.0,549.0,576.0,577.0,607.0,607.0,634.0,634.0,663.0,663.0,692.0,692.0,723.0,723.0,751.0,752.0,784.0,784.0,816.0,816.0,848.0,848.0,881.0,881.0,915.0,915.0,952.0,952.0,991.0,991.0,1029.0,1029.0,1072.0,1072.0,1119.0,1179.0,1229.0,,,,,,,,,,,,,,,,,,,,,,,,,,,,,,,,,,,,,,,,,,,,,,,,,,,,,,,,,,,,,,,,,,,,,,,,,,,,,,,,,,,,,,,,,,,,,,,,,,,,,,,,,,,,,,,,,,,,,,,,,,,,,,,,,,,,,,,,,,,,,train
205,front_raise,stu2_17.mp4,5.0,48.0,147.0,147.0,298.0,298.0,428.0,428.0,559.0,561.0,695.0,,,,,,,,,,,,,,,,,,,,,,,,,,,,,,,,,,,,,,,,,,,,,,,,,,,,,,,,,,,,,,,,,,,,,,,,,,,,,,,,,,,,,,,,,,,,,,,,,,,,,,,,,,,,,,,,,,,,,,,,,,,,,,,,,,,,,,,,,,,,,,,,,,,,,,,,,,,,,,,,,,,,,,,,,,,,,,,,,,,,,,,,,,,,,,,train
206,front_raise,stu9_16.mp4,6.0,46.0,127.0,128.0,202.0,202.0,285.0,285.0,361.0,361.0,480.0,480.0,604.0,,,,,,,,,,,,,,,,,,,,,,,,,,,,,,,,,,,,,,,,,,,,,,,,,,,,,,,,,,,,,,,,,,,,,,,,,,,,,,,,,,,,,,,,,,,,,,,,,,,,,,,,,,,,,,,,,,,,,,,,,,,,,,,,,,,,,,,,,,,,,,,,,,,,,,,,,,,,,,,,,,,,,,,,,,,,,,,,,,,,,,,,,,,,,train
207,bench_pressing,stu7_0.mp4,1.0,428.0,573.0,,,,,,,,,,,,,,,,,,,,,,,,,,,,,,,,,,,,,,,,,,,,,,,,,,,,,,,,,,,,,,,,,,,,,,,,,,,,,,,,,,,,,,,,,,,,,,,,,,,,,,,,,,,,,,,,,,,,,,,,,,,,,,,,,,,,,,,,,,,,,,,,,,,,,,,,,,,,,,,,,,,,,,,,,,,,,,,,,,,,,,,,,,,,,,,,,,,,,,,train
208,front_raise,stu1_15.mp4,1.0,59.0,215.0,,,,,,,,,,,,,,,,,,,,,,,,,,,,,,,,,,,,,,,,,,,,,,,,,,,,,,,,,,,,,,,,,,,,,,,,,,,,,,,,,,,,,,,,,,,,,,,,,,,,,,,,,,,,,,,,,,,,,,,,,,,,,,,,,,,,,,,,,,,,,,,,,,,,,,,,,,,,,,,,,,,,,,,,,,,,,,,,,,,,,,,,,,,,,,,,,,,,,,,train
209,front_raise,stu7_23.mp4,4.0,0.0,100.0,100.0,201.0,203.0,318.0,318.0,418.0,,,,,,,,,,,,,,,,,,,,,,,,,,,,,,,,,,,,,,,,,,,,,,,,,,,,,,,,,,,,,,,,,,,,,,,,,,,,,,,,,,,,,,,,,,,,,,,,,,,,,,,,,,,,,,,,,,,,,,,,,,,,,,,,,,,,,,,,,,,,,,,,,,,,,,,,,,,,,,,,,,,,,,,,,,,,,,,,,,,,,,,,,,,,,,,,,train
211,jump_jacks,stu8_30.mp4,58.0,7.0,35.0,35.0,63.0,63.0,91.0,91.0,117.0,117.0,142.0,142.0,171.0,171.0,197.0,197.0,225.0,225.0,252.0,252.0,279.0,279.0,308.0,308.0,335.0,335.0,361.0,361.0,388.0,388.0,415.0,415.0,440.0,440.0,467.0,467.0,497.0,497.0,522.0,522.0,549.0,549.0,576.0,576.0,603.0,603.0,629.0,629.0,653.0,653.0,682.0,682.0,711.0,711.0,738.0,738.0,767.0,767.0,792.0,792.0,819.0,819.0,847.0,847.0,874.0,874.0,900.0,900.0,928.0,928.0,955.0,955.0,980.0,980.0,1006.0,1006.0,1033.0,1033.0,1059.0,1059.0,1088.0,1088.0,1116.0,1116.0,1142.0,1142.0,1169.0,1169.0,1196.0,1196.0,1224.0,1224.0,1250.0,1250.0,1277.0,1277.0,1305.0,1305.0,1332.0,1332.0,1359.0,1359.0,1386.0,1386.0,1413.0,1413.0,1441.0,1441.0,1467.0,1467.0,1493.0,1493.0,1521.0,1521.0,1548.0,1548.0,1574.0,,,,,,,,,,,,,,,,,,,,,,,,,,,,,,,,,,,,,,,,,,,,,,,,,,,,,,,,,,,,,,,,,,,,,,,,,,,,,,,,,,,,,train
212,bench_pressing,stu9_5.mp4,13.0,81.0,131.0,131.0,172.0,172.0,238.0,239.0,284.0,284.0,334.0,334.0,385.0,385.0,455.0,930.0,981.0,981.0,1008.0,1008.0,1039.0,1039.0,1068.0,1068.0,1091.0,1091.0,1124.0,,,,,,,,,,,,,,,,,,,,,,,,,,,,,,,,,,,,,,,,,,,,,,,,,,,,,,,,,,,,,,,,,,,,,,,,,,,,,,,,,,,,,,,,,,,,,,,,,,,,,,,,,,,,,,,,,,,,,,,,,,,,,,,,,,,,,,,,,,,,,,,,,,,,,,,,,,,,,,,,,,,,,,,,,,,,,,,train
213,squat,stu2_72.mp4,12.0,2.0,75.0,75.0,133.0,133.0,192.0,193.0,254.0,254.0,313.0,313.0,370.0,370.0,434.0,434.0,490.0,490.0,556.0,556.0,613.0,613.0,672.0,672.0,733.0,,,,,,,,,,,,,,,,,,,,,,,,,,,,,,,,,,,,,,,,,,,,,,,,,,,,,,,,,,,,,,,,,,,,,,,,,,,,,,,,,,,,,,,,,,,,,,,,,,,,,,,,,,,,,,,,,,,,,,,,,,,,,,,,,,,,,,,,,,,,,,,,,,,,,,,,,,,,,,,,,,,,,,,,,,,,,,,,,train
214,bench_pressing,stu6_5.mp4,12.0,63.0,163.0,163.0,306.0,534.0,598.0,598.0,675.0,675.0,762.0,856.0,957.0,1020.0,1105.0,1105.0,1186.0,1186.0,1186.0,1186.0,1303.0,1303.0,1398.0,1399.0,1550.0,,,,,,,,,,,,,,,,,,,,,,,,,,,,,,,,,,,,,,,,,,,,,,,,,,,,,,,,,,,,,,,,,,,,,,,,,,,,,,,,,,,,,,,,,,,,,,,,,,,,,,,,,,,,,,,,,,,,,,,,,,,,,,,,,,,,,,,,,,,,,,,,,,,,,,,,,,,,,,,,,,,,,,,,,,,,,,,,,train
215,bench_pressing,stu9_10.mp4,16.0,234.0,282.0,282.0,320.0,320.0,359.0,359.0,394.0,394.0,429.0,429.0,466.0,466.0,505.0,505.0,544.0,544.0,583.0,583.0,629.0,649.0,696.0,704.0,758.0,759.0,813.0,849.0,903.0,961.0,1018.0,1215.0,1320.0,,,,,,,,,,,,,,,,,,,,,,,,,,,,,,,,,,,,,,,,,,,,,,,,,,,,,,,,,,,,,,,,,,,,,,,,,,,,,,,,,,,,,,,,,,,,,,,,,,,,,,,,,,,,,,,,,,,,,,,,,,,,,,,,,,,,,,,,,,,,,,,,,,,,,,,,,,,,,,,,,,,,,,,,,train
216,sit_up,stu10_59.mp4,9.0,122.0,253.0,253.0,330.0,330.0,405.0,405.0,477.0,478.0,560.0,561.0,639.0,640.0,709.0,709.0,795.0,796.0,864.0,,,,,,,,,,,,,,,,,,,,,,,,,,,,,,,,,,,,,,,,,,,,,,,,,,,,,,,,,,,,,,,,,,,,,,,,,,,,,,,,,,,,,,,,,,,,,,,,,,,,,,,,,,,,,,,,,,,,,,,,,,,,,,,,,,,,,,,,,,,,,,,,,,,,,,,,,,,,,,,,,,,,,,,,,,,,,,,,,,,,,,,train
217,pull_up,test1465.mp4,6.0,8.0,47.0,47.0,85.0,85.0,132.0,132.0,171.0,171.0,213.0,213.0,249.0,,,,,,,,,,,,,,,,,,,,,,,,,,,,,,,,,,,,,,,,,,,,,,,,,,,,,,,,,,,,,,,,,,,,,,,,,,,,,,,,,,,,,,,,,,,,,,,,,,,,,,,,,,,,,,,,,,,,,,,,,,,,,,,,,,,,,,,,,,,,,,,,,,,,,,,,,,,,,,,,,,,,,,,,,,,,,,,,,,,,,,,,,,,,,train
218,pull_up,stu7_38.mp4,20.0,16.0,83.0,84.0,156.0,156.0,229.0,229.0,303.0,303.0,382.0,382.0,455.0,455.0,540.0,540.0,619.0,619.0,696.0,697.0,774.0,776.0,851.0,851.0,928.0,928.0,1016.0,1016.0,1094.0,1094.0,1182.0,1184.0,1261.0,1262.0,1354.0,1354.0,1465.0,1465.0,1581.0,1581.0,1827.0,,,,,,,,,,,,,,,,,,,,,,,,,,,,,,,,,,,,,,,,,,,,,,,,,,,,,,,,,,,,,,,,,,,,,,,,,,,,,,,,,,,,,,,,,,,,,,,,,,,,,,,,,,,,,,,,,,,,,,,,,,,,,,,,,,,,,,,,,,,,,,,,,,,,,,,,,,,,,,,,,train
219,sit_up,stu9_61.mp4,5.0,11.0,67.0,67.0,123.0,123.0,182.0,182.0,227.0,227.0,279.0,,,,,,,,,,,,,,,,,,,,,,,,,,,,,,,,,,,,,,,,,,,,,,,,,,,,,,,,,,,,,,,,,,,,,,,,,,,,,,,,,,,,,,,,,,,,,,,,,,,,,,,,,,,,,,,,,,,,,,,,,,,,,,,,,,,,,,,,,,,,,,,,,,,,,,,,,,,,,,,,,,,,,,,,,,,,,,,,,,,,,,,,,,,,,,,train
220,squat,train3944.mp4,2.0,5.0,89.0,106.0,218.0,,,,,,,,,,,,,,,,,,,,,,,,,,,,,,,,,,,,,,,,,,,,,,,,,,,,,,,,,,,,,,,,,,,,,,,,,,,,,,,,,,,,,,,,,,,,,,,,,,,,,,,,,,,,,,,,,,,,,,,,,,,,,,,,,,,,,,,,,,,,,,,,,,,,,,,,,,,,,,,,,,,,,,,,,,,,,,,,,,,,,,,,,,,,,,,,,,,,,train
221,jump_jacks,val568.mp4,55.0,1.0,8.0,9.0,12.0,12.0,17.0,17.0,22.0,22.0,29.0,29.0,35.0,36.0,41.0,41.0,45.0,45.0,50.0,50.0,55.0,55.0,60.0,60.0,66.0,66.0,72.0,72.0,77.0,77.0,82.0,82.0,87.0,87.0,92.0,92.0,97.0,97.0,102.0,102.0,107.0,107.0,112.0,112.0,117.0,117.0,123.0,123.0,128.0,129.0,133.0,134.0,138.0,139.0,144.0,144.0,149.0,149.0,154.0,154.0,160.0,160.0,166.0,166.0,171.0,171.0,175.0,176.0,181.0,181.0,187.0,187.0,192.0,192.0,198.0,198.0,204.0,204.0,209.0,209.0,214.0,214.0,219.0,219.0,224.0,225.0,229.0,229.0,235.0,235.0,241.0,241.0,245.0,246.0,251.0,251.0,256.0,256.0,262.0,262.0,267.0,267.0,272.0,272.0,278.0,278.0,283.0,284.0,289.0,289.0,294.0,,,,,,,,,,,,,,,,,,,,,,,,,,,,,,,,,,,,,,,,,,,,,,,,,,,,,,,,,,,,,,,,,,,,,,,,,,,,,,,,,,,,,,,,,,,train
222,front_raise,stu9_27.mp4,17.0,6.0,60.0,61.0,111.0,198.0,241.0,241.0,279.0,280.0,316.0,316.0,359.0,359.0,399.0,399.0,436.0,437.0,478.0,478.0,516.0,516.0,558.0,559.0,599.0,599.0,636.0,636.0,676.0,676.0,720.0,720.0,759.0,759.0,808.0,,,,,,,,,,,,,,,,,,,,,,,,,,,,,,,,,,,,,,,,,,,,,,,,,,,,,,,,,,,,,,,,,,,,,,,,,,,,,,,,,,,,,,,,,,,,,,,,,,,,,,,,,,,,,,,,,,,,,,,,,,,,,,,,,,,,,,,,,,,,,,,,,,,,,,,,,,,,,,,,,,,,,,,train
223,sit_up,train3303.mp4,2.0,0.0,166.0,166.0,299.0,,,,,,,,,,,,,,,,,,,,,,,,,,,,,,,,,,,,,,,,,,,,,,,,,,,,,,,,,,,,,,,,,,,,,,,,,,,,,,,,,,,,,,,,,,,,,,,,,,,,,,,,,,,,,,,,,,,,,,,,,,,,,,,,,,,,,,,,,,,,,,,,,,,,,,,,,,,,,,,,,,,,,,,,,,,,,,,,,,,,,,,,,,,,,,,,,,,,,train
224,pull_up,stu3_34.mp4,5.0,166.0,401.0,401.0,496.0,687.0,937.0,938.0,1043.0,1406.0,1467.0,,,,,,,,,,,,,,,,,,,,,,,,,,,,,,,,,,,,,,,,,,,,,,,,,,,,,,,,,,,,,,,,,,,,,,,,,,,,,,,,,,,,,,,,,,,,,,,,,,,,,,,,,,,,,,,,,,,,,,,,,,,,,,,,,,,,,,,,,,,,,,,,,,,,,,,,,,,,,,,,,,,,,,,,,,,,,,,,,,,,,,,,,,,,,,,train
225,bench_pressing,stu1_10.mp4,3.0,292.0,584.0,584.0,906.0,1141.0,1840.0,,,,,,,,,,,,,,,,,,,,,,,,,,,,,,,,,,,,,,,,,,,,,,,,,,,,,,,,,,,,,,,,,,,,,,,,,,,,,,,,,,,,,,,,,,,,,,,,,,,,,,,,,,,,,,,,,,,,,,,,,,,,,,,,,,,,,,,,,,,,,,,,,,,,,,,,,,,,,,,,,,,,,,,,,,,,,,,,,,,,,,,,,,,,,,,,,,,train
226,bench_pressing,test153.mp4,5.0,5.0,27.0,27.0,67.0,67.0,132.0,132.0,184.0,184.0,264.0,,,,,,,,,,,,,,,,,,,,,,,,,,,,,,,,,,,,,,,,,,,,,,,,,,,,,,,,,,,,,,,,,,,,,,,,,,,,,,,,,,,,,,,,,,,,,,,,,,,,,,,,,,,,,,,,,,,,,,,,,,,,,,,,,,,,,,,,,,,,,,,,,,,,,,,,,,,,,,,,,,,,,,,,,,,,,,,,,,,,,,,,,,,,,,,train
227,bench_pressing,stu4_3.mp4,4.0,97.0,97.0,234.0,315.0,316.0,383.0,396.0,502.0,,,,,,,,,,,,,,,,,,,,,,,,,,,,,,,,,,,,,,,,,,,,,,,,,,,,,,,,,,,,,,,,,,,,,,,,,,,,,,,,,,,,,,,,,,,,,,,,,,,,,,,,,,,,,,,,,,,,,,,,,,,,,,,,,,,,,,,,,,,,,,,,,,,,,,,,,,,,,,,,,,,,,,,,,,,,,,,,,,,,,,,,,,,,,,,,,train
228,pull_up,stu9_38.mp4,5.0,46.0,126.0,126.0,219.0,220.0,319.0,348.0,421.0,421.0,500.0,,,,,,,,,,,,,,,,,,,,,,,,,,,,,,,,,,,,,,,,,,,,,,,,,,,,,,,,,,,,,,,,,,,,,,,,,,,,,,,,,,,,,,,,,,,,,,,,,,,,,,,,,,,,,,,,,,,,,,,,,,,,,,,,,,,,,,,,,,,,,,,,,,,,,,,,,,,,,,,,,,,,,,,,,,,,,,,,,,,,,,,,,,,,,,,train
229,pull_up,stu8_39.mp4,16.0,1.0,22.0,22.0,48.0,48.0,73.0,73.0,123.0,123.0,159.0,159.0,200.0,200.0,240.0,240.0,294.0,294.0,336.0,336.0,379.0,379.0,423.0,423.0,481.0,481.0,534.0,534.0,584.0,584.0,638.0,638.0,690.0,,,,,,,,,,,,,,,,,,,,,,,,,,,,,,,,,,,,,,,,,,,,,,,,,,,,,,,,,,,,,,,,,,,,,,,,,,,,,,,,,,,,,,,,,,,,,,,,,,,,,,,,,,,,,,,,,,,,,,,,,,,,,,,,,,,,,,,,,,,,,,,,,,,,,,,,,,,,,,,,,,,,,,,,,train
230,jump_jacks,val578.mp4,2.0,5.0,60.0,60.0,299.0,,,,,,,,,,,,,,,,,,,,,,,,,,,,,,,,,,,,,,,,,,,,,,,,,,,,,,,,,,,,,,,,,,,,,,,,,,,,,,,,,,,,,,,,,,,,,,,,,,,,,,,,,,,,,,,,,,,,,,,,,,,,,,,,,,,,,,,,,,,,,,,,,,,,,,,,,,,,,,,,,,,,,,,,,,,,,,,,,,,,,,,,,,,,,,,,,,,,,train
231,bench_pressing,stu7_2.mp4,19.0,295.0,353.0,355.0,385.0,386.0,416.0,417.0,449.0,449.0,481.0,483.0,516.0,517.0,548.0,549.0,582.0,582.0,616.0,617.0,649.0,651.0,684.0,685.0,719.0,720.0,756.0,756.0,795.0,797.0,838.0,839.0,894.0,896.0,963.0,963.0,1032.0,1034.0,1169.0,,,,,,,,,,,,,,,,,,,,,,,,,,,,,,,,,,,,,,,,,,,,,,,,,,,,,,,,,,,,,,,,,,,,,,,,,,,,,,,,,,,,,,,,,,,,,,,,,,,,,,,,,,,,,,,,,,,,,,,,,,,,,,,,,,,,,,,,,,,,,,,,,,,,,,,,,,,,,,,,,,,train
232,front_raise,val359.mp4,1.0,3.0,225.0,,,,,,,,,,,,,,,,,,,,,,,,,,,,,,,,,,,,,,,,,,,,,,,,,,,,,,,,,,,,,,,,,,,,,,,,,,,,,,,,,,,,,,,,,,,,,,,,,,,,,,,,,,,,,,,,,,,,,,,,,,,,,,,,,,,,,,,,,,,,,,,,,,,,,,,,,,,,,,,,,,,,,,,,,,,,,,,,,,,,,,,,,,,,,,,,,,,,,,,train
233,squat,stu2_69.mp4,21.0,468.0,568.0,568.0,636.0,636.0,710.0,710.0,770.0,770.0,837.0,837.0,899.0,899.0,965.0,965.0,1031.0,1032.0,1087.0,1087.0,1156.0,1156.0,1221.0,1221.0,1276.0,1276.0,1338.0,1338.0,1408.0,1409.0,1475.0,1475.0,1533.0,1533.0,1604.0,1604.0,1669.0,1669.0,1728.0,1729.0,1782.0,1782.0,1845.0,,,,,,,,,,,,,,,,,,,,,,,,,,,,,,,,,,,,,,,,,,,,,,,,,,,,,,,,,,,,,,,,,,,,,,,,,,,,,,,,,,,,,,,,,,,,,,,,,,,,,,,,,,,,,,,,,,,,,,,,,,,,,,,,,,,,,,,,,,,,,,,,,,,,,,,,,,,,,,,train
234,sit_up,stu2_66.mp4,6.0,7.0,88.0,89.0,174.0,174.0,258.0,258.0,391.0,391.0,499.0,499.0,604.0,,,,,,,,,,,,,,,,,,,,,,,,,,,,,,,,,,,,,,,,,,,,,,,,,,,,,,,,,,,,,,,,,,,,,,,,,,,,,,,,,,,,,,,,,,,,,,,,,,,,,,,,,,,,,,,,,,,,,,,,,,,,,,,,,,,,,,,,,,,,,,,,,,,,,,,,,,,,,,,,,,,,,,,,,,,,,,,,,,,,,,,,,,,,,train
235,jump_jacks,stu2_32.mp4,98.0,5.0,20.0,20.0,35.0,35.0,48.0,48.0,61.0,61.0,75.0,75.0,86.0,86.0,99.0,99.0,112.0,112.0,124.0,124.0,137.0,137.0,150.0,150.0,163.0,163.0,176.0,176.0,188.0,188.0,201.0,201.0,212.0,212.0,226.0,226.0,239.0,239.0,251.0,251.0,264.0,264.0,276.0,276.0,290.0,290.0,301.0,301.0,313.0,313.0,326.0,326.0,338.0,338.0,352.0,352.0,365.0,365.0,378.0,378.0,391.0,391.0,402.0,402.0,416.0,416.0,428.0,428.0,441.0,441.0,453.0,453.0,467.0,467.0,479.0,479.0,492.0,492.0,505.0,505.0,518.0,518.0,532.0,532.0,544.0,544.0,557.0,557.0,570.0,570.0,582.0,582.0,596.0,596.0,608.0,608.0,620.0,620.0,634.0,634.0,646.0,646.0,666.0,666.0,678.0,678.0,690.0,690.0,704.0,704.0,717.0,717.0,729.0,729.0,742.0,742.0,753.0,753.0,767.0,767.0,779.0,779.0,792.0,792.0,804.0,804.0,816.0,816.0,828.0,828.0,843.0,843.0,854.0,854.0,867.0,867.0,880.0,880.0,891.0,891.0,905.0,905.0,918.0,918.0,930.0,930.0,942.0,942.0,954.0,954.0,968.0,968.0,980.0,980.0,993.0,993.0,1005.0,1005.0,1018.0,1018.0,1032.0,1032.0,1044.0,1044.0,1055.0,1055.0,1068.0,1068.0,1081.0,1081.0,1093.0,1093.0,1106.0,1106.0,1117.0,1117.0,1130.0,1130.0,1142.0,1142.0,1155.0,1155.0,1169.0,1169.0,1180.0,1180.0,1192.0,1192.0,1205.0,1205.0,1217.0,1217.0,1229.0,1229.0,1242.0,1242.0,1259.0,,,,,train
236,squat,val1250.mp4,4.0,3.0,40.0,40.0,102.0,102.0,184.0,184.0,265.0,,,,,,,,,,,,,,,,,,,,,,,,,,,,,,,,,,,,,,,,,,,,,,,,,,,,,,,,,,,,,,,,,,,,,,,,,,,,,,,,,,,,,,,,,,,,,,,,,,,,,,,,,,,,,,,,,,,,,,,,,,,,,,,,,,,,,,,,,,,,,,,,,,,,,,,,,,,,,,,,,,,,,,,,,,,,,,,,,,,,,,,,,,,,,,,,,train
237,push_up,stu1_51.mp4,40.0,23.0,80.0,80.0,143.0,143.0,209.0,209.0,262.0,262.0,328.0,328.0,403.0,403.0,475.0,475.0,520.0,520.0,543.0,543.0,574.0,574.0,600.0,600.0,624.0,624.0,652.0,652.0,681.0,681.0,712.0,712.0,734.0,882.0,939.0,939.0,1003.0,1003.0,1069.0,1069.0,1157.0,1157.0,1221.0,1247.0,1282.0,1282.0,1308.0,1308.0,1338.0,1338.0,1364.0,1364.0,1396.0,1396.0,1422.0,1422.0,1448.0,1448.0,1475.0,1475.0,1505.0,1505.0,1528.0,1528.0,1556.0,1556.0,1586.0,1586.0,1613.0,1613.0,1638.0,1638.0,1668.0,1668.0,1698.0,1698.0,1723.0,1723.0,1750.0,1750.0,1780.0,,,,,,,,,,,,,,,,,,,,,,,,,,,,,,,,,,,,,,,,,,,,,,,,,,,,,,,,,,,,,,,,,,,,,,,,,,,,,,,,,,,,,,,,,,,,,,,,,,,,,,,,,,,,,,,,,,,,,,,,,train
238,sit_up,stu8_50.mp4,5.0,246.0,346.0,346.0,421.0,421.0,491.0,491.0,557.0,557.0,620.0,,,,,,,,,,,,,,,,,,,,,,,,,,,,,,,,,,,,,,,,,,,,,,,,,,,,,,,,,,,,,,,,,,,,,,,,,,,,,,,,,,,,,,,,,,,,,,,,,,,,,,,,,,,,,,,,,,,,,,,,,,,,,,,,,,,,,,,,,,,,,,,,,,,,,,,,,,,,,,,,,,,,,,,,,,,,,,,,,,,,,,,,,,,,,,,train
239,bench_pressing,stu4_7.mp4,12.0,31.0,88.0,88.0,150.0,150.0,216.0,216.0,286.0,287.0,355.0,357.0,427.0,429.0,495.0,496.0,569.0,571.0,646.0,663.0,745.0,759.0,844.0,849.0,932.0,,,,,,,,,,,,,,,,,,,,,,,,,,,,,,,,,,,,,,,,,,,,,,,,,,,,,,,,,,,,,,,,,,,,,,,,,,,,,,,,,,,,,,,,,,,,,,,,,,,,,,,,,,,,,,,,,,,,,,,,,,,,,,,,,,,,,,,,,,,,,,,,,,,,,,,,,,,,,,,,,,,,,,,,,,,,,,,,,train
240,squat,stu5_64.mp4,20.0,29.0,57.0,57.0,83.0,83.0,111.0,111.0,137.0,137.0,163.0,163.0,191.0,191.0,215.0,215.0,242.0,242.0,273.0,273.0,299.0,299.0,324.0,324.0,350.0,350.0,382.0,382.0,408.0,408.0,436.0,436.0,463.0,463.0,491.0,491.0,520.0,520.0,548.0,548.0,576.0,,,,,,,,,,,,,,,,,,,,,,,,,,,,,,,,,,,,,,,,,,,,,,,,,,,,,,,,,,,,,,,,,,,,,,,,,,,,,,,,,,,,,,,,,,,,,,,,,,,,,,,,,,,,,,,,,,,,,,,,,,,,,,,,,,,,,,,,,,,,,,,,,,,,,,,,,,,,,,,,,train
241,front_raise,stu5_14.mp4,9.0,0.0,75.0,75.0,157.0,157.0,242.0,242.0,331.0,331.0,411.0,411.0,497.0,497.0,574.0,574.0,654.0,654.0,723.0,,,,,,,,,,,,,,,,,,,,,,,,,,,,,,,,,,,,,,,,,,,,,,,,,,,,,,,,,,,,,,,,,,,,,,,,,,,,,,,,,,,,,,,,,,,,,,,,,,,,,,,,,,,,,,,,,,,,,,,,,,,,,,,,,,,,,,,,,,,,,,,,,,,,,,,,,,,,,,,,,,,,,,,,,,,,,,,,,,,,,,,train
242,jump_jacks,stu3_23.mp4,38.0,42.0,70.0,70.0,91.0,91.0,111.0,111.0,132.0,132.0,154.0,154.0,173.0,173.0,194.0,194.0,214.0,214.0,235.0,235.0,256.0,256.0,277.0,277.0,298.0,298.0,318.0,318.0,338.0,338.0,359.0,359.0,380.0,380.0,400.0,400.0,421.0,421.0,440.0,440.0,461.0,461.0,481.0,481.0,502.0,503.0,522.0,522.0,542.0,542.0,563.0,563.0,584.0,584.0,603.0,604.0,624.0,624.0,644.0,644.0,665.0,665.0,685.0,685.0,706.0,706.0,726.0,726.0,747.0,747.0,767.0,767.0,787.0,787.0,808.0,808.0,828.0,,,,,,,,,,,,,,,,,,,,,,,,,,,,,,,,,,,,,,,,,,,,,,,,,,,,,,,,,,,,,,,,,,,,,,,,,,,,,,,,,,,,,,,,,,,,,,,,,,,,,,,,,,,,,,,,,,,,,,,,,,,,,train
243,bench_pressing,train139.mp4,1.0,25.0,149.0,,,,,,,,,,,,,,,,,,,,,,,,,,,,,,,,,,,,,,,,,,,,,,,,,,,,,,,,,,,,,,,,,,,,,,,,,,,,,,,,,,,,,,,,,,,,,,,,,,,,,,,,,,,,,,,,,,,,,,,,,,,,,,,,,,,,,,,,,,,,,,,,,,,,,,,,,,,,,,,,,,,,,,,,,,,,,,,,,,,,,,,,,,,,,,,,,,,,,,,train
244,squat,stu1_71.mp4,4.0,177.0,278.0,278.0,429.0,429.0,587.0,657.0,774.0,,,,,,,,,,,,,,,,,,,,,,,,,,,,,,,,,,,,,,,,,,,,,,,,,,,,,,,,,,,,,,,,,,,,,,,,,,,,,,,,,,,,,,,,,,,,,,,,,,,,,,,,,,,,,,,,,,,,,,,,,,,,,,,,,,,,,,,,,,,,,,,,,,,,,,,,,,,,,,,,,,,,,,,,,,,,,,,,,,,,,,,,,,,,,,,,,train
245,battle_rope,stu10_0.mp4,23.0,11.0,25.0,25.0,36.0,36.0,46.0,46.0,55.0,55.0,64.0,64.0,73.0,73.0,84.0,84.0,94.0,94.0,104.0,104.0,113.0,113.0,121.0,121.0,132.0,132.0,142.0,142.0,152.0,152.0,163.0,163.0,172.0,172.0,183.0,183.0,192.0,192.0,202.0,202.0,212.0,212.0,221.0,222.0,227.0,227.0,238.0,,,,,,,,,,,,,,,,,,,,,,,,,,,,,,,,,,,,,,,,,,,,,,,,,,,,,,,,,,,,,,,,,,,,,,,,,,,,,,,,,,,,,,,,,,,,,,,,,,,,,,,,,,,,,,,,,,,,,,,,,,,,,,,,,,,,,,,,,,,,,,,,,,,,,,,,,,,train
246,push_up,stu4_42.mp4,50.0,228.0,249.0,250.0,262.0,262.0,280.0,280.0,292.0,292.0,307.0,307.0,318.0,318.0,332.0,332.0,352.0,352.0,368.0,368.0,384.0,384.0,399.0,399.0,415.0,415.0,429.0,430.0,444.0,445.0,457.0,457.0,472.0,472.0,488.0,488.0,500.0,501.0,514.0,514.0,528.0,529.0,542.0,543.0,557.0,557.0,570.0,570.0,585.0,585.0,599.0,599.0,616.0,616.0,630.0,630.0,644.0,644.0,658.0,658.0,674.0,674.0,689.0,689.0,703.0,703.0,720.0,720.0,735.0,735.0,749.0,749.0,764.0,764.0,779.0,779.0,795.0,795.0,810.0,810.0,825.0,826.0,842.0,842.0,856.0,857.0,869.0,869.0,886.0,886.0,900.0,901.0,916.0,917.0,931.0,931.0,947.0,981.0,1000.0,1000.0,1018.0,,,,,,,,,,,,,,,,,,,,,,,,,,,,,,,,,,,,,,,,,,,,,,,,,,,,,,,,,,,,,,,,,,,,,,,,,,,,,,,,,,,,,,,,,,,,,,,,,,,,,train
247,pull_up,stu4_36.mp4,6.0,56.0,113.0,476.0,549.0,578.0,684.0,688.0,767.0,838.0,907.0,942.0,1015.0,,,,,,,,,,,,,,,,,,,,,,,,,,,,,,,,,,,,,,,,,,,,,,,,,,,,,,,,,,,,,,,,,,,,,,,,,,,,,,,,,,,,,,,,,,,,,,,,,,,,,,,,,,,,,,,,,,,,,,,,,,,,,,,,,,,,,,,,,,,,,,,,,,,,,,,,,,,,,,,,,,,,,,,,,,,,,,,,,,,,,,,,,,,,,train
248,push_up,stu10_41.mp4,8.0,0.0,83.0,83.0,150.0,150.0,234.0,370.0,443.0,443.0,524.0,524.0,609.0,693.0,774.0,774.0,845.0,,,,,,,,,,,,,,,,,,,,,,,,,,,,,,,,,,,,,,,,,,,,,,,,,,,,,,,,,,,,,,,,,,,,,,,,,,,,,,,,,,,,,,,,,,,,,,,,,,,,,,,,,,,,,,,,,,,,,,,,,,,,,,,,,,,,,,,,,,,,,,,,,,,,,,,,,,,,,,,,,,,,,,,,,,,,,,,,,,,,,,,,,train
249,battle_rope,stu8_0.mp4,62.0,26.0,36.0,36.0,49.0,49.0,87.0,87.0,133.0,133.0,172.0,172.0,204.0,204.0,219.0,219.0,229.0,229.0,238.0,238.0,247.0,247.0,258.0,258.0,266.0,266.0,274.0,274.0,284.0,284.0,291.0,291.0,301.0,301.0,309.0,309.0,318.0,318.0,326.0,326.0,336.0,336.0,346.0,346.0,354.0,354.0,361.0,361.0,371.0,371.0,379.0,379.0,391.0,391.0,397.0,397.0,405.0,405.0,415.0,415.0,428.0,428.0,437.0,437.0,445.0,445.0,454.0,454.0,483.0,483.0,518.0,518.0,556.0,556.0,594.0,594.0,629.0,629.0,640.0,640.0,652.0,652.0,662.0,662.0,671.0,671.0,680.0,680.0,687.0,687.0,694.0,694.0,702.0,702.0,710.0,710.0,720.0,720.0,729.0,730.0,738.0,738.0,746.0,746.0,756.0,756.0,764.0,764.0,774.0,774.0,782.0,782.0,790.0,790.0,798.0,798.0,806.0,806.0,815.0,815.0,824.0,825.0,835.0,835.0,845.0,,,,,,,,,,,,,,,,,,,,,,,,,,,,,,,,,,,,,,,,,,,,,,,,,,,,,,,,,,,,,,,,,,,,,,,,,,,,,train
250,front_raise,stu7_15.mp4,4.0,1.0,107.0,108.0,209.0,209.0,318.0,319.0,431.0,,,,,,,,,,,,,,,,,,,,,,,,,,,,,,,,,,,,,,,,,,,,,,,,,,,,,,,,,,,,,,,,,,,,,,,,,,,,,,,,,,,,,,,,,,,,,,,,,,,,,,,,,,,,,,,,,,,,,,,,,,,,,,,,,,,,,,,,,,,,,,,,,,,,,,,,,,,,,,,,,,,,,,,,,,,,,,,,,,,,,,,,,,,,,,,,,train
251,push_up,stu2_47.mp4,20.0,0.0,67.0,67.0,129.0,129.0,201.0,201.0,263.0,263.0,339.0,339.0,419.0,419.0,487.0,488.0,561.0,563.0,640.0,641.0,718.0,718.0,804.0,804.0,903.0,903.0,981.0,981.0,1071.0,1072.0,1144.0,1144.0,1235.0,1237.0,1321.0,1321.0,1408.0,1409.0,1526.0,1526.0,1618.0,,,,,,,,,,,,,,,,,,,,,,,,,,,,,,,,,,,,,,,,,,,,,,,,,,,,,,,,,,,,,,,,,,,,,,,,,,,,,,,,,,,,,,,,,,,,,,,,,,,,,,,,,,,,,,,,,,,,,,,,,,,,,,,,,,,,,,,,,,,,,,,,,,,,,,,,,,,,,,,,,train
252,pull_up,train2527.mp4,4.0,40.0,105.0,105.0,171.0,171.0,229.0,229.0,289.0,,,,,,,,,,,,,,,,,,,,,,,,,,,,,,,,,,,,,,,,,,,,,,,,,,,,,,,,,,,,,,,,,,,,,,,,,,,,,,,,,,,,,,,,,,,,,,,,,,,,,,,,,,,,,,,,,,,,,,,,,,,,,,,,,,,,,,,,,,,,,,,,,,,,,,,,,,,,,,,,,,,,,,,,,,,,,,,,,,,,,,,,,,,,,,,,,train
253,pull_up,stu10_38.mp4,10.0,216.0,270.0,270.0,311.0,311.0,359.0,359.0,409.0,409.0,451.0,451.0,494.0,494.0,537.0,537.0,583.0,583.0,628.0,628.0,678.0,,,,,,,,,,,,,,,,,,,,,,,,,,,,,,,,,,,,,,,,,,,,,,,,,,,,,,,,,,,,,,,,,,,,,,,,,,,,,,,,,,,,,,,,,,,,,,,,,,,,,,,,,,,,,,,,,,,,,,,,,,,,,,,,,,,,,,,,,,,,,,,,,,,,,,,,,,,,,,,,,,,,,,,,,,,,,,,,,,,,,train
254,sit_up,stu1_64.mp4,9.0,278.0,321.0,321.0,390.0,390.0,460.0,460.0,528.0,528.0,599.0,599.0,666.0,666.0,734.0,734.0,807.0,807.0,886.0,,,,,,,,,,,,,,,,,,,,,,,,,,,,,,,,,,,,,,,,,,,,,,,,,,,,,,,,,,,,,,,,,,,,,,,,,,,,,,,,,,,,,,,,,,,,,,,,,,,,,,,,,,,,,,,,,,,,,,,,,,,,,,,,,,,,,,,,,,,,,,,,,,,,,,,,,,,,,,,,,,,,,,,,,,,,,,,,,,,,,,,train
255,front_raise,stu3_13.mp4,3.0,87.0,183.0,183.0,266.0,266.0,358.0,,,,,,,,,,,,,,,,,,,,,,,,,,,,,,,,,,,,,,,,,,,,,,,,,,,,,,,,,,,,,,,,,,,,,,,,,,,,,,,,,,,,,,,,,,,,,,,,,,,,,,,,,,,,,,,,,,,,,,,,,,,,,,,,,,,,,,,,,,,,,,,,,,,,,,,,,,,,,,,,,,,,,,,,,,,,,,,,,,,,,,,,,,,,,,,,,,,train
256,push_up,stu1_52.mp4,30.0,4.0,39.0,39.0,68.0,68.0,93.0,93.0,119.0,119.0,144.0,144.0,181.0,181.0,219.0,219.0,261.0,261.0,292.0,317.0,353.0,353.0,395.0,395.0,426.0,643.0,675.0,675.0,704.0,804.0,836.0,836.0,947.0,947.0,994.0,994.0,1071.0,1071.0,1154.0,1154.0,1205.0,1270.0,1355.0,1355.0,1418.0,1418.0,1473.0,1473.0,1503.0,1503.0,1541.0,1541.0,1572.0,1572.0,1605.0,1605.0,1635.0,1635.0,1676.0,1676.0,1719.0,,,,,,,,,,,,,,,,,,,,,,,,,,,,,,,,,,,,,,,,,,,,,,,,,,,,,,,,,,,,,,,,,,,,,,,,,,,,,,,,,,,,,,,,,,,,,,,,,,,,,,,,,,,,,,,,,,,,,,,,,,,,,,,,,,,,,,,,,,,,,train
257,push_up,stu10_54.mp4,14.0,65.0,125.0,125.0,192.0,192.0,249.0,249.0,305.0,305.0,367.0,367.0,430.0,430.0,486.0,486.0,542.0,542.0,628.0,628.0,737.0,737.0,833.0,833.0,923.0,923.0,1027.0,1027.0,1122.0,,,,,,,,,,,,,,,,,,,,,,,,,,,,,,,,,,,,,,,,,,,,,,,,,,,,,,,,,,,,,,,,,,,,,,,,,,,,,,,,,,,,,,,,,,,,,,,,,,,,,,,,,,,,,,,,,,,,,,,,,,,,,,,,,,,,,,,,,,,,,,,,,,,,,,,,,,,,,,,,,,,,,,,,,,,,,train
258,battle_rope,stu5_0.mp4,49.0,11.0,21.0,21.0,30.0,30.0,38.0,38.0,46.0,46.0,53.0,53.0,63.0,63.0,71.0,71.0,80.0,80.0,89.0,89.0,100.0,100.0,110.0,110.0,118.0,118.0,127.0,127.0,136.0,136.0,145.0,145.0,156.0,156.0,164.0,164.0,172.0,172.0,181.0,181.0,193.0,193.0,202.0,202.0,212.0,212.0,220.0,220.0,232.0,232.0,245.0,245.0,259.0,259.0,269.0,269.0,278.0,278.0,288.0,288.0,299.0,299.0,310.0,310.0,320.0,320.0,330.0,330.0,337.0,337.0,349.0,349.0,360.0,360.0,372.0,372.0,380.0,380.0,389.0,389.0,399.0,399.0,409.0,409.0,418.0,418.0,430.0,430.0,440.0,440.0,448.0,448.0,457.0,457.0,467.0,467.0,478.0,478.0,488.0,,,,,,,,,,,,,,,,,,,,,,,,,,,,,,,,,,,,,,,,,,,,,,,,,,,,,,,,,,,,,,,,,,,,,,,,,,,,,,,,,,,,,,,,,,,,,,,,,,,,,,,train
260,front_raise,test558.mp4,2.0,0.0,127.0,128.0,255.0,,,,,,,,,,,,,,,,,,,,,,,,,,,,,,,,,,,,,,,,,,,,,,,,,,,,,,,,,,,,,,,,,,,,,,,,,,,,,,,,,,,,,,,,,,,,,,,,,,,,,,,,,,,,,,,,,,,,,,,,,,,,,,,,,,,,,,,,,,,,,,,,,,,,,,,,,,,,,,,,,,,,,,,,,,,,,,,,,,,,,,,,,,,,,,,,,,,,,train
261,push_up,stu2_54.mp4,23.0,50.0,76.0,77.0,94.0,94.0,117.0,118.0,139.0,139.0,165.0,166.0,184.0,184.0,205.0,205.0,228.0,229.0,249.0,250.0,273.0,273.0,298.0,298.0,318.0,318.0,343.0,343.0,363.0,365.0,387.0,388.0,412.0,412.0,437.0,437.0,459.0,459.0,483.0,483.0,505.0,505.0,532.0,532.0,556.0,556.0,580.0,,,,,,,,,,,,,,,,,,,,,,,,,,,,,,,,,,,,,,,,,,,,,,,,,,,,,,,,,,,,,,,,,,,,,,,,,,,,,,,,,,,,,,,,,,,,,,,,,,,,,,,,,,,,,,,,,,,,,,,,,,,,,,,,,,,,,,,,,,,,,,,,,,,,,,,,,,,train
262,jump_jacks,val581.mp4,4.0,0.0,46.0,46.0,118.0,118.0,186.0,186.0,265.0,,,,,,,,,,,,,,,,,,,,,,,,,,,,,,,,,,,,,,,,,,,,,,,,,,,,,,,,,,,,,,,,,,,,,,,,,,,,,,,,,,,,,,,,,,,,,,,,,,,,,,,,,,,,,,,,,,,,,,,,,,,,,,,,,,,,,,,,,,,,,,,,,,,,,,,,,,,,,,,,,,,,,,,,,,,,,,,,,,,,,,,,,,,,,,,,,train
263,jump_jacks,test989.mp4,9.0,2.0,15.0,16.0,27.0,28.0,40.0,41.0,58.0,59.0,71.0,72.0,90.0,91.0,108.0,108.0,119.0,119.0,149.0,,,,,,,,,,,,,,,,,,,,,,,,,,,,,,,,,,,,,,,,,,,,,,,,,,,,,,,,,,,,,,,,,,,,,,,,,,,,,,,,,,,,,,,,,,,,,,,,,,,,,,,,,,,,,,,,,,,,,,,,,,,,,,,,,,,,,,,,,,,,,,,,,,,,,,,,,,,,,,,,,,,,,,,,,,,,,,,,,,,,,,,train
264,bench_pressing,stu8_15.mp4,13.0,75.0,153.0,153.0,204.0,204.0,254.0,254.0,338.0,338.0,386.0,386.0,430.0,430.0,533.0,533.0,587.0,801.0,893.0,893.0,951.0,951.0,1003.0,1003.0,1055.0,1055.0,1123.0,,,,,,,,,,,,,,,,,,,,,,,,,,,,,,,,,,,,,,,,,,,,,,,,,,,,,,,,,,,,,,,,,,,,,,,,,,,,,,,,,,,,,,,,,,,,,,,,,,,,,,,,,,,,,,,,,,,,,,,,,,,,,,,,,,,,,,,,,,,,,,,,,,,,,,,,,,,,,,,,,,,,,,,,,,,,,,,train
265,bench_pressing,stu8_8.mp4,11.0,98.0,170.0,170.0,235.0,235.0,302.0,302.0,381.0,381.0,475.0,475.0,544.0,544.0,623.0,623.0,703.0,703.0,778.0,778.0,860.0,860.0,961.0,,,,,,,,,,,,,,,,,,,,,,,,,,,,,,,,,,,,,,,,,,,,,,,,,,,,,,,,,,,,,,,,,,,,,,,,,,,,,,,,,,,,,,,,,,,,,,,,,,,,,,,,,,,,,,,,,,,,,,,,,,,,,,,,,,,,,,,,,,,,,,,,,,,,,,,,,,,,,,,,,,,,,,,,,,,,,,,,,,,train
266,front_raise,stu4_9.mp4,4.0,59.0,254.0,275.0,407.0,408.0,548.0,549.0,651.0,,,,,,,,,,,,,,,,,,,,,,,,,,,,,,,,,,,,,,,,,,,,,,,,,,,,,,,,,,,,,,,,,,,,,,,,,,,,,,,,,,,,,,,,,,,,,,,,,,,,,,,,,,,,,,,,,,,,,,,,,,,,,,,,,,,,,,,,,,,,,,,,,,,,,,,,,,,,,,,,,,,,,,,,,,,,,,,,,,,,,,,,,,,,,,,,,train
267,sit_up,stu2_64.mp4,36.0,0.0,84.0,84.0,122.0,122.0,161.0,161.0,197.0,197.0,233.0,233.0,269.0,269.0,309.0,309.0,348.0,348.0,386.0,386.0,422.0,422.0,461.0,461.0,501.0,501.0,540.0,540.0,577.0,577.0,615.0,615.0,658.0,658.0,694.0,694.0,735.0,735.0,775.0,775.0,813.0,813.0,851.0,851.0,891.0,891.0,932.0,932.0,970.0,970.0,1004.0,1004.0,1047.0,1047.0,1086.0,1086.0,1128.0,1128.0,1163.0,1163.0,1202.0,1202.0,1242.0,1243.0,1278.0,1278.0,1315.0,1315.0,1358.0,1358.0,1395.0,1395.0,1435.0,,,,,,,,,,,,,,,,,,,,,,,,,,,,,,,,,,,,,,,,,,,,,,,,,,,,,,,,,,,,,,,,,,,,,,,,,,,,,,,,,,,,,,,,,,,,,,,,,,,,,,,,,,,,,,,,,,,,,,,,,,,,,,,,,train
268,squat,stu6_59.mp4,10.0,26.0,66.0,66.0,100.0,100.0,141.0,142.0,181.0,181.0,222.0,223.0,257.0,258.0,301.0,301.0,340.0,341.0,384.0,384.0,428.0,,,,,,,,,,,,,,,,,,,,,,,,,,,,,,,,,,,,,,,,,,,,,,,,,,,,,,,,,,,,,,,,,,,,,,,,,,,,,,,,,,,,,,,,,,,,,,,,,,,,,,,,,,,,,,,,,,,,,,,,,,,,,,,,,,,,,,,,,,,,,,,,,,,,,,,,,,,,,,,,,,,,,,,,,,,,,,,,,,,,,train
269,front_raise,train929.mp4,4.0,2.0,49.0,49.0,108.0,108.0,162.0,162.0,220.0,,,,,,,,,,,,,,,,,,,,,,,,,,,,,,,,,,,,,,,,,,,,,,,,,,,,,,,,,,,,,,,,,,,,,,,,,,,,,,,,,,,,,,,,,,,,,,,,,,,,,,,,,,,,,,,,,,,,,,,,,,,,,,,,,,,,,,,,,,,,,,,,,,,,,,,,,,,,,,,,,,,,,,,,,,,,,,,,,,,,,,,,,,,,,,,,,train
270,front_raise,test555.mp4,4.0,28.0,84.0,84.0,147.0,147.0,202.0,202.0,268.0,,,,,,,,,,,,,,,,,,,,,,,,,,,,,,,,,,,,,,,,,,,,,,,,,,,,,,,,,,,,,,,,,,,,,,,,,,,,,,,,,,,,,,,,,,,,,,,,,,,,,,,,,,,,,,,,,,,,,,,,,,,,,,,,,,,,,,,,,,,,,,,,,,,,,,,,,,,,,,,,,,,,,,,,,,,,,,,,,,,,,,,,,,,,,,,,,train
271,sit_up,val1076.mp4,2.0,0.0,143.0,143.0,299.0,,,,,,,,,,,,,,,,,,,,,,,,,,,,,,,,,,,,,,,,,,,,,,,,,,,,,,,,,,,,,,,,,,,,,,,,,,,,,,,,,,,,,,,,,,,,,,,,,,,,,,,,,,,,,,,,,,,,,,,,,,,,,,,,,,,,,,,,,,,,,,,,,,,,,,,,,,,,,,,,,,,,,,,,,,,,,,,,,,,,,,,,,,,,,,,,,,,,,train
272,sit_up,stu5_57.mp4,19.0,101.0,306.0,306.0,378.0,378.0,470.0,470.0,556.0,556.0,642.0,642.0,730.0,730.0,817.0,817.0,904.0,904.0,945.0,946.0,978.0,978.0,1017.0,1017.0,1056.0,1057.0,1093.0,1093.0,1131.0,1132.0,1170.0,1221.0,1283.0,1283.0,1347.0,1347.0,1409.0,1409.0,1481.0,,,,,,,,,,,,,,,,,,,,,,,,,,,,,,,,,,,,,,,,,,,,,,,,,,,,,,,,,,,,,,,,,,,,,,,,,,,,,,,,,,,,,,,,,,,,,,,,,,,,,,,,,,,,,,,,,,,,,,,,,,,,,,,,,,,,,,,,,,,,,,,,,,,,,,,,,,,,,,,,,,,train
273,squat,stu9_69.mp4,21.0,11.0,105.0,105.0,228.0,228.0,340.0,340.0,444.0,444.0,544.0,544.0,646.0,646.0,749.0,749.0,858.0,858.0,962.0,962.0,1063.0,1138.0,1264.0,1264.0,1390.0,1442.0,1564.0,1564.0,1686.0,1686.0,1806.0,1806.0,1943.0,1943.0,2077.0,2077.0,2191.0,2191.0,2303.0,2303.0,2425.0,2425.0,2545.0,,,,,,,,,,,,,,,,,,,,,,,,,,,,,,,,,,,,,,,,,,,,,,,,,,,,,,,,,,,,,,,,,,,,,,,,,,,,,,,,,,,,,,,,,,,,,,,,,,,,,,,,,,,,,,,,,,,,,,,,,,,,,,,,,,,,,,,,,,,,,,,,,,,,,,,,,,,,,,,train
274,pull_up,val828.mp4,4.0,0.0,54.0,56.0,119.0,121.0,182.0,184.0,260.0,,,,,,,,,,,,,,,,,,,,,,,,,,,,,,,,,,,,,,,,,,,,,,,,,,,,,,,,,,,,,,,,,,,,,,,,,,,,,,,,,,,,,,,,,,,,,,,,,,,,,,,,,,,,,,,,,,,,,,,,,,,,,,,,,,,,,,,,,,,,,,,,,,,,,,,,,,,,,,,,,,,,,,,,,,,,,,,,,,,,,,,,,,,,,,,,,train
275,sit_up,stu1_56.mp4,141.0,272.0,283.0,283.0,291.0,291.0,300.0,300.0,310.0,310.0,319.0,319.0,328.0,328.0,337.0,337.0,347.0,347.0,357.0,357.0,365.0,365.0,375.0,375.0,383.0,383.0,392.0,392.0,400.0,400.0,410.0,410.0,420.0,420.0,430.0,430.0,439.0,439.0,447.0,447.0,457.0,457.0,467.0,467.0,476.0,476.0,485.0,485.0,496.0,496.0,504.0,504.0,514.0,514.0,523.0,523.0,533.0,533.0,542.0,542.0,550.0,550.0,560.0,560.0,568.0,568.0,578.0,578.0,587.0,587.0,598.0,598.0,608.0,608.0,615.0,615.0,626.0,626.0,634.0,634.0,645.0,645.0,654.0,654.0,665.0,665.0,674.0,674.0,684.0,684.0,694.0,694.0,703.0,703.0,712.0,712.0,722.0,722.0,730.0,730.0,740.0,740.0,749.0,749.0,758.0,758.0,768.0,768.0,776.0,776.0,787.0,787.0,797.0,797.0,806.0,806.0,814.0,814.0,823.0,823.0,831.0,831.0,840.0,840.0,850.0,850.0,861.0,861.0,870.0,870.0,879.0,879.0,889.0,889.0,898.0,898.0,907.0,907.0,917.0,917.0,927.0,927.0,936.0,936.0,946.0,946.0,955.0,955.0,965.0,965.0,974.0,974.0,983.0,983.0,992.0,992.0,1002.0,1002.0,1010.0,1010.0,1021.0,1021.0,1029.0,1029.0,1038.0,1038.0,1048.0,1048.0,1057.0,1057.0,1064.0,1064.0,1074.0,1074.0,1085.0,1085.0,1094.0,1094.0,1104.0,1104.0,1113.0,1113.0,1123.0,1123.0,1134.0,1134.0,1143.0,1143.0,1152.0,1152.0,1162.0,1162.0,1171.0,1171.0,1183.0,1183.0,1192.0,1192.0,1202.0,1202.0,1212.0,train
276,push_up,train2734.mp4,2.0,1.0,131.0,132.0,267.0,,,,,,,,,,,,,,,,,,,,,,,,,,,,,,,,,,,,,,,,,,,,,,,,,,,,,,,,,,,,,,,,,,,,,,,,,,,,,,,,,,,,,,,,,,,,,,,,,,,,,,,,,,,,,,,,,,,,,,,,,,,,,,,,,,,,,,,,,,,,,,,,,,,,,,,,,,,,,,,,,,,,,,,,,,,,,,,,,,,,,,,,,,,,,,,,,,,,,train
277,push_up,train2649.mp4,4.0,12.0,74.0,77.0,143.0,149.0,201.0,209.0,273.0,,,,,,,,,,,,,,,,,,,,,,,,,,,,,,,,,,,,,,,,,,,,,,,,,,,,,,,,,,,,,,,,,,,,,,,,,,,,,,,,,,,,,,,,,,,,,,,,,,,,,,,,,,,,,,,,,,,,,,,,,,,,,,,,,,,,,,,,,,,,,,,,,,,,,,,,,,,,,,,,,,,,,,,,,,,,,,,,,,,,,,,,,,,,,,,,,train
278,bench_pressing,stu1_2.mp4,7.0,160.0,282.0,282.0,407.0,407.0,505.0,505.0,610.0,610.0,704.0,704.0,792.0,792.0,882.0,,,,,,,,,,,,,,,,,,,,,,,,,,,,,,,,,,,,,,,,,,,,,,,,,,,,,,,,,,,,,,,,,,,,,,,,,,,,,,,,,,,,,,,,,,,,,,,,,,,,,,,,,,,,,,,,,,,,,,,,,,,,,,,,,,,,,,,,,,,,,,,,,,,,,,,,,,,,,,,,,,,,,,,,,,,,,,,,,,,,,,,,,,,train
279,front_raise,stu8_22.mp4,10.0,4.0,50.0,51.0,94.0,94.0,133.0,133.0,172.0,172.0,211.0,211.0,245.0,329.0,390.0,390.0,436.0,436.0,499.0,499.0,550.0,,,,,,,,,,,,,,,,,,,,,,,,,,,,,,,,,,,,,,,,,,,,,,,,,,,,,,,,,,,,,,,,,,,,,,,,,,,,,,,,,,,,,,,,,,,,,,,,,,,,,,,,,,,,,,,,,,,,,,,,,,,,,,,,,,,,,,,,,,,,,,,,,,,,,,,,,,,,,,,,,,,,,,,,,,,,,,,,,,,,,train
280,push_up,stu2_52.mp4,6.0,597.0,727.0,727.0,799.0,800.0,830.0,831.0,882.0,882.0,919.0,919.0,1000.0,,,,,,,,,,,,,,,,,,,,,,,,,,,,,,,,,,,,,,,,,,,,,,,,,,,,,,,,,,,,,,,,,,,,,,,,,,,,,,,,,,,,,,,,,,,,,,,,,,,,,,,,,,,,,,,,,,,,,,,,,,,,,,,,,,,,,,,,,,,,,,,,,,,,,,,,,,,,,,,,,,,,,,,,,,,,,,,,,,,,,,,,,,,,,train
281,front_raise,stu1_16.mp4,3.0,616.0,711.0,711.0,763.0,763.0,839.0,,,,,,,,,,,,,,,,,,,,,,,,,,,,,,,,,,,,,,,,,,,,,,,,,,,,,,,,,,,,,,,,,,,,,,,,,,,,,,,,,,,,,,,,,,,,,,,,,,,,,,,,,,,,,,,,,,,,,,,,,,,,,,,,,,,,,,,,,,,,,,,,,,,,,,,,,,,,,,,,,,,,,,,,,,,,,,,,,,,,,,,,,,,,,,,,,,,train
282,front_raise,stu3_17.mp4,5.0,7.0,83.0,83.0,157.0,157.0,222.0,241.0,313.0,313.0,377.0,,,,,,,,,,,,,,,,,,,,,,,,,,,,,,,,,,,,,,,,,,,,,,,,,,,,,,,,,,,,,,,,,,,,,,,,,,,,,,,,,,,,,,,,,,,,,,,,,,,,,,,,,,,,,,,,,,,,,,,,,,,,,,,,,,,,,,,,,,,,,,,,,,,,,,,,,,,,,,,,,,,,,,,,,,,,,,,,,,,,,,,,,,,,,,,train
283,bench_pressing,test127.mp4,5.0,0.0,45.0,45.0,97.0,97.0,152.0,152.0,207.0,207.0,260.0,,,,,,,,,,,,,,,,,,,,,,,,,,,,,,,,,,,,,,,,,,,,,,,,,,,,,,,,,,,,,,,,,,,,,,,,,,,,,,,,,,,,,,,,,,,,,,,,,,,,,,,,,,,,,,,,,,,,,,,,,,,,,,,,,,,,,,,,,,,,,,,,,,,,,,,,,,,,,,,,,,,,,,,,,,,,,,,,,,,,,,,,,,,,,,,train
284,push_up,stu1_46.mp4,9.0,370.0,417.0,417.0,462.0,462.0,502.0,502.0,548.0,548.0,596.0,596.0,646.0,646.0,699.0,699.0,756.0,756.0,814.0,,,,,,,,,,,,,,,,,,,,,,,,,,,,,,,,,,,,,,,,,,,,,,,,,,,,,,,,,,,,,,,,,,,,,,,,,,,,,,,,,,,,,,,,,,,,,,,,,,,,,,,,,,,,,,,,,,,,,,,,,,,,,,,,,,,,,,,,,,,,,,,,,,,,,,,,,,,,,,,,,,,,,,,,,,,,,,,,,,,,,,,train
285,pull_up,stu4_38.mp4,26.0,147.0,187.0,187.0,221.0,221.0,253.0,253.0,287.0,288.0,319.0,320.0,353.0,354.0,386.0,387.0,421.0,422.0,453.0,453.0,490.0,491.0,521.0,521.0,556.0,556.0,592.0,592.0,625.0,625.0,661.0,661.0,695.0,696.0,730.0,731.0,764.0,765.0,802.0,803.0,839.0,839.0,880.0,881.0,924.0,925.0,977.0,977.0,1028.0,1028.0,1111.0,1112.0,1184.0,,,,,,,,,,,,,,,,,,,,,,,,,,,,,,,,,,,,,,,,,,,,,,,,,,,,,,,,,,,,,,,,,,,,,,,,,,,,,,,,,,,,,,,,,,,,,,,,,,,,,,,,,,,,,,,,,,,,,,,,,,,,,,,,,,,,,,,,,,,,,,,,,,,,,train
286,squat,stu10_71.mp4,4.0,4.0,158.0,158.0,264.0,264.0,363.0,364.0,431.0,,,,,,,,,,,,,,,,,,,,,,,,,,,,,,,,,,,,,,,,,,,,,,,,,,,,,,,,,,,,,,,,,,,,,,,,,,,,,,,,,,,,,,,,,,,,,,,,,,,,,,,,,,,,,,,,,,,,,,,,,,,,,,,,,,,,,,,,,,,,,,,,,,,,,,,,,,,,,,,,,,,,,,,,,,,,,,,,,,,,,,,,,,,,,,,,,train
287,bench_pressing,stu10_4.mp4,12.0,626.0,681.0,681.0,726.0,726.0,757.0,757.0,787.0,787.0,812.0,812.0,838.0,838.0,863.0,863.0,888.0,888.0,915.0,916.0,940.0,940.0,964.0,964.0,997.0,,,,,,,,,,,,,,,,,,,,,,,,,,,,,,,,,,,,,,,,,,,,,,,,,,,,,,,,,,,,,,,,,,,,,,,,,,,,,,,,,,,,,,,,,,,,,,,,,,,,,,,,,,,,,,,,,,,,,,,,,,,,,,,,,,,,,,,,,,,,,,,,,,,,,,,,,,,,,,,,,,,,,,,,,,,,,,,,,train
288,push_up,stu7_47.mp4,16.0,2.0,51.0,52.0,107.0,113.0,162.0,162.0,216.0,221.0,274.0,278.0,331.0,335.0,383.0,384.0,453.0,456.0,510.0,514.0,573.0,576.0,634.0,636.0,692.0,698.0,767.0,770.0,837.0,846.0,920.0,925.0,989.0,,,,,,,,,,,,,,,,,,,,,,,,,,,,,,,,,,,,,,,,,,,,,,,,,,,,,,,,,,,,,,,,,,,,,,,,,,,,,,,,,,,,,,,,,,,,,,,,,,,,,,,,,,,,,,,,,,,,,,,,,,,,,,,,,,,,,,,,,,,,,,,,,,,,,,,,,,,,,,,,,,,,,,,,,train
289,bench_pressing,stu5_6.mp4,5.0,594.0,685.0,685.0,812.0,812.0,953.0,953.0,1139.0,1139.0,1382.0,,,,,,,,,,,,,,,,,,,,,,,,,,,,,,,,,,,,,,,,,,,,,,,,,,,,,,,,,,,,,,,,,,,,,,,,,,,,,,,,,,,,,,,,,,,,,,,,,,,,,,,,,,,,,,,,,,,,,,,,,,,,,,,,,,,,,,,,,,,,,,,,,,,,,,,,,,,,,,,,,,,,,,,,,,,,,,,,,,,,,,,,,,,,,,,train
290,jump_jacks,stu3_24.mp4,13.0,52.0,81.0,81.0,109.0,109.0,197.0,197.0,271.0,271.0,298.0,298.0,326.0,326.0,353.0,353.0,383.0,383.0,408.0,408.0,436.0,436.0,465.0,465.0,492.0,492.0,519.0,,,,,,,,,,,,,,,,,,,,,,,,,,,,,,,,,,,,,,,,,,,,,,,,,,,,,,,,,,,,,,,,,,,,,,,,,,,,,,,,,,,,,,,,,,,,,,,,,,,,,,,,,,,,,,,,,,,,,,,,,,,,,,,,,,,,,,,,,,,,,,,,,,,,,,,,,,,,,,,,,,,,,,,,,,,,,,,train
291,sit_up,train3316.mp4,4.0,27.0,97.0,97.0,168.0,168.0,232.0,232.0,299.0,,,,,,,,,,,,,,,,,,,,,,,,,,,,,,,,,,,,,,,,,,,,,,,,,,,,,,,,,,,,,,,,,,,,,,,,,,,,,,,,,,,,,,,,,,,,,,,,,,,,,,,,,,,,,,,,,,,,,,,,,,,,,,,,,,,,,,,,,,,,,,,,,,,,,,,,,,,,,,,,,,,,,,,,,,,,,,,,,,,,,,,,,,,,,,,,,train
292,front_raise,stu4_10.mp4,13.0,5.0,42.0,42.0,92.0,93.0,145.0,145.0,194.0,194.0,243.0,243.0,296.0,297.0,340.0,341.0,387.0,387.0,439.0,440.0,491.0,492.0,534.0,535.0,584.0,586.0,624.0,,,,,,,,,,,,,,,,,,,,,,,,,,,,,,,,,,,,,,,,,,,,,,,,,,,,,,,,,,,,,,,,,,,,,,,,,,,,,,,,,,,,,,,,,,,,,,,,,,,,,,,,,,,,,,,,,,,,,,,,,,,,,,,,,,,,,,,,,,,,,,,,,,,,,,,,,,,,,,,,,,,,,,,,,,,,,,,train
293,push_up,stu2_50.mp4,25.0,197.0,427.0,427.0,465.0,465.0,514.0,514.0,565.0,565.0,613.0,613.0,666.0,667.0,719.0,719.0,774.0,774.0,823.0,824.0,873.0,873.0,921.0,921.0,966.0,966.0,1028.0,1028.0,1077.0,1097.0,1135.0,1136.0,1155.0,1156.0,1172.0,1172.0,1181.0,1181.0,1209.0,1209.0,1262.0,1263.0,1311.0,1311.0,1363.0,1363.0,1416.0,1416.0,1468.0,1468.0,1515.0,,,,,,,,,,,,,,,,,,,,,,,,,,,,,,,,,,,,,,,,,,,,,,,,,,,,,,,,,,,,,,,,,,,,,,,,,,,,,,,,,,,,,,,,,,,,,,,,,,,,,,,,,,,,,,,,,,,,,,,,,,,,,,,,,,,,,,,,,,,,,,,,,,,,,,,train
294,pull_up,stu4_30.mp4,1.0,60.0,630.0,,,,,,,,,,,,,,,,,,,,,,,,,,,,,,,,,,,,,,,,,,,,,,,,,,,,,,,,,,,,,,,,,,,,,,,,,,,,,,,,,,,,,,,,,,,,,,,,,,,,,,,,,,,,,,,,,,,,,,,,,,,,,,,,,,,,,,,,,,,,,,,,,,,,,,,,,,,,,,,,,,,,,,,,,,,,,,,,,,,,,,,,,,,,,,,,,,,,,,,train
295,front_raise,stu2_19.mp4,5.0,29.0,148.0,148.0,272.0,272.0,387.0,387.0,489.0,490.0,595.0,,,,,,,,,,,,,,,,,,,,,,,,,,,,,,,,,,,,,,,,,,,,,,,,,,,,,,,,,,,,,,,,,,,,,,,,,,,,,,,,,,,,,,,,,,,,,,,,,,,,,,,,,,,,,,,,,,,,,,,,,,,,,,,,,,,,,,,,,,,,,,,,,,,,,,,,,,,,,,,,,,,,,,,,,,,,,,,,,,,,,,,,,,,,,,,train
296,bench_pressing,stu8_2.mp4,11.0,196.0,256.0,256.0,287.0,287.0,316.0,316.0,344.0,344.0,370.0,370.0,402.0,505.0,564.0,564.0,600.0,600.0,638.0,638.0,678.0,678.0,726.0,,,,,,,,,,,,,,,,,,,,,,,,,,,,,,,,,,,,,,,,,,,,,,,,,,,,,,,,,,,,,,,,,,,,,,,,,,,,,,,,,,,,,,,,,,,,,,,,,,,,,,,,,,,,,,,,,,,,,,,,,,,,,,,,,,,,,,,,,,,,,,,,,,,,,,,,,,,,,,,,,,,,,,,,,,,,,,,,,,,train
297,pull_up,stu5_41.mp4,34.0,17.0,55.0,55.0,83.0,83.0,124.0,124.0,157.0,157.0,191.0,191.0,227.0,227.0,261.0,261.0,296.0,297.0,331.0,331.0,367.0,367.0,404.0,404.0,442.0,442.0,478.0,478.0,513.0,513.0,554.0,554.0,593.0,593.0,633.0,633.0,673.0,673.0,715.0,715.0,758.0,758.0,800.0,800.0,844.0,844.0,887.0,887.0,930.0,930.0,977.0,977.0,1027.0,1027.0,1075.0,1075.0,1123.0,1124.0,1165.0,1165.0,1217.0,1407.0,1456.0,1456.0,1508.0,1635.0,1683.0,1683.0,1735.0,,,,,,,,,,,,,,,,,,,,,,,,,,,,,,,,,,,,,,,,,,,,,,,,,,,,,,,,,,,,,,,,,,,,,,,,,,,,,,,,,,,,,,,,,,,,,,,,,,,,,,,,,,,,,,,,,,,,,,,,,,,,,,,,,,,,,train
298,front_raise,stu1_21.mp4,4.0,190.0,281.0,281.0,371.0,371.0,548.0,548.0,719.0,,,,,,,,,,,,,,,,,,,,,,,,,,,,,,,,,,,,,,,,,,,,,,,,,,,,,,,,,,,,,,,,,,,,,,,,,,,,,,,,,,,,,,,,,,,,,,,,,,,,,,,,,,,,,,,,,,,,,,,,,,,,,,,,,,,,,,,,,,,,,,,,,,,,,,,,,,,,,,,,,,,,,,,,,,,,,,,,,,,,,,,,,,,,,,,,,train
299,squat,val1256.mp4,2.0,60.0,171.0,171.0,299.0,,,,,,,,,,,,,,,,,,,,,,,,,,,,,,,,,,,,,,,,,,,,,,,,,,,,,,,,,,,,,,,,,,,,,,,,,,,,,,,,,,,,,,,,,,,,,,,,,,,,,,,,,,,,,,,,,,,,,,,,,,,,,,,,,,,,,,,,,,,,,,,,,,,,,,,,,,,,,,,,,,,,,,,,,,,,,,,,,,,,,,,,,,,,,,,,,,,,,train
300,push_up,stu9_49.mp4,5.0,342.0,417.0,496.0,559.0,610.0,666.0,696.0,750.0,773.0,834.0,,,,,,,,,,,,,,,,,,,,,,,,,,,,,,,,,,,,,,,,,,,,,,,,,,,,,,,,,,,,,,,,,,,,,,,,,,,,,,,,,,,,,,,,,,,,,,,,,,,,,,,,,,,,,,,,,,,,,,,,,,,,,,,,,,,,,,,,,,,,,,,,,,,,,,,,,,,,,,,,,,,,,,,,,,,,,,,,,,,,,,,,,,,,,,,train
301,push_up,stu6_45.mp4,10.0,75.0,155.0,156.0,258.0,259.0,339.0,339.0,408.0,408.0,489.0,489.0,552.0,552.0,630.0,630.0,711.0,711.0,790.0,795.0,866.0,,,,,,,,,,,,,,,,,,,,,,,,,,,,,,,,,,,,,,,,,,,,,,,,,,,,,,,,,,,,,,,,,,,,,,,,,,,,,,,,,,,,,,,,,,,,,,,,,,,,,,,,,,,,,,,,,,,,,,,,,,,,,,,,,,,,,,,,,,,,,,,,,,,,,,,,,,,,,,,,,,,,,,,,,,,,,,,,,,,,,train
302,bench_pressing,stu4_6.mp4,8.0,671.0,722.0,722.0,752.0,752.0,785.0,786.0,820.0,820.0,856.0,856.0,891.0,891.0,929.0,929.0,969.0,,,,,,,,,,,,,,,,,,,,,,,,,,,,,,,,,,,,,,,,,,,,,,,,,,,,,,,,,,,,,,,,,,,,,,,,,,,,,,,,,,,,,,,,,,,,,,,,,,,,,,,,,,,,,,,,,,,,,,,,,,,,,,,,,,,,,,,,,,,,,,,,,,,,,,,,,,,,,,,,,,,,,,,,,,,,,,,,,,,,,,,,,train
303,pull_up,stu9_43.mp4,18.0,70.0,166.0,166.0,250.0,250.0,331.0,331.0,415.0,415.0,499.0,499.0,587.0,587.0,678.0,678.0,769.0,769.0,871.0,871.0,963.0,963.0,1055.0,1141.0,1226.0,1226.0,1312.0,1312.0,1398.0,1398.0,1488.0,1488.0,1578.0,1578.0,1664.0,1664.0,1753.0,,,,,,,,,,,,,,,,,,,,,,,,,,,,,,,,,,,,,,,,,,,,,,,,,,,,,,,,,,,,,,,,,,,,,,,,,,,,,,,,,,,,,,,,,,,,,,,,,,,,,,,,,,,,,,,,,,,,,,,,,,,,,,,,,,,,,,,,,,,,,,,,,,,,,,,,,,,,,,,,,,,,,train
304,squat,test2326.mp4,2.0,5.0,118.0,118.0,264.0,,,,,,,,,,,,,,,,,,,,,,,,,,,,,,,,,,,,,,,,,,,,,,,,,,,,,,,,,,,,,,,,,,,,,,,,,,,,,,,,,,,,,,,,,,,,,,,,,,,,,,,,,,,,,,,,,,,,,,,,,,,,,,,,,,,,,,,,,,,,,,,,,,,,,,,,,,,,,,,,,,,,,,,,,,,,,,,,,,,,,,,,,,,,,,,,,,,,,train
305,jump_jacks,stu3_30.mp4,16.0,0.0,15.0,15.0,26.0,26.0,38.0,38.0,52.0,52.0,64.0,65.0,77.0,77.0,90.0,90.0,102.0,102.0,115.0,115.0,128.0,128.0,140.0,140.0,153.0,153.0,167.0,167.0,179.0,179.0,191.0,191.0,204.0,,,,,,,,,,,,,,,,,,,,,,,,,,,,,,,,,,,,,,,,,,,,,,,,,,,,,,,,,,,,,,,,,,,,,,,,,,,,,,,,,,,,,,,,,,,,,,,,,,,,,,,,,,,,,,,,,,,,,,,,,,,,,,,,,,,,,,,,,,,,,,,,,,,,,,,,,,,,,,,,,,,,,,,,,train
306,jump_jacks,stu8_29.mp4,41.0,105.0,139.0,139.0,170.0,170.0,201.0,201.0,231.0,231.0,261.0,261.0,293.0,293.0,319.0,319.0,351.0,351.0,383.0,383.0,412.0,412.0,438.0,438.0,472.0,472.0,500.0,500.0,535.0,535.0,563.0,563.0,590.0,590.0,618.0,618.0,648.0,648.0,678.0,678.0,712.0,712.0,745.0,1026.0,1055.0,1055.0,1084.0,1084.0,1115.0,1115.0,1147.0,1147.0,1178.0,1178.0,1207.0,1207.0,1234.0,1234.0,1266.0,1266.0,1295.0,1295.0,1323.0,1323.0,1352.0,1352.0,1385.0,1385.0,1413.0,1413.0,1447.0,1447.0,1478.0,1478.0,1506.0,1506.0,1536.0,1536.0,1564.0,1564.0,1595.0,1595.0,1629.0,,,,,,,,,,,,,,,,,,,,,,,,,,,,,,,,,,,,,,,,,,,,,,,,,,,,,,,,,,,,,,,,,,,,,,,,,,,,,,,,,,,,,,,,,,,,,,,,,,,,,,,,,,,,,,,,,,,,,,,train
307,sit_up,stu1_58.mp4,7.0,3.0,187.0,187.0,561.0,561.0,763.0,763.0,922.0,922.0,1091.0,1091.0,1219.0,1219.0,1437.0,,,,,,,,,,,,,,,,,,,,,,,,,,,,,,,,,,,,,,,,,,,,,,,,,,,,,,,,,,,,,,,,,,,,,,,,,,,,,,,,,,,,,,,,,,,,,,,,,,,,,,,,,,,,,,,,,,,,,,,,,,,,,,,,,,,,,,,,,,,,,,,,,,,,,,,,,,,,,,,,,,,,,,,,,,,,,,,,,,,,,,,,,,,train
308,sit_up,stu4_55.mp4,16.0,1.0,37.0,38.0,81.0,81.0,138.0,139.0,185.0,186.0,256.0,258.0,327.0,455.0,533.0,534.0,596.0,597.0,661.0,662.0,735.0,737.0,819.0,820.0,882.0,883.0,956.0,957.0,1054.0,1055.0,1145.0,1146.0,1243.0,,,,,,,,,,,,,,,,,,,,,,,,,,,,,,,,,,,,,,,,,,,,,,,,,,,,,,,,,,,,,,,,,,,,,,,,,,,,,,,,,,,,,,,,,,,,,,,,,,,,,,,,,,,,,,,,,,,,,,,,,,,,,,,,,,,,,,,,,,,,,,,,,,,,,,,,,,,,,,,,,,,,,,,,,train
309,push_up,train2645.mp4,3.0,3.0,105.0,113.0,225.0,229.0,299.0,,,,,,,,,,,,,,,,,,,,,,,,,,,,,,,,,,,,,,,,,,,,,,,,,,,,,,,,,,,,,,,,,,,,,,,,,,,,,,,,,,,,,,,,,,,,,,,,,,,,,,,,,,,,,,,,,,,,,,,,,,,,,,,,,,,,,,,,,,,,,,,,,,,,,,,,,,,,,,,,,,,,,,,,,,,,,,,,,,,,,,,,,,,,,,,,,,,train
310,pull_up,stu6_27.mp4,5.0,2.0,64.0,67.0,130.0,178.0,256.0,268.0,325.0,343.0,404.0,,,,,,,,,,,,,,,,,,,,,,,,,,,,,,,,,,,,,,,,,,,,,,,,,,,,,,,,,,,,,,,,,,,,,,,,,,,,,,,,,,,,,,,,,,,,,,,,,,,,,,,,,,,,,,,,,,,,,,,,,,,,,,,,,,,,,,,,,,,,,,,,,,,,,,,,,,,,,,,,,,,,,,,,,,,,,,,,,,,,,,,,,,,,,,,train
311,pull_up,stu4_31.mp4,6.0,127.0,235.0,235.0,353.0,353.0,444.0,444.0,550.0,550.0,647.0,647.0,836.0,,,,,,,,,,,,,,,,,,,,,,,,,,,,,,,,,,,,,,,,,,,,,,,,,,,,,,,,,,,,,,,,,,,,,,,,,,,,,,,,,,,,,,,,,,,,,,,,,,,,,,,,,,,,,,,,,,,,,,,,,,,,,,,,,,,,,,,,,,,,,,,,,,,,,,,,,,,,,,,,,,,,,,,,,,,,,,,,,,,,,,,,,,,,,train
312,bench_pressing,stu2_8.mp4,14.0,125.0,156.0,157.0,186.0,187.0,214.0,214.0,241.0,242.0,270.0,270.0,298.0,299.0,327.0,327.0,388.0,389.0,419.0,1173.0,1212.0,1212.0,1245.0,1245.0,1275.0,1275.0,1305.0,1306.0,1336.0,,,,,,,,,,,,,,,,,,,,,,,,,,,,,,,,,,,,,,,,,,,,,,,,,,,,,,,,,,,,,,,,,,,,,,,,,,,,,,,,,,,,,,,,,,,,,,,,,,,,,,,,,,,,,,,,,,,,,,,,,,,,,,,,,,,,,,,,,,,,,,,,,,,,,,,,,,,,,,,,,,,,,,,,,,,,,train
313,squat,stu3_72.mp4,1.0,127.0,299.0,,,,,,,,,,,,,,,,,,,,,,,,,,,,,,,,,,,,,,,,,,,,,,,,,,,,,,,,,,,,,,,,,,,,,,,,,,,,,,,,,,,,,,,,,,,,,,,,,,,,,,,,,,,,,,,,,,,,,,,,,,,,,,,,,,,,,,,,,,,,,,,,,,,,,,,,,,,,,,,,,,,,,,,,,,,,,,,,,,,,,,,,,,,,,,,,,,,,,,,train
314,jump_jacks,stu8_24.mp4,21.0,199.0,237.0,237.0,287.0,287.0,318.0,549.0,613.0,614.0,693.0,693.0,764.0,764.0,841.0,984.0,1026.0,1026.0,1056.0,1056.0,1082.0,1082.0,1107.0,1107.0,1134.0,1134.0,1162.0,1162.0,1191.0,1191.0,1221.0,1357.0,1420.0,1420.0,1460.0,1460.0,1491.0,1491.0,1549.0,1549.0,1584.0,1584.0,1614.0,,,,,,,,,,,,,,,,,,,,,,,,,,,,,,,,,,,,,,,,,,,,,,,,,,,,,,,,,,,,,,,,,,,,,,,,,,,,,,,,,,,,,,,,,,,,,,,,,,,,,,,,,,,,,,,,,,,,,,,,,,,,,,,,,,,,,,,,,,,,,,,,,,,,,,,,,,,,,,,train
315,push_up,val892.mp4,2.0,3.0,118.0,119.0,233.0,,,,,,,,,,,,,,,,,,,,,,,,,,,,,,,,,,,,,,,,,,,,,,,,,,,,,,,,,,,,,,,,,,,,,,,,,,,,,,,,,,,,,,,,,,,,,,,,,,,,,,,,,,,,,,,,,,,,,,,,,,,,,,,,,,,,,,,,,,,,,,,,,,,,,,,,,,,,,,,,,,,,,,,,,,,,,,,,,,,,,,,,,,,,,,,,,,,,,train
316,front_raise,test557.mp4,3.0,24.0,111.0,113.0,212.0,213.0,299.0,,,,,,,,,,,,,,,,,,,,,,,,,,,,,,,,,,,,,,,,,,,,,,,,,,,,,,,,,,,,,,,,,,,,,,,,,,,,,,,,,,,,,,,,,,,,,,,,,,,,,,,,,,,,,,,,,,,,,,,,,,,,,,,,,,,,,,,,,,,,,,,,,,,,,,,,,,,,,,,,,,,,,,,,,,,,,,,,,,,,,,,,,,,,,,,,,,,train
317,squat,stu8_68.mp4,3.0,113.0,160.0,160.0,210.0,210.0,272.0,,,,,,,,,,,,,,,,,,,,,,,,,,,,,,,,,,,,,,,,,,,,,,,,,,,,,,,,,,,,,,,,,,,,,,,,,,,,,,,,,,,,,,,,,,,,,,,,,,,,,,,,,,,,,,,,,,,,,,,,,,,,,,,,,,,,,,,,,,,,,,,,,,,,,,,,,,,,,,,,,,,,,,,,,,,,,,,,,,,,,,,,,,,,,,,,,,,train
318,bench_pressing,stu5_10.mp4,8.0,708.0,768.0,768.0,824.0,824.0,875.0,875.0,926.0,926.0,983.0,983.0,1052.0,1052.0,1153.0,1225.0,1319.0,,,,,,,,,,,,,,,,,,,,,,,,,,,,,,,,,,,,,,,,,,,,,,,,,,,,,,,,,,,,,,,,,,,,,,,,,,,,,,,,,,,,,,,,,,,,,,,,,,,,,,,,,,,,,,,,,,,,,,,,,,,,,,,,,,,,,,,,,,,,,,,,,,,,,,,,,,,,,,,,,,,,,,,,,,,,,,,,,,,,,,,,,train
319,pull_up,test1483.mp4,5.0,3.0,57.0,57.0,107.0,107.0,165.0,165.0,234.0,234.0,299.0,,,,,,,,,,,,,,,,,,,,,,,,,,,,,,,,,,,,,,,,,,,,,,,,,,,,,,,,,,,,,,,,,,,,,,,,,,,,,,,,,,,,,,,,,,,,,,,,,,,,,,,,,,,,,,,,,,,,,,,,,,,,,,,,,,,,,,,,,,,,,,,,,,,,,,,,,,,,,,,,,,,,,,,,,,,,,,,,,,,,,,,,,,,,,,,train
320,sit_up,stu4_53.mp4,9.0,18.0,125.0,209.0,312.0,386.0,487.0,554.0,781.0,783.0,862.0,863.0,1015.0,1106.0,1201.0,1285.0,1390.0,1466.0,1558.0,,,,,,,,,,,,,,,,,,,,,,,,,,,,,,,,,,,,,,,,,,,,,,,,,,,,,,,,,,,,,,,,,,,,,,,,,,,,,,,,,,,,,,,,,,,,,,,,,,,,,,,,,,,,,,,,,,,,,,,,,,,,,,,,,,,,,,,,,,,,,,,,,,,,,,,,,,,,,,,,,,,,,,,,,,,,,,,,,,,,,,,train
321,jump_jacks,stu2_31.mp4,19.0,82.0,118.0,118.0,145.0,145.0,172.0,172.0,198.0,198.0,228.0,228.0,253.0,253.0,285.0,285.0,316.0,316.0,342.0,342.0,371.0,371.0,399.0,399.0,430.0,430.0,460.0,460.0,487.0,487.0,514.0,514.0,543.0,543.0,571.0,571.0,603.0,603.0,633.0,,,,,,,,,,,,,,,,,,,,,,,,,,,,,,,,,,,,,,,,,,,,,,,,,,,,,,,,,,,,,,,,,,,,,,,,,,,,,,,,,,,,,,,,,,,,,,,,,,,,,,,,,,,,,,,,,,,,,,,,,,,,,,,,,,,,,,,,,,,,,,,,,,,,,,,,,,,,,,,,,,,train
322,front_raise,test570.mp4,3.0,0.0,95.0,95.0,177.0,177.0,262.0,,,,,,,,,,,,,,,,,,,,,,,,,,,,,,,,,,,,,,,,,,,,,,,,,,,,,,,,,,,,,,,,,,,,,,,,,,,,,,,,,,,,,,,,,,,,,,,,,,,,,,,,,,,,,,,,,,,,,,,,,,,,,,,,,,,,,,,,,,,,,,,,,,,,,,,,,,,,,,,,,,,,,,,,,,,,,,,,,,,,,,,,,,,,,,,,,,,train
323,pull_up,stu10_40.mp4,12.0,0.0,43.0,43.0,84.0,289.0,336.0,336.0,388.0,388.0,458.0,458.0,512.0,512.0,567.0,567.0,619.0,680.0,732.0,732.0,782.0,782.0,826.0,856.0,915.0,,,,,,,,,,,,,,,,,,,,,,,,,,,,,,,,,,,,,,,,,,,,,,,,,,,,,,,,,,,,,,,,,,,,,,,,,,,,,,,,,,,,,,,,,,,,,,,,,,,,,,,,,,,,,,,,,,,,,,,,,,,,,,,,,,,,,,,,,,,,,,,,,,,,,,,,,,,,,,,,,,,,,,,,,,,,,,,,,train
324,squat,stu2_70.mp4,13.0,151.0,208.0,208.0,251.0,251.0,301.0,301.0,349.0,350.0,396.0,396.0,444.0,444.0,491.0,491.0,542.0,543.0,588.0,588.0,631.0,631.0,682.0,682.0,728.0,728.0,776.0,,,,,,,,,,,,,,,,,,,,,,,,,,,,,,,,,,,,,,,,,,,,,,,,,,,,,,,,,,,,,,,,,,,,,,,,,,,,,,,,,,,,,,,,,,,,,,,,,,,,,,,,,,,,,,,,,,,,,,,,,,,,,,,,,,,,,,,,,,,,,,,,,,,,,,,,,,,,,,,,,,,,,,,,,,,,,,,train
325,bench_pressing,stu1_13.mp4,34.0,149.0,186.0,186.0,220.0,220.0,253.0,253.0,285.0,285.0,317.0,317.0,351.0,351.0,389.0,389.0,425.0,425.0,457.0,457.0,489.0,489.0,526.0,526.0,562.0,562.0,599.0,599.0,635.0,635.0,669.0,669.0,707.0,707.0,745.0,745.0,779.0,779.0,819.0,819.0,852.0,852.0,894.0,894.0,928.0,928.0,969.0,969.0,1009.0,1009.0,1049.0,1049.0,1086.0,1086.0,1131.0,1131.0,1167.0,1167.0,1211.0,1211.0,1254.0,1254.0,1292.0,1292.0,1334.0,1334.0,1377.0,1377.0,1420.0,,,,,,,,,,,,,,,,,,,,,,,,,,,,,,,,,,,,,,,,,,,,,,,,,,,,,,,,,,,,,,,,,,,,,,,,,,,,,,,,,,,,,,,,,,,,,,,,,,,,,,,,,,,,,,,,,,,,,,,,,,,,,,,,,,,,,train
326,squat,stu4_67.mp4,9.0,204.0,279.0,337.0,418.0,559.0,627.0,705.0,774.0,777.0,859.0,956.0,1019.0,1053.0,1110.0,1112.0,1170.0,1170.0,1234.0,,,,,,,,,,,,,,,,,,,,,,,,,,,,,,,,,,,,,,,,,,,,,,,,,,,,,,,,,,,,,,,,,,,,,,,,,,,,,,,,,,,,,,,,,,,,,,,,,,,,,,,,,,,,,,,,,,,,,,,,,,,,,,,,,,,,,,,,,,,,,,,,,,,,,,,,,,,,,,,,,,,,,,,,,,,,,,,,,,,,,,,train
327,battle_rope,stu9_0.mp4,44.0,32.0,43.0,43.0,54.0,54.0,63.0,63.0,73.0,73.0,85.0,85.0,93.0,93.0,104.0,104.0,115.0,115.0,126.0,126.0,136.0,136.0,147.0,147.0,157.0,157.0,168.0,168.0,179.0,180.0,189.0,189.0,199.0,199.0,210.0,210.0,220.0,220.0,232.0,233.0,242.0,242.0,253.0,253.0,264.0,264.0,273.0,273.0,285.0,285.0,296.0,296.0,306.0,306.0,317.0,317.0,328.0,328.0,339.0,340.0,350.0,350.0,360.0,360.0,373.0,373.0,384.0,384.0,396.0,396.0,407.0,407.0,418.0,418.0,429.0,429.0,441.0,441.0,452.0,452.0,463.0,463.0,474.0,474.0,485.0,485.0,496.0,496.0,508.0,,,,,,,,,,,,,,,,,,,,,,,,,,,,,,,,,,,,,,,,,,,,,,,,,,,,,,,,,,,,,,,,,,,,,,,,,,,,,,,,,,,,,,,,,,,,,,,,,,,,,,,,,,,,,,,,,train
328,jump_jacks,train1614.mp4,9.0,3.0,35.0,36.0,66.0,68.0,98.0,99.0,129.0,130.0,161.0,162.0,190.0,192.0,218.0,219.0,247.0,248.0,277.0,,,,,,,,,,,,,,,,,,,,,,,,,,,,,,,,,,,,,,,,,,,,,,,,,,,,,,,,,,,,,,,,,,,,,,,,,,,,,,,,,,,,,,,,,,,,,,,,,,,,,,,,,,,,,,,,,,,,,,,,,,,,,,,,,,,,,,,,,,,,,,,,,,,,,,,,,,,,,,,,,,,,,,,,,,,,,,,,,,,,,,,train
329,squat,stu1_69.mp4,9.0,122.0,174.0,174.0,214.0,214.0,257.0,257.0,299.0,299.0,345.0,345.0,394.0,394.0,441.0,441.0,489.0,489.0,535.0,,,,,,,,,,,,,,,,,,,,,,,,,,,,,,,,,,,,,,,,,,,,,,,,,,,,,,,,,,,,,,,,,,,,,,,,,,,,,,,,,,,,,,,,,,,,,,,,,,,,,,,,,,,,,,,,,,,,,,,,,,,,,,,,,,,,,,,,,,,,,,,,,,,,,,,,,,,,,,,,,,,,,,,,,,,,,,,,,,,,,,,train
330,front_raise,stu8_18.mp4,9.0,45.0,126.0,127.0,199.0,199.0,275.0,275.0,358.0,358.0,435.0,435.0,504.0,504.0,578.0,578.0,653.0,653.0,719.0,,,,,,,,,,,,,,,,,,,,,,,,,,,,,,,,,,,,,,,,,,,,,,,,,,,,,,,,,,,,,,,,,,,,,,,,,,,,,,,,,,,,,,,,,,,,,,,,,,,,,,,,,,,,,,,,,,,,,,,,,,,,,,,,,,,,,,,,,,,,,,,,,,,,,,,,,,,,,,,,,,,,,,,,,,,,,,,,,,,,,,,train
331,jump_jacks,stu8_33.mp4,7.0,6.0,164.0,164.0,271.0,271.0,355.0,355.0,439.0,439.0,489.0,489.0,522.0,522.0,559.0,,,,,,,,,,,,,,,,,,,,,,,,,,,,,,,,,,,,,,,,,,,,,,,,,,,,,,,,,,,,,,,,,,,,,,,,,,,,,,,,,,,,,,,,,,,,,,,,,,,,,,,,,,,,,,,,,,,,,,,,,,,,,,,,,,,,,,,,,,,,,,,,,,,,,,,,,,,,,,,,,,,,,,,,,,,,,,,,,,,,,,,,,,,train
332,jump_jacks,stu8_26.mp4,10.0,30.0,61.0,61.0,84.0,84.0,109.0,109.0,134.0,134.0,155.0,155.0,180.0,180.0,204.0,204.0,228.0,228.0,253.0,253.0,281.0,,,,,,,,,,,,,,,,,,,,,,,,,,,,,,,,,,,,,,,,,,,,,,,,,,,,,,,,,,,,,,,,,,,,,,,,,,,,,,,,,,,,,,,,,,,,,,,,,,,,,,,,,,,,,,,,,,,,,,,,,,,,,,,,,,,,,,,,,,,,,,,,,,,,,,,,,,,,,,,,,,,,,,,,,,,,,,,,,,,,,train
333,push_up,stu1_43.mp4,9.0,12.0,141.0,141.0,286.0,286.0,424.0,424.0,560.0,560.0,699.0,699.0,848.0,848.0,987.0,987.0,1280.0,1280.0,1438.0,,,,,,,,,,,,,,,,,,,,,,,,,,,,,,,,,,,,,,,,,,,,,,,,,,,,,,,,,,,,,,,,,,,,,,,,,,,,,,,,,,,,,,,,,,,,,,,,,,,,,,,,,,,,,,,,,,,,,,,,,,,,,,,,,,,,,,,,,,,,,,,,,,,,,,,,,,,,,,,,,,,,,,,,,,,,,,,,,,,,,,,train
334,squat,stu3_71.mp4,2.0,41.0,163.0,163.0,329.0,,,,,,,,,,,,,,,,,,,,,,,,,,,,,,,,,,,,,,,,,,,,,,,,,,,,,,,,,,,,,,,,,,,,,,,,,,,,,,,,,,,,,,,,,,,,,,,,,,,,,,,,,,,,,,,,,,,,,,,,,,,,,,,,,,,,,,,,,,,,,,,,,,,,,,,,,,,,,,,,,,,,,,,,,,,,,,,,,,,,,,,,,,,,,,,,,,,,,train
335,sit_up,stu4_51.mp4,6.0,45.0,157.0,159.0,260.0,407.0,589.0,643.0,817.0,819.0,946.0,946.0,1059.0,,,,,,,,,,,,,,,,,,,,,,,,,,,,,,,,,,,,,,,,,,,,,,,,,,,,,,,,,,,,,,,,,,,,,,,,,,,,,,,,,,,,,,,,,,,,,,,,,,,,,,,,,,,,,,,,,,,,,,,,,,,,,,,,,,,,,,,,,,,,,,,,,,,,,,,,,,,,,,,,,,,,,,,,,,,,,,,,,,,,,,,,,,,,,train
336,pull_up,stu2_42.mp4,14.0,2.0,78.0,78.0,123.0,124.0,167.0,167.0,208.0,209.0,249.0,249.0,295.0,295.0,346.0,346.0,386.0,386.0,434.0,434.0,479.0,995.0,1040.0,1040.0,1085.0,1085.0,1183.0,1184.0,1271.0,,,,,,,,,,,,,,,,,,,,,,,,,,,,,,,,,,,,,,,,,,,,,,,,,,,,,,,,,,,,,,,,,,,,,,,,,,,,,,,,,,,,,,,,,,,,,,,,,,,,,,,,,,,,,,,,,,,,,,,,,,,,,,,,,,,,,,,,,,,,,,,,,,,,,,,,,,,,,,,,,,,,,,,,,,,,,train
337,pull_up,stu1_42.mp4,10.0,45.0,83.0,83.0,131.0,131.0,175.0,175.0,221.0,221.0,276.0,276.0,317.0,317.0,366.0,366.0,422.0,422.0,499.0,499.0,591.0,,,,,,,,,,,,,,,,,,,,,,,,,,,,,,,,,,,,,,,,,,,,,,,,,,,,,,,,,,,,,,,,,,,,,,,,,,,,,,,,,,,,,,,,,,,,,,,,,,,,,,,,,,,,,,,,,,,,,,,,,,,,,,,,,,,,,,,,,,,,,,,,,,,,,,,,,,,,,,,,,,,,,,,,,,,,,,,,,,,,,train
338,push_up,stu3_48.mp4,54.0,14.0,42.0,42.0,89.0,89.0,115.0,115.0,137.0,137.0,160.0,461.0,505.0,505.0,533.0,533.0,557.0,557.0,580.0,580.0,602.0,602.0,626.0,627.0,650.0,650.0,675.0,675.0,697.0,697.0,719.0,719.0,741.0,741.0,765.0,765.0,786.0,786.0,809.0,809.0,832.0,832.0,854.0,854.0,878.0,878.0,903.0,903.0,922.0,922.0,945.0,945.0,968.0,968.0,992.0,992.0,1014.0,1014.0,1039.0,1039.0,1067.0,1067.0,1094.0,1094.0,1115.0,1115.0,1136.0,1136.0,1159.0,1159.0,1184.0,1184.0,1211.0,1211.0,1232.0,1232.0,1258.0,1258.0,1277.0,1277.0,1305.0,1305.0,1329.0,1329.0,1353.0,1353.0,1380.0,1380.0,1406.0,1406.0,1433.0,1433.0,1461.0,1461.0,1489.0,1489.0,1510.0,1510.0,1541.0,1541.0,1572.0,1572.0,1608.0,1608.0,1645.0,1645.0,1688.0,1688.0,1736.0,,,,,,,,,,,,,,,,,,,,,,,,,,,,,,,,,,,,,,,,,,,,,,,,,,,,,,,,,,,,,,,,,,,,,,,,,,,,,,,,,,,,,,,,,,,,,train
339,squat,stu8_66.mp4,5.0,41.0,161.0,161.0,256.0,256.0,346.0,346.0,443.0,443.0,549.0,,,,,,,,,,,,,,,,,,,,,,,,,,,,,,,,,,,,,,,,,,,,,,,,,,,,,,,,,,,,,,,,,,,,,,,,,,,,,,,,,,,,,,,,,,,,,,,,,,,,,,,,,,,,,,,,,,,,,,,,,,,,,,,,,,,,,,,,,,,,,,,,,,,,,,,,,,,,,,,,,,,,,,,,,,,,,,,,,,,,,,,,,,,,,,,train
340,jump_jacks,train1678.mp4,11.0,6.0,29.0,30.0,56.0,56.0,82.0,83.0,106.0,107.0,131.0,132.0,157.0,158.0,179.0,180.0,205.0,206.0,231.0,231.0,256.0,257.0,281.0,,,,,,,,,,,,,,,,,,,,,,,,,,,,,,,,,,,,,,,,,,,,,,,,,,,,,,,,,,,,,,,,,,,,,,,,,,,,,,,,,,,,,,,,,,,,,,,,,,,,,,,,,,,,,,,,,,,,,,,,,,,,,,,,,,,,,,,,,,,,,,,,,,,,,,,,,,,,,,,,,,,,,,,,,,,,,,,,,,,train
341,sit_up,stu9_62.mp4,2.0,1353.0,1443.0,1603.0,1704.0,,,,,,,,,,,,,,,,,,,,,,,,,,,,,,,,,,,,,,,,,,,,,,,,,,,,,,,,,,,,,,,,,,,,,,,,,,,,,,,,,,,,,,,,,,,,,,,,,,,,,,,,,,,,,,,,,,,,,,,,,,,,,,,,,,,,,,,,,,,,,,,,,,,,,,,,,,,,,,,,,,,,,,,,,,,,,,,,,,,,,,,,,,,,,,,,,,,,,train
342,push_up,stu3_49.mp4,39.0,7.0,33.0,33.0,59.0,59.0,91.0,91.0,134.0,134.0,168.0,168.0,201.0,201.0,234.0,234.0,263.0,267.0,299.0,299.0,326.0,327.0,356.0,356.0,385.0,385.0,415.0,415.0,443.0,443.0,475.0,475.0,510.0,510.0,543.0,544.0,573.0,573.0,603.0,603.0,634.0,634.0,664.0,664.0,691.0,691.0,720.0,720.0,747.0,748.0,773.0,773.0,810.0,810.0,839.0,839.0,876.0,876.0,908.0,908.0,934.0,935.0,958.0,958.0,991.0,991.0,1026.0,1026.0,1060.0,1061.0,1090.0,1090.0,1117.0,1117.0,1189.0,1189.0,1275.0,1275.0,1338.0,,,,,,,,,,,,,,,,,,,,,,,,,,,,,,,,,,,,,,,,,,,,,,,,,,,,,,,,,,,,,,,,,,,,,,,,,,,,,,,,,,,,,,,,,,,,,,,,,,,,,,,,,,,,,,,,,,,,,,,,,,,train
343,front_raise,stu2_18.mp4,39.0,59.0,104.0,104.0,147.0,147.0,199.0,199.0,241.0,241.0,287.0,287.0,335.0,335.0,379.0,379.0,427.0,427.0,472.0,472.0,517.0,742.0,761.0,761.0,776.0,777.0,791.0,792.0,807.0,807.0,823.0,823.0,838.0,838.0,854.0,854.0,870.0,870.0,887.0,887.0,901.0,1018.0,1036.0,1036.0,1050.0,1050.0,1064.0,1064.0,1078.0,1078.0,1091.0,1092.0,1105.0,1105.0,1120.0,1120.0,1137.0,1137.0,1153.0,1153.0,1165.0,1304.0,1319.0,1319.0,1335.0,1335.0,1349.0,1349.0,1363.0,1363.0,1377.0,1377.0,1392.0,1392.0,1406.0,1406.0,1422.0,1422.0,1434.0,,,,,,,,,,,,,,,,,,,,,,,,,,,,,,,,,,,,,,,,,,,,,,,,,,,,,,,,,,,,,,,,,,,,,,,,,,,,,,,,,,,,,,,,,,,,,,,,,,,,,,,,,,,,,,,,,,,,,,,,,,,train
344,bench_pressing,stu2_2.mp4,4.0,10.0,135.0,135.0,247.0,248.0,339.0,341.0,415.0,,,,,,,,,,,,,,,,,,,,,,,,,,,,,,,,,,,,,,,,,,,,,,,,,,,,,,,,,,,,,,,,,,,,,,,,,,,,,,,,,,,,,,,,,,,,,,,,,,,,,,,,,,,,,,,,,,,,,,,,,,,,,,,,,,,,,,,,,,,,,,,,,,,,,,,,,,,,,,,,,,,,,,,,,,,,,,,,,,,,,,,,,,,,,,,,,train
345,sit_up,stu10_55.mp4,24.0,1.0,36.0,36.0,79.0,79.0,122.0,122.0,168.0,168.0,215.0,215.0,263.0,263.0,310.0,310.0,358.0,358.0,407.0,407.0,456.0,456.0,510.0,510.0,572.0,572.0,636.0,636.0,717.0,717.0,781.0,781.0,852.0,852.0,917.0,918.0,981.0,981.0,1055.0,1055.0,1125.0,1125.0,1193.0,1193.0,1270.0,1270.0,1371.0,1372.0,1456.0,,,,,,,,,,,,,,,,,,,,,,,,,,,,,,,,,,,,,,,,,,,,,,,,,,,,,,,,,,,,,,,,,,,,,,,,,,,,,,,,,,,,,,,,,,,,,,,,,,,,,,,,,,,,,,,,,,,,,,,,,,,,,,,,,,,,,,,,,,,,,,,,,,,,,,,,,train
346,bench_pressing,stu10_7.mp4,2.0,507.0,642.0,642.0,747.0,,,,,,,,,,,,,,,,,,,,,,,,,,,,,,,,,,,,,,,,,,,,,,,,,,,,,,,,,,,,,,,,,,,,,,,,,,,,,,,,,,,,,,,,,,,,,,,,,,,,,,,,,,,,,,,,,,,,,,,,,,,,,,,,,,,,,,,,,,,,,,,,,,,,,,,,,,,,,,,,,,,,,,,,,,,,,,,,,,,,,,,,,,,,,,,,,,,,,train
347,front_raise,stu8_21.mp4,3.0,45.0,146.0,146.0,239.0,239.0,327.0,,,,,,,,,,,,,,,,,,,,,,,,,,,,,,,,,,,,,,,,,,,,,,,,,,,,,,,,,,,,,,,,,,,,,,,,,,,,,,,,,,,,,,,,,,,,,,,,,,,,,,,,,,,,,,,,,,,,,,,,,,,,,,,,,,,,,,,,,,,,,,,,,,,,,,,,,,,,,,,,,,,,,,,,,,,,,,,,,,,,,,,,,,,,,,,,,,,train
348,squat,stu7_69.mp4,20.0,3.0,67.0,67.0,122.0,122.0,176.0,176.0,226.0,227.0,277.0,278.0,327.0,327.0,379.0,380.0,428.0,430.0,480.0,481.0,535.0,537.0,586.0,587.0,645.0,646.0,694.0,696.0,749.0,750.0,799.0,801.0,853.0,856.0,910.0,912.0,960.0,963.0,1014.0,1016.0,1067.0,,,,,,,,,,,,,,,,,,,,,,,,,,,,,,,,,,,,,,,,,,,,,,,,,,,,,,,,,,,,,,,,,,,,,,,,,,,,,,,,,,,,,,,,,,,,,,,,,,,,,,,,,,,,,,,,,,,,,,,,,,,,,,,,,,,,,,,,,,,,,,,,,,,,,,,,,,,,,,,,,train
349,pull_up,stu8_36.mp4,6.0,17.0,227.0,227.0,431.0,431.0,614.0,614.0,827.0,827.0,1090.0,1090.0,1297.0,,,,,,,,,,,,,,,,,,,,,,,,,,,,,,,,,,,,,,,,,,,,,,,,,,,,,,,,,,,,,,,,,,,,,,,,,,,,,,,,,,,,,,,,,,,,,,,,,,,,,,,,,,,,,,,,,,,,,,,,,,,,,,,,,,,,,,,,,,,,,,,,,,,,,,,,,,,,,,,,,,,,,,,,,,,,,,,,,,,,,,,,,,,,,train
350,jump_jacks,stu3_22.mp4,11.0,0.0,44.0,44.0,85.0,85.0,120.0,120.0,167.0,167.0,203.0,203.0,238.0,238.0,274.0,305.0,363.0,363.0,419.0,419.0,466.0,466.0,520.0,,,,,,,,,,,,,,,,,,,,,,,,,,,,,,,,,,,,,,,,,,,,,,,,,,,,,,,,,,,,,,,,,,,,,,,,,,,,,,,,,,,,,,,,,,,,,,,,,,,,,,,,,,,,,,,,,,,,,,,,,,,,,,,,,,,,,,,,,,,,,,,,,,,,,,,,,,,,,,,,,,,,,,,,,,,,,,,,,,,train
351,squat,train3951.mp4,4.0,5.0,54.0,55.0,152.0,152.0,247.0,248.0,299.0,,,,,,,,,,,,,,,,,,,,,,,,,,,,,,,,,,,,,,,,,,,,,,,,,,,,,,,,,,,,,,,,,,,,,,,,,,,,,,,,,,,,,,,,,,,,,,,,,,,,,,,,,,,,,,,,,,,,,,,,,,,,,,,,,,,,,,,,,,,,,,,,,,,,,,,,,,,,,,,,,,,,,,,,,,,,,,,,,,,,,,,,,,,,,,,,,train
352,sit_up,stu5_54.mp4,26.0,34.0,57.0,57.0,77.0,78.0,100.0,100.0,118.0,118.0,140.0,140.0,160.0,160.0,181.0,181.0,201.0,201.0,221.0,221.0,243.0,243.0,262.0,262.0,285.0,285.0,307.0,307.0,329.0,329.0,347.0,347.0,371.0,371.0,397.0,397.0,420.0,420.0,444.0,444.0,467.0,762.0,834.0,834.0,911.0,911.0,970.0,970.0,1031.0,1031.0,1100.0,1100.0,1169.0,,,,,,,,,,,,,,,,,,,,,,,,,,,,,,,,,,,,,,,,,,,,,,,,,,,,,,,,,,,,,,,,,,,,,,,,,,,,,,,,,,,,,,,,,,,,,,,,,,,,,,,,,,,,,,,,,,,,,,,,,,,,,,,,,,,,,,,,,,,,,,,,,,,,,train
353,front_raise,test577.mp4,3.0,6.0,80.0,80.0,160.0,160.0,264.0,,,,,,,,,,,,,,,,,,,,,,,,,,,,,,,,,,,,,,,,,,,,,,,,,,,,,,,,,,,,,,,,,,,,,,,,,,,,,,,,,,,,,,,,,,,,,,,,,,,,,,,,,,,,,,,,,,,,,,,,,,,,,,,,,,,,,,,,,,,,,,,,,,,,,,,,,,,,,,,,,,,,,,,,,,,,,,,,,,,,,,,,,,,,,,,,,,,train
354,squat,stu9_70.mp4,4.0,116.0,188.0,188.0,242.0,242.0,296.0,296.0,351.0,,,,,,,,,,,,,,,,,,,,,,,,,,,,,,,,,,,,,,,,,,,,,,,,,,,,,,,,,,,,,,,,,,,,,,,,,,,,,,,,,,,,,,,,,,,,,,,,,,,,,,,,,,,,,,,,,,,,,,,,,,,,,,,,,,,,,,,,,,,,,,,,,,,,,,,,,,,,,,,,,,,,,,,,,,,,,,,,,,,,,,,,,,,,,,,,,train
355,squat,stu10_70.mp4,5.0,22.0,97.0,97.0,168.0,230.0,295.0,295.0,369.0,369.0,455.0,,,,,,,,,,,,,,,,,,,,,,,,,,,,,,,,,,,,,,,,,,,,,,,,,,,,,,,,,,,,,,,,,,,,,,,,,,,,,,,,,,,,,,,,,,,,,,,,,,,,,,,,,,,,,,,,,,,,,,,,,,,,,,,,,,,,,,,,,,,,,,,,,,,,,,,,,,,,,,,,,,,,,,,,,,,,,,,,,,,,,,,,,,,,,,,train
356,front_raise,stu9_14.mp4,11.0,30.0,77.0,77.0,132.0,132.0,174.0,174.0,217.0,217.0,288.0,288.0,337.0,337.0,385.0,463.0,500.0,500.0,536.0,536.0,569.0,569.0,597.0,,,,,,,,,,,,,,,,,,,,,,,,,,,,,,,,,,,,,,,,,,,,,,,,,,,,,,,,,,,,,,,,,,,,,,,,,,,,,,,,,,,,,,,,,,,,,,,,,,,,,,,,,,,,,,,,,,,,,,,,,,,,,,,,,,,,,,,,,,,,,,,,,,,,,,,,,,,,,,,,,,,,,,,,,,,,,,,,,,,train
357,jump_jacks,stu2_33.mp4,27.0,41.0,76.0,76.0,103.0,103.0,128.0,128.0,153.0,153.0,176.0,176.0,205.0,205.0,231.0,231.0,256.0,256.0,281.0,281.0,305.0,305.0,330.0,330.0,357.0,357.0,381.0,381.0,407.0,407.0,434.0,434.0,460.0,460.0,485.0,485.0,510.0,510.0,537.0,537.0,565.0,565.0,589.0,589.0,616.0,616.0,640.0,640.0,666.0,666.0,689.0,689.0,715.0,715.0,742.0,,,,,,,,,,,,,,,,,,,,,,,,,,,,,,,,,,,,,,,,,,,,,,,,,,,,,,,,,,,,,,,,,,,,,,,,,,,,,,,,,,,,,,,,,,,,,,,,,,,,,,,,,,,,,,,,,,,,,,,,,,,,,,,,,,,,,,,,,,,,,,,,,,,train
358,bench_pressing,stu7_11.mp4,4.0,254.0,540.0,546.0,729.0,1165.0,1260.0,1307.0,1375.0,,,,,,,,,,,,,,,,,,,,,,,,,,,,,,,,,,,,,,,,,,,,,,,,,,,,,,,,,,,,,,,,,,,,,,,,,,,,,,,,,,,,,,,,,,,,,,,,,,,,,,,,,,,,,,,,,,,,,,,,,,,,,,,,,,,,,,,,,,,,,,,,,,,,,,,,,,,,,,,,,,,,,,,,,,,,,,,,,,,,,,,,,,,,,,,,,train
359,bench_pressing,stu9_7.mp4,6.0,102.0,193.0,193.0,267.0,323.0,362.0,362.0,414.0,469.0,539.0,666.0,770.0,,,,,,,,,,,,,,,,,,,,,,,,,,,,,,,,,,,,,,,,,,,,,,,,,,,,,,,,,,,,,,,,,,,,,,,,,,,,,,,,,,,,,,,,,,,,,,,,,,,,,,,,,,,,,,,,,,,,,,,,,,,,,,,,,,,,,,,,,,,,,,,,,,,,,,,,,,,,,,,,,,,,,,,,,,,,,,,,,,,,,,,,,,,,,train
360,bench_pressing,stu2_7.mp4,11.0,610.0,823.0,835.0,905.0,907.0,973.0,975.0,1046.0,1050.0,1133.0,1134.0,1218.0,1220.0,1301.0,1305.0,1416.0,1418.0,1516.0,1520.0,1593.0,1596.0,1662.0,,,,,,,,,,,,,,,,,,,,,,,,,,,,,,,,,,,,,,,,,,,,,,,,,,,,,,,,,,,,,,,,,,,,,,,,,,,,,,,,,,,,,,,,,,,,,,,,,,,,,,,,,,,,,,,,,,,,,,,,,,,,,,,,,,,,,,,,,,,,,,,,,,,,,,,,,,,,,,,,,,,,,,,,,,,,,,,,,,,train
361,sit_up,stu6_55.mp4,2.0,168.0,248.0,408.0,745.0,,,,,,,,,,,,,,,,,,,,,,,,,,,,,,,,,,,,,,,,,,,,,,,,,,,,,,,,,,,,,,,,,,,,,,,,,,,,,,,,,,,,,,,,,,,,,,,,,,,,,,,,,,,,,,,,,,,,,,,,,,,,,,,,,,,,,,,,,,,,,,,,,,,,,,,,,,,,,,,,,,,,,,,,,,,,,,,,,,,,,,,,,,,,,,,,,,,,,train
362,squat,stu2_68.mp4,25.0,95.0,145.0,145.0,191.0,191.0,243.0,243.0,293.0,293.0,341.0,341.0,391.0,392.0,435.0,435.0,485.0,485.0,536.0,536.0,586.0,586.0,639.0,639.0,686.0,687.0,735.0,735.0,785.0,785.0,833.0,833.0,885.0,885.0,939.0,939.0,987.0,987.0,1028.0,1028.0,1085.0,1085.0,1138.0,1138.0,1192.0,1192.0,1245.0,1246.0,1295.0,1295.0,1344.0,,,,,,,,,,,,,,,,,,,,,,,,,,,,,,,,,,,,,,,,,,,,,,,,,,,,,,,,,,,,,,,,,,,,,,,,,,,,,,,,,,,,,,,,,,,,,,,,,,,,,,,,,,,,,,,,,,,,,,,,,,,,,,,,,,,,,,,,,,,,,,,,,,,,,,,train
363,pull_up,stu5_39.mp4,7.0,145.0,228.0,228.0,308.0,308.0,397.0,398.0,478.0,478.0,564.0,564.0,656.0,656.0,746.0,,,,,,,,,,,,,,,,,,,,,,,,,,,,,,,,,,,,,,,,,,,,,,,,,,,,,,,,,,,,,,,,,,,,,,,,,,,,,,,,,,,,,,,,,,,,,,,,,,,,,,,,,,,,,,,,,,,,,,,,,,,,,,,,,,,,,,,,,,,,,,,,,,,,,,,,,,,,,,,,,,,,,,,,,,,,,,,,,,,,,,,,,,,train
364,squat,stu9_68.mp4,20.0,149.0,192.0,192.0,232.0,232.0,278.0,278.0,321.0,321.0,362.0,363.0,405.0,405.0,444.0,444.0,485.0,485.0,529.0,529.0,570.0,728.0,793.0,793.0,855.0,855.0,918.0,918.0,977.0,977.0,1038.0,1038.0,1096.0,1096.0,1159.0,1159.0,1220.0,1220.0,1280.0,1280.0,1344.0,,,,,,,,,,,,,,,,,,,,,,,,,,,,,,,,,,,,,,,,,,,,,,,,,,,,,,,,,,,,,,,,,,,,,,,,,,,,,,,,,,,,,,,,,,,,,,,,,,,,,,,,,,,,,,,,,,,,,,,,,,,,,,,,,,,,,,,,,,,,,,,,,,,,,,,,,,,,,,,,,train
365,jump_jacks,stu8_27.mp4,49.0,27.0,54.0,54.0,77.0,77.0,102.0,102.0,124.0,124.0,148.0,148.0,171.0,171.0,194.0,194.0,218.0,218.0,241.0,241.0,264.0,264.0,286.0,286.0,311.0,311.0,333.0,333.0,356.0,356.0,378.0,378.0,403.0,403.0,427.0,427.0,451.0,451.0,477.0,477.0,497.0,497.0,521.0,521.0,542.0,542.0,565.0,565.0,589.0,589.0,610.0,610.0,634.0,634.0,655.0,655.0,677.0,677.0,701.0,701.0,724.0,724.0,746.0,746.0,769.0,769.0,791.0,791.0,816.0,816.0,841.0,841.0,861.0,861.0,884.0,884.0,908.0,908.0,932.0,932.0,957.0,957.0,979.0,979.0,1003.0,1003.0,1025.0,1025.0,1049.0,1049.0,1073.0,1073.0,1093.0,1093.0,1119.0,1119.0,1143.0,1143.0,1170.0,,,,,,,,,,,,,,,,,,,,,,,,,,,,,,,,,,,,,,,,,,,,,,,,,,,,,,,,,,,,,,,,,,,,,,,,,,,,,,,,,,,,,,,,,,,,,,,,,,,,,,,train
366,push_up,stu9_53.mp4,39.0,101.0,132.0,132.0,157.0,157.0,181.0,181.0,206.0,206.0,229.0,229.0,256.0,256.0,279.0,279.0,305.0,305.0,329.0,329.0,352.0,352.0,378.0,378.0,402.0,402.0,428.0,428.0,453.0,454.0,480.0,481.0,506.0,506.0,529.0,529.0,557.0,557.0,580.0,580.0,607.0,607.0,632.0,632.0,656.0,656.0,681.0,681.0,708.0,708.0,733.0,733.0,759.0,759.0,784.0,784.0,811.0,811.0,836.0,836.0,861.0,861.0,887.0,887.0,912.0,912.0,939.0,939.0,963.0,963.0,989.0,989.0,1016.0,1017.0,1040.0,1040.0,1067.0,1067.0,1096.0,,,,,,,,,,,,,,,,,,,,,,,,,,,,,,,,,,,,,,,,,,,,,,,,,,,,,,,,,,,,,,,,,,,,,,,,,,,,,,,,,,,,,,,,,,,,,,,,,,,,,,,,,,,,,,,,,,,,,,,,,,,train
367,battle_rope,stu1_1.mp4,23.0,3.0,10.0,10.0,18.0,18.0,27.0,27.0,35.0,35.0,44.0,44.0,54.0,54.0,62.0,62.0,71.0,71.0,80.0,80.0,90.0,90.0,99.0,99.0,109.0,109.0,118.0,118.0,128.0,128.0,137.0,137.0,145.0,145.0,155.0,155.0,165.0,165.0,174.0,179.0,212.0,212.0,250.0,250.0,288.0,288.0,326.0,,,,,,,,,,,,,,,,,,,,,,,,,,,,,,,,,,,,,,,,,,,,,,,,,,,,,,,,,,,,,,,,,,,,,,,,,,,,,,,,,,,,,,,,,,,,,,,,,,,,,,,,,,,,,,,,,,,,,,,,,,,,,,,,,,,,,,,,,,,,,,,,,,,,,,,,,,,train
368,push_up,train2676.mp4,3.0,0.0,66.0,115.0,200.0,205.0,247.0,,,,,,,,,,,,,,,,,,,,,,,,,,,,,,,,,,,,,,,,,,,,,,,,,,,,,,,,,,,,,,,,,,,,,,,,,,,,,,,,,,,,,,,,,,,,,,,,,,,,,,,,,,,,,,,,,,,,,,,,,,,,,,,,,,,,,,,,,,,,,,,,,,,,,,,,,,,,,,,,,,,,,,,,,,,,,,,,,,,,,,,,,,,,,,,,,,,train
369,push_up,stu1_49.mp4,15.0,49.0,79.0,79.0,153.0,153.0,216.0,216.0,276.0,363.0,417.0,417.0,495.0,495.0,576.0,576.0,626.0,626.0,698.0,698.0,783.0,783.0,850.0,850.0,916.0,916.0,998.0,998.0,1043.0,1043.0,1090.0,,,,,,,,,,,,,,,,,,,,,,,,,,,,,,,,,,,,,,,,,,,,,,,,,,,,,,,,,,,,,,,,,,,,,,,,,,,,,,,,,,,,,,,,,,,,,,,,,,,,,,,,,,,,,,,,,,,,,,,,,,,,,,,,,,,,,,,,,,,,,,,,,,,,,,,,,,,,,,,,,,,,,,,,,,,train
370,squat,test2299.mp4,2.0,1.0,128.0,128.0,264.0,,,,,,,,,,,,,,,,,,,,,,,,,,,,,,,,,,,,,,,,,,,,,,,,,,,,,,,,,,,,,,,,,,,,,,,,,,,,,,,,,,,,,,,,,,,,,,,,,,,,,,,,,,,,,,,,,,,,,,,,,,,,,,,,,,,,,,,,,,,,,,,,,,,,,,,,,,,,,,,,,,,,,,,,,,,,,,,,,,,,,,,,,,,,,,,,,,,,,train
371,jump_jacks,stu3_27.mp4,70.0,0.0,27.0,27.0,53.0,53.0,78.0,78.0,104.0,104.0,131.0,131.0,157.0,157.0,181.0,181.0,208.0,208.0,235.0,235.0,261.0,261.0,285.0,285.0,312.0,312.0,337.0,337.0,362.0,362.0,390.0,390.0,415.0,415.0,439.0,439.0,465.0,465.0,490.0,490.0,518.0,518.0,544.0,544.0,569.0,569.0,593.0,593.0,620.0,620.0,645.0,645.0,668.0,668.0,694.0,694.0,719.0,719.0,746.0,746.0,772.0,772.0,799.0,799.0,822.0,823.0,847.0,847.0,873.0,873.0,900.0,900.0,925.0,925.0,950.0,950.0,977.0,977.0,1002.0,1002.0,1027.0,1027.0,1051.0,1051.0,1076.0,1076.0,1103.0,1103.0,1129.0,1129.0,1154.0,1154.0,1178.0,1178.0,1204.0,1204.0,1231.0,1231.0,1255.0,1255.0,1280.0,1280.0,1306.0,1306.0,1332.0,1332.0,1360.0,1360.0,1384.0,1384.0,1410.0,1411.0,1437.0,1437.0,1463.0,1463.0,1488.0,1488.0,1513.0,1513.0,1541.0,1541.0,1566.0,1566.0,1591.0,1591.0,1616.0,1616.0,1644.0,1644.0,1670.0,1670.0,1695.0,1695.0,1719.0,1719.0,1747.0,1747.0,1772.0,1772.0,1793.0,,,,,,,,,,,,,,,,,,,,,,,,,,,,,,,,,,,,,,,,,,,,,,,,,,,,,,,,,,,,,train
372,squat,test2309.mp4,2.0,0.0,151.0,151.0,249.0,,,,,,,,,,,,,,,,,,,,,,,,,,,,,,,,,,,,,,,,,,,,,,,,,,,,,,,,,,,,,,,,,,,,,,,,,,,,,,,,,,,,,,,,,,,,,,,,,,,,,,,,,,,,,,,,,,,,,,,,,,,,,,,,,,,,,,,,,,,,,,,,,,,,,,,,,,,,,,,,,,,,,,,,,,,,,,,,,,,,,,,,,,,,,,,,,,,,,train
373,pull_up,stu4_37.mp4,6.0,575.0,682.0,684.0,798.0,800.0,899.0,900.0,998.0,999.0,1096.0,1173.0,1276.0,,,,,,,,,,,,,,,,,,,,,,,,,,,,,,,,,,,,,,,,,,,,,,,,,,,,,,,,,,,,,,,,,,,,,,,,,,,,,,,,,,,,,,,,,,,,,,,,,,,,,,,,,,,,,,,,,,,,,,,,,,,,,,,,,,,,,,,,,,,,,,,,,,,,,,,,,,,,,,,,,,,,,,,,,,,,,,,,,,,,,,,,,,,,,train
374,pull_up,stu9_39.mp4,8.0,15.0,90.0,132.0,224.0,259.0,347.0,390.0,472.0,542.0,619.0,685.0,776.0,824.0,909.0,948.0,1040.0,,,,,,,,,,,,,,,,,,,,,,,,,,,,,,,,,,,,,,,,,,,,,,,,,,,,,,,,,,,,,,,,,,,,,,,,,,,,,,,,,,,,,,,,,,,,,,,,,,,,,,,,,,,,,,,,,,,,,,,,,,,,,,,,,,,,,,,,,,,,,,,,,,,,,,,,,,,,,,,,,,,,,,,,,,,,,,,,,,,,,,,,,train
375,jump_jacks,stu10_28.mp4,8.0,0.0,97.0,97.0,178.0,178.0,271.0,271.0,348.0,348.0,398.0,398.0,446.0,446.0,499.0,499.0,545.0,,,,,,,,,,,,,,,,,,,,,,,,,,,,,,,,,,,,,,,,,,,,,,,,,,,,,,,,,,,,,,,,,,,,,,,,,,,,,,,,,,,,,,,,,,,,,,,,,,,,,,,,,,,,,,,,,,,,,,,,,,,,,,,,,,,,,,,,,,,,,,,,,,,,,,,,,,,,,,,,,,,,,,,,,,,,,,,,,,,,,,,,,train
376,push_up,stu7_48.mp4,9.0,0.0,199.0,200.0,300.0,302.0,399.0,479.0,605.0,781.0,859.0,913.0,1035.0,1487.0,1641.0,1644.0,1707.0,1707.0,1769.0,,,,,,,,,,,,,,,,,,,,,,,,,,,,,,,,,,,,,,,,,,,,,,,,,,,,,,,,,,,,,,,,,,,,,,,,,,,,,,,,,,,,,,,,,,,,,,,,,,,,,,,,,,,,,,,,,,,,,,,,,,,,,,,,,,,,,,,,,,,,,,,,,,,,,,,,,,,,,,,,,,,,,,,,,,,,,,,,,,,,,,,train
377,jump_jacks,stu6_25.mp4,35.0,53.0,80.0,80.0,107.0,107.0,138.0,138.0,175.0,175.0,211.0,212.0,235.0,235.0,272.0,272.0,315.0,315.0,340.0,340.0,368.0,368.0,401.0,401.0,443.0,443.0,471.0,472.0,496.0,496.0,533.0,534.0,573.0,573.0,597.0,597.0,623.0,623.0,657.0,658.0,699.0,699.0,725.0,725.0,754.0,755.0,787.0,787.0,828.0,828.0,859.0,860.0,888.0,888.0,919.0,920.0,960.0,960.0,989.0,989.0,1019.0,1019.0,1052.0,1052.0,1089.0,1089.0,1119.0,1119.0,1146.0,1146.0,1178.0,,,,,,,,,,,,,,,,,,,,,,,,,,,,,,,,,,,,,,,,,,,,,,,,,,,,,,,,,,,,,,,,,,,,,,,,,,,,,,,,,,,,,,,,,,,,,,,,,,,,,,,,,,,,,,,,,,,,,,,,,,,,,,,,,,,train
378,pull_up,stu6_26.mp4,10.0,124.0,165.0,165.0,233.0,235.0,295.0,299.0,364.0,365.0,423.0,423.0,491.0,492.0,565.0,567.0,632.0,634.0,716.0,716.0,832.0,,,,,,,,,,,,,,,,,,,,,,,,,,,,,,,,,,,,,,,,,,,,,,,,,,,,,,,,,,,,,,,,,,,,,,,,,,,,,,,,,,,,,,,,,,,,,,,,,,,,,,,,,,,,,,,,,,,,,,,,,,,,,,,,,,,,,,,,,,,,,,,,,,,,,,,,,,,,,,,,,,,,,,,,,,,,,,,,,,,,,train
379,sit_up,train3365.mp4,13.0,0.0,24.0,24.0,47.0,47.0,76.0,76.0,98.0,98.0,120.0,120.0,143.0,143.0,163.0,163.0,185.0,186.0,205.0,205.0,227.0,227.0,248.0,248.0,270.0,270.0,291.0,,,,,,,,,,,,,,,,,,,,,,,,,,,,,,,,,,,,,,,,,,,,,,,,,,,,,,,,,,,,,,,,,,,,,,,,,,,,,,,,,,,,,,,,,,,,,,,,,,,,,,,,,,,,,,,,,,,,,,,,,,,,,,,,,,,,,,,,,,,,,,,,,,,,,,,,,,,,,,,,,,,,,,,,,,,,,,,train
380,front_raise,test584.mp4,5.0,5.0,39.0,39.0,79.0,79.0,133.0,133.0,177.0,177.0,215.0,,,,,,,,,,,,,,,,,,,,,,,,,,,,,,,,,,,,,,,,,,,,,,,,,,,,,,,,,,,,,,,,,,,,,,,,,,,,,,,,,,,,,,,,,,,,,,,,,,,,,,,,,,,,,,,,,,,,,,,,,,,,,,,,,,,,,,,,,,,,,,,,,,,,,,,,,,,,,,,,,,,,,,,,,,,,,,,,,,,,,,,,,,,,,,,train
381,push_up,stu9_46.mp4,6.0,9.0,81.0,81.0,151.0,151.0,237.0,237.0,330.0,331.0,480.0,480.0,638.0,,,,,,,,,,,,,,,,,,,,,,,,,,,,,,,,,,,,,,,,,,,,,,,,,,,,,,,,,,,,,,,,,,,,,,,,,,,,,,,,,,,,,,,,,,,,,,,,,,,,,,,,,,,,,,,,,,,,,,,,,,,,,,,,,,,,,,,,,,,,,,,,,,,,,,,,,,,,,,,,,,,,,,,,,,,,,,,,,,,,,,,,,,,,,train
382,squat,stu7_68.mp4,20.0,71.0,107.0,108.0,140.0,140.0,173.0,173.0,208.0,208.0,243.0,244.0,275.0,277.0,306.0,306.0,340.0,340.0,372.0,372.0,410.0,524.0,559.0,560.0,597.0,597.0,630.0,631.0,665.0,666.0,701.0,701.0,735.0,736.0,768.0,770.0,803.0,803.0,834.0,837.0,873.0,,,,,,,,,,,,,,,,,,,,,,,,,,,,,,,,,,,,,,,,,,,,,,,,,,,,,,,,,,,,,,,,,,,,,,,,,,,,,,,,,,,,,,,,,,,,,,,,,,,,,,,,,,,,,,,,,,,,,,,,,,,,,,,,,,,,,,,,,,,,,,,,,,,,,,,,,,,,,,,,,train
383,front_raise,stu10_21.mp4,2.0,66.0,146.0,146.0,242.0,,,,,,,,,,,,,,,,,,,,,,,,,,,,,,,,,,,,,,,,,,,,,,,,,,,,,,,,,,,,,,,,,,,,,,,,,,,,,,,,,,,,,,,,,,,,,,,,,,,,,,,,,,,,,,,,,,,,,,,,,,,,,,,,,,,,,,,,,,,,,,,,,,,,,,,,,,,,,,,,,,,,,,,,,,,,,,,,,,,,,,,,,,,,,,,,,,,,,train
384,push_up,stu7_51.mp4,47.0,63.0,85.0,87.0,103.0,104.0,120.0,121.0,135.0,135.0,151.0,152.0,166.0,167.0,183.0,183.0,199.0,200.0,213.0,214.0,229.0,229.0,244.0,244.0,258.0,259.0,273.0,273.0,289.0,290.0,305.0,306.0,319.0,320.0,335.0,336.0,350.0,350.0,365.0,366.0,380.0,380.0,395.0,396.0,410.0,410.0,424.0,424.0,441.0,441.0,455.0,456.0,470.0,470.0,484.0,484.0,499.0,499.0,514.0,515.0,530.0,531.0,545.0,545.0,560.0,561.0,577.0,578.0,592.0,593.0,607.0,607.0,622.0,623.0,636.0,636.0,652.0,652.0,667.0,667.0,683.0,684.0,697.0,698.0,713.0,713.0,728.0,729.0,744.0,744.0,759.0,759.0,774.0,774.0,791.0,,,,,,,,,,,,,,,,,,,,,,,,,,,,,,,,,,,,,,,,,,,,,,,,,,,,,,,,,,,,,,,,,,,,,,,,,,,,,,,,,,,,,,,,,,,,,,,,,,,,,,,,,,,train
385,bench_pressing,train186.mp4,2.0,10.0,126.0,126.0,225.0,,,,,,,,,,,,,,,,,,,,,,,,,,,,,,,,,,,,,,,,,,,,,,,,,,,,,,,,,,,,,,,,,,,,,,,,,,,,,,,,,,,,,,,,,,,,,,,,,,,,,,,,,,,,,,,,,,,,,,,,,,,,,,,,,,,,,,,,,,,,,,,,,,,,,,,,,,,,,,,,,,,,,,,,,,,,,,,,,,,,,,,,,,,,,,,,,,,,,train
386,pull_up,stu10_35.mp4,11.0,42.0,114.0,114.0,186.0,186.0,252.0,252.0,322.0,322.0,389.0,389.0,452.0,452.0,522.0,523.0,587.0,588.0,660.0,660.0,734.0,734.0,822.0,,,,,,,,,,,,,,,,,,,,,,,,,,,,,,,,,,,,,,,,,,,,,,,,,,,,,,,,,,,,,,,,,,,,,,,,,,,,,,,,,,,,,,,,,,,,,,,,,,,,,,,,,,,,,,,,,,,,,,,,,,,,,,,,,,,,,,,,,,,,,,,,,,,,,,,,,,,,,,,,,,,,,,,,,,,,,,,,,,,train
387,jump_jacks,stu7_27.mp4,30.0,61.0,84.0,85.0,107.0,107.0,130.0,131.0,153.0,153.0,175.0,175.0,198.0,198.0,220.0,220.0,242.0,242.0,265.0,266.0,287.0,287.0,309.0,309.0,332.0,332.0,354.0,354.0,377.0,378.0,400.0,400.0,420.0,421.0,443.0,443.0,465.0,465.0,488.0,488.0,511.0,512.0,532.0,533.0,553.0,553.0,575.0,576.0,598.0,599.0,620.0,620.0,642.0,643.0,664.0,665.0,687.0,688.0,709.0,710.0,732.0,,,,,,,,,,,,,,,,,,,,,,,,,,,,,,,,,,,,,,,,,,,,,,,,,,,,,,,,,,,,,,,,,,,,,,,,,,,,,,,,,,,,,,,,,,,,,,,,,,,,,,,,,,,,,,,,,,,,,,,,,,,,,,,,,,,,,,,,,,,,,train
388,bench_pressing,stu10_11.mp4,20.0,397.0,465.0,465.0,509.0,510.0,553.0,554.0,598.0,598.0,640.0,640.0,684.0,684.0,726.0,726.0,769.0,769.0,816.0,816.0,859.0,859.0,906.0,906.0,953.0,953.0,1001.0,1001.0,1048.0,1048.0,1102.0,1102.0,1152.0,1152.0,1204.0,1204.0,1266.0,1266.0,1358.0,1358.0,1533.0,,,,,,,,,,,,,,,,,,,,,,,,,,,,,,,,,,,,,,,,,,,,,,,,,,,,,,,,,,,,,,,,,,,,,,,,,,,,,,,,,,,,,,,,,,,,,,,,,,,,,,,,,,,,,,,,,,,,,,,,,,,,,,,,,,,,,,,,,,,,,,,,,,,,,,,,,,,,,,,,,train
389,bench_pressing,stu10_2.mp4,11.0,811.0,867.0,867.0,910.0,910.0,951.0,951.0,998.0,998.0,1043.0,1043.0,1091.0,1091.0,1140.0,1140.0,1189.0,1189.0,1239.0,1240.0,1296.0,1296.0,1363.0,,,,,,,,,,,,,,,,,,,,,,,,,,,,,,,,,,,,,,,,,,,,,,,,,,,,,,,,,,,,,,,,,,,,,,,,,,,,,,,,,,,,,,,,,,,,,,,,,,,,,,,,,,,,,,,,,,,,,,,,,,,,,,,,,,,,,,,,,,,,,,,,,,,,,,,,,,,,,,,,,,,,,,,,,,,,,,,,,,,train
390,bench_pressing,stu3_7.mp4,16.0,119.0,199.0,200.0,242.0,242.0,285.0,285.0,327.0,328.0,367.0,367.0,429.0,429.0,479.0,479.0,528.0,528.0,580.0,580.0,626.0,627.0,695.0,695.0,749.0,749.0,807.0,807.0,890.0,890.0,951.0,951.0,1056.0,,,,,,,,,,,,,,,,,,,,,,,,,,,,,,,,,,,,,,,,,,,,,,,,,,,,,,,,,,,,,,,,,,,,,,,,,,,,,,,,,,,,,,,,,,,,,,,,,,,,,,,,,,,,,,,,,,,,,,,,,,,,,,,,,,,,,,,,,,,,,,,,,,,,,,,,,,,,,,,,,,,,,,,,,train
391,jump_jacks,stu3_26.mp4,62.0,217.0,246.0,246.0,269.0,269.0,296.0,296.0,322.0,322.0,347.0,347.0,373.0,373.0,398.0,398.0,423.0,423.0,447.0,447.0,471.0,471.0,495.0,495.0,519.0,519.0,544.0,544.0,567.0,567.0,594.0,594.0,617.0,618.0,642.0,642.0,667.0,667.0,692.0,692.0,717.0,717.0,743.0,744.0,768.0,768.0,793.0,793.0,819.0,819.0,844.0,844.0,870.0,870.0,895.0,895.0,921.0,921.0,948.0,948.0,973.0,973.0,998.0,999.0,1023.0,1023.0,1049.0,1049.0,1074.0,1074.0,1100.0,1100.0,1124.0,1124.0,1150.0,1150.0,1175.0,1175.0,1200.0,1200.0,1226.0,1226.0,1251.0,1251.0,1275.0,1275.0,1301.0,1301.0,1326.0,1326.0,1351.0,1351.0,1377.0,1377.0,1403.0,1403.0,1429.0,1429.0,1456.0,1456.0,1481.0,1481.0,1507.0,1507.0,1534.0,1534.0,1559.0,1559.0,1584.0,1584.0,1612.0,1612.0,1638.0,1638.0,1663.0,1663.0,1689.0,1689.0,1714.0,1714.0,1739.0,1739.0,1764.0,1764.0,1789.0,,,,,,,,,,,,,,,,,,,,,,,,,,,,,,,,,,,,,,,,,,,,,,,,,,,,,,,,,,,,,,,,,,,,,,,,,,,,,train
392,bench_pressing,stu9_6.mp4,5.0,75.0,112.0,112.0,154.0,154.0,199.0,199.0,242.0,242.0,283.0,,,,,,,,,,,,,,,,,,,,,,,,,,,,,,,,,,,,,,,,,,,,,,,,,,,,,,,,,,,,,,,,,,,,,,,,,,,,,,,,,,,,,,,,,,,,,,,,,,,,,,,,,,,,,,,,,,,,,,,,,,,,,,,,,,,,,,,,,,,,,,,,,,,,,,,,,,,,,,,,,,,,,,,,,,,,,,,,,,,,,,,,,,,,,,,train
393,squat,stu8_67.mp4,3.0,20.0,120.0,120.0,217.0,217.0,329.0,,,,,,,,,,,,,,,,,,,,,,,,,,,,,,,,,,,,,,,,,,,,,,,,,,,,,,,,,,,,,,,,,,,,,,,,,,,,,,,,,,,,,,,,,,,,,,,,,,,,,,,,,,,,,,,,,,,,,,,,,,,,,,,,,,,,,,,,,,,,,,,,,,,,,,,,,,,,,,,,,,,,,,,,,,,,,,,,,,,,,,,,,,,,,,,,,,,train
394,squat,val1258.mp4,3.0,5.0,90.0,90.0,204.0,204.0,299.0,,,,,,,,,,,,,,,,,,,,,,,,,,,,,,,,,,,,,,,,,,,,,,,,,,,,,,,,,,,,,,,,,,,,,,,,,,,,,,,,,,,,,,,,,,,,,,,,,,,,,,,,,,,,,,,,,,,,,,,,,,,,,,,,,,,,,,,,,,,,,,,,,,,,,,,,,,,,,,,,,,,,,,,,,,,,,,,,,,,,,,,,,,,,,,,,,,,train
395,jump_jacks,stu2_29.mp4,28.0,1.0,40.0,136.0,174.0,174.0,201.0,201.0,230.0,230.0,256.0,256.0,284.0,284.0,312.0,312.0,339.0,339.0,366.0,366.0,389.0,389.0,418.0,418.0,446.0,446.0,472.0,472.0,499.0,499.0,524.0,524.0,551.0,551.0,575.0,575.0,603.0,603.0,631.0,631.0,655.0,655.0,682.0,682.0,708.0,708.0,736.0,736.0,762.0,762.0,787.0,787.0,813.0,813.0,841.0,841.0,872.0,,,,,,,,,,,,,,,,,,,,,,,,,,,,,,,,,,,,,,,,,,,,,,,,,,,,,,,,,,,,,,,,,,,,,,,,,,,,,,,,,,,,,,,,,,,,,,,,,,,,,,,,,,,,,,,,,,,,,,,,,,,,,,,,,,,,,,,,,,,,,,,,,train
396,pull_up,stu2_41.mp4,26.0,155.0,202.0,202.0,239.0,239.0,281.0,281.0,319.0,319.0,363.0,364.0,410.0,411.0,456.0,456.0,497.0,497.0,547.0,547.0,591.0,591.0,630.0,631.0,682.0,682.0,720.0,720.0,772.0,772.0,819.0,820.0,863.0,863.0,919.0,920.0,965.0,967.0,1012.0,1012.0,1071.0,1072.0,1188.0,1188.0,1303.0,1303.0,1422.0,1422.0,1547.0,1547.0,1746.0,1988.0,2075.0,,,,,,,,,,,,,,,,,,,,,,,,,,,,,,,,,,,,,,,,,,,,,,,,,,,,,,,,,,,,,,,,,,,,,,,,,,,,,,,,,,,,,,,,,,,,,,,,,,,,,,,,,,,,,,,,,,,,,,,,,,,,,,,,,,,,,,,,,,,,,,,,,,,,,train
397,push_up,stu6_43.mp4,19.0,27.0,57.0,57.0,86.0,86.0,117.0,118.0,148.0,149.0,177.0,179.0,212.0,212.0,244.0,245.0,278.0,278.0,304.0,304.0,342.0,343.0,379.0,379.0,410.0,411.0,444.0,445.0,474.0,474.0,512.0,512.0,541.0,542.0,576.0,577.0,616.0,616.0,651.0,,,,,,,,,,,,,,,,,,,,,,,,,,,,,,,,,,,,,,,,,,,,,,,,,,,,,,,,,,,,,,,,,,,,,,,,,,,,,,,,,,,,,,,,,,,,,,,,,,,,,,,,,,,,,,,,,,,,,,,,,,,,,,,,,,,,,,,,,,,,,,,,,,,,,,,,,,,,,,,,,,,train
398,pull_up,stu7_41.mp4,4.0,31.0,152.0,152.0,215.0,215.0,299.0,299.0,358.0,,,,,,,,,,,,,,,,,,,,,,,,,,,,,,,,,,,,,,,,,,,,,,,,,,,,,,,,,,,,,,,,,,,,,,,,,,,,,,,,,,,,,,,,,,,,,,,,,,,,,,,,,,,,,,,,,,,,,,,,,,,,,,,,,,,,,,,,,,,,,,,,,,,,,,,,,,,,,,,,,,,,,,,,,,,,,,,,,,,,,,,,,,,,,,,,,train
399,bench_pressing,stu9_4.mp4,8.0,169.0,259.0,259.0,402.0,402.0,537.0,537.0,673.0,907.0,1070.0,1070.0,1204.0,1310.0,1445.0,1445.0,1571.0,,,,,,,,,,,,,,,,,,,,,,,,,,,,,,,,,,,,,,,,,,,,,,,,,,,,,,,,,,,,,,,,,,,,,,,,,,,,,,,,,,,,,,,,,,,,,,,,,,,,,,,,,,,,,,,,,,,,,,,,,,,,,,,,,,,,,,,,,,,,,,,,,,,,,,,,,,,,,,,,,,,,,,,,,,,,,,,,,,,,,,,,,train
400,front_raise,stu9_23.mp4,5.0,34.0,163.0,195.0,330.0,331.0,446.0,446.0,553.0,566.0,669.0,,,,,,,,,,,,,,,,,,,,,,,,,,,,,,,,,,,,,,,,,,,,,,,,,,,,,,,,,,,,,,,,,,,,,,,,,,,,,,,,,,,,,,,,,,,,,,,,,,,,,,,,,,,,,,,,,,,,,,,,,,,,,,,,,,,,,,,,,,,,,,,,,,,,,,,,,,,,,,,,,,,,,,,,,,,,,,,,,,,,,,,,,,,,,,,train
401,bench_pressing,test118.mp4,6.0,0.0,41.0,41.0,89.0,90.0,174.0,174.0,233.0,233.0,299.0,,,,,,,,,,,,,,,,,,,,,,,,,,,,,,,,,,,,,,,,,,,,,,,,,,,,,,,,,,,,,,,,,,,,,,,,,,,,,,,,,,,,,,,,,,,,,,,,,,,,,,,,,,,,,,,,,,,,,,,,,,,,,,,,,,,,,,,,,,,,,,,,,,,,,,,,,,,,,,,,,,,,,,,,,,,,,,,,,,,,,,,,,,,,,,,train
402,sit_up,stu10_57.mp4,31.0,0.0,41.0,41.0,82.0,82.0,127.0,127.0,171.0,171.0,217.0,217.0,264.0,264.0,306.0,306.0,354.0,354.0,402.0,402.0,449.0,449.0,496.0,496.0,543.0,543.0,590.0,590.0,638.0,638.0,684.0,684.0,730.0,730.0,780.0,780.0,825.0,825.0,872.0,872.0,921.0,921.0,971.0,972.0,1019.0,1019.0,1067.0,1067.0,1115.0,1115.0,1164.0,1164.0,1213.0,1213.0,1259.0,1259.0,1310.0,1310.0,1356.0,1356.0,1407.0,1407.0,1455.0,,,,,,,,,,,,,,,,,,,,,,,,,,,,,,,,,,,,,,,,,,,,,,,,,,,,,,,,,,,,,,,,,,,,,,,,,,,,,,,,,,,,,,,,,,,,,,,,,,,,,,,,,,,,,,,,,,,,,,,,,,,,,,,,,,,,,,,,,,,train
403,pull_up,stu2_44.mp4,10.0,81.0,118.0,119.0,151.0,151.0,179.0,179.0,207.0,212.0,286.0,528.0,558.0,558.0,592.0,592.0,633.0,647.0,725.0,824.0,870.0,,,,,,,,,,,,,,,,,,,,,,,,,,,,,,,,,,,,,,,,,,,,,,,,,,,,,,,,,,,,,,,,,,,,,,,,,,,,,,,,,,,,,,,,,,,,,,,,,,,,,,,,,,,,,,,,,,,,,,,,,,,,,,,,,,,,,,,,,,,,,,,,,,,,,,,,,,,,,,,,,,,,,,,,,,,,,,,,,,,,,train
404,push_up,stu10_45.mp4,14.0,4.0,111.0,111.0,215.0,215.0,323.0,323.0,444.0,444.0,526.0,526.0,606.0,606.0,694.0,695.0,784.0,785.0,862.0,862.0,949.0,949.0,1055.0,1055.0,1161.0,1161.0,1249.0,1249.0,1352.0,,,,,,,,,,,,,,,,,,,,,,,,,,,,,,,,,,,,,,,,,,,,,,,,,,,,,,,,,,,,,,,,,,,,,,,,,,,,,,,,,,,,,,,,,,,,,,,,,,,,,,,,,,,,,,,,,,,,,,,,,,,,,,,,,,,,,,,,,,,,,,,,,,,,,,,,,,,,,,,,,,,,,,,,,,,,,train
405,pull_up,train2464.mp4,4.0,2.0,50.0,50.0,123.0,123.0,191.0,191.0,262.0,,,,,,,,,,,,,,,,,,,,,,,,,,,,,,,,,,,,,,,,,,,,,,,,,,,,,,,,,,,,,,,,,,,,,,,,,,,,,,,,,,,,,,,,,,,,,,,,,,,,,,,,,,,,,,,,,,,,,,,,,,,,,,,,,,,,,,,,,,,,,,,,,,,,,,,,,,,,,,,,,,,,,,,,,,,,,,,,,,,,,,,,,,,,,,,,,train
406,front_raise,stu10_20.mp4,8.0,28.0,212.0,212.0,327.0,327.0,458.0,458.0,558.0,558.0,647.0,647.0,737.0,737.0,828.0,828.0,913.0,,,,,,,,,,,,,,,,,,,,,,,,,,,,,,,,,,,,,,,,,,,,,,,,,,,,,,,,,,,,,,,,,,,,,,,,,,,,,,,,,,,,,,,,,,,,,,,,,,,,,,,,,,,,,,,,,,,,,,,,,,,,,,,,,,,,,,,,,,,,,,,,,,,,,,,,,,,,,,,,,,,,,,,,,,,,,,,,,,,,,,,,,train
407,bench_pressing,test125.mp4,3.0,11.0,42.0,42.0,67.0,67.0,90.0,,,,,,,,,,,,,,,,,,,,,,,,,,,,,,,,,,,,,,,,,,,,,,,,,,,,,,,,,,,,,,,,,,,,,,,,,,,,,,,,,,,,,,,,,,,,,,,,,,,,,,,,,,,,,,,,,,,,,,,,,,,,,,,,,,,,,,,,,,,,,,,,,,,,,,,,,,,,,,,,,,,,,,,,,,,,,,,,,,,,,,,,,,,,,,,,,,,train
408,front_raise,stu10_14.mp4,14.0,49.0,135.0,135.0,212.0,212.0,289.0,290.0,363.0,364.0,432.0,432.0,498.0,498.0,564.0,564.0,647.0,647.0,723.0,723.0,805.0,805.0,900.0,900.0,981.0,981.0,1071.0,1071.0,1154.0,,,,,,,,,,,,,,,,,,,,,,,,,,,,,,,,,,,,,,,,,,,,,,,,,,,,,,,,,,,,,,,,,,,,,,,,,,,,,,,,,,,,,,,,,,,,,,,,,,,,,,,,,,,,,,,,,,,,,,,,,,,,,,,,,,,,,,,,,,,,,,,,,,,,,,,,,,,,,,,,,,,,,,,,,,,,,train
409,bench_pressing,stu1_3.mp4,4.0,6.0,96.0,96.0,223.0,333.0,429.0,430.0,525.0,,,,,,,,,,,,,,,,,,,,,,,,,,,,,,,,,,,,,,,,,,,,,,,,,,,,,,,,,,,,,,,,,,,,,,,,,,,,,,,,,,,,,,,,,,,,,,,,,,,,,,,,,,,,,,,,,,,,,,,,,,,,,,,,,,,,,,,,,,,,,,,,,,,,,,,,,,,,,,,,,,,,,,,,,,,,,,,,,,,,,,,,,,,,,,,,,train
410,pull_up,train2523.mp4,4.0,0.0,54.0,54.0,128.0,128.0,192.0,192.0,264.0,,,,,,,,,,,,,,,,,,,,,,,,,,,,,,,,,,,,,,,,,,,,,,,,,,,,,,,,,,,,,,,,,,,,,,,,,,,,,,,,,,,,,,,,,,,,,,,,,,,,,,,,,,,,,,,,,,,,,,,,,,,,,,,,,,,,,,,,,,,,,,,,,,,,,,,,,,,,,,,,,,,,,,,,,,,,,,,,,,,,,,,,,,,,,,,,,train
411,squat,stu3_69.mp4,10.0,10.0,49.0,49.0,93.0,93.0,135.0,135.0,178.0,178.0,220.0,220.0,263.0,263.0,308.0,308.0,348.0,348.0,388.0,388.0,439.0,,,,,,,,,,,,,,,,,,,,,,,,,,,,,,,,,,,,,,,,,,,,,,,,,,,,,,,,,,,,,,,,,,,,,,,,,,,,,,,,,,,,,,,,,,,,,,,,,,,,,,,,,,,,,,,,,,,,,,,,,,,,,,,,,,,,,,,,,,,,,,,,,,,,,,,,,,,,,,,,,,,,,,,,,,,,,,,,,,,,,train
412,sit_up,stu8_55.mp4,10.0,42.0,106.0,106.0,144.0,144.0,197.0,197.0,245.0,245.0,295.0,295.0,354.0,354.0,398.0,398.0,450.0,450.0,501.0,501.0,550.0,,,,,,,,,,,,,,,,,,,,,,,,,,,,,,,,,,,,,,,,,,,,,,,,,,,,,,,,,,,,,,,,,,,,,,,,,,,,,,,,,,,,,,,,,,,,,,,,,,,,,,,,,,,,,,,,,,,,,,,,,,,,,,,,,,,,,,,,,,,,,,,,,,,,,,,,,,,,,,,,,,,,,,,,,,,,,,,,,,,,,train
413,push_up,stu4_43.mp4,10.0,28.0,97.0,97.0,173.0,174.0,249.0,250.0,349.0,350.0,438.0,439.0,522.0,522.0,605.0,606.0,682.0,771.0,842.0,843.0,914.0,,,,,,,,,,,,,,,,,,,,,,,,,,,,,,,,,,,,,,,,,,,,,,,,,,,,,,,,,,,,,,,,,,,,,,,,,,,,,,,,,,,,,,,,,,,,,,,,,,,,,,,,,,,,,,,,,,,,,,,,,,,,,,,,,,,,,,,,,,,,,,,,,,,,,,,,,,,,,,,,,,,,,,,,,,,,,,,,,,,,,train
414,squat,test2318.mp4,4.0,9.0,59.0,59.0,127.0,127.0,193.0,193.0,257.0,,,,,,,,,,,,,,,,,,,,,,,,,,,,,,,,,,,,,,,,,,,,,,,,,,,,,,,,,,,,,,,,,,,,,,,,,,,,,,,,,,,,,,,,,,,,,,,,,,,,,,,,,,,,,,,,,,,,,,,,,,,,,,,,,,,,,,,,,,,,,,,,,,,,,,,,,,,,,,,,,,,,,,,,,,,,,,,,,,,,,,,,,,,,,,,,,train
415,push_up,stu3_45.mp4,25.0,8.0,78.0,78.0,161.0,161.0,240.0,241.0,323.0,323.0,403.0,403.0,487.0,487.0,567.0,567.0,639.0,639.0,720.0,720.0,804.0,804.0,889.0,889.0,968.0,968.0,1040.0,1040.0,1105.0,1105.0,1167.0,1167.0,1230.0,1230.0,1295.0,1295.0,1354.0,1354.0,1411.0,1411.0,1469.0,1469.0,1533.0,1533.0,1590.0,1590.0,1652.0,1652.0,1717.0,1717.0,1778.0,,,,,,,,,,,,,,,,,,,,,,,,,,,,,,,,,,,,,,,,,,,,,,,,,,,,,,,,,,,,,,,,,,,,,,,,,,,,,,,,,,,,,,,,,,,,,,,,,,,,,,,,,,,,,,,,,,,,,,,,,,,,,,,,,,,,,,,,,,,,,,,,,,,,,,,train
416,squat,stu3_70.mp4,12.0,33.0,123.0,123.0,214.0,214.0,237.0,237.0,262.0,262.0,287.0,287.0,311.0,311.0,335.0,335.0,356.0,356.0,386.0,386.0,411.0,411.0,436.0,436.0,462.0,,,,,,,,,,,,,,,,,,,,,,,,,,,,,,,,,,,,,,,,,,,,,,,,,,,,,,,,,,,,,,,,,,,,,,,,,,,,,,,,,,,,,,,,,,,,,,,,,,,,,,,,,,,,,,,,,,,,,,,,,,,,,,,,,,,,,,,,,,,,,,,,,,,,,,,,,,,,,,,,,,,,,,,,,,,,,,,,,train
417,jump_jacks,stu10_30.mp4,4.0,61.0,95.0,95.0,127.0,127.0,158.0,158.0,190.0,,,,,,,,,,,,,,,,,,,,,,,,,,,,,,,,,,,,,,,,,,,,,,,,,,,,,,,,,,,,,,,,,,,,,,,,,,,,,,,,,,,,,,,,,,,,,,,,,,,,,,,,,,,,,,,,,,,,,,,,,,,,,,,,,,,,,,,,,,,,,,,,,,,,,,,,,,,,,,,,,,,,,,,,,,,,,,,,,,,,,,,,,,,,,,,,,train
418,sit_up,stu9_60.mp4,4.0,816.0,897.0,897.0,966.0,966.0,1045.0,1045.0,1113.0,,,,,,,,,,,,,,,,,,,,,,,,,,,,,,,,,,,,,,,,,,,,,,,,,,,,,,,,,,,,,,,,,,,,,,,,,,,,,,,,,,,,,,,,,,,,,,,,,,,,,,,,,,,,,,,,,,,,,,,,,,,,,,,,,,,,,,,,,,,,,,,,,,,,,,,,,,,,,,,,,,,,,,,,,,,,,,,,,,,,,,,,,,,,,,,,,train
419,pull_up,train2484.mp4,7.0,0.0,36.0,36.0,77.0,77.0,120.0,120.0,163.0,163.0,210.0,210.0,250.0,250.0,298.0,,,,,,,,,,,,,,,,,,,,,,,,,,,,,,,,,,,,,,,,,,,,,,,,,,,,,,,,,,,,,,,,,,,,,,,,,,,,,,,,,,,,,,,,,,,,,,,,,,,,,,,,,,,,,,,,,,,,,,,,,,,,,,,,,,,,,,,,,,,,,,,,,,,,,,,,,,,,,,,,,,,,,,,,,,,,,,,,,,,,,,,,,,,train
420,bench_pressing,stu7_7.mp4,4.0,210.0,293.0,293.0,349.0,376.0,459.0,460.0,534.0,,,,,,,,,,,,,,,,,,,,,,,,,,,,,,,,,,,,,,,,,,,,,,,,,,,,,,,,,,,,,,,,,,,,,,,,,,,,,,,,,,,,,,,,,,,,,,,,,,,,,,,,,,,,,,,,,,,,,,,,,,,,,,,,,,,,,,,,,,,,,,,,,,,,,,,,,,,,,,,,,,,,,,,,,,,,,,,,,,,,,,,,,,,,,,,,,train
421,squat,stu3_60.mp4,4.0,8.0,65.0,65.0,111.0,111.0,150.0,150.0,187.0,,,,,,,,,,,,,,,,,,,,,,,,,,,,,,,,,,,,,,,,,,,,,,,,,,,,,,,,,,,,,,,,,,,,,,,,,,,,,,,,,,,,,,,,,,,,,,,,,,,,,,,,,,,,,,,,,,,,,,,,,,,,,,,,,,,,,,,,,,,,,,,,,,,,,,,,,,,,,,,,,,,,,,,,,,,,,,,,,,,,,,,,,,,,,,,,,train
422,jump_jacks,test990.mp4,5.0,3.0,60.0,61.0,117.0,117.0,171.0,172.0,225.0,226.0,281.0,,,,,,,,,,,,,,,,,,,,,,,,,,,,,,,,,,,,,,,,,,,,,,,,,,,,,,,,,,,,,,,,,,,,,,,,,,,,,,,,,,,,,,,,,,,,,,,,,,,,,,,,,,,,,,,,,,,,,,,,,,,,,,,,,,,,,,,,,,,,,,,,,,,,,,,,,,,,,,,,,,,,,,,,,,,,,,,,,,,,,,,,,,,,,,,train
423,bench_pressing,stu2_10.mp4,6.0,104.0,163.0,163.0,215.0,215.0,275.0,275.0,337.0,337.0,414.0,414.0,538.0,,,,,,,,,,,,,,,,,,,,,,,,,,,,,,,,,,,,,,,,,,,,,,,,,,,,,,,,,,,,,,,,,,,,,,,,,,,,,,,,,,,,,,,,,,,,,,,,,,,,,,,,,,,,,,,,,,,,,,,,,,,,,,,,,,,,,,,,,,,,,,,,,,,,,,,,,,,,,,,,,,,,,,,,,,,,,,,,,,,,,,,,,,,,,train
424,sit_up,stu1_53.mp4,9.0,136.0,169.0,169.0,196.0,196.0,218.0,218.0,242.0,242.0,264.0,264.0,286.0,286.0,312.0,312.0,335.0,335.0,358.0,,,,,,,,,,,,,,,,,,,,,,,,,,,,,,,,,,,,,,,,,,,,,,,,,,,,,,,,,,,,,,,,,,,,,,,,,,,,,,,,,,,,,,,,,,,,,,,,,,,,,,,,,,,,,,,,,,,,,,,,,,,,,,,,,,,,,,,,,,,,,,,,,,,,,,,,,,,,,,,,,,,,,,,,,,,,,,,,,,,,,,,train
425,squat,stu6_60.mp4,35.0,115.0,159.0,159.0,203.0,203.0,246.0,247.0,284.0,284.0,329.0,330.0,374.0,374.0,420.0,421.0,463.0,464.0,502.0,504.0,549.0,549.0,593.0,593.0,636.0,636.0,684.0,684.0,731.0,732.0,772.0,773.0,815.0,817.0,863.0,865.0,910.0,910.0,956.0,957.0,1002.0,1003.0,1042.0,1043.0,1091.0,1091.0,1137.0,1138.0,1182.0,1182.0,1226.0,1226.0,1276.0,1276.0,1319.0,1319.0,1364.0,1365.0,1402.0,1403.0,1445.0,1446.0,1491.0,1491.0,1536.0,1537.0,1579.0,1579.0,1625.0,1625.0,1679.0,,,,,,,,,,,,,,,,,,,,,,,,,,,,,,,,,,,,,,,,,,,,,,,,,,,,,,,,,,,,,,,,,,,,,,,,,,,,,,,,,,,,,,,,,,,,,,,,,,,,,,,,,,,,,,,,,,,,,,,,,,,,,,,,,,,train
426,squat,stu5_63.mp4,21.0,20.0,61.0,61.0,106.0,106.0,148.0,148.0,194.0,194.0,233.0,233.0,282.0,282.0,321.0,321.0,368.0,368.0,412.0,412.0,457.0,457.0,500.0,500.0,544.0,544.0,586.0,586.0,629.0,629.0,673.0,673.0,718.0,718.0,765.0,765.0,807.0,807.0,852.0,852.0,897.0,897.0,942.0,,,,,,,,,,,,,,,,,,,,,,,,,,,,,,,,,,,,,,,,,,,,,,,,,,,,,,,,,,,,,,,,,,,,,,,,,,,,,,,,,,,,,,,,,,,,,,,,,,,,,,,,,,,,,,,,,,,,,,,,,,,,,,,,,,,,,,,,,,,,,,,,,,,,,,,,,,,,,,,train
427,sit_up,stu6_50.mp4,9.0,468.0,590.0,590.0,677.0,677.0,776.0,777.0,868.0,868.0,964.0,964.0,1064.0,1065.0,1160.0,1160.0,1249.0,1249.0,1353.0,,,,,,,,,,,,,,,,,,,,,,,,,,,,,,,,,,,,,,,,,,,,,,,,,,,,,,,,,,,,,,,,,,,,,,,,,,,,,,,,,,,,,,,,,,,,,,,,,,,,,,,,,,,,,,,,,,,,,,,,,,,,,,,,,,,,,,,,,,,,,,,,,,,,,,,,,,,,,,,,,,,,,,,,,,,,,,,,,,,,,,,train
428,squat,stu3_68.mp4,17.0,264.0,337.0,337.0,397.0,397.0,465.0,465.0,533.0,533.0,602.0,602.0,660.0,660.0,752.0,752.0,813.0,813.0,884.0,884.0,946.0,947.0,1022.0,1022.0,1088.0,1088.0,1161.0,1161.0,1230.0,1230.0,1303.0,1303.0,1369.0,1369.0,1438.0,,,,,,,,,,,,,,,,,,,,,,,,,,,,,,,,,,,,,,,,,,,,,,,,,,,,,,,,,,,,,,,,,,,,,,,,,,,,,,,,,,,,,,,,,,,,,,,,,,,,,,,,,,,,,,,,,,,,,,,,,,,,,,,,,,,,,,,,,,,,,,,,,,,,,,,,,,,,,,,,,,,,,,,train
429,push_up,stu4_44.mp4,9.0,210.0,271.0,272.0,330.0,406.0,463.0,466.0,524.0,532.0,591.0,601.0,661.0,663.0,720.0,722.0,781.0,782.0,840.0,,,,,,,,,,,,,,,,,,,,,,,,,,,,,,,,,,,,,,,,,,,,,,,,,,,,,,,,,,,,,,,,,,,,,,,,,,,,,,,,,,,,,,,,,,,,,,,,,,,,,,,,,,,,,,,,,,,,,,,,,,,,,,,,,,,,,,,,,,,,,,,,,,,,,,,,,,,,,,,,,,,,,,,,,,,,,,,,,,,,,,,train
430,pull_up,stu3_33.mp4,10.0,255.0,350.0,350.0,386.0,386.0,420.0,420.0,454.0,454.0,488.0,488.0,518.0,518.0,552.0,552.0,585.0,586.0,618.0,618.0,653.0,,,,,,,,,,,,,,,,,,,,,,,,,,,,,,,,,,,,,,,,,,,,,,,,,,,,,,,,,,,,,,,,,,,,,,,,,,,,,,,,,,,,,,,,,,,,,,,,,,,,,,,,,,,,,,,,,,,,,,,,,,,,,,,,,,,,,,,,,,,,,,,,,,,,,,,,,,,,,,,,,,,,,,,,,,,,,,,,,,,,,train
431,push_up,stu4_48.mp4,8.0,95.0,160.0,164.0,249.0,257.0,316.0,331.0,389.0,440.0,490.0,501.0,548.0,607.0,669.0,677.0,732.0,,,,,,,,,,,,,,,,,,,,,,,,,,,,,,,,,,,,,,,,,,,,,,,,,,,,,,,,,,,,,,,,,,,,,,,,,,,,,,,,,,,,,,,,,,,,,,,,,,,,,,,,,,,,,,,,,,,,,,,,,,,,,,,,,,,,,,,,,,,,,,,,,,,,,,,,,,,,,,,,,,,,,,,,,,,,,,,,,,,,,,,,,train
432,front_raise,train1022.mp4,3.0,52.0,125.0,125.0,197.0,197.0,264.0,,,,,,,,,,,,,,,,,,,,,,,,,,,,,,,,,,,,,,,,,,,,,,,,,,,,,,,,,,,,,,,,,,,,,,,,,,,,,,,,,,,,,,,,,,,,,,,,,,,,,,,,,,,,,,,,,,,,,,,,,,,,,,,,,,,,,,,,,,,,,,,,,,,,,,,,,,,,,,,,,,,,,,,,,,,,,,,,,,,,,,,,,,,,,,,,,,,train
433,push_up,stu10_52.mp4,37.0,48.0,99.0,99.0,139.0,139.0,176.0,176.0,211.0,211.0,246.0,246.0,281.0,281.0,318.0,318.0,354.0,354.0,391.0,392.0,431.0,431.0,472.0,473.0,514.0,514.0,559.0,559.0,605.0,605.0,652.0,652.0,697.0,697.0,744.0,744.0,796.0,797.0,847.0,847.0,903.0,920.0,967.0,967.0,1003.0,1003.0,1039.0,1039.0,1082.0,1082.0,1127.0,1127.0,1172.0,1173.0,1215.0,1215.0,1262.0,1262.0,1310.0,1310.0,1362.0,1381.0,1425.0,1425.0,1459.0,1459.0,1493.0,1493.0,1527.0,1527.0,1566.0,1566.0,1608.0,1609.0,1647.0,,,,,,,,,,,,,,,,,,,,,,,,,,,,,,,,,,,,,,,,,,,,,,,,,,,,,,,,,,,,,,,,,,,,,,,,,,,,,,,,,,,,,,,,,,,,,,,,,,,,,,,,,,,,,,,,,,,,,,,,,,,,,,,train
434,jump_jacks,stu10_27.mp4,18.0,8.0,48.0,48.0,78.0,78.0,107.0,107.0,136.0,136.0,166.0,166.0,196.0,196.0,224.0,224.0,254.0,255.0,283.0,283.0,312.0,312.0,343.0,343.0,372.0,372.0,401.0,401.0,432.0,432.0,461.0,461.0,493.0,493.0,522.0,522.0,553.0,,,,,,,,,,,,,,,,,,,,,,,,,,,,,,,,,,,,,,,,,,,,,,,,,,,,,,,,,,,,,,,,,,,,,,,,,,,,,,,,,,,,,,,,,,,,,,,,,,,,,,,,,,,,,,,,,,,,,,,,,,,,,,,,,,,,,,,,,,,,,,,,,,,,,,,,,,,,,,,,,,,,,train
435,sit_up,stu10_61.mp4,15.0,92.0,138.0,138.0,163.0,163.0,187.0,187.0,209.0,209.0,232.0,232.0,255.0,255.0,277.0,277.0,300.0,300.0,320.0,320.0,342.0,342.0,369.0,369.0,398.0,398.0,430.0,430.0,464.0,464.0,497.0,,,,,,,,,,,,,,,,,,,,,,,,,,,,,,,,,,,,,,,,,,,,,,,,,,,,,,,,,,,,,,,,,,,,,,,,,,,,,,,,,,,,,,,,,,,,,,,,,,,,,,,,,,,,,,,,,,,,,,,,,,,,,,,,,,,,,,,,,,,,,,,,,,,,,,,,,,,,,,,,,,,,,,,,,,,train
436,push_up,stu1_45.mp4,6.0,127.0,177.0,177.0,228.0,228.0,285.0,285.0,327.0,596.0,645.0,645.0,687.0,,,,,,,,,,,,,,,,,,,,,,,,,,,,,,,,,,,,,,,,,,,,,,,,,,,,,,,,,,,,,,,,,,,,,,,,,,,,,,,,,,,,,,,,,,,,,,,,,,,,,,,,,,,,,,,,,,,,,,,,,,,,,,,,,,,,,,,,,,,,,,,,,,,,,,,,,,,,,,,,,,,,,,,,,,,,,,,,,,,,,,,,,,,,,train
437,sit_up,val1075.mp4,3.0,29.0,98.0,98.0,168.0,168.0,234.0,,,,,,,,,,,,,,,,,,,,,,,,,,,,,,,,,,,,,,,,,,,,,,,,,,,,,,,,,,,,,,,,,,,,,,,,,,,,,,,,,,,,,,,,,,,,,,,,,,,,,,,,,,,,,,,,,,,,,,,,,,,,,,,,,,,,,,,,,,,,,,,,,,,,,,,,,,,,,,,,,,,,,,,,,,,,,,,,,,,,,,,,,,,,,,,,,,,train
438,pull_up,train2502.mp4,6.0,28.0,66.0,66.0,102.0,102.0,145.0,145.0,189.0,189.0,231.0,231.0,272.0,,,,,,,,,,,,,,,,,,,,,,,,,,,,,,,,,,,,,,,,,,,,,,,,,,,,,,,,,,,,,,,,,,,,,,,,,,,,,,,,,,,,,,,,,,,,,,,,,,,,,,,,,,,,,,,,,,,,,,,,,,,,,,,,,,,,,,,,,,,,,,,,,,,,,,,,,,,,,,,,,,,,,,,,,,,,,,,,,,,,,,,,,,,,,train
439,pull_up,stu3_40.mp4,6.0,356.0,423.0,424.0,468.0,468.0,531.0,531.0,625.0,625.0,705.0,705.0,781.0,,,,,,,,,,,,,,,,,,,,,,,,,,,,,,,,,,,,,,,,,,,,,,,,,,,,,,,,,,,,,,,,,,,,,,,,,,,,,,,,,,,,,,,,,,,,,,,,,,,,,,,,,,,,,,,,,,,,,,,,,,,,,,,,,,,,,,,,,,,,,,,,,,,,,,,,,,,,,,,,,,,,,,,,,,,,,,,,,,,,,,,,,,,,,train
440,bench_pressing,stu2_13.mp4,11.0,88.0,130.0,130.0,161.0,161.0,191.0,191.0,222.0,222.0,255.0,255.0,282.0,282.0,315.0,315.0,344.0,344.0,375.0,375.0,405.0,405.0,435.0,,,,,,,,,,,,,,,,,,,,,,,,,,,,,,,,,,,,,,,,,,,,,,,,,,,,,,,,,,,,,,,,,,,,,,,,,,,,,,,,,,,,,,,,,,,,,,,,,,,,,,,,,,,,,,,,,,,,,,,,,,,,,,,,,,,,,,,,,,,,,,,,,,,,,,,,,,,,,,,,,,,,,,,,,,,,,,,,,,,train
441,bench_pressing,train184.mp4,2.0,42.0,155.0,155.0,297.0,,,,,,,,,,,,,,,,,,,,,,,,,,,,,,,,,,,,,,,,,,,,,,,,,,,,,,,,,,,,,,,,,,,,,,,,,,,,,,,,,,,,,,,,,,,,,,,,,,,,,,,,,,,,,,,,,,,,,,,,,,,,,,,,,,,,,,,,,,,,,,,,,,,,,,,,,,,,,,,,,,,,,,,,,,,,,,,,,,,,,,,,,,,,,,,,,,,,,train
442,push_up,stu5_44.mp4,12.0,148.0,205.0,205.0,256.0,256.0,315.0,315.0,373.0,373.0,430.0,430.0,493.0,913.0,972.0,972.0,1044.0,1045.0,1121.0,1179.0,1257.0,1257.0,1333.0,1333.0,1421.0,,,,,,,,,,,,,,,,,,,,,,,,,,,,,,,,,,,,,,,,,,,,,,,,,,,,,,,,,,,,,,,,,,,,,,,,,,,,,,,,,,,,,,,,,,,,,,,,,,,,,,,,,,,,,,,,,,,,,,,,,,,,,,,,,,,,,,,,,,,,,,,,,,,,,,,,,,,,,,,,,,,,,,,,,,,,,,,,,train
443,sit_up,test2003.mp4,6.0,7.0,27.0,27.0,51.0,51.0,77.0,78.0,103.0,103.0,123.0,123.0,143.0,,,,,,,,,,,,,,,,,,,,,,,,,,,,,,,,,,,,,,,,,,,,,,,,,,,,,,,,,,,,,,,,,,,,,,,,,,,,,,,,,,,,,,,,,,,,,,,,,,,,,,,,,,,,,,,,,,,,,,,,,,,,,,,,,,,,,,,,,,,,,,,,,,,,,,,,,,,,,,,,,,,,,,,,,,,,,,,,,,,,,,,,,,,,,train
444,bench_pressing,stu3_6.mp4,6.0,140.0,198.0,198.0,276.0,276.0,349.0,516.0,585.0,585.0,633.0,633.0,676.0,,,,,,,,,,,,,,,,,,,,,,,,,,,,,,,,,,,,,,,,,,,,,,,,,,,,,,,,,,,,,,,,,,,,,,,,,,,,,,,,,,,,,,,,,,,,,,,,,,,,,,,,,,,,,,,,,,,,,,,,,,,,,,,,,,,,,,,,,,,,,,,,,,,,,,,,,,,,,,,,,,,,,,,,,,,,,,,,,,,,,,,,,,,,,train
445,squat,stu2_67.mp4,11.0,8.0,54.0,54.0,104.0,104.0,149.0,149.0,194.0,194.0,242.0,242.0,287.0,288.0,337.0,337.0,384.0,385.0,435.0,435.0,481.0,481.0,536.0,,,,,,,,,,,,,,,,,,,,,,,,,,,,,,,,,,,,,,,,,,,,,,,,,,,,,,,,,,,,,,,,,,,,,,,,,,,,,,,,,,,,,,,,,,,,,,,,,,,,,,,,,,,,,,,,,,,,,,,,,,,,,,,,,,,,,,,,,,,,,,,,,,,,,,,,,,,,,,,,,,,,,,,,,,,,,,,,,,,train
446,squat,stu10_66.mp4,25.0,130.0,170.0,170.0,207.0,207.0,246.0,246.0,283.0,283.0,327.0,327.0,369.0,369.0,409.0,409.0,448.0,448.0,489.0,489.0,530.0,530.0,573.0,573.0,617.0,617.0,658.0,658.0,705.0,706.0,746.0,747.0,789.0,789.0,833.0,833.0,879.0,879.0,921.0,921.0,966.0,966.0,1013.0,1013.0,1066.0,1066.0,1113.0,1113.0,1160.0,1160.0,1209.0,,,,,,,,,,,,,,,,,,,,,,,,,,,,,,,,,,,,,,,,,,,,,,,,,,,,,,,,,,,,,,,,,,,,,,,,,,,,,,,,,,,,,,,,,,,,,,,,,,,,,,,,,,,,,,,,,,,,,,,,,,,,,,,,,,,,,,,,,,,,,,,,,,,,,,,train
447,push_up,train2745.mp4,2.0,5.0,119.0,121.0,237.0,,,,,,,,,,,,,,,,,,,,,,,,,,,,,,,,,,,,,,,,,,,,,,,,,,,,,,,,,,,,,,,,,,,,,,,,,,,,,,,,,,,,,,,,,,,,,,,,,,,,,,,,,,,,,,,,,,,,,,,,,,,,,,,,,,,,,,,,,,,,,,,,,,,,,,,,,,,,,,,,,,,,,,,,,,,,,,,,,,,,,,,,,,,,,,,,,,,,,train
448,jump_jacks,stu6_19.mp4,16.0,315.0,343.0,343.0,367.0,367.0,392.0,392.0,418.0,418.0,445.0,445.0,467.0,467.0,495.0,495.0,519.0,519.0,545.0,545.0,570.0,571.0,595.0,595.0,616.0,616.0,644.0,644.0,665.0,665.0,690.0,690.0,716.0,,,,,,,,,,,,,,,,,,,,,,,,,,,,,,,,,,,,,,,,,,,,,,,,,,,,,,,,,,,,,,,,,,,,,,,,,,,,,,,,,,,,,,,,,,,,,,,,,,,,,,,,,,,,,,,,,,,,,,,,,,,,,,,,,,,,,,,,,,,,,,,,,,,,,,,,,,,,,,,,,,,,,,,,,train
449,sit_up,val1099.mp4,4.0,45.0,97.0,97.0,150.0,150.0,201.0,201.0,252.0,,,,,,,,,,,,,,,,,,,,,,,,,,,,,,,,,,,,,,,,,,,,,,,,,,,,,,,,,,,,,,,,,,,,,,,,,,,,,,,,,,,,,,,,,,,,,,,,,,,,,,,,,,,,,,,,,,,,,,,,,,,,,,,,,,,,,,,,,,,,,,,,,,,,,,,,,,,,,,,,,,,,,,,,,,,,,,,,,,,,,,,,,,,,,,,,,train
450,bench_pressing,stu8_13.mp4,5.0,185.0,275.0,275.0,319.0,319.0,359.0,359.0,398.0,398.0,452.0,,,,,,,,,,,,,,,,,,,,,,,,,,,,,,,,,,,,,,,,,,,,,,,,,,,,,,,,,,,,,,,,,,,,,,,,,,,,,,,,,,,,,,,,,,,,,,,,,,,,,,,,,,,,,,,,,,,,,,,,,,,,,,,,,,,,,,,,,,,,,,,,,,,,,,,,,,,,,,,,,,,,,,,,,,,,,,,,,,,,,,,,,,,,,,,train
451,bench_pressing,stu1_6.mp4,11.0,204.0,247.0,247.0,285.0,285.0,318.0,318.0,353.0,353.0,393.0,496.0,548.0,548.0,595.0,595.0,639.0,639.0,687.0,982.0,1041.0,1261.0,1318.0,,,,,,,,,,,,,,,,,,,,,,,,,,,,,,,,,,,,,,,,,,,,,,,,,,,,,,,,,,,,,,,,,,,,,,,,,,,,,,,,,,,,,,,,,,,,,,,,,,,,,,,,,,,,,,,,,,,,,,,,,,,,,,,,,,,,,,,,,,,,,,,,,,,,,,,,,,,,,,,,,,,,,,,,,,,,,,,,,,,train
452,bench_pressing,stu2_9.mp4,9.0,526.0,577.0,578.0,610.0,611.0,642.0,643.0,674.0,675.0,707.0,707.0,740.0,741.0,776.0,778.0,811.0,811.0,854.0,,,,,,,,,,,,,,,,,,,,,,,,,,,,,,,,,,,,,,,,,,,,,,,,,,,,,,,,,,,,,,,,,,,,,,,,,,,,,,,,,,,,,,,,,,,,,,,,,,,,,,,,,,,,,,,,,,,,,,,,,,,,,,,,,,,,,,,,,,,,,,,,,,,,,,,,,,,,,,,,,,,,,,,,,,,,,,,,,,,,,,,train
453,squat,stu3_63.mp4,7.0,2.0,56.0,56.0,111.0,111.0,161.0,161.0,212.0,212.0,260.0,260.0,309.0,309.0,363.0,,,,,,,,,,,,,,,,,,,,,,,,,,,,,,,,,,,,,,,,,,,,,,,,,,,,,,,,,,,,,,,,,,,,,,,,,,,,,,,,,,,,,,,,,,,,,,,,,,,,,,,,,,,,,,,,,,,,,,,,,,,,,,,,,,,,,,,,,,,,,,,,,,,,,,,,,,,,,,,,,,,,,,,,,,,,,,,,,,,,,,,,,,,train
454,pull_up,stu3_41.mp4,1.0,37.0,151.0,,,,,,,,,,,,,,,,,,,,,,,,,,,,,,,,,,,,,,,,,,,,,,,,,,,,,,,,,,,,,,,,,,,,,,,,,,,,,,,,,,,,,,,,,,,,,,,,,,,,,,,,,,,,,,,,,,,,,,,,,,,,,,,,,,,,,,,,,,,,,,,,,,,,,,,,,,,,,,,,,,,,,,,,,,,,,,,,,,,,,,,,,,,,,,,,,,,,,,,train
455,jump_jacks,stu4_20.mp4,11.0,2.0,29.0,30.0,52.0,52.0,75.0,76.0,92.0,93.0,113.0,114.0,137.0,138.0,158.0,159.0,179.0,179.0,199.0,200.0,224.0,225.0,245.0,,,,,,,,,,,,,,,,,,,,,,,,,,,,,,,,,,,,,,,,,,,,,,,,,,,,,,,,,,,,,,,,,,,,,,,,,,,,,,,,,,,,,,,,,,,,,,,,,,,,,,,,,,,,,,,,,,,,,,,,,,,,,,,,,,,,,,,,,,,,,,,,,,,,,,,,,,,,,,,,,,,,,,,,,,,,,,,,,,,train
456,pull_up,val820.mp4,4.0,11.0,81.0,84.0,160.0,164.0,236.0,239.0,298.0,,,,,,,,,,,,,,,,,,,,,,,,,,,,,,,,,,,,,,,,,,,,,,,,,,,,,,,,,,,,,,,,,,,,,,,,,,,,,,,,,,,,,,,,,,,,,,,,,,,,,,,,,,,,,,,,,,,,,,,,,,,,,,,,,,,,,,,,,,,,,,,,,,,,,,,,,,,,,,,,,,,,,,,,,,,,,,,,,,,,,,,,,,,,,,,,,train
457,push_up,stu5_42.mp4,23.0,28.0,50.0,50.0,74.0,74.0,99.0,99.0,122.0,123.0,147.0,147.0,170.0,422.0,481.0,801.0,825.0,825.0,853.0,853.0,878.0,878.0,899.0,899.0,928.0,928.0,954.0,954.0,980.0,1091.0,1128.0,1128.0,1167.0,1167.0,1212.0,1212.0,1264.0,1264.0,1327.0,1405.0,1453.0,1453.0,1508.0,1508.0,1584.0,1676.0,1742.0,,,,,,,,,,,,,,,,,,,,,,,,,,,,,,,,,,,,,,,,,,,,,,,,,,,,,,,,,,,,,,,,,,,,,,,,,,,,,,,,,,,,,,,,,,,,,,,,,,,,,,,,,,,,,,,,,,,,,,,,,,,,,,,,,,,,,,,,,,,,,,,,,,,,,,,,,,,train
458,jump_jacks,test944.mp4,10.0,2.0,27.0,28.0,56.0,56.0,82.0,84.0,107.0,108.0,137.0,138.0,166.0,166.0,193.0,193.0,220.0,221.0,246.0,247.0,271.0,,,,,,,,,,,,,,,,,,,,,,,,,,,,,,,,,,,,,,,,,,,,,,,,,,,,,,,,,,,,,,,,,,,,,,,,,,,,,,,,,,,,,,,,,,,,,,,,,,,,,,,,,,,,,,,,,,,,,,,,,,,,,,,,,,,,,,,,,,,,,,,,,,,,,,,,,,,,,,,,,,,,,,,,,,,,,,,,,,,,,train
459,squat,stu6_11.mp4,22.0,107.0,127.0,127.0,146.0,146.0,162.0,162.0,180.0,180.0,198.0,198.0,219.0,219.0,238.0,238.0,264.0,264.0,288.0,288.0,313.0,331.0,410.0,520.0,568.0,568.0,656.0,656.0,733.0,734.0,828.0,828.0,922.0,922.0,964.0,965.0,1002.0,1002.0,1033.0,1033.0,1070.0,1070.0,1114.0,1114.0,1174.0,,,,,,,,,,,,,,,,,,,,,,,,,,,,,,,,,,,,,,,,,,,,,,,,,,,,,,,,,,,,,,,,,,,,,,,,,,,,,,,,,,,,,,,,,,,,,,,,,,,,,,,,,,,,,,,,,,,,,,,,,,,,,,,,,,,,,,,,,,,,,,,,,,,,,,,,,,,,,train
460,front_raise,stu6_14.mp4,4.0,47.0,112.0,112.0,190.0,392.0,478.0,478.0,563.0,,,,,,,,,,,,,,,,,,,,,,,,,,,,,,,,,,,,,,,,,,,,,,,,,,,,,,,,,,,,,,,,,,,,,,,,,,,,,,,,,,,,,,,,,,,,,,,,,,,,,,,,,,,,,,,,,,,,,,,,,,,,,,,,,,,,,,,,,,,,,,,,,,,,,,,,,,,,,,,,,,,,,,,,,,,,,,,,,,,,,,,,,,,,,,,,,train
461,squat,stu6_71.mp4,2.0,53.0,152.0,165.0,261.0,,,,,,,,,,,,,,,,,,,,,,,,,,,,,,,,,,,,,,,,,,,,,,,,,,,,,,,,,,,,,,,,,,,,,,,,,,,,,,,,,,,,,,,,,,,,,,,,,,,,,,,,,,,,,,,,,,,,,,,,,,,,,,,,,,,,,,,,,,,,,,,,,,,,,,,,,,,,,,,,,,,,,,,,,,,,,,,,,,,,,,,,,,,,,,,,,,,,,train
462,pull_up,stu7_37.mp4,15.0,0.0,53.0,54.0,111.0,113.0,173.0,174.0,240.0,240.0,300.0,662.0,680.0,680.0,697.0,697.0,720.0,720.0,740.0,740.0,761.0,879.0,895.0,895.0,914.0,914.0,932.0,932.0,949.0,949.0,968.0,,,,,,,,,,,,,,,,,,,,,,,,,,,,,,,,,,,,,,,,,,,,,,,,,,,,,,,,,,,,,,,,,,,,,,,,,,,,,,,,,,,,,,,,,,,,,,,,,,,,,,,,,,,,,,,,,,,,,,,,,,,,,,,,,,,,,,,,,,,,,,,,,,,,,,,,,,,,,,,,,,,,,,,,,,,train
463,squat,stu10_62.mp4,3.0,6.0,69.0,70.0,144.0,144.0,219.0,,,,,,,,,,,,,,,,,,,,,,,,,,,,,,,,,,,,,,,,,,,,,,,,,,,,,,,,,,,,,,,,,,,,,,,,,,,,,,,,,,,,,,,,,,,,,,,,,,,,,,,,,,,,,,,,,,,,,,,,,,,,,,,,,,,,,,,,,,,,,,,,,,,,,,,,,,,,,,,,,,,,,,,,,,,,,,,,,,,,,,,,,,,,,,,,,,,train
464,sit_up,stu8_51.mp4,25.0,55.0,87.0,87.0,120.0,120.0,154.0,154.0,188.0,188.0,217.0,217.0,253.0,253.0,288.0,288.0,324.0,324.0,360.0,360.0,394.0,394.0,432.0,432.0,467.0,467.0,501.0,501.0,530.0,530.0,565.0,565.0,598.0,598.0,631.0,631.0,666.0,666.0,703.0,703.0,733.0,733.0,771.0,771.0,805.0,805.0,844.0,844.0,882.0,882.0,919.0,,,,,,,,,,,,,,,,,,,,,,,,,,,,,,,,,,,,,,,,,,,,,,,,,,,,,,,,,,,,,,,,,,,,,,,,,,,,,,,,,,,,,,,,,,,,,,,,,,,,,,,,,,,,,,,,,,,,,,,,,,,,,,,,,,,,,,,,,,,,,,,,,,,,,,,train
465,front_raise,stu3_14.mp4,3.0,3.0,136.0,136.0,199.0,199.0,256.0,,,,,,,,,,,,,,,,,,,,,,,,,,,,,,,,,,,,,,,,,,,,,,,,,,,,,,,,,,,,,,,,,,,,,,,,,,,,,,,,,,,,,,,,,,,,,,,,,,,,,,,,,,,,,,,,,,,,,,,,,,,,,,,,,,,,,,,,,,,,,,,,,,,,,,,,,,,,,,,,,,,,,,,,,,,,,,,,,,,,,,,,,,,,,,,,,,,train
466,front_raise,train941.mp4,4.0,39.0,108.0,108.0,171.0,171.0,229.0,229.0,289.0,,,,,,,,,,,,,,,,,,,,,,,,,,,,,,,,,,,,,,,,,,,,,,,,,,,,,,,,,,,,,,,,,,,,,,,,,,,,,,,,,,,,,,,,,,,,,,,,,,,,,,,,,,,,,,,,,,,,,,,,,,,,,,,,,,,,,,,,,,,,,,,,,,,,,,,,,,,,,,,,,,,,,,,,,,,,,,,,,,,,,,,,,,,,,,,,,train
467,sit_up,test1995.mp4,5.0,53.0,97.0,97.0,142.0,143.0,187.0,187.0,235.0,236.0,284.0,,,,,,,,,,,,,,,,,,,,,,,,,,,,,,,,,,,,,,,,,,,,,,,,,,,,,,,,,,,,,,,,,,,,,,,,,,,,,,,,,,,,,,,,,,,,,,,,,,,,,,,,,,,,,,,,,,,,,,,,,,,,,,,,,,,,,,,,,,,,,,,,,,,,,,,,,,,,,,,,,,,,,,,,,,,,,,,,,,,,,,,,,,,,,,,train
468,front_raise,test541.mp4,3.0,0.0,112.0,112.0,204.0,204.0,299.0,,,,,,,,,,,,,,,,,,,,,,,,,,,,,,,,,,,,,,,,,,,,,,,,,,,,,,,,,,,,,,,,,,,,,,,,,,,,,,,,,,,,,,,,,,,,,,,,,,,,,,,,,,,,,,,,,,,,,,,,,,,,,,,,,,,,,,,,,,,,,,,,,,,,,,,,,,,,,,,,,,,,,,,,,,,,,,,,,,,,,,,,,,,,,,,,,,,train
469,sit_up,stu6_49.mp4,5.0,85.0,159.0,167.0,283.0,291.0,431.0,437.0,593.0,599.0,689.0,,,,,,,,,,,,,,,,,,,,,,,,,,,,,,,,,,,,,,,,,,,,,,,,,,,,,,,,,,,,,,,,,,,,,,,,,,,,,,,,,,,,,,,,,,,,,,,,,,,,,,,,,,,,,,,,,,,,,,,,,,,,,,,,,,,,,,,,,,,,,,,,,,,,,,,,,,,,,,,,,,,,,,,,,,,,,,,,,,,,,,,,,,,,,,,train
470,bench_pressing,test168.mp4,3.0,5.0,86.0,86.0,157.0,157.0,237.0,,,,,,,,,,,,,,,,,,,,,,,,,,,,,,,,,,,,,,,,,,,,,,,,,,,,,,,,,,,,,,,,,,,,,,,,,,,,,,,,,,,,,,,,,,,,,,,,,,,,,,,,,,,,,,,,,,,,,,,,,,,,,,,,,,,,,,,,,,,,,,,,,,,,,,,,,,,,,,,,,,,,,,,,,,,,,,,,,,,,,,,,,,,,,,,,,,,train
471,pull_up,stu9_40.mp4,27.0,75.0,123.0,123.0,167.0,167.0,210.0,210.0,250.0,250.0,289.0,289.0,331.0,331.0,373.0,373.0,417.0,417.0,458.0,458.0,500.0,501.0,537.0,537.0,580.0,580.0,622.0,622.0,664.0,664.0,707.0,707.0,749.0,749.0,789.0,789.0,833.0,833.0,875.0,875.0,920.0,920.0,958.0,959.0,1001.0,1001.0,1047.0,1047.0,1098.0,1098.0,1148.0,1184.0,1250.0,1273.0,1319.0,,,,,,,,,,,,,,,,,,,,,,,,,,,,,,,,,,,,,,,,,,,,,,,,,,,,,,,,,,,,,,,,,,,,,,,,,,,,,,,,,,,,,,,,,,,,,,,,,,,,,,,,,,,,,,,,,,,,,,,,,,,,,,,,,,,,,,,,,,,,,,,,,,,train
472,squat,stu6_64.mp4,3.0,118.0,216.0,237.0,334.0,355.0,472.0,,,,,,,,,,,,,,,,,,,,,,,,,,,,,,,,,,,,,,,,,,,,,,,,,,,,,,,,,,,,,,,,,,,,,,,,,,,,,,,,,,,,,,,,,,,,,,,,,,,,,,,,,,,,,,,,,,,,,,,,,,,,,,,,,,,,,,,,,,,,,,,,,,,,,,,,,,,,,,,,,,,,,,,,,,,,,,,,,,,,,,,,,,,,,,,,,,,train
473,pull_up,stu5_34.mp4,52.0,91.0,102.0,102.0,113.0,113.0,124.0,124.0,136.0,136.0,145.0,145.0,156.0,156.0,167.0,168.0,179.0,179.0,189.0,189.0,201.0,201.0,211.0,211.0,222.0,222.0,234.0,234.0,246.0,246.0,256.0,256.0,269.0,269.0,281.0,281.0,294.0,294.0,309.0,314.0,331.0,440.0,453.0,453.0,465.0,465.0,475.0,475.0,486.0,486.0,499.0,499.0,523.0,524.0,542.0,542.0,562.0,562.0,586.0,696.0,709.0,709.0,720.0,720.0,731.0,731.0,743.0,743.0,755.0,755.0,779.0,779.0,803.0,804.0,829.0,976.0,988.0,988.0,1000.0,1000.0,1011.0,1011.0,1022.0,1022.0,1034.0,1034.0,1045.0,1045.0,1058.0,1068.0,1084.0,1088.0,1103.0,1103.0,1130.0,1347.0,1366.0,1366.0,1384.0,1384.0,1401.0,1402.0,1417.0,1417.0,1445.0,,,,,,,,,,,,,,,,,,,,,,,,,,,,,,,,,,,,,,,,,,,,,,,,,,,,,,,,,,,,,,,,,,,,,,,,,,,,,,,,,,,,,,,,,,,,,,,,,train
474,jump_jacks,stu8_31.mp4,26.0,5.0,32.0,32.0,60.0,60.0,92.0,92.0,121.0,121.0,149.0,149.0,180.0,180.0,210.0,210.0,241.0,241.0,270.0,270.0,299.0,299.0,329.0,329.0,360.0,360.0,391.0,391.0,420.0,420.0,450.0,450.0,479.0,479.0,509.0,509.0,543.0,543.0,572.0,572.0,600.0,600.0,628.0,628.0,657.0,657.0,690.0,690.0,720.0,720.0,748.0,748.0,780.0,,,,,,,,,,,,,,,,,,,,,,,,,,,,,,,,,,,,,,,,,,,,,,,,,,,,,,,,,,,,,,,,,,,,,,,,,,,,,,,,,,,,,,,,,,,,,,,,,,,,,,,,,,,,,,,,,,,,,,,,,,,,,,,,,,,,,,,,,,,,,,,,,,,,,train
475,front_raise,train970.mp4,5.0,40.0,88.0,88.0,138.0,138.0,188.0,188.0,236.0,236.0,285.0,,,,,,,,,,,,,,,,,,,,,,,,,,,,,,,,,,,,,,,,,,,,,,,,,,,,,,,,,,,,,,,,,,,,,,,,,,,,,,,,,,,,,,,,,,,,,,,,,,,,,,,,,,,,,,,,,,,,,,,,,,,,,,,,,,,,,,,,,,,,,,,,,,,,,,,,,,,,,,,,,,,,,,,,,,,,,,,,,,,,,,,,,,,,,,,train
476,push_up,stu9_54.mp4,26.0,145.0,207.0,208.0,265.0,265.0,310.0,310.0,359.0,359.0,405.0,405.0,448.0,449.0,523.0,523.0,593.0,593.0,654.0,654.0,708.0,708.0,764.0,764.0,819.0,819.0,875.0,875.0,946.0,946.0,1000.0,1000.0,1053.0,1053.0,1106.0,1106.0,1149.0,1149.0,1199.0,1199.0,1338.0,1338.0,1471.0,1476.0,1528.0,1528.0,1573.0,1573.0,1627.0,1627.0,1672.0,1672.0,1766.0,,,,,,,,,,,,,,,,,,,,,,,,,,,,,,,,,,,,,,,,,,,,,,,,,,,,,,,,,,,,,,,,,,,,,,,,,,,,,,,,,,,,,,,,,,,,,,,,,,,,,,,,,,,,,,,,,,,,,,,,,,,,,,,,,,,,,,,,,,,,,,,,,,,,,train
477,pull_up,stu4_32.mp4,4.0,157.0,206.0,206.0,307.0,689.0,759.0,759.0,805.0,,,,,,,,,,,,,,,,,,,,,,,,,,,,,,,,,,,,,,,,,,,,,,,,,,,,,,,,,,,,,,,,,,,,,,,,,,,,,,,,,,,,,,,,,,,,,,,,,,,,,,,,,,,,,,,,,,,,,,,,,,,,,,,,,,,,,,,,,,,,,,,,,,,,,,,,,,,,,,,,,,,,,,,,,,,,,,,,,,,,,,,,,,,,,,,,,train
478,pull_up,stu3_35.mp4,5.0,144.0,201.0,201.0,238.0,238.0,274.0,274.0,312.0,312.0,354.0,,,,,,,,,,,,,,,,,,,,,,,,,,,,,,,,,,,,,,,,,,,,,,,,,,,,,,,,,,,,,,,,,,,,,,,,,,,,,,,,,,,,,,,,,,,,,,,,,,,,,,,,,,,,,,,,,,,,,,,,,,,,,,,,,,,,,,,,,,,,,,,,,,,,,,,,,,,,,,,,,,,,,,,,,,,,,,,,,,,,,,,,,,,,,,,train
479,push_up,val886.mp4,5.0,0.0,44.0,44.0,102.0,103.0,166.0,166.0,230.0,231.0,295.0,,,,,,,,,,,,,,,,,,,,,,,,,,,,,,,,,,,,,,,,,,,,,,,,,,,,,,,,,,,,,,,,,,,,,,,,,,,,,,,,,,,,,,,,,,,,,,,,,,,,,,,,,,,,,,,,,,,,,,,,,,,,,,,,,,,,,,,,,,,,,,,,,,,,,,,,,,,,,,,,,,,,,,,,,,,,,,,,,,,,,,,,,,,,,,,train
480,squat,stu1_67.mp4,20.0,104.0,137.0,137.0,182.0,182.0,229.0,229.0,273.0,273.0,325.0,325.0,368.0,368.0,418.0,418.0,467.0,467.0,513.0,513.0,563.0,563.0,609.0,609.0,646.0,646.0,691.0,691.0,743.0,743.0,786.0,786.0,835.0,835.0,878.0,878.0,924.0,924.0,968.0,968.0,1007.0,,,,,,,,,,,,,,,,,,,,,,,,,,,,,,,,,,,,,,,,,,,,,,,,,,,,,,,,,,,,,,,,,,,,,,,,,,,,,,,,,,,,,,,,,,,,,,,,,,,,,,,,,,,,,,,,,,,,,,,,,,,,,,,,,,,,,,,,,,,,,,,,,,,,,,,,,,,,,,,,,train
481,jump_jacks,stu7_25.mp4,15.0,0.0,23.0,24.0,51.0,53.0,81.0,82.0,111.0,112.0,141.0,142.0,172.0,173.0,204.0,204.0,234.0,235.0,264.0,265.0,295.0,295.0,325.0,326.0,354.0,355.0,383.0,384.0,414.0,414.0,445.0,,,,,,,,,,,,,,,,,,,,,,,,,,,,,,,,,,,,,,,,,,,,,,,,,,,,,,,,,,,,,,,,,,,,,,,,,,,,,,,,,,,,,,,,,,,,,,,,,,,,,,,,,,,,,,,,,,,,,,,,,,,,,,,,,,,,,,,,,,,,,,,,,,,,,,,,,,,,,,,,,,,,,,,,,,,train
482,sit_up,stu6_53.mp4,28.0,27.0,66.0,67.0,103.0,103.0,145.0,145.0,179.0,179.0,227.0,227.0,270.0,271.0,313.0,313.0,355.0,355.0,396.0,397.0,438.0,439.0,478.0,478.0,523.0,524.0,558.0,559.0,598.0,599.0,641.0,642.0,689.0,690.0,724.0,725.0,767.0,767.0,809.0,810.0,858.0,858.0,898.0,900.0,943.0,945.0,989.0,989.0,1028.0,1028.0,1072.0,1072.0,1115.0,1115.0,1154.0,1154.0,1197.0,,,,,,,,,,,,,,,,,,,,,,,,,,,,,,,,,,,,,,,,,,,,,,,,,,,,,,,,,,,,,,,,,,,,,,,,,,,,,,,,,,,,,,,,,,,,,,,,,,,,,,,,,,,,,,,,,,,,,,,,,,,,,,,,,,,,,,,,,,,,,,,,,train
483,jump_jacks,stu9_33.mp4,16.0,96.0,139.0,139.0,182.0,183.0,224.0,272.0,312.0,312.0,356.0,356.0,401.0,418.0,442.0,442.0,464.0,464.0,485.0,485.0,507.0,507.0,529.0,557.0,581.0,581.0,602.0,602.0,624.0,624.0,645.0,645.0,667.0,,,,,,,,,,,,,,,,,,,,,,,,,,,,,,,,,,,,,,,,,,,,,,,,,,,,,,,,,,,,,,,,,,,,,,,,,,,,,,,,,,,,,,,,,,,,,,,,,,,,,,,,,,,,,,,,,,,,,,,,,,,,,,,,,,,,,,,,,,,,,,,,,,,,,,,,,,,,,,,,,,,,,,,,,train
484,push_up,stu3_43.mp4,45.0,480.0,515.0,515.0,544.0,544.0,560.0,560.0,572.0,572.0,586.0,586.0,596.0,596.0,606.0,606.0,619.0,619.0,631.0,632.0,642.0,642.0,652.0,652.0,665.0,665.0,677.0,677.0,689.0,689.0,700.0,700.0,710.0,710.0,720.0,721.0,732.0,732.0,743.0,744.0,754.0,754.0,766.0,766.0,777.0,777.0,788.0,788.0,798.0,798.0,810.0,810.0,822.0,822.0,833.0,833.0,844.0,844.0,855.0,855.0,867.0,867.0,878.0,878.0,890.0,890.0,901.0,901.0,912.0,912.0,924.0,924.0,935.0,935.0,946.0,946.0,958.0,958.0,970.0,970.0,982.0,982.0,993.0,993.0,1005.0,1005.0,1017.0,1017.0,1031.0,1031.0,1047.0,,,,,,,,,,,,,,,,,,,,,,,,,,,,,,,,,,,,,,,,,,,,,,,,,,,,,,,,,,,,,,,,,,,,,,,,,,,,,,,,,,,,,,,,,,,,,,,,,,,,,,,,,,,,,,,train
485,bench_pressing,stu1_7.mp4,1.0,400.0,499.0,,,,,,,,,,,,,,,,,,,,,,,,,,,,,,,,,,,,,,,,,,,,,,,,,,,,,,,,,,,,,,,,,,,,,,,,,,,,,,,,,,,,,,,,,,,,,,,,,,,,,,,,,,,,,,,,,,,,,,,,,,,,,,,,,,,,,,,,,,,,,,,,,,,,,,,,,,,,,,,,,,,,,,,,,,,,,,,,,,,,,,,,,,,,,,,,,,,,,,,train
486,push_up,stu6_41.mp4,54.0,554.0,602.0,604.0,624.0,624.0,642.0,642.0,659.0,659.0,676.0,677.0,692.0,693.0,712.0,712.0,731.0,731.0,746.0,746.0,765.0,765.0,783.0,784.0,801.0,801.0,817.0,818.0,834.0,834.0,849.0,850.0,865.0,865.0,883.0,883.0,899.0,899.0,916.0,916.0,935.0,935.0,950.0,951.0,967.0,968.0,984.0,984.0,1000.0,1001.0,1017.0,1018.0,1035.0,1035.0,1053.0,1053.0,1069.0,1069.0,1085.0,1085.0,1102.0,1102.0,1120.0,1121.0,1138.0,1139.0,1151.0,1151.0,1170.0,1170.0,1187.0,1187.0,1203.0,1203.0,1221.0,1221.0,1239.0,1239.0,1256.0,1256.0,1274.0,1275.0,1292.0,1293.0,1309.0,1310.0,1326.0,1326.0,1342.0,1342.0,1357.0,1358.0,1377.0,1377.0,1393.0,1393.0,1410.0,1410.0,1426.0,1426.0,1447.0,1447.0,1462.0,1462.0,1482.0,1482.0,1503.0,1503.0,1520.0,,,,,,,,,,,,,,,,,,,,,,,,,,,,,,,,,,,,,,,,,,,,,,,,,,,,,,,,,,,,,,,,,,,,,,,,,,,,,,,,,,,,,,,,,,,,,train
487,squat,test2317.mp4,3.0,21.0,108.0,109.0,196.0,196.0,284.0,,,,,,,,,,,,,,,,,,,,,,,,,,,,,,,,,,,,,,,,,,,,,,,,,,,,,,,,,,,,,,,,,,,,,,,,,,,,,,,,,,,,,,,,,,,,,,,,,,,,,,,,,,,,,,,,,,,,,,,,,,,,,,,,,,,,,,,,,,,,,,,,,,,,,,,,,,,,,,,,,,,,,,,,,,,,,,,,,,,,,,,,,,,,,,,,,,,train
488,bench_pressing,stu8_16.mp4,10.0,65.0,212.0,212.0,275.0,275.0,352.0,352.0,428.0,428.0,512.0,697.0,776.0,776.0,851.0,852.0,917.0,918.0,990.0,990.0,1083.0,,,,,,,,,,,,,,,,,,,,,,,,,,,,,,,,,,,,,,,,,,,,,,,,,,,,,,,,,,,,,,,,,,,,,,,,,,,,,,,,,,,,,,,,,,,,,,,,,,,,,,,,,,,,,,,,,,,,,,,,,,,,,,,,,,,,,,,,,,,,,,,,,,,,,,,,,,,,,,,,,,,,,,,,,,,,,,,,,,,,,train
489,bench_pressing,stu9_1.mp4,6.0,263.0,333.0,334.0,436.0,482.0,555.0,603.0,685.0,735.0,824.0,908.0,1023.0,,,,,,,,,,,,,,,,,,,,,,,,,,,,,,,,,,,,,,,,,,,,,,,,,,,,,,,,,,,,,,,,,,,,,,,,,,,,,,,,,,,,,,,,,,,,,,,,,,,,,,,,,,,,,,,,,,,,,,,,,,,,,,,,,,,,,,,,,,,,,,,,,,,,,,,,,,,,,,,,,,,,,,,,,,,,,,,,,,,,,,,,,,,,,train
490,bench_pressing,stu7_6.mp4,3.0,412.0,599.0,603.0,813.0,815.0,981.0,,,,,,,,,,,,,,,,,,,,,,,,,,,,,,,,,,,,,,,,,,,,,,,,,,,,,,,,,,,,,,,,,,,,,,,,,,,,,,,,,,,,,,,,,,,,,,,,,,,,,,,,,,,,,,,,,,,,,,,,,,,,,,,,,,,,,,,,,,,,,,,,,,,,,,,,,,,,,,,,,,,,,,,,,,,,,,,,,,,,,,,,,,,,,,,,,,,train
491,front_raise,stu3_8.mp4,6.0,66.0,127.0,127.0,190.0,190.0,257.0,257.0,322.0,322.0,390.0,390.0,448.0,,,,,,,,,,,,,,,,,,,,,,,,,,,,,,,,,,,,,,,,,,,,,,,,,,,,,,,,,,,,,,,,,,,,,,,,,,,,,,,,,,,,,,,,,,,,,,,,,,,,,,,,,,,,,,,,,,,,,,,,,,,,,,,,,,,,,,,,,,,,,,,,,,,,,,,,,,,,,,,,,,,,,,,,,,,,,,,,,,,,,,,,,,,,,train
492,sit_up,test1977.mp4,3.0,41.0,135.0,135.0,225.0,225.0,299.0,,,,,,,,,,,,,,,,,,,,,,,,,,,,,,,,,,,,,,,,,,,,,,,,,,,,,,,,,,,,,,,,,,,,,,,,,,,,,,,,,,,,,,,,,,,,,,,,,,,,,,,,,,,,,,,,,,,,,,,,,,,,,,,,,,,,,,,,,,,,,,,,,,,,,,,,,,,,,,,,,,,,,,,,,,,,,,,,,,,,,,,,,,,,,,,,,,,train
493,squat,stu7_70.mp4,6.0,149.0,218.0,218.0,271.0,271.0,328.0,704.0,772.0,773.0,820.0,821.0,881.0,,,,,,,,,,,,,,,,,,,,,,,,,,,,,,,,,,,,,,,,,,,,,,,,,,,,,,,,,,,,,,,,,,,,,,,,,,,,,,,,,,,,,,,,,,,,,,,,,,,,,,,,,,,,,,,,,,,,,,,,,,,,,,,,,,,,,,,,,,,,,,,,,,,,,,,,,,,,,,,,,,,,,,,,,,,,,,,,,,,,,,,,,,,,,train
494,bench_pressing,stu2_12.mp4,6.0,387.0,557.0,557.0,615.0,615.0,674.0,1179.0,1243.0,1243.0,1300.0,1301.0,1350.0,,,,,,,,,,,,,,,,,,,,,,,,,,,,,,,,,,,,,,,,,,,,,,,,,,,,,,,,,,,,,,,,,,,,,,,,,,,,,,,,,,,,,,,,,,,,,,,,,,,,,,,,,,,,,,,,,,,,,,,,,,,,,,,,,,,,,,,,,,,,,,,,,,,,,,,,,,,,,,,,,,,,,,,,,,,,,,,,,,,,,,,,,,,,,train
495,front_raise,stu10_22.mp4,4.0,96.0,226.0,226.0,345.0,345.0,456.0,456.0,554.0,,,,,,,,,,,,,,,,,,,,,,,,,,,,,,,,,,,,,,,,,,,,,,,,,,,,,,,,,,,,,,,,,,,,,,,,,,,,,,,,,,,,,,,,,,,,,,,,,,,,,,,,,,,,,,,,,,,,,,,,,,,,,,,,,,,,,,,,,,,,,,,,,,,,,,,,,,,,,,,,,,,,,,,,,,,,,,,,,,,,,,,,,,,,,,,,,train
496,jump_jacks,stu7_29.mp4,60.0,16.0,39.0,39.0,60.0,60.0,80.0,80.0,99.0,100.0,120.0,120.0,142.0,142.0,164.0,164.0,186.0,187.0,208.0,208.0,230.0,231.0,253.0,253.0,277.0,277.0,300.0,300.0,323.0,324.0,345.0,345.0,368.0,369.0,392.0,392.0,415.0,415.0,439.0,439.0,463.0,463.0,485.0,485.0,509.0,510.0,534.0,535.0,555.0,556.0,577.0,577.0,600.0,600.0,624.0,624.0,646.0,646.0,672.0,672.0,696.0,696.0,720.0,720.0,744.0,744.0,768.0,768.0,793.0,793.0,819.0,819.0,844.0,844.0,870.0,870.0,897.0,897.0,922.0,922.0,948.0,948.0,972.0,972.0,998.0,998.0,1023.0,1024.0,1050.0,1050.0,1075.0,1077.0,1101.0,1101.0,1127.0,1127.0,1152.0,1152.0,1179.0,1179.0,1207.0,1207.0,1232.0,1232.0,1257.0,1257.0,1284.0,1284.0,1310.0,1310.0,1337.0,1338.0,1363.0,1364.0,1390.0,1391.0,1417.0,1417.0,1444.0,1445.0,1469.0,,,,,,,,,,,,,,,,,,,,,,,,,,,,,,,,,,,,,,,,,,,,,,,,,,,,,,,,,,,,,,,,,,,,,,,,,,,,,,,,,train
497,squat,stu4_72.mp4,3.0,122.0,204.0,207.0,315.0,318.0,421.0,,,,,,,,,,,,,,,,,,,,,,,,,,,,,,,,,,,,,,,,,,,,,,,,,,,,,,,,,,,,,,,,,,,,,,,,,,,,,,,,,,,,,,,,,,,,,,,,,,,,,,,,,,,,,,,,,,,,,,,,,,,,,,,,,,,,,,,,,,,,,,,,,,,,,,,,,,,,,,,,,,,,,,,,,,,,,,,,,,,,,,,,,,,,,,,,,,,train
498,front_raise,stu1_18.mp4,9.0,40.0,123.0,123.0,195.0,195.0,263.0,263.0,336.0,336.0,427.0,427.0,515.0,515.0,611.0,611.0,681.0,681.0,753.0,,,,,,,,,,,,,,,,,,,,,,,,,,,,,,,,,,,,,,,,,,,,,,,,,,,,,,,,,,,,,,,,,,,,,,,,,,,,,,,,,,,,,,,,,,,,,,,,,,,,,,,,,,,,,,,,,,,,,,,,,,,,,,,,,,,,,,,,,,,,,,,,,,,,,,,,,,,,,,,,,,,,,,,,,,,,,,,,,,,,,,,train
499,push_up,stu1_50.mp4,13.0,504.0,545.0,545.0,587.0,587.0,636.0,636.0,694.0,694.0,749.0,771.0,814.0,814.0,866.0,866.0,931.0,931.0,996.0,1005.0,1045.0,1045.0,1103.0,1103.0,1160.0,1160.0,1225.0,,,,,,,,,,,,,,,,,,,,,,,,,,,,,,,,,,,,,,,,,,,,,,,,,,,,,,,,,,,,,,,,,,,,,,,,,,,,,,,,,,,,,,,,,,,,,,,,,,,,,,,,,,,,,,,,,,,,,,,,,,,,,,,,,,,,,,,,,,,,,,,,,,,,,,,,,,,,,,,,,,,,,,,,,,,,,,,train
500,front_raise,stu2_22.mp4,7.0,26.0,56.0,56.0,95.0,95.0,135.0,135.0,175.0,176.0,215.0,216.0,255.0,255.0,292.0,,,,,,,,,,,,,,,,,,,,,,,,,,,,,,,,,,,,,,,,,,,,,,,,,,,,,,,,,,,,,,,,,,,,,,,,,,,,,,,,,,,,,,,,,,,,,,,,,,,,,,,,,,,,,,,,,,,,,,,,,,,,,,,,,,,,,,,,,,,,,,,,,,,,,,,,,,,,,,,,,,,,,,,,,,,,,,,,,,,,,,,,,,,train
501,squat,stu8_61.mp4,5.0,21.0,115.0,115.0,223.0,223.0,310.0,310.0,408.0,408.0,479.0,,,,,,,,,,,,,,,,,,,,,,,,,,,,,,,,,,,,,,,,,,,,,,,,,,,,,,,,,,,,,,,,,,,,,,,,,,,,,,,,,,,,,,,,,,,,,,,,,,,,,,,,,,,,,,,,,,,,,,,,,,,,,,,,,,,,,,,,,,,,,,,,,,,,,,,,,,,,,,,,,,,,,,,,,,,,,,,,,,,,,,,,,,,,,,,train
502,sit_up,stu5_49.mp4,3.0,140.0,219.0,219.0,296.0,296.0,377.0,,,,,,,,,,,,,,,,,,,,,,,,,,,,,,,,,,,,,,,,,,,,,,,,,,,,,,,,,,,,,,,,,,,,,,,,,,,,,,,,,,,,,,,,,,,,,,,,,,,,,,,,,,,,,,,,,,,,,,,,,,,,,,,,,,,,,,,,,,,,,,,,,,,,,,,,,,,,,,,,,,,,,,,,,,,,,,,,,,,,,,,,,,,,,,,,,,,train
503,push_up,stu2_53.mp4,49.0,0.0,14.0,14.0,35.0,35.0,56.0,56.0,75.0,76.0,96.0,96.0,116.0,116.0,137.0,137.0,158.0,158.0,180.0,180.0,199.0,199.0,220.0,220.0,238.0,238.0,262.0,262.0,282.0,282.0,306.0,552.0,573.0,573.0,594.0,594.0,614.0,614.0,636.0,636.0,655.0,655.0,676.0,677.0,695.0,695.0,718.0,718.0,736.0,736.0,754.0,754.0,776.0,776.0,796.0,796.0,818.0,818.0,837.0,837.0,863.0,1128.0,1148.0,1148.0,1166.0,1167.0,1187.0,1187.0,1208.0,1208.0,1228.0,1229.0,1250.0,1250.0,1269.0,1270.0,1290.0,1290.0,1310.0,1310.0,1329.0,1329.0,1352.0,1352.0,1371.0,1371.0,1391.0,1391.0,1412.0,1412.0,1437.0,1712.0,1733.0,1733.0,1754.0,1754.0,1774.0,1774.0,1794.0,,,,,,,,,,,,,,,,,,,,,,,,,,,,,,,,,,,,,,,,,,,,,,,,,,,,,,,,,,,,,,,,,,,,,,,,,,,,,,,,,,,,,,,,,,,,,,,,,,,,,,,train
504,front_raise,stu2_24.mp4,5.0,0.0,124.0,124.0,290.0,290.0,464.0,465.0,672.0,673.0,869.0,,,,,,,,,,,,,,,,,,,,,,,,,,,,,,,,,,,,,,,,,,,,,,,,,,,,,,,,,,,,,,,,,,,,,,,,,,,,,,,,,,,,,,,,,,,,,,,,,,,,,,,,,,,,,,,,,,,,,,,,,,,,,,,,,,,,,,,,,,,,,,,,,,,,,,,,,,,,,,,,,,,,,,,,,,,,,,,,,,,,,,,,,,,,,,,train
505,push_up,train2739.mp4,13.0,2.0,29.0,29.0,53.0,53.0,77.0,77.0,100.0,100.0,123.0,123.0,147.0,147.0,171.0,171.0,192.0,192.0,213.0,214.0,234.0,234.0,254.0,255.0,276.0,277.0,299.0,,,,,,,,,,,,,,,,,,,,,,,,,,,,,,,,,,,,,,,,,,,,,,,,,,,,,,,,,,,,,,,,,,,,,,,,,,,,,,,,,,,,,,,,,,,,,,,,,,,,,,,,,,,,,,,,,,,,,,,,,,,,,,,,,,,,,,,,,,,,,,,,,,,,,,,,,,,,,,,,,,,,,,,,,,,,,,,train
506,front_raise,train960.mp4,2.0,1.0,106.0,106.0,199.0,,,,,,,,,,,,,,,,,,,,,,,,,,,,,,,,,,,,,,,,,,,,,,,,,,,,,,,,,,,,,,,,,,,,,,,,,,,,,,,,,,,,,,,,,,,,,,,,,,,,,,,,,,,,,,,,,,,,,,,,,,,,,,,,,,,,,,,,,,,,,,,,,,,,,,,,,,,,,,,,,,,,,,,,,,,,,,,,,,,,,,,,,,,,,,,,,,,,,train
507,jump_jacks,stu2_26.mp4,30.0,20.0,50.0,50.0,74.0,74.0,98.0,98.0,123.0,123.0,145.0,145.0,167.0,167.0,190.0,190.0,212.0,212.0,236.0,236.0,261.0,261.0,283.0,283.0,306.0,306.0,330.0,330.0,352.0,352.0,375.0,375.0,396.0,396.0,421.0,421.0,443.0,443.0,465.0,465.0,491.0,491.0,513.0,513.0,536.0,536.0,559.0,559.0,579.0,579.0,603.0,603.0,625.0,625.0,648.0,648.0,671.0,671.0,694.0,694.0,719.0,,,,,,,,,,,,,,,,,,,,,,,,,,,,,,,,,,,,,,,,,,,,,,,,,,,,,,,,,,,,,,,,,,,,,,,,,,,,,,,,,,,,,,,,,,,,,,,,,,,,,,,,,,,,,,,,,,,,,,,,,,,,,,,,,,,,,,,,,,,,,train
508,bench_pressing,stu10_12.mp4,15.0,349.0,416.0,416.0,475.0,475.0,521.0,521.0,570.0,570.0,614.0,614.0,655.0,655.0,698.0,698.0,741.0,741.0,777.0,777.0,820.0,820.0,858.0,859.0,898.0,898.0,941.0,942.0,984.0,984.0,1021.0,,,,,,,,,,,,,,,,,,,,,,,,,,,,,,,,,,,,,,,,,,,,,,,,,,,,,,,,,,,,,,,,,,,,,,,,,,,,,,,,,,,,,,,,,,,,,,,,,,,,,,,,,,,,,,,,,,,,,,,,,,,,,,,,,,,,,,,,,,,,,,,,,,,,,,,,,,,,,,,,,,,,,,,,,,,train
509,bench_pressing,stu4_4.mp4,23.0,466.0,517.0,517.0,548.0,548.0,578.0,578.0,605.0,605.0,629.0,629.0,660.0,660.0,690.0,690.0,718.0,719.0,743.0,743.0,773.0,773.0,801.0,801.0,830.0,831.0,864.0,865.0,895.0,896.0,931.0,931.0,963.0,964.0,998.0,999.0,1035.0,1036.0,1072.0,1072.0,1148.0,1149.0,1196.0,1196.0,1276.0,1276.0,1346.0,,,,,,,,,,,,,,,,,,,,,,,,,,,,,,,,,,,,,,,,,,,,,,,,,,,,,,,,,,,,,,,,,,,,,,,,,,,,,,,,,,,,,,,,,,,,,,,,,,,,,,,,,,,,,,,,,,,,,,,,,,,,,,,,,,,,,,,,,,,,,,,,,,,,,,,,,,,train
510,jump_jacks,train1623.mp4,10.0,3.0,31.0,32.0,57.0,59.0,90.0,90.0,118.0,120.0,146.0,147.0,178.0,179.0,211.0,212.0,241.0,242.0,268.0,271.0,294.0,,,,,,,,,,,,,,,,,,,,,,,,,,,,,,,,,,,,,,,,,,,,,,,,,,,,,,,,,,,,,,,,,,,,,,,,,,,,,,,,,,,,,,,,,,,,,,,,,,,,,,,,,,,,,,,,,,,,,,,,,,,,,,,,,,,,,,,,,,,,,,,,,,,,,,,,,,,,,,,,,,,,,,,,,,,,,,,,,,,,,train
511,sit_up,train3324.mp4,3.0,28.0,94.0,94.0,171.0,171.0,237.0,,,,,,,,,,,,,,,,,,,,,,,,,,,,,,,,,,,,,,,,,,,,,,,,,,,,,,,,,,,,,,,,,,,,,,,,,,,,,,,,,,,,,,,,,,,,,,,,,,,,,,,,,,,,,,,,,,,,,,,,,,,,,,,,,,,,,,,,,,,,,,,,,,,,,,,,,,,,,,,,,,,,,,,,,,,,,,,,,,,,,,,,,,,,,,,,,,,train
512,bench_pressing,train172.mp4,4.0,4.0,60.0,60.0,123.0,123.0,181.0,181.0,250.0,,,,,,,,,,,,,,,,,,,,,,,,,,,,,,,,,,,,,,,,,,,,,,,,,,,,,,,,,,,,,,,,,,,,,,,,,,,,,,,,,,,,,,,,,,,,,,,,,,,,,,,,,,,,,,,,,,,,,,,,,,,,,,,,,,,,,,,,,,,,,,,,,,,,,,,,,,,,,,,,,,,,,,,,,,,,,,,,,,,,,,,,,,,,,,,,,train
513,pull_up,stu5_33.mp4,9.0,22.0,92.0,189.0,262.0,364.0,442.0,543.0,648.0,735.0,815.0,911.0,996.0,1074.0,1163.0,1265.0,1344.0,1621.0,1712.0,,,,,,,,,,,,,,,,,,,,,,,,,,,,,,,,,,,,,,,,,,,,,,,,,,,,,,,,,,,,,,,,,,,,,,,,,,,,,,,,,,,,,,,,,,,,,,,,,,,,,,,,,,,,,,,,,,,,,,,,,,,,,,,,,,,,,,,,,,,,,,,,,,,,,,,,,,,,,,,,,,,,,,,,,,,,,,,,,,,,,,,train
514,front_raise,stu9_24.mp4,2.0,71.0,168.0,168.0,269.0,,,,,,,,,,,,,,,,,,,,,,,,,,,,,,,,,,,,,,,,,,,,,,,,,,,,,,,,,,,,,,,,,,,,,,,,,,,,,,,,,,,,,,,,,,,,,,,,,,,,,,,,,,,,,,,,,,,,,,,,,,,,,,,,,,,,,,,,,,,,,,,,,,,,,,,,,,,,,,,,,,,,,,,,,,,,,,,,,,,,,,,,,,,,,,,,,,,,,train
515,pull_up,stu4_35.mp4,12.0,46.0,124.0,124.0,201.0,201.0,281.0,281.0,369.0,369.0,458.0,458.0,540.0,757.0,859.0,861.0,966.0,966.0,1099.0,1428.0,1538.0,1542.0,1666.0,1670.0,1798.0,,,,,,,,,,,,,,,,,,,,,,,,,,,,,,,,,,,,,,,,,,,,,,,,,,,,,,,,,,,,,,,,,,,,,,,,,,,,,,,,,,,,,,,,,,,,,,,,,,,,,,,,,,,,,,,,,,,,,,,,,,,,,,,,,,,,,,,,,,,,,,,,,,,,,,,,,,,,,,,,,,,,,,,,,,,,,,,,,train
516,pull_up,stu3_32.mp4,7.0,79.0,175.0,175.0,265.0,265.0,369.0,369.0,459.0,459.0,567.0,567.0,662.0,761.0,874.0,,,,,,,,,,,,,,,,,,,,,,,,,,,,,,,,,,,,,,,,,,,,,,,,,,,,,,,,,,,,,,,,,,,,,,,,,,,,,,,,,,,,,,,,,,,,,,,,,,,,,,,,,,,,,,,,,,,,,,,,,,,,,,,,,,,,,,,,,,,,,,,,,,,,,,,,,,,,,,,,,,,,,,,,,,,,,,,,,,,,,,,,,,,train
517,push_up,train2666.mp4,5.0,9.0,63.0,64.0,102.0,104.0,151.0,153.0,188.0,190.0,237.0,,,,,,,,,,,,,,,,,,,,,,,,,,,,,,,,,,,,,,,,,,,,,,,,,,,,,,,,,,,,,,,,,,,,,,,,,,,,,,,,,,,,,,,,,,,,,,,,,,,,,,,,,,,,,,,,,,,,,,,,,,,,,,,,,,,,,,,,,,,,,,,,,,,,,,,,,,,,,,,,,,,,,,,,,,,,,,,,,,,,,,,,,,,,,,,train
518,squat,stu8_60.mp4,11.0,229.0,304.0,304.0,363.0,363.0,411.0,411.0,468.0,468.0,525.0,525.0,576.0,576.0,627.0,627.0,685.0,685.0,744.0,816.0,882.0,882.0,952.0,,,,,,,,,,,,,,,,,,,,,,,,,,,,,,,,,,,,,,,,,,,,,,,,,,,,,,,,,,,,,,,,,,,,,,,,,,,,,,,,,,,,,,,,,,,,,,,,,,,,,,,,,,,,,,,,,,,,,,,,,,,,,,,,,,,,,,,,,,,,,,,,,,,,,,,,,,,,,,,,,,,,,,,,,,,,,,,,,,,train
519,jump_jacks,train1646.mp4,9.0,25.0,54.0,56.0,81.0,83.0,108.0,110.0,139.0,141.0,170.0,170.0,201.0,201.0,232.0,233.0,263.0,264.0,291.0,,,,,,,,,,,,,,,,,,,,,,,,,,,,,,,,,,,,,,,,,,,,,,,,,,,,,,,,,,,,,,,,,,,,,,,,,,,,,,,,,,,,,,,,,,,,,,,,,,,,,,,,,,,,,,,,,,,,,,,,,,,,,,,,,,,,,,,,,,,,,,,,,,,,,,,,,,,,,,,,,,,,,,,,,,,,,,,,,,,,,,,train
520,battle_rope,stu5_2.mp4,40.0,19.0,29.0,29.0,37.0,37.0,43.0,43.0,51.0,51.0,58.0,58.0,64.0,64.0,72.0,72.0,80.0,80.0,88.0,88.0,95.0,95.0,102.0,102.0,110.0,110.0,117.0,117.0,124.0,124.0,133.0,133.0,142.0,142.0,150.0,150.0,159.0,159.0,167.0,167.0,175.0,175.0,181.0,181.0,191.0,194.0,201.0,201.0,209.0,209.0,218.0,218.0,226.0,226.0,233.0,233.0,239.0,239.0,247.0,247.0,253.0,253.0,263.0,263.0,270.0,270.0,278.0,278.0,284.0,284.0,291.0,291.0,298.0,298.0,305.0,305.0,315.0,315.0,323.0,323.0,334.0,,,,,,,,,,,,,,,,,,,,,,,,,,,,,,,,,,,,,,,,,,,,,,,,,,,,,,,,,,,,,,,,,,,,,,,,,,,,,,,,,,,,,,,,,,,,,,,,,,,,,,,,,,,,,,,,,,,,,,,,,train
521,front_raise,stu6_12.mp4,4.0,21.0,97.0,97.0,177.0,177.0,267.0,267.0,348.0,,,,,,,,,,,,,,,,,,,,,,,,,,,,,,,,,,,,,,,,,,,,,,,,,,,,,,,,,,,,,,,,,,,,,,,,,,,,,,,,,,,,,,,,,,,,,,,,,,,,,,,,,,,,,,,,,,,,,,,,,,,,,,,,,,,,,,,,,,,,,,,,,,,,,,,,,,,,,,,,,,,,,,,,,,,,,,,,,,,,,,,,,,,,,,,,,train
522,push_up,stu3_47.mp4,6.0,1056.0,1219.0,1220.0,1346.0,1346.0,1451.0,1451.0,1518.0,1519.0,1699.0,1699.0,1798.0,,,,,,,,,,,,,,,,,,,,,,,,,,,,,,,,,,,,,,,,,,,,,,,,,,,,,,,,,,,,,,,,,,,,,,,,,,,,,,,,,,,,,,,,,,,,,,,,,,,,,,,,,,,,,,,,,,,,,,,,,,,,,,,,,,,,,,,,,,,,,,,,,,,,,,,,,,,,,,,,,,,,,,,,,,,,,,,,,,,,,,,,,,,,,train
523,squat,stu6_69.mp4,15.0,74.0,228.0,231.0,321.0,321.0,435.0,441.0,551.0,559.0,657.0,663.0,765.0,765.0,849.0,849.0,941.0,942.0,1048.0,1051.0,1144.0,1147.0,1230.0,1233.0,1326.0,1328.0,1413.0,1416.0,1509.0,1513.0,1591.0,,,,,,,,,,,,,,,,,,,,,,,,,,,,,,,,,,,,,,,,,,,,,,,,,,,,,,,,,,,,,,,,,,,,,,,,,,,,,,,,,,,,,,,,,,,,,,,,,,,,,,,,,,,,,,,,,,,,,,,,,,,,,,,,,,,,,,,,,,,,,,,,,,,,,,,,,,,,,,,,,,,,,,,,,,,train
524,push_up,stu6_46.mp4,33.0,36.0,63.0,64.0,86.0,87.0,121.0,128.0,156.0,156.0,182.0,182.0,207.0,207.0,232.0,233.0,260.0,261.0,284.0,285.0,311.0,311.0,338.0,338.0,366.0,367.0,394.0,395.0,422.0,423.0,448.0,450.0,480.0,480.0,505.0,506.0,532.0,532.0,561.0,561.0,590.0,590.0,620.0,620.0,650.0,662.0,689.0,689.0,724.0,725.0,758.0,758.0,797.0,797.0,836.0,841.0,871.0,871.0,902.0,902.0,932.0,932.0,969.0,970.0,1002.0,1002.0,1035.0,,,,,,,,,,,,,,,,,,,,,,,,,,,,,,,,,,,,,,,,,,,,,,,,,,,,,,,,,,,,,,,,,,,,,,,,,,,,,,,,,,,,,,,,,,,,,,,,,,,,,,,,,,,,,,,,,,,,,,,,,,,,,,,,,,,,,,,train
525,pull_up,stu10_37.mp4,17.0,27.0,102.0,102.0,178.0,178.0,240.0,240.0,322.0,322.0,398.0,398.0,469.0,469.0,550.0,550.0,625.0,625.0,706.0,706.0,779.0,779.0,854.0,854.0,933.0,933.0,1024.0,1024.0,1122.0,1122.0,1234.0,1234.0,1417.0,1563.0,1742.0,,,,,,,,,,,,,,,,,,,,,,,,,,,,,,,,,,,,,,,,,,,,,,,,,,,,,,,,,,,,,,,,,,,,,,,,,,,,,,,,,,,,,,,,,,,,,,,,,,,,,,,,,,,,,,,,,,,,,,,,,,,,,,,,,,,,,,,,,,,,,,,,,,,,,,,,,,,,,,,,,,,,,,,train
526,squat,test2295.mp4,1.0,19.0,71.0,,,,,,,,,,,,,,,,,,,,,,,,,,,,,,,,,,,,,,,,,,,,,,,,,,,,,,,,,,,,,,,,,,,,,,,,,,,,,,,,,,,,,,,,,,,,,,,,,,,,,,,,,,,,,,,,,,,,,,,,,,,,,,,,,,,,,,,,,,,,,,,,,,,,,,,,,,,,,,,,,,,,,,,,,,,,,,,,,,,,,,,,,,,,,,,,,,,,,,,train
527,bench_pressing,stu1_12.mp4,8.0,254.0,313.0,313.0,357.0,357.0,405.0,405.0,451.0,451.0,504.0,504.0,569.0,569.0,652.0,652.0,755.0,,,,,,,,,,,,,,,,,,,,,,,,,,,,,,,,,,,,,,,,,,,,,,,,,,,,,,,,,,,,,,,,,,,,,,,,,,,,,,,,,,,,,,,,,,,,,,,,,,,,,,,,,,,,,,,,,,,,,,,,,,,,,,,,,,,,,,,,,,,,,,,,,,,,,,,,,,,,,,,,,,,,,,,,,,,,,,,,,,,,,,,,,train
528,front_raise,test528.mp4,2.0,0.0,168.0,168.0,281.0,,,,,,,,,,,,,,,,,,,,,,,,,,,,,,,,,,,,,,,,,,,,,,,,,,,,,,,,,,,,,,,,,,,,,,,,,,,,,,,,,,,,,,,,,,,,,,,,,,,,,,,,,,,,,,,,,,,,,,,,,,,,,,,,,,,,,,,,,,,,,,,,,,,,,,,,,,,,,,,,,,,,,,,,,,,,,,,,,,,,,,,,,,,,,,,,,,,,,train
529,sit_up,stu1_61.mp4,23.0,148.0,195.0,195.0,255.0,255.0,316.0,316.0,379.0,379.0,444.0,444.0,516.0,516.0,578.0,578.0,647.0,647.0,708.0,708.0,786.0,786.0,857.0,857.0,931.0,931.0,1005.0,1005.0,1082.0,1082.0,1155.0,1155.0,1226.0,1226.0,1289.0,1289.0,1364.0,1364.0,1433.0,1433.0,1513.0,1513.0,1585.0,1585.0,1655.0,1655.0,1736.0,,,,,,,,,,,,,,,,,,,,,,,,,,,,,,,,,,,,,,,,,,,,,,,,,,,,,,,,,,,,,,,,,,,,,,,,,,,,,,,,,,,,,,,,,,,,,,,,,,,,,,,,,,,,,,,,,,,,,,,,,,,,,,,,,,,,,,,,,,,,,,,,,,,,,,,,,,,train
530,pull_up,stu5_29.mp4,4.0,153.0,218.0,218.0,273.0,273.0,326.0,326.0,405.0,,,,,,,,,,,,,,,,,,,,,,,,,,,,,,,,,,,,,,,,,,,,,,,,,,,,,,,,,,,,,,,,,,,,,,,,,,,,,,,,,,,,,,,,,,,,,,,,,,,,,,,,,,,,,,,,,,,,,,,,,,,,,,,,,,,,,,,,,,,,,,,,,,,,,,,,,,,,,,,,,,,,,,,,,,,,,,,,,,,,,,,,,,,,,,,,,train
531,pull_up,stu9_44.mp4,21.0,38.0,65.0,65.0,90.0,90.0,115.0,115.0,142.0,142.0,166.0,166.0,194.0,195.0,220.0,220.0,246.0,246.0,272.0,272.0,299.0,299.0,327.0,327.0,356.0,356.0,384.0,384.0,418.0,418.0,442.0,442.0,474.0,474.0,512.0,512.0,547.0,547.0,579.0,579.0,611.0,660.0,707.0,,,,,,,,,,,,,,,,,,,,,,,,,,,,,,,,,,,,,,,,,,,,,,,,,,,,,,,,,,,,,,,,,,,,,,,,,,,,,,,,,,,,,,,,,,,,,,,,,,,,,,,,,,,,,,,,,,,,,,,,,,,,,,,,,,,,,,,,,,,,,,,,,,,,,,,,,,,,,,,train
532,front_raise,stu7_20.mp4,6.0,27.0,218.0,223.0,356.0,357.0,457.0,459.0,530.0,533.0,640.0,640.0,727.0,,,,,,,,,,,,,,,,,,,,,,,,,,,,,,,,,,,,,,,,,,,,,,,,,,,,,,,,,,,,,,,,,,,,,,,,,,,,,,,,,,,,,,,,,,,,,,,,,,,,,,,,,,,,,,,,,,,,,,,,,,,,,,,,,,,,,,,,,,,,,,,,,,,,,,,,,,,,,,,,,,,,,,,,,,,,,,,,,,,,,,,,,,,,,train
533,jump_jacks,stu1_23.mp4,32.0,147.0,171.0,171.0,193.0,193.0,215.0,215.0,236.0,236.0,257.0,257.0,278.0,278.0,299.0,299.0,320.0,320.0,341.0,341.0,362.0,362.0,384.0,384.0,406.0,406.0,427.0,427.0,448.0,448.0,469.0,469.0,491.0,491.0,512.0,512.0,534.0,534.0,555.0,555.0,577.0,577.0,597.0,597.0,618.0,618.0,640.0,640.0,659.0,659.0,680.0,680.0,702.0,702.0,723.0,723.0,744.0,744.0,764.0,764.0,784.0,784.0,806.0,806.0,827.0,,,,,,,,,,,,,,,,,,,,,,,,,,,,,,,,,,,,,,,,,,,,,,,,,,,,,,,,,,,,,,,,,,,,,,,,,,,,,,,,,,,,,,,,,,,,,,,,,,,,,,,,,,,,,,,,,,,,,,,,,,,,,,,,,,,,,,,,,train
534,pull_up,stu7_39.mp4,7.0,20.0,108.0,133.0,222.0,232.0,308.0,312.0,394.0,396.0,480.0,486.0,658.0,667.0,792.0,,,,,,,,,,,,,,,,,,,,,,,,,,,,,,,,,,,,,,,,,,,,,,,,,,,,,,,,,,,,,,,,,,,,,,,,,,,,,,,,,,,,,,,,,,,,,,,,,,,,,,,,,,,,,,,,,,,,,,,,,,,,,,,,,,,,,,,,,,,,,,,,,,,,,,,,,,,,,,,,,,,,,,,,,,,,,,,,,,,,,,,,,,,train
535,pull_up,stu5_37.mp4,20.0,66.0,96.0,96.0,126.0,126.0,159.0,159.0,185.0,185.0,217.0,217.0,247.0,247.0,282.0,282.0,312.0,312.0,345.0,345.0,374.0,374.0,406.0,406.0,439.0,439.0,468.0,468.0,499.0,499.0,531.0,531.0,565.0,565.0,597.0,597.0,630.0,630.0,668.0,668.0,703.0,,,,,,,,,,,,,,,,,,,,,,,,,,,,,,,,,,,,,,,,,,,,,,,,,,,,,,,,,,,,,,,,,,,,,,,,,,,,,,,,,,,,,,,,,,,,,,,,,,,,,,,,,,,,,,,,,,,,,,,,,,,,,,,,,,,,,,,,,,,,,,,,,,,,,,,,,,,,,,,,,train
536,battle_rope,stu4_0.mp4,11.0,104.0,126.0,126.0,147.0,148.0,165.0,165.0,183.0,183.0,204.0,204.0,221.0,222.0,239.0,239.0,258.0,259.0,277.0,277.0,298.0,298.0,317.0,,,,,,,,,,,,,,,,,,,,,,,,,,,,,,,,,,,,,,,,,,,,,,,,,,,,,,,,,,,,,,,,,,,,,,,,,,,,,,,,,,,,,,,,,,,,,,,,,,,,,,,,,,,,,,,,,,,,,,,,,,,,,,,,,,,,,,,,,,,,,,,,,,,,,,,,,,,,,,,,,,,,,,,,,,,,,,,,,,,train
537,push_up,stu2_48.mp4,10.0,92.0,201.0,202.0,271.0,271.0,340.0,340.0,402.0,402.0,457.0,457.0,517.0,518.0,573.0,573.0,651.0,651.0,735.0,735.0,821.0,,,,,,,,,,,,,,,,,,,,,,,,,,,,,,,,,,,,,,,,,,,,,,,,,,,,,,,,,,,,,,,,,,,,,,,,,,,,,,,,,,,,,,,,,,,,,,,,,,,,,,,,,,,,,,,,,,,,,,,,,,,,,,,,,,,,,,,,,,,,,,,,,,,,,,,,,,,,,,,,,,,,,,,,,,,,,,,,,,,,,train
538,pull_up,stu6_32.mp4,7.0,0.0,44.0,44.0,102.0,102.0,164.0,164.0,222.0,223.0,284.0,284.0,340.0,340.0,389.0,,,,,,,,,,,,,,,,,,,,,,,,,,,,,,,,,,,,,,,,,,,,,,,,,,,,,,,,,,,,,,,,,,,,,,,,,,,,,,,,,,,,,,,,,,,,,,,,,,,,,,,,,,,,,,,,,,,,,,,,,,,,,,,,,,,,,,,,,,,,,,,,,,,,,,,,,,,,,,,,,,,,,,,,,,,,,,,,,,,,,,,,,,,train
539,squat,stu5_69.mp4,10.0,115.0,158.0,158.0,213.0,213.0,265.0,265.0,322.0,322.0,378.0,378.0,432.0,432.0,490.0,490.0,545.0,545.0,604.0,604.0,664.0,,,,,,,,,,,,,,,,,,,,,,,,,,,,,,,,,,,,,,,,,,,,,,,,,,,,,,,,,,,,,,,,,,,,,,,,,,,,,,,,,,,,,,,,,,,,,,,,,,,,,,,,,,,,,,,,,,,,,,,,,,,,,,,,,,,,,,,,,,,,,,,,,,,,,,,,,,,,,,,,,,,,,,,,,,,,,,,,,,,,,train
540,jump_jacks,stu5_25.mp4,68.0,2.0,19.0,19.0,40.0,40.0,62.0,62.0,83.0,83.0,102.0,102.0,119.0,119.0,141.0,141.0,160.0,160.0,179.0,179.0,200.0,200.0,220.0,220.0,238.0,238.0,258.0,258.0,278.0,278.0,300.0,300.0,318.0,318.0,338.0,338.0,358.0,358.0,380.0,380.0,400.0,400.0,422.0,422.0,442.0,442.0,464.0,464.0,483.0,483.0,507.0,507.0,527.0,528.0,548.0,548.0,568.0,568.0,591.0,591.0,612.0,612.0,632.0,632.0,652.0,652.0,673.0,673.0,694.0,694.0,715.0,715.0,736.0,736.0,756.0,757.0,776.0,776.0,797.0,797.0,820.0,820.0,839.0,839.0,860.0,860.0,878.0,878.0,903.0,903.0,922.0,922.0,945.0,945.0,966.0,966.0,983.0,983.0,1005.0,1005.0,1026.0,1026.0,1047.0,1047.0,1068.0,1068.0,1090.0,1090.0,1111.0,1111.0,1132.0,1132.0,1152.0,1152.0,1174.0,1174.0,1193.0,1193.0,1216.0,1216.0,1236.0,1236.0,1255.0,1255.0,1277.0,1277.0,1300.0,1300.0,1320.0,1320.0,1340.0,1340.0,1362.0,1362.0,1380.0,1380.0,1403.0,,,,,,,,,,,,,,,,,,,,,,,,,,,,,,,,,,,,,,,,,,,,,,,,,,,,,,,,,,,,,,,,,train
541,front_raise,stu6_9.mp4,18.0,5.0,100.0,106.0,210.0,222.0,317.0,334.0,428.0,430.0,512.0,515.0,612.0,615.0,713.0,713.0,798.0,800.0,912.0,912.0,995.0,995.0,1085.0,1085.0,1167.0,1167.0,1267.0,1268.0,1353.0,1353.0,1451.0,1452.0,1555.0,1557.0,1651.0,1654.0,1747.0,,,,,,,,,,,,,,,,,,,,,,,,,,,,,,,,,,,,,,,,,,,,,,,,,,,,,,,,,,,,,,,,,,,,,,,,,,,,,,,,,,,,,,,,,,,,,,,,,,,,,,,,,,,,,,,,,,,,,,,,,,,,,,,,,,,,,,,,,,,,,,,,,,,,,,,,,,,,,,,,,,,,,train
542,pull_up,test1496.mp4,6.0,0.0,24.0,24.0,47.0,47.0,72.0,72.0,95.0,95.0,117.0,117.0,141.0,,,,,,,,,,,,,,,,,,,,,,,,,,,,,,,,,,,,,,,,,,,,,,,,,,,,,,,,,,,,,,,,,,,,,,,,,,,,,,,,,,,,,,,,,,,,,,,,,,,,,,,,,,,,,,,,,,,,,,,,,,,,,,,,,,,,,,,,,,,,,,,,,,,,,,,,,,,,,,,,,,,,,,,,,,,,,,,,,,,,,,,,,,,,,train
543,sit_up,stu7_61.mp4,12.0,263.0,365.0,369.0,435.0,439.0,482.0,485.0,531.0,542.0,605.0,616.0,662.0,665.0,706.0,897.0,975.0,982.0,1047.0,1047.0,1116.0,1312.0,1388.0,1392.0,1455.0,,,,,,,,,,,,,,,,,,,,,,,,,,,,,,,,,,,,,,,,,,,,,,,,,,,,,,,,,,,,,,,,,,,,,,,,,,,,,,,,,,,,,,,,,,,,,,,,,,,,,,,,,,,,,,,,,,,,,,,,,,,,,,,,,,,,,,,,,,,,,,,,,,,,,,,,,,,,,,,,,,,,,,,,,,,,,,,,,train
544,bench_pressing,stu1_5.mp4,11.0,98.0,148.0,148.0,183.0,183.0,217.0,217.0,251.0,251.0,281.0,281.0,315.0,909.0,978.0,978.0,1027.0,1027.0,1083.0,1083.0,1132.0,1132.0,1189.0,,,,,,,,,,,,,,,,,,,,,,,,,,,,,,,,,,,,,,,,,,,,,,,,,,,,,,,,,,,,,,,,,,,,,,,,,,,,,,,,,,,,,,,,,,,,,,,,,,,,,,,,,,,,,,,,,,,,,,,,,,,,,,,,,,,,,,,,,,,,,,,,,,,,,,,,,,,,,,,,,,,,,,,,,,,,,,,,,,,train
545,squat,stu7_62.mp4,9.0,2.0,104.0,104.0,178.0,180.0,252.0,253.0,320.0,320.0,391.0,392.0,470.0,472.0,544.0,547.0,628.0,632.0,712.0,,,,,,,,,,,,,,,,,,,,,,,,,,,,,,,,,,,,,,,,,,,,,,,,,,,,,,,,,,,,,,,,,,,,,,,,,,,,,,,,,,,,,,,,,,,,,,,,,,,,,,,,,,,,,,,,,,,,,,,,,,,,,,,,,,,,,,,,,,,,,,,,,,,,,,,,,,,,,,,,,,,,,,,,,,,,,,,,,,,,,,,train
546,sit_up,stu6_52.mp4,23.0,17.0,65.0,65.0,109.0,109.0,162.0,163.0,210.0,212.0,256.0,256.0,311.0,311.0,348.0,349.0,396.0,396.0,445.0,446.0,497.0,498.0,549.0,550.0,599.0,600.0,645.0,645.0,702.0,703.0,753.0,754.0,799.0,799.0,851.0,852.0,902.0,903.0,959.0,961.0,1015.0,1017.0,1069.0,1070.0,1118.0,1118.0,1178.0,,,,,,,,,,,,,,,,,,,,,,,,,,,,,,,,,,,,,,,,,,,,,,,,,,,,,,,,,,,,,,,,,,,,,,,,,,,,,,,,,,,,,,,,,,,,,,,,,,,,,,,,,,,,,,,,,,,,,,,,,,,,,,,,,,,,,,,,,,,,,,,,,,,,,,,,,,,train
547,jump_jacks,stu1_24.mp4,68.0,0.0,25.0,25.0,47.0,47.0,69.0,69.0,89.0,89.0,113.0,113.0,134.0,134.0,155.0,155.0,178.0,178.0,200.0,200.0,223.0,223.0,245.0,245.0,267.0,267.0,290.0,290.0,310.0,310.0,334.0,334.0,355.0,355.0,377.0,377.0,398.0,398.0,418.0,418.0,441.0,441.0,463.0,463.0,485.0,485.0,508.0,508.0,529.0,529.0,548.0,548.0,571.0,571.0,591.0,591.0,614.0,614.0,635.0,635.0,657.0,657.0,679.0,679.0,701.0,701.0,722.0,722.0,744.0,744.0,765.0,765.0,788.0,788.0,810.0,810.0,832.0,832.0,853.0,853.0,874.0,874.0,897.0,897.0,919.0,919.0,940.0,940.0,962.0,962.0,982.0,982.0,1003.0,1003.0,1026.0,1026.0,1047.0,1047.0,1070.0,1070.0,1091.0,1091.0,1115.0,1115.0,1138.0,1138.0,1158.0,1158.0,1183.0,1183.0,1202.0,1202.0,1225.0,1225.0,1247.0,1247.0,1270.0,1270.0,1293.0,1293.0,1313.0,1313.0,1339.0,1339.0,1358.0,1358.0,1381.0,1381.0,1401.0,1401.0,1425.0,1425.0,1447.0,1447.0,1469.0,1469.0,1495.0,,,,,,,,,,,,,,,,,,,,,,,,,,,,,,,,,,,,,,,,,,,,,,,,,,,,,,,,,,,,,,,,,train
548,bench_pressing,test138.mp4,12.0,0.0,26.0,26.0,50.0,51.0,74.0,75.0,96.0,96.0,117.0,117.0,140.0,140.0,164.0,164.0,191.0,191.0,214.0,214.0,237.0,237.0,262.0,262.0,286.0,,,,,,,,,,,,,,,,,,,,,,,,,,,,,,,,,,,,,,,,,,,,,,,,,,,,,,,,,,,,,,,,,,,,,,,,,,,,,,,,,,,,,,,,,,,,,,,,,,,,,,,,,,,,,,,,,,,,,,,,,,,,,,,,,,,,,,,,,,,,,,,,,,,,,,,,,,,,,,,,,,,,,,,,,,,,,,,,,train
549,sit_up,stu6_51.mp4,10.0,114.0,278.0,280.0,499.0,499.0,654.0,669.0,834.0,842.0,969.0,971.0,1120.0,1121.0,1240.0,1241.0,1391.0,1399.0,1535.0,1540.0,1690.0,,,,,,,,,,,,,,,,,,,,,,,,,,,,,,,,,,,,,,,,,,,,,,,,,,,,,,,,,,,,,,,,,,,,,,,,,,,,,,,,,,,,,,,,,,,,,,,,,,,,,,,,,,,,,,,,,,,,,,,,,,,,,,,,,,,,,,,,,,,,,,,,,,,,,,,,,,,,,,,,,,,,,,,,,,,,,,,,,,,,,train
550,jump_jacks,stu1_25.mp4,43.0,15.0,38.0,38.0,65.0,65.0,89.0,89.0,112.0,112.0,137.0,137.0,161.0,161.0,188.0,188.0,212.0,212.0,238.0,238.0,263.0,263.0,290.0,290.0,316.0,316.0,340.0,340.0,367.0,367.0,392.0,392.0,418.0,418.0,442.0,442.0,470.0,470.0,495.0,495.0,522.0,522.0,549.0,549.0,573.0,573.0,600.0,600.0,624.0,624.0,650.0,650.0,676.0,676.0,701.0,701.0,726.0,726.0,751.0,751.0,775.0,775.0,802.0,802.0,827.0,827.0,853.0,853.0,877.0,877.0,902.0,902.0,926.0,926.0,951.0,951.0,976.0,976.0,1002.0,1002.0,1027.0,1027.0,1051.0,1051.0,1076.0,1076.0,1105.0,,,,,,,,,,,,,,,,,,,,,,,,,,,,,,,,,,,,,,,,,,,,,,,,,,,,,,,,,,,,,,,,,,,,,,,,,,,,,,,,,,,,,,,,,,,,,,,,,,,,,,,,,,,,,,,,,,,train
551,sit_up,stu6_56.mp4,9.0,45.0,116.0,116.0,192.0,192.0,280.0,282.0,387.0,390.0,471.0,471.0,541.0,541.0,610.0,610.0,684.0,684.0,751.0,,,,,,,,,,,,,,,,,,,,,,,,,,,,,,,,,,,,,,,,,,,,,,,,,,,,,,,,,,,,,,,,,,,,,,,,,,,,,,,,,,,,,,,,,,,,,,,,,,,,,,,,,,,,,,,,,,,,,,,,,,,,,,,,,,,,,,,,,,,,,,,,,,,,,,,,,,,,,,,,,,,,,,,,,,,,,,,,,,,,,,,train
552,jump_jacks,stu7_28.mp4,10.0,9.0,39.0,39.0,66.0,66.0,94.0,94.0,123.0,123.0,152.0,152.0,182.0,182.0,209.0,209.0,237.0,238.0,267.0,268.0,294.0,,,,,,,,,,,,,,,,,,,,,,,,,,,,,,,,,,,,,,,,,,,,,,,,,,,,,,,,,,,,,,,,,,,,,,,,,,,,,,,,,,,,,,,,,,,,,,,,,,,,,,,,,,,,,,,,,,,,,,,,,,,,,,,,,,,,,,,,,,,,,,,,,,,,,,,,,,,,,,,,,,,,,,,,,,,,,,,,,,,,,train
553,front_raise,stu8_20.mp4,8.0,5.0,128.0,128.0,222.0,222.0,331.0,331.0,426.0,426.0,523.0,523.0,633.0,633.0,743.0,743.0,839.0,,,,,,,,,,,,,,,,,,,,,,,,,,,,,,,,,,,,,,,,,,,,,,,,,,,,,,,,,,,,,,,,,,,,,,,,,,,,,,,,,,,,,,,,,,,,,,,,,,,,,,,,,,,,,,,,,,,,,,,,,,,,,,,,,,,,,,,,,,,,,,,,,,,,,,,,,,,,,,,,,,,,,,,,,,,,,,,,,,,,,,,,,train
554,sit_up,stu9_59.mp4,7.0,393.0,431.0,431.0,467.0,467.0,504.0,504.0,540.0,540.0,578.0,578.0,616.0,616.0,650.0,,,,,,,,,,,,,,,,,,,,,,,,,,,,,,,,,,,,,,,,,,,,,,,,,,,,,,,,,,,,,,,,,,,,,,,,,,,,,,,,,,,,,,,,,,,,,,,,,,,,,,,,,,,,,,,,,,,,,,,,,,,,,,,,,,,,,,,,,,,,,,,,,,,,,,,,,,,,,,,,,,,,,,,,,,,,,,,,,,,,,,,,,,,train
555,sit_up,stu7_58.mp4,9.0,6.0,70.0,70.0,134.0,134.0,195.0,198.0,254.0,256.0,312.0,327.0,386.0,389.0,448.0,454.0,510.0,513.0,572.0,,,,,,,,,,,,,,,,,,,,,,,,,,,,,,,,,,,,,,,,,,,,,,,,,,,,,,,,,,,,,,,,,,,,,,,,,,,,,,,,,,,,,,,,,,,,,,,,,,,,,,,,,,,,,,,,,,,,,,,,,,,,,,,,,,,,,,,,,,,,,,,,,,,,,,,,,,,,,,,,,,,,,,,,,,,,,,,,,,,,,,,train
556,jump_jacks,stu7_33.mp4,7.0,54.0,159.0,159.0,202.0,203.0,233.0,233.0,267.0,362.0,395.0,397.0,423.0,423.0,449.0,,,,,,,,,,,,,,,,,,,,,,,,,,,,,,,,,,,,,,,,,,,,,,,,,,,,,,,,,,,,,,,,,,,,,,,,,,,,,,,,,,,,,,,,,,,,,,,,,,,,,,,,,,,,,,,,,,,,,,,,,,,,,,,,,,,,,,,,,,,,,,,,,,,,,,,,,,,,,,,,,,,,,,,,,,,,,,,,,,,,,,,,,,,train
557,push_up,stu7_46.mp4,16.0,9.0,41.0,41.0,72.0,72.0,106.0,106.0,136.0,136.0,170.0,171.0,201.0,201.0,234.0,643.0,691.0,691.0,724.0,724.0,763.0,763.0,801.0,801.0,842.0,842.0,885.0,885.0,923.0,923.0,964.0,965.0,1010.0,,,,,,,,,,,,,,,,,,,,,,,,,,,,,,,,,,,,,,,,,,,,,,,,,,,,,,,,,,,,,,,,,,,,,,,,,,,,,,,,,,,,,,,,,,,,,,,,,,,,,,,,,,,,,,,,,,,,,,,,,,,,,,,,,,,,,,,,,,,,,,,,,,,,,,,,,,,,,,,,,,,,,,,,,train
558,sit_up,stu5_60.mp4,4.0,201.0,303.0,303.0,416.0,416.0,531.0,532.0,636.0,,,,,,,,,,,,,,,,,,,,,,,,,,,,,,,,,,,,,,,,,,,,,,,,,,,,,,,,,,,,,,,,,,,,,,,,,,,,,,,,,,,,,,,,,,,,,,,,,,,,,,,,,,,,,,,,,,,,,,,,,,,,,,,,,,,,,,,,,,,,,,,,,,,,,,,,,,,,,,,,,,,,,,,,,,,,,,,,,,,,,,,,,,,,,,,,,train
559,jump_jacks,stu2_30.mp4,25.0,40.0,69.0,69.0,95.0,95.0,121.0,121.0,144.0,144.0,168.0,168.0,195.0,195.0,220.0,220.0,246.0,246.0,271.0,271.0,298.0,298.0,320.0,320.0,346.0,346.0,372.0,372.0,397.0,397.0,421.0,421.0,450.0,450.0,474.0,474.0,498.0,498.0,526.0,526.0,550.0,550.0,575.0,575.0,598.0,598.0,626.0,626.0,652.0,652.0,681.0,,,,,,,,,,,,,,,,,,,,,,,,,,,,,,,,,,,,,,,,,,,,,,,,,,,,,,,,,,,,,,,,,,,,,,,,,,,,,,,,,,,,,,,,,,,,,,,,,,,,,,,,,,,,,,,,,,,,,,,,,,,,,,,,,,,,,,,,,,,,,,,,,,,,,,,train
560,sit_up,stu4_58.mp4,9.0,0.0,68.0,281.0,421.0,465.0,534.0,537.0,856.0,876.0,958.0,970.0,1127.0,1142.0,1259.0,1273.0,1388.0,1404.0,1514.0,,,,,,,,,,,,,,,,,,,,,,,,,,,,,,,,,,,,,,,,,,,,,,,,,,,,,,,,,,,,,,,,,,,,,,,,,,,,,,,,,,,,,,,,,,,,,,,,,,,,,,,,,,,,,,,,,,,,,,,,,,,,,,,,,,,,,,,,,,,,,,,,,,,,,,,,,,,,,,,,,,,,,,,,,,,,,,,,,,,,,,,train
561,pull_up,stu5_38.mp4,13.0,44.0,83.0,83.0,123.0,123.0,167.0,167.0,217.0,217.0,271.0,271.0,328.0,328.0,381.0,381.0,437.0,437.0,501.0,502.0,569.0,569.0,656.0,656.0,788.0,788.0,962.0,,,,,,,,,,,,,,,,,,,,,,,,,,,,,,,,,,,,,,,,,,,,,,,,,,,,,,,,,,,,,,,,,,,,,,,,,,,,,,,,,,,,,,,,,,,,,,,,,,,,,,,,,,,,,,,,,,,,,,,,,,,,,,,,,,,,,,,,,,,,,,,,,,,,,,,,,,,,,,,,,,,,,,,,,,,,,,,train
562,squat,stu4_65.mp4,24.0,175.0,235.0,236.0,284.0,286.0,322.0,324.0,370.0,372.0,419.0,421.0,463.0,464.0,506.0,507.0,546.0,547.0,594.0,595.0,639.0,640.0,684.0,686.0,723.0,725.0,769.0,770.0,812.0,813.0,859.0,861.0,906.0,909.0,949.0,951.0,994.0,995.0,1038.0,1040.0,1076.0,1080.0,1119.0,1120.0,1163.0,1165.0,1206.0,1209.0,1252.0,,,,,,,,,,,,,,,,,,,,,,,,,,,,,,,,,,,,,,,,,,,,,,,,,,,,,,,,,,,,,,,,,,,,,,,,,,,,,,,,,,,,,,,,,,,,,,,,,,,,,,,,,,,,,,,,,,,,,,,,,,,,,,,,,,,,,,,,,,,,,,,,,,,,,,,,,train
563,front_raise,stu7_22.mp4,2.0,179.0,278.0,288.0,473.0,,,,,,,,,,,,,,,,,,,,,,,,,,,,,,,,,,,,,,,,,,,,,,,,,,,,,,,,,,,,,,,,,,,,,,,,,,,,,,,,,,,,,,,,,,,,,,,,,,,,,,,,,,,,,,,,,,,,,,,,,,,,,,,,,,,,,,,,,,,,,,,,,,,,,,,,,,,,,,,,,,,,,,,,,,,,,,,,,,,,,,,,,,,,,,,,,,,,,train
564,pull_up,stu1_31.mp4,32.0,1.0,17.0,17.0,38.0,38.0,61.0,61.0,85.0,85.0,108.0,108.0,131.0,226.0,246.0,246.0,269.0,269.0,294.0,294.0,315.0,315.0,340.0,340.0,363.0,363.0,389.0,531.0,550.0,550.0,576.0,576.0,599.0,599.0,626.0,626.0,649.0,649.0,672.0,672.0,694.0,694.0,719.0,719.0,746.0,746.0,774.0,945.0,969.0,969.0,1016.0,1016.0,1043.0,1043.0,1078.0,1078.0,1111.0,1111.0,1159.0,1159.0,1197.0,1197.0,1255.0,1441.0,1481.0,,,,,,,,,,,,,,,,,,,,,,,,,,,,,,,,,,,,,,,,,,,,,,,,,,,,,,,,,,,,,,,,,,,,,,,,,,,,,,,,,,,,,,,,,,,,,,,,,,,,,,,,,,,,,,,,,,,,,,,,,,,,,,,,,,,,,,,,,train
565,bench_pressing,stu4_2.mp4,15.0,106.0,171.0,171.0,204.0,204.0,231.0,232.0,265.0,266.0,298.0,299.0,332.0,332.0,365.0,365.0,396.0,396.0,426.0,426.0,460.0,565.0,613.0,625.0,705.0,716.0,795.0,796.0,898.0,904.0,981.0,,,,,,,,,,,,,,,,,,,,,,,,,,,,,,,,,,,,,,,,,,,,,,,,,,,,,,,,,,,,,,,,,,,,,,,,,,,,,,,,,,,,,,,,,,,,,,,,,,,,,,,,,,,,,,,,,,,,,,,,,,,,,,,,,,,,,,,,,,,,,,,,,,,,,,,,,,,,,,,,,,,,,,,,,,,train
566,front_raise,stu9_21.mp4,16.0,349.0,422.0,443.0,521.0,522.0,597.0,597.0,667.0,667.0,730.0,730.0,807.0,807.0,876.0,876.0,936.0,937.0,1013.0,1013.0,1098.0,1098.0,1186.0,1187.0,1258.0,1258.0,1337.0,1338.0,1436.0,1617.0,1681.0,1727.0,1792.0,,,,,,,,,,,,,,,,,,,,,,,,,,,,,,,,,,,,,,,,,,,,,,,,,,,,,,,,,,,,,,,,,,,,,,,,,,,,,,,,,,,,,,,,,,,,,,,,,,,,,,,,,,,,,,,,,,,,,,,,,,,,,,,,,,,,,,,,,,,,,,,,,,,,,,,,,,,,,,,,,,,,,,,,,train
567,sit_up,stu7_59.mp4,5.0,7.0,96.0,96.0,217.0,219.0,333.0,335.0,432.0,432.0,524.0,,,,,,,,,,,,,,,,,,,,,,,,,,,,,,,,,,,,,,,,,,,,,,,,,,,,,,,,,,,,,,,,,,,,,,,,,,,,,,,,,,,,,,,,,,,,,,,,,,,,,,,,,,,,,,,,,,,,,,,,,,,,,,,,,,,,,,,,,,,,,,,,,,,,,,,,,,,,,,,,,,,,,,,,,,,,,,,,,,,,,,,,,,,,,,,train
568,sit_up,stu5_58.mp4,4.0,581.0,846.0,956.0,1059.0,1059.0,1178.0,1179.0,1289.0,,,,,,,,,,,,,,,,,,,,,,,,,,,,,,,,,,,,,,,,,,,,,,,,,,,,,,,,,,,,,,,,,,,,,,,,,,,,,,,,,,,,,,,,,,,,,,,,,,,,,,,,,,,,,,,,,,,,,,,,,,,,,,,,,,,,,,,,,,,,,,,,,,,,,,,,,,,,,,,,,,,,,,,,,,,,,,,,,,,,,,,,,,,,,,,,,train
569,jump_jacks,stu8_32.mp4,5.0,59.0,93.0,93.0,123.0,123.0,154.0,154.0,185.0,185.0,219.0,,,,,,,,,,,,,,,,,,,,,,,,,,,,,,,,,,,,,,,,,,,,,,,,,,,,,,,,,,,,,,,,,,,,,,,,,,,,,,,,,,,,,,,,,,,,,,,,,,,,,,,,,,,,,,,,,,,,,,,,,,,,,,,,,,,,,,,,,,,,,,,,,,,,,,,,,,,,,,,,,,,,,,,,,,,,,,,,,,,,,,,,,,,,,,,train
570,squat,stu7_71.mp4,32.0,9.0,49.0,50.0,86.0,86.0,124.0,125.0,168.0,168.0,209.0,209.0,248.0,248.0,289.0,289.0,331.0,332.0,372.0,373.0,411.0,412.0,449.0,450.0,491.0,493.0,530.0,533.0,570.0,572.0,612.0,613.0,655.0,656.0,694.0,694.0,735.0,735.0,773.0,773.0,819.0,821.0,858.0,859.0,904.0,906.0,942.0,943.0,983.0,983.0,1024.0,1025.0,1066.0,1066.0,1107.0,1107.0,1149.0,1150.0,1189.0,1191.0,1233.0,1234.0,1272.0,1273.0,1313.0,,,,,,,,,,,,,,,,,,,,,,,,,,,,,,,,,,,,,,,,,,,,,,,,,,,,,,,,,,,,,,,,,,,,,,,,,,,,,,,,,,,,,,,,,,,,,,,,,,,,,,,,,,,,,,,,,,,,,,,,,,,,,,,,,,,,,,,,,train
571,sit_up,train3382.mp4,4.0,28.0,77.0,77.0,128.0,128.0,181.0,181.0,236.0,,,,,,,,,,,,,,,,,,,,,,,,,,,,,,,,,,,,,,,,,,,,,,,,,,,,,,,,,,,,,,,,,,,,,,,,,,,,,,,,,,,,,,,,,,,,,,,,,,,,,,,,,,,,,,,,,,,,,,,,,,,,,,,,,,,,,,,,,,,,,,,,,,,,,,,,,,,,,,,,,,,,,,,,,,,,,,,,,,,,,,,,,,,,,,,,,train
572,front_raise,stu9_12.mp4,7.0,0.0,45.0,45.0,91.0,91.0,131.0,131.0,176.0,199.0,240.0,240.0,286.0,286.0,334.0,,,,,,,,,,,,,,,,,,,,,,,,,,,,,,,,,,,,,,,,,,,,,,,,,,,,,,,,,,,,,,,,,,,,,,,,,,,,,,,,,,,,,,,,,,,,,,,,,,,,,,,,,,,,,,,,,,,,,,,,,,,,,,,,,,,,,,,,,,,,,,,,,,,,,,,,,,,,,,,,,,,,,,,,,,,,,,,,,,,,,,,,,,,train
573,sit_up,stu5_53.mp4,27.0,35.0,107.0,107.0,173.0,173.0,244.0,244.0,327.0,327.0,393.0,393.0,458.0,458.0,519.0,519.0,581.0,581.0,646.0,646.0,715.0,715.0,780.0,780.0,850.0,850.0,915.0,915.0,971.0,971.0,1035.0,1035.0,1100.0,1100.0,1157.0,1157.0,1226.0,1226.0,1292.0,1292.0,1357.0,1358.0,1425.0,1425.0,1490.0,1490.0,1553.0,1553.0,1618.0,1619.0,1687.0,1687.0,1756.0,1756.0,1798.0,,,,,,,,,,,,,,,,,,,,,,,,,,,,,,,,,,,,,,,,,,,,,,,,,,,,,,,,,,,,,,,,,,,,,,,,,,,,,,,,,,,,,,,,,,,,,,,,,,,,,,,,,,,,,,,,,,,,,,,,,,,,,,,,,,,,,,,,,,,,,,,,,,,train
574,sit_up,stu5_51.mp4,25.0,107.0,123.0,123.0,146.0,146.0,162.0,162.0,179.0,179.0,197.0,197.0,215.0,215.0,239.0,239.0,278.0,278.0,295.0,295.0,312.0,312.0,335.0,335.0,350.0,350.0,366.0,366.0,381.0,381.0,402.0,402.0,421.0,421.0,438.0,438.0,451.0,451.0,466.0,467.0,478.0,478.0,492.0,492.0,507.0,507.0,525.0,525.0,550.0,550.0,569.0,,,,,,,,,,,,,,,,,,,,,,,,,,,,,,,,,,,,,,,,,,,,,,,,,,,,,,,,,,,,,,,,,,,,,,,,,,,,,,,,,,,,,,,,,,,,,,,,,,,,,,,,,,,,,,,,,,,,,,,,,,,,,,,,,,,,,,,,,,,,,,,,,,,,,,,train
575,bench_pressing,stu6_2.mp4,9.0,205.0,270.0,270.0,329.0,329.0,397.0,397.0,473.0,473.0,553.0,553.0,622.0,622.0,703.0,703.0,791.0,791.0,873.0,,,,,,,,,,,,,,,,,,,,,,,,,,,,,,,,,,,,,,,,,,,,,,,,,,,,,,,,,,,,,,,,,,,,,,,,,,,,,,,,,,,,,,,,,,,,,,,,,,,,,,,,,,,,,,,,,,,,,,,,,,,,,,,,,,,,,,,,,,,,,,,,,,,,,,,,,,,,,,,,,,,,,,,,,,,,,,,,,,,,,,,train
576,front_raise,test545.mp4,1.0,0.0,204.0,,,,,,,,,,,,,,,,,,,,,,,,,,,,,,,,,,,,,,,,,,,,,,,,,,,,,,,,,,,,,,,,,,,,,,,,,,,,,,,,,,,,,,,,,,,,,,,,,,,,,,,,,,,,,,,,,,,,,,,,,,,,,,,,,,,,,,,,,,,,,,,,,,,,,,,,,,,,,,,,,,,,,,,,,,,,,,,,,,,,,,,,,,,,,,,,,,,,,,,train
577,squat,test2323.mp4,2.0,0.0,129.0,144.0,292.0,,,,,,,,,,,,,,,,,,,,,,,,,,,,,,,,,,,,,,,,,,,,,,,,,,,,,,,,,,,,,,,,,,,,,,,,,,,,,,,,,,,,,,,,,,,,,,,,,,,,,,,,,,,,,,,,,,,,,,,,,,,,,,,,,,,,,,,,,,,,,,,,,,,,,,,,,,,,,,,,,,,,,,,,,,,,,,,,,,,,,,,,,,,,,,,,,,,,,train
578,sit_up,train3312.mp4,4.0,0.0,69.0,69.0,129.0,129.0,196.0,196.0,249.0,,,,,,,,,,,,,,,,,,,,,,,,,,,,,,,,,,,,,,,,,,,,,,,,,,,,,,,,,,,,,,,,,,,,,,,,,,,,,,,,,,,,,,,,,,,,,,,,,,,,,,,,,,,,,,,,,,,,,,,,,,,,,,,,,,,,,,,,,,,,,,,,,,,,,,,,,,,,,,,,,,,,,,,,,,,,,,,,,,,,,,,,,,,,,,,,,train
579,jump_jacks,stu9_30.mp4,11.0,7.0,30.0,30.0,53.0,53.0,87.0,87.0,118.0,118.0,151.0,151.0,183.0,183.0,215.0,215.0,239.0,239.0,260.0,260.0,281.0,281.0,305.0,,,,,,,,,,,,,,,,,,,,,,,,,,,,,,,,,,,,,,,,,,,,,,,,,,,,,,,,,,,,,,,,,,,,,,,,,,,,,,,,,,,,,,,,,,,,,,,,,,,,,,,,,,,,,,,,,,,,,,,,,,,,,,,,,,,,,,,,,,,,,,,,,,,,,,,,,,,,,,,,,,,,,,,,,,,,,,,,,,,train
580,sit_up,stu4_60.mp4,3.0,164.0,266.0,267.0,361.0,1337.0,1543.0,,,,,,,,,,,,,,,,,,,,,,,,,,,,,,,,,,,,,,,,,,,,,,,,,,,,,,,,,,,,,,,,,,,,,,,,,,,,,,,,,,,,,,,,,,,,,,,,,,,,,,,,,,,,,,,,,,,,,,,,,,,,,,,,,,,,,,,,,,,,,,,,,,,,,,,,,,,,,,,,,,,,,,,,,,,,,,,,,,,,,,,,,,,,,,,,,,,train
581,sit_up,stu4_56.mp4,7.0,1.0,56.0,56.0,145.0,146.0,240.0,242.0,349.0,352.0,454.0,455.0,557.0,560.0,668.0,,,,,,,,,,,,,,,,,,,,,,,,,,,,,,,,,,,,,,,,,,,,,,,,,,,,,,,,,,,,,,,,,,,,,,,,,,,,,,,,,,,,,,,,,,,,,,,,,,,,,,,,,,,,,,,,,,,,,,,,,,,,,,,,,,,,,,,,,,,,,,,,,,,,,,,,,,,,,,,,,,,,,,,,,,,,,,,,,,,,,,,,,,,train
582,jump_jacks,stu3_21.mp4,6.0,45.0,94.0,94.0,126.0,126.0,155.0,198.0,230.0,230.0,256.0,256.0,281.0,,,,,,,,,,,,,,,,,,,,,,,,,,,,,,,,,,,,,,,,,,,,,,,,,,,,,,,,,,,,,,,,,,,,,,,,,,,,,,,,,,,,,,,,,,,,,,,,,,,,,,,,,,,,,,,,,,,,,,,,,,,,,,,,,,,,,,,,,,,,,,,,,,,,,,,,,,,,,,,,,,,,,,,,,,,,,,,,,,,,,,,,,,,,,train
583,jump_jacks,stu4_17.mp4,8.0,19.0,40.0,40.0,59.0,59.0,84.0,85.0,104.0,105.0,125.0,125.0,146.0,146.0,166.0,166.0,186.0,,,,,,,,,,,,,,,,,,,,,,,,,,,,,,,,,,,,,,,,,,,,,,,,,,,,,,,,,,,,,,,,,,,,,,,,,,,,,,,,,,,,,,,,,,,,,,,,,,,,,,,,,,,,,,,,,,,,,,,,,,,,,,,,,,,,,,,,,,,,,,,,,,,,,,,,,,,,,,,,,,,,,,,,,,,,,,,,,,,,,,,,,train
584,sit_up,stu2_61.mp4,10.0,623.0,734.0,734.0,846.0,846.0,964.0,964.0,1088.0,1088.0,1321.0,1321.0,1410.0,1411.0,1507.0,1507.0,1598.0,1598.0,1676.0,1676.0,1784.0,,,,,,,,,,,,,,,,,,,,,,,,,,,,,,,,,,,,,,,,,,,,,,,,,,,,,,,,,,,,,,,,,,,,,,,,,,,,,,,,,,,,,,,,,,,,,,,,,,,,,,,,,,,,,,,,,,,,,,,,,,,,,,,,,,,,,,,,,,,,,,,,,,,,,,,,,,,,,,,,,,,,,,,,,,,,,,,,,,,,,train
585,push_up,stu6_44.mp4,,,,,,,,,,,,,,,,,,,,,,,,,,,,,,,,,,,,,,,,,,,,,,,,,,,,,,,,,,,,,,,,,,,,,,,,,,,,,,,,,,,,,,,,,,,,,,,,,,,,,,,,,,,,,,,,,,,,,,,,,,,,,,,,,,,,,,,,,,,,,,,,,,,,,,,,,,,,,,,,,,,,,,,,,,,,,,,,,,,,,,,,,,,,,,,,,,,,,,,,,,train
587,push_up,stu5_46.mp4,3.0,212.0,316.0,316.0,431.0,432.0,547.0,,,,,,,,,,,,,,,,,,,,,,,,,,,,,,,,,,,,,,,,,,,,,,,,,,,,,,,,,,,,,,,,,,,,,,,,,,,,,,,,,,,,,,,,,,,,,,,,,,,,,,,,,,,,,,,,,,,,,,,,,,,,,,,,,,,,,,,,,,,,,,,,,,,,,,,,,,,,,,,,,,,,,,,,,,,,,,,,,,,,,,,,,,,,,,,,,,,train
588,squat,stu3_67.mp4,9.0,32.0,100.0,100.0,174.0,174.0,244.0,244.0,315.0,315.0,376.0,377.0,459.0,459.0,531.0,531.0,596.0,596.0,656.0,,,,,,,,,,,,,,,,,,,,,,,,,,,,,,,,,,,,,,,,,,,,,,,,,,,,,,,,,,,,,,,,,,,,,,,,,,,,,,,,,,,,,,,,,,,,,,,,,,,,,,,,,,,,,,,,,,,,,,,,,,,,,,,,,,,,,,,,,,,,,,,,,,,,,,,,,,,,,,,,,,,,,,,,,,,,,,,,,,,,,,,train
589,push_up,train2685.mp4,2.0,1.0,150.0,153.0,296.0,,,,,,,,,,,,,,,,,,,,,,,,,,,,,,,,,,,,,,,,,,,,,,,,,,,,,,,,,,,,,,,,,,,,,,,,,,,,,,,,,,,,,,,,,,,,,,,,,,,,,,,,,,,,,,,,,,,,,,,,,,,,,,,,,,,,,,,,,,,,,,,,,,,,,,,,,,,,,,,,,,,,,,,,,,,,,,,,,,,,,,,,,,,,,,,,,,,,,train
590,front_raise,train1000.mp4,3.0,49.0,141.0,141.0,238.0,238.0,293.0,,,,,,,,,,,,,,,,,,,,,,,,,,,,,,,,,,,,,,,,,,,,,,,,,,,,,,,,,,,,,,,,,,,,,,,,,,,,,,,,,,,,,,,,,,,,,,,,,,,,,,,,,,,,,,,,,,,,,,,,,,,,,,,,,,,,,,,,,,,,,,,,,,,,,,,,,,,,,,,,,,,,,,,,,,,,,,,,,,,,,,,,,,,,,,,,,,,train
591,sit_up,stu9_56.mp4,8.0,135.0,207.0,303.0,392.0,487.0,570.0,664.0,740.0,843.0,919.0,1020.0,1102.0,1368.0,1463.0,1558.0,1645.0,,,,,,,,,,,,,,,,,,,,,,,,,,,,,,,,,,,,,,,,,,,,,,,,,,,,,,,,,,,,,,,,,,,,,,,,,,,,,,,,,,,,,,,,,,,,,,,,,,,,,,,,,,,,,,,,,,,,,,,,,,,,,,,,,,,,,,,,,,,,,,,,,,,,,,,,,,,,,,,,,,,,,,,,,,,,,,,,,,,,,,,,,train
592,sit_up,stu3_56.mp4,25.0,3.0,31.0,31.0,55.0,55.0,80.0,80.0,105.0,105.0,129.0,129.0,156.0,156.0,180.0,180.0,204.0,204.0,237.0,304.0,330.0,330.0,356.0,356.0,384.0,384.0,410.0,410.0,435.0,435.0,459.0,459.0,484.0,484.0,509.0,509.0,538.0,538.0,564.0,564.0,590.0,590.0,616.0,616.0,644.0,644.0,667.0,667.0,695.0,695.0,719.0,,,,,,,,,,,,,,,,,,,,,,,,,,,,,,,,,,,,,,,,,,,,,,,,,,,,,,,,,,,,,,,,,,,,,,,,,,,,,,,,,,,,,,,,,,,,,,,,,,,,,,,,,,,,,,,,,,,,,,,,,,,,,,,,,,,,,,,,,,,,,,,,,,,,,,,train
593,sit_up,stu6_54.mp4,11.0,485.0,546.0,605.0,679.0,691.0,770.0,781.0,874.0,887.0,971.0,983.0,1086.0,1133.0,1196.0,1230.0,1316.0,1371.0,1451.0,1504.0,1572.0,1623.0,1708.0,,,,,,,,,,,,,,,,,,,,,,,,,,,,,,,,,,,,,,,,,,,,,,,,,,,,,,,,,,,,,,,,,,,,,,,,,,,,,,,,,,,,,,,,,,,,,,,,,,,,,,,,,,,,,,,,,,,,,,,,,,,,,,,,,,,,,,,,,,,,,,,,,,,,,,,,,,,,,,,,,,,,,,,,,,,,,,,,,,,train
594,squat,stu1_70.mp4,1.0,27.0,119.0,,,,,,,,,,,,,,,,,,,,,,,,,,,,,,,,,,,,,,,,,,,,,,,,,,,,,,,,,,,,,,,,,,,,,,,,,,,,,,,,,,,,,,,,,,,,,,,,,,,,,,,,,,,,,,,,,,,,,,,,,,,,,,,,,,,,,,,,,,,,,,,,,,,,,,,,,,,,,,,,,,,,,,,,,,,,,,,,,,,,,,,,,,,,,,,,,,,,,,,train
595,bench_pressing,stu2_4.mp4,1.0,1179.0,1325.0,,,,,,,,,,,,,,,,,,,,,,,,,,,,,,,,,,,,,,,,,,,,,,,,,,,,,,,,,,,,,,,,,,,,,,,,,,,,,,,,,,,,,,,,,,,,,,,,,,,,,,,,,,,,,,,,,,,,,,,,,,,,,,,,,,,,,,,,,,,,,,,,,,,,,,,,,,,,,,,,,,,,,,,,,,,,,,,,,,,,,,,,,,,,,,,,,,,,,,,train
596,push_up,test1624.mp4,3.0,0.0,46.0,48.0,92.0,93.0,139.0,,,,,,,,,,,,,,,,,,,,,,,,,,,,,,,,,,,,,,,,,,,,,,,,,,,,,,,,,,,,,,,,,,,,,,,,,,,,,,,,,,,,,,,,,,,,,,,,,,,,,,,,,,,,,,,,,,,,,,,,,,,,,,,,,,,,,,,,,,,,,,,,,,,,,,,,,,,,,,,,,,,,,,,,,,,,,,,,,,,,,,,,,,,,,,,,,,,train
597,push_up,stu9_50.mp4,65.0,4.0,37.0,37.0,60.0,60.0,82.0,82.0,103.0,103.0,122.0,122.0,143.0,143.0,163.0,163.0,180.0,181.0,203.0,203.0,222.0,222.0,241.0,241.0,263.0,263.0,284.0,284.0,305.0,305.0,327.0,328.0,349.0,349.0,372.0,372.0,394.0,394.0,415.0,415.0,437.0,437.0,459.0,460.0,480.0,480.0,496.0,497.0,518.0,518.0,537.0,537.0,556.0,556.0,576.0,576.0,594.0,594.0,616.0,616.0,636.0,636.0,657.0,657.0,679.0,679.0,701.0,701.0,725.0,725.0,747.0,747.0,768.0,768.0,792.0,792.0,816.0,816.0,837.0,837.0,865.0,865.0,900.0,900.0,926.0,926.0,948.0,948.0,971.0,971.0,994.0,994.0,1020.0,1020.0,1043.0,1043.0,1068.0,1069.0,1093.0,1093.0,1120.0,1145.0,1174.0,1174.0,1200.0,1200.0,1223.0,1223.0,1248.0,1248.0,1270.0,1270.0,1294.0,1294.0,1326.0,1326.0,1351.0,1351.0,1379.0,1411.0,1447.0,1476.0,1515.0,1532.0,1573.0,1581.0,1625.0,1656.0,1706.0,1725.0,1774.0,,,,,,,,,,,,,,,,,,,,,,,,,,,,,,,,,,,,,,,,,,,,,,,,,,,,,,,,,,,,,,,,,,,,,,,train
598,sit_up,stu2_60.mp4,43.0,65.0,92.0,92.0,111.0,111.0,131.0,131.0,150.0,150.0,170.0,170.0,193.0,193.0,213.0,213.0,233.0,233.0,258.0,258.0,280.0,280.0,303.0,303.0,325.0,325.0,345.0,346.0,367.0,367.0,386.0,386.0,410.0,410.0,434.0,434.0,458.0,458.0,478.0,478.0,500.0,500.0,523.0,523.0,549.0,549.0,571.0,571.0,596.0,596.0,616.0,616.0,642.0,642.0,665.0,665.0,689.0,689.0,713.0,713.0,736.0,736.0,761.0,761.0,781.0,781.0,804.0,804.0,829.0,829.0,854.0,854.0,878.0,878.0,902.0,902.0,927.0,927.0,952.0,952.0,977.0,977.0,1002.0,1002.0,1030.0,1030.0,1056.0,,,,,,,,,,,,,,,,,,,,,,,,,,,,,,,,,,,,,,,,,,,,,,,,,,,,,,,,,,,,,,,,,,,,,,,,,,,,,,,,,,,,,,,,,,,,,,,,,,,,,,,,,,,,,,,,,,,train
599,jump_jacks,stu6_20.mp4,21.0,40.0,77.0,77.0,113.0,113.0,141.0,141.0,170.0,170.0,204.0,204.0,232.0,233.0,260.0,260.0,288.0,288.0,314.0,314.0,338.0,338.0,364.0,365.0,389.0,389.0,413.0,414.0,434.0,434.0,459.0,460.0,482.0,482.0,502.0,502.0,522.0,522.0,544.0,545.0,567.0,567.0,587.0,,,,,,,,,,,,,,,,,,,,,,,,,,,,,,,,,,,,,,,,,,,,,,,,,,,,,,,,,,,,,,,,,,,,,,,,,,,,,,,,,,,,,,,,,,,,,,,,,,,,,,,,,,,,,,,,,,,,,,,,,,,,,,,,,,,,,,,,,,,,,,,,,,,,,,,,,,,,,,,train
600,squat,stu5_65.mp4,18.0,10.0,71.0,71.0,152.0,152.0,219.0,219.0,317.0,317.0,384.0,384.0,462.0,462.0,538.0,538.0,622.0,622.0,705.0,705.0,793.0,793.0,886.0,886.0,970.0,970.0,1043.0,1043.0,1118.0,1118.0,1197.0,1197.0,1267.0,1267.0,1343.0,1343.0,1408.0,,,,,,,,,,,,,,,,,,,,,,,,,,,,,,,,,,,,,,,,,,,,,,,,,,,,,,,,,,,,,,,,,,,,,,,,,,,,,,,,,,,,,,,,,,,,,,,,,,,,,,,,,,,,,,,,,,,,,,,,,,,,,,,,,,,,,,,,,,,,,,,,,,,,,,,,,,,,,,,,,,,,,train
601,squat,stu8_65.mp4,24.0,97.0,157.0,157.0,223.0,223.0,288.0,288.0,355.0,355.0,424.0,424.0,498.0,498.0,563.0,563.0,637.0,637.0,711.0,711.0,783.0,783.0,849.0,849.0,913.0,913.0,986.0,986.0,1054.0,1054.0,1137.0,1137.0,1207.0,1207.0,1290.0,1290.0,1356.0,1356.0,1432.0,1432.0,1519.0,1519.0,1600.0,1600.0,1686.0,1686.0,1756.0,1756.0,1842.0,,,,,,,,,,,,,,,,,,,,,,,,,,,,,,,,,,,,,,,,,,,,,,,,,,,,,,,,,,,,,,,,,,,,,,,,,,,,,,,,,,,,,,,,,,,,,,,,,,,,,,,,,,,,,,,,,,,,,,,,,,,,,,,,,,,,,,,,,,,,,,,,,,,,,,,,,train
602,bench_pressing,stu2_11.mp4,8.0,310.0,363.0,363.0,395.0,395.0,429.0,429.0,469.0,469.0,510.0,510.0,558.0,559.0,628.0,628.0,685.0,,,,,,,,,,,,,,,,,,,,,,,,,,,,,,,,,,,,,,,,,,,,,,,,,,,,,,,,,,,,,,,,,,,,,,,,,,,,,,,,,,,,,,,,,,,,,,,,,,,,,,,,,,,,,,,,,,,,,,,,,,,,,,,,,,,,,,,,,,,,,,,,,,,,,,,,,,,,,,,,,,,,,,,,,,,,,,,,,,,,,,,,,train
603,push_up,stu3_46.mp4,9.0,76.0,122.0,122.0,162.0,163.0,203.0,203.0,240.0,240.0,275.0,275.0,313.0,313.0,350.0,350.0,388.0,388.0,426.0,,,,,,,,,,,,,,,,,,,,,,,,,,,,,,,,,,,,,,,,,,,,,,,,,,,,,,,,,,,,,,,,,,,,,,,,,,,,,,,,,,,,,,,,,,,,,,,,,,,,,,,,,,,,,,,,,,,,,,,,,,,,,,,,,,,,,,,,,,,,,,,,,,,,,,,,,,,,,,,,,,,,,,,,,,,,,,,,,,,,,,,train
604,sit_up,stu7_56.mp4,10.0,145.0,218.0,220.0,395.0,398.0,551.0,553.0,744.0,746.0,904.0,908.0,1088.0,1088.0,1269.0,1272.0,1464.0,1466.0,1625.0,1628.0,1814.0,,,,,,,,,,,,,,,,,,,,,,,,,,,,,,,,,,,,,,,,,,,,,,,,,,,,,,,,,,,,,,,,,,,,,,,,,,,,,,,,,,,,,,,,,,,,,,,,,,,,,,,,,,,,,,,,,,,,,,,,,,,,,,,,,,,,,,,,,,,,,,,,,,,,,,,,,,,,,,,,,,,,,,,,,,,,,,,,,,,,,train
605,front_raise,stu5_15.mp4,18.0,56.0,109.0,109.0,177.0,177.0,234.0,234.0,322.0,384.0,463.0,463.0,533.0,533.0,622.0,622.0,707.0,728.0,791.0,791.0,856.0,856.0,927.0,976.0,1040.0,1040.0,1096.0,1096.0,1151.0,1151.0,1192.0,1192.0,1262.0,1262.0,1339.0,1340.0,1420.0,,,,,,,,,,,,,,,,,,,,,,,,,,,,,,,,,,,,,,,,,,,,,,,,,,,,,,,,,,,,,,,,,,,,,,,,,,,,,,,,,,,,,,,,,,,,,,,,,,,,,,,,,,,,,,,,,,,,,,,,,,,,,,,,,,,,,,,,,,,,,,,,,,,,,,,,,,,,,,,,,,,,,train
606,sit_up,test2015.mp4,1.0,78.0,203.0,,,,,,,,,,,,,,,,,,,,,,,,,,,,,,,,,,,,,,,,,,,,,,,,,,,,,,,,,,,,,,,,,,,,,,,,,,,,,,,,,,,,,,,,,,,,,,,,,,,,,,,,,,,,,,,,,,,,,,,,,,,,,,,,,,,,,,,,,,,,,,,,,,,,,,,,,,,,,,,,,,,,,,,,,,,,,,,,,,,,,,,,,,,,,,,,,,,,,,,train
607,battle_rope,stu5_3.mp4,95.0,36.0,40.0,40.0,44.0,44.0,47.0,47.0,52.0,52.0,55.0,55.0,59.0,59.0,63.0,63.0,68.0,68.0,73.0,73.0,78.0,78.0,83.0,83.0,87.0,87.0,91.0,91.0,96.0,96.0,100.0,100.0,103.0,103.0,108.0,108.0,112.0,112.0,116.0,116.0,119.0,119.0,123.0,123.0,126.0,126.0,130.0,130.0,133.0,133.0,137.0,137.0,141.0,141.0,145.0,145.0,148.0,148.0,152.0,152.0,156.0,156.0,160.0,160.0,164.0,164.0,171.0,171.0,175.0,175.0,179.0,179.0,182.0,182.0,186.0,186.0,191.0,191.0,195.0,195.0,200.0,200.0,203.0,203.0,207.0,207.0,212.0,212.0,216.0,216.0,220.0,220.0,224.0,224.0,228.0,228.0,231.0,231.0,236.0,236.0,239.0,239.0,242.0,242.0,246.0,246.0,250.0,250.0,254.0,254.0,258.0,258.0,262.0,262.0,265.0,265.0,269.0,269.0,273.0,273.0,277.0,277.0,281.0,281.0,286.0,286.0,289.0,289.0,293.0,338.0,341.0,341.0,346.0,346.0,352.0,352.0,355.0,355.0,359.0,359.0,364.0,364.0,368.0,368.0,373.0,373.0,377.0,377.0,381.0,381.0,386.0,386.0,391.0,391.0,395.0,395.0,398.0,398.0,404.0,404.0,407.0,407.0,411.0,411.0,415.0,415.0,419.0,419.0,423.0,423.0,429.0,429.0,433.0,433.0,438.0,438.0,441.0,441.0,446.0,446.0,450.0,450.0,455.0,455.0,459.0,459.0,465.0,465.0,469.0,469.0,473.0,,,,,,,,,,,train
608,battle_rope,stu2_1.mp4,44.0,0.0,24.0,24.0,47.0,48.0,69.0,70.0,92.0,93.0,116.0,116.0,139.0,139.0,162.0,162.0,186.0,187.0,210.0,211.0,235.0,236.0,259.0,260.0,283.0,297.0,321.0,322.0,344.0,344.0,368.0,369.0,392.0,394.0,417.0,417.0,441.0,442.0,466.0,467.0,491.0,492.0,515.0,516.0,540.0,540.0,564.0,565.0,590.0,591.0,614.0,616.0,640.0,669.0,695.0,695.0,719.0,720.0,743.0,743.0,768.0,768.0,792.0,792.0,817.0,817.0,843.0,843.0,867.0,867.0,892.0,892.0,918.0,918.0,942.0,942.0,967.0,967.0,993.0,993.0,1019.0,1048.0,1076.0,1076.0,1101.0,1101.0,1127.0,1128.0,1153.0,,,,,,,,,,,,,,,,,,,,,,,,,,,,,,,,,,,,,,,,,,,,,,,,,,,,,,,,,,,,,,,,,,,,,,,,,,,,,,,,,,,,,,,,,,,,,,,,,,,,,,,,,,,,,,,,,train
609,squat,stu4_71.mp4,36.0,289.0,329.0,330.0,365.0,366.0,401.0,404.0,437.0,440.0,481.0,483.0,522.0,523.0,554.0,556.0,595.0,597.0,629.0,631.0,662.0,662.0,696.0,696.0,731.0,731.0,774.0,774.0,799.0,799.0,842.0,842.0,889.0,889.0,921.0,921.0,959.0,959.0,994.0,995.0,1049.0,1498.0,1537.0,1538.0,1568.0,1569.0,1603.0,1605.0,1640.0,1641.0,1674.0,1675.0,1710.0,1711.0,1745.0,1748.0,1786.0,1788.0,1826.0,1827.0,1861.0,1861.0,1894.0,1897.0,1931.0,1932.0,1964.0,1968.0,1997.0,2001.0,2037.0,2039.0,2078.0,,,,,,,,,,,,,,,,,,,,,,,,,,,,,,,,,,,,,,,,,,,,,,,,,,,,,,,,,,,,,,,,,,,,,,,,,,,,,,,,,,,,,,,,,,,,,,,,,,,,,,,,,,,,,,,,,,,,,,,,,,,,,,,,,train
610,pull_up,stu7_42.mp4,29.0,85.0,115.0,115.0,144.0,144.0,172.0,172.0,204.0,204.0,233.0,233.0,264.0,264.0,296.0,296.0,327.0,327.0,361.0,361.0,392.0,392.0,424.0,424.0,458.0,459.0,495.0,496.0,528.0,528.0,565.0,565.0,602.0,602.0,641.0,642.0,678.0,680.0,718.0,718.0,763.0,789.0,846.0,859.0,922.0,946.0,1002.0,1009.0,1078.0,1083.0,1164.0,1172.0,1249.0,1277.0,1341.0,1350.0,1433.0,1523.0,1599.0,,,,,,,,,,,,,,,,,,,,,,,,,,,,,,,,,,,,,,,,,,,,,,,,,,,,,,,,,,,,,,,,,,,,,,,,,,,,,,,,,,,,,,,,,,,,,,,,,,,,,,,,,,,,,,,,,,,,,,,,,,,,,,,,,,,,,,,,,,,,,,,train
611,squat,stu2_71.mp4,14.0,274.0,319.0,320.0,362.0,362.0,405.0,405.0,447.0,448.0,492.0,492.0,537.0,538.0,578.0,578.0,623.0,624.0,667.0,667.0,711.0,711.0,753.0,753.0,800.0,800.0,843.0,844.0,889.0,,,,,,,,,,,,,,,,,,,,,,,,,,,,,,,,,,,,,,,,,,,,,,,,,,,,,,,,,,,,,,,,,,,,,,,,,,,,,,,,,,,,,,,,,,,,,,,,,,,,,,,,,,,,,,,,,,,,,,,,,,,,,,,,,,,,,,,,,,,,,,,,,,,,,,,,,,,,,,,,,,,,,,,,,,,,,train
612,sit_up,train3367.mp4,5.0,13.0,66.0,66.0,118.0,118.0,173.0,173.0,228.0,228.0,288.0,,,,,,,,,,,,,,,,,,,,,,,,,,,,,,,,,,,,,,,,,,,,,,,,,,,,,,,,,,,,,,,,,,,,,,,,,,,,,,,,,,,,,,,,,,,,,,,,,,,,,,,,,,,,,,,,,,,,,,,,,,,,,,,,,,,,,,,,,,,,,,,,,,,,,,,,,,,,,,,,,,,,,,,,,,,,,,,,,,,,,,,,,,,,,,,train
613,pull_up,train2477.mp4,9.0,5.0,39.0,39.0,66.0,66.0,100.0,100.0,136.0,136.0,165.0,165.0,200.0,200.0,234.0,234.0,261.0,261.0,299.0,,,,,,,,,,,,,,,,,,,,,,,,,,,,,,,,,,,,,,,,,,,,,,,,,,,,,,,,,,,,,,,,,,,,,,,,,,,,,,,,,,,,,,,,,,,,,,,,,,,,,,,,,,,,,,,,,,,,,,,,,,,,,,,,,,,,,,,,,,,,,,,,,,,,,,,,,,,,,,,,,,,,,,,,,,,,,,,,,,,,,,,train
614,squat,train3932.mp4,2.0,0.0,175.0,175.0,299.0,,,,,,,,,,,,,,,,,,,,,,,,,,,,,,,,,,,,,,,,,,,,,,,,,,,,,,,,,,,,,,,,,,,,,,,,,,,,,,,,,,,,,,,,,,,,,,,,,,,,,,,,,,,,,,,,,,,,,,,,,,,,,,,,,,,,,,,,,,,,,,,,,,,,,,,,,,,,,,,,,,,,,,,,,,,,,,,,,,,,,,,,,,,,,,,,,,,,,train
615,squat,stu9_65.mp4,24.0,88.0,140.0,140.0,196.0,196.0,263.0,263.0,332.0,332.0,401.0,401.0,466.0,466.0,537.0,537.0,605.0,605.0,658.0,658.0,723.0,723.0,782.0,782.0,855.0,855.0,924.0,924.0,990.0,990.0,1052.0,1052.0,1117.0,1117.0,1178.0,1178.0,1246.0,1246.0,1317.0,1317.0,1383.0,1383.0,1448.0,1448.0,1521.0,1521.0,1583.0,1583.0,1647.0,,,,,,,,,,,,,,,,,,,,,,,,,,,,,,,,,,,,,,,,,,,,,,,,,,,,,,,,,,,,,,,,,,,,,,,,,,,,,,,,,,,,,,,,,,,,,,,,,,,,,,,,,,,,,,,,,,,,,,,,,,,,,,,,,,,,,,,,,,,,,,,,,,,,,,,,,train
616,jump_jacks,stu4_16.mp4,34.0,99.0,129.0,129.0,157.0,157.0,177.0,177.0,203.0,203.0,229.0,229.0,252.0,252.0,278.0,278.0,303.0,303.0,329.0,329.0,353.0,353.0,377.0,377.0,404.0,699.0,727.0,727.0,750.0,750.0,777.0,778.0,800.0,801.0,826.0,826.0,853.0,853.0,879.0,879.0,900.0,901.0,927.0,927.0,954.0,954.0,980.0,981.0,1004.0,1324.0,1351.0,1351.0,1378.0,1378.0,1404.0,1404.0,1428.0,1429.0,1456.0,1457.0,1479.0,1479.0,1505.0,1506.0,1531.0,1531.0,1554.0,1554.0,1579.0,,,,,,,,,,,,,,,,,,,,,,,,,,,,,,,,,,,,,,,,,,,,,,,,,,,,,,,,,,,,,,,,,,,,,,,,,,,,,,,,,,,,,,,,,,,,,,,,,,,,,,,,,,,,,,,,,,,,,,,,,,,,,,,,,,,,,train
617,push_up,stu7_50.mp4,46.0,381.0,412.0,412.0,435.0,435.0,457.0,457.0,476.0,476.0,496.0,497.0,514.0,515.0,534.0,536.0,554.0,555.0,573.0,574.0,592.0,593.0,611.0,612.0,631.0,632.0,651.0,653.0,670.0,671.0,688.0,689.0,709.0,710.0,727.0,727.0,746.0,747.0,767.0,768.0,786.0,787.0,805.0,805.0,824.0,825.0,843.0,843.0,863.0,864.0,882.0,882.0,901.0,901.0,918.0,918.0,939.0,940.0,957.0,958.0,977.0,977.0,996.0,998.0,1016.0,1017.0,1036.0,1036.0,1054.0,1054.0,1073.0,1074.0,1093.0,1093.0,1113.0,1114.0,1131.0,1133.0,1153.0,1154.0,1171.0,1172.0,1192.0,1192.0,1210.0,1210.0,1229.0,1230.0,1251.0,1251.0,1271.0,1272.0,1290.0,,,,,,,,,,,,,,,,,,,,,,,,,,,,,,,,,,,,,,,,,,,,,,,,,,,,,,,,,,,,,,,,,,,,,,,,,,,,,,,,,,,,,,,,,,,,,,,,,,,,,,,,,,,,,train
618,push_up,stu8_48.mp4,5.0,55.0,260.0,260.0,403.0,403.0,722.0,722.0,1042.0,1042.0,1360.0,,,,,,,,,,,,,,,,,,,,,,,,,,,,,,,,,,,,,,,,,,,,,,,,,,,,,,,,,,,,,,,,,,,,,,,,,,,,,,,,,,,,,,,,,,,,,,,,,,,,,,,,,,,,,,,,,,,,,,,,,,,,,,,,,,,,,,,,,,,,,,,,,,,,,,,,,,,,,,,,,,,,,,,,,,,,,,,,,,,,,,,,,,,,,,,train
619,push_up,stu3_51.mp4,27.0,7.0,39.0,39.0,68.0,68.0,101.0,101.0,137.0,137.0,185.0,263.0,327.0,327.0,366.0,366.0,425.0,425.0,526.0,526.0,577.0,577.0,630.0,630.0,673.0,673.0,707.0,707.0,745.0,745.0,782.0,782.0,823.0,870.0,910.0,910.0,948.0,948.0,986.0,986.0,1024.0,1024.0,1079.0,1151.0,1215.0,1215.0,1248.0,1248.0,1282.0,1282.0,1319.0,1319.0,1352.0,1352.0,1385.0,,,,,,,,,,,,,,,,,,,,,,,,,,,,,,,,,,,,,,,,,,,,,,,,,,,,,,,,,,,,,,,,,,,,,,,,,,,,,,,,,,,,,,,,,,,,,,,,,,,,,,,,,,,,,,,,,,,,,,,,,,,,,,,,,,,,,,,,,,,,,,,,,,,train
620,pull_up,stu7_44.mp4,10.0,39.0,86.0,86.0,124.0,124.0,158.0,158.0,196.0,196.0,238.0,238.0,276.0,277.0,317.0,317.0,357.0,357.0,399.0,399.0,468.0,,,,,,,,,,,,,,,,,,,,,,,,,,,,,,,,,,,,,,,,,,,,,,,,,,,,,,,,,,,,,,,,,,,,,,,,,,,,,,,,,,,,,,,,,,,,,,,,,,,,,,,,,,,,,,,,,,,,,,,,,,,,,,,,,,,,,,,,,,,,,,,,,,,,,,,,,,,,,,,,,,,,,,,,,,,,,,,,,,,,,train
621,front_raise,stu8_19.mp4,9.0,45.0,86.0,86.0,120.0,120.0,154.0,154.0,187.0,187.0,224.0,224.0,256.0,256.0,291.0,291.0,322.0,322.0,351.0,,,,,,,,,,,,,,,,,,,,,,,,,,,,,,,,,,,,,,,,,,,,,,,,,,,,,,,,,,,,,,,,,,,,,,,,,,,,,,,,,,,,,,,,,,,,,,,,,,,,,,,,,,,,,,,,,,,,,,,,,,,,,,,,,,,,,,,,,,,,,,,,,,,,,,,,,,,,,,,,,,,,,,,,,,,,,,,,,,,,,,,train
622,squat,stu5_67.mp4,16.0,194.0,240.0,240.0,282.0,282.0,329.0,329.0,377.0,377.0,424.0,424.0,477.0,478.0,523.0,523.0,570.0,570.0,617.0,617.0,668.0,738.0,780.0,780.0,827.0,827.0,875.0,875.0,921.0,921.0,966.0,966.0,1014.0,,,,,,,,,,,,,,,,,,,,,,,,,,,,,,,,,,,,,,,,,,,,,,,,,,,,,,,,,,,,,,,,,,,,,,,,,,,,,,,,,,,,,,,,,,,,,,,,,,,,,,,,,,,,,,,,,,,,,,,,,,,,,,,,,,,,,,,,,,,,,,,,,,,,,,,,,,,,,,,,,,,,,,,,,train
623,jump_jacks,stu7_32.mp4,10.0,0.0,25.0,25.0,64.0,647.0,676.0,676.0,705.0,706.0,734.0,1106.0,1136.0,1136.0,1164.0,1164.0,1193.0,1193.0,1221.0,1221.0,1255.0,,,,,,,,,,,,,,,,,,,,,,,,,,,,,,,,,,,,,,,,,,,,,,,,,,,,,,,,,,,,,,,,,,,,,,,,,,,,,,,,,,,,,,,,,,,,,,,,,,,,,,,,,,,,,,,,,,,,,,,,,,,,,,,,,,,,,,,,,,,,,,,,,,,,,,,,,,,,,,,,,,,,,,,,,,,,,,,,,,,,,train
624,push_up,stu6_37.mp4,3.0,278.0,384.0,463.0,542.0,772.0,883.0,,,,,,,,,,,,,,,,,,,,,,,,,,,,,,,,,,,,,,,,,,,,,,,,,,,,,,,,,,,,,,,,,,,,,,,,,,,,,,,,,,,,,,,,,,,,,,,,,,,,,,,,,,,,,,,,,,,,,,,,,,,,,,,,,,,,,,,,,,,,,,,,,,,,,,,,,,,,,,,,,,,,,,,,,,,,,,,,,,,,,,,,,,,,,,,,,,,train
625,squat,test2331.mp4,2.0,1.0,73.0,73.0,179.0,,,,,,,,,,,,,,,,,,,,,,,,,,,,,,,,,,,,,,,,,,,,,,,,,,,,,,,,,,,,,,,,,,,,,,,,,,,,,,,,,,,,,,,,,,,,,,,,,,,,,,,,,,,,,,,,,,,,,,,,,,,,,,,,,,,,,,,,,,,,,,,,,,,,,,,,,,,,,,,,,,,,,,,,,,,,,,,,,,,,,,,,,,,,,,,,,,,,,train
626,bench_pressing,stu7_5.mp4,10.0,25.0,146.0,146.0,262.0,273.0,380.0,386.0,550.0,550.0,657.0,1090.0,1278.0,1283.0,1405.0,1407.0,1538.0,1539.0,1661.0,1667.0,1778.0,,,,,,,,,,,,,,,,,,,,,,,,,,,,,,,,,,,,,,,,,,,,,,,,,,,,,,,,,,,,,,,,,,,,,,,,,,,,,,,,,,,,,,,,,,,,,,,,,,,,,,,,,,,,,,,,,,,,,,,,,,,,,,,,,,,,,,,,,,,,,,,,,,,,,,,,,,,,,,,,,,,,,,,,,,,,,,,,,,,,,train
627,bench_pressing,stu7_9.mp4,10.0,76.0,167.0,167.0,227.0,227.0,292.0,293.0,355.0,355.0,420.0,420.0,484.0,1462.0,1553.0,1555.0,1637.0,1638.0,1717.0,1719.0,1797.0,,,,,,,,,,,,,,,,,,,,,,,,,,,,,,,,,,,,,,,,,,,,,,,,,,,,,,,,,,,,,,,,,,,,,,,,,,,,,,,,,,,,,,,,,,,,,,,,,,,,,,,,,,,,,,,,,,,,,,,,,,,,,,,,,,,,,,,,,,,,,,,,,,,,,,,,,,,,,,,,,,,,,,,,,,,,,,,,,,,,,train
628,push_up,stu1_48.mp4,111.0,80.0,93.0,93.0,105.0,105.0,114.0,114.0,124.0,124.0,134.0,134.0,145.0,145.0,157.0,157.0,167.0,167.0,176.0,176.0,186.0,186.0,201.0,201.0,213.0,213.0,223.0,223.0,234.0,234.0,244.0,244.0,254.0,254.0,264.0,264.0,273.0,273.0,282.0,282.0,293.0,293.0,306.0,306.0,317.0,317.0,327.0,327.0,337.0,337.0,346.0,346.0,356.0,356.0,367.0,367.0,377.0,377.0,388.0,388.0,398.0,398.0,408.0,408.0,418.0,418.0,430.0,430.0,440.0,440.0,451.0,451.0,460.0,460.0,471.0,471.0,481.0,481.0,492.0,492.0,503.0,503.0,512.0,512.0,522.0,522.0,531.0,531.0,542.0,542.0,554.0,554.0,565.0,565.0,577.0,577.0,587.0,587.0,598.0,598.0,608.0,608.0,619.0,619.0,630.0,630.0,639.0,639.0,650.0,650.0,659.0,659.0,669.0,669.0,679.0,679.0,689.0,689.0,700.0,700.0,712.0,712.0,724.0,724.0,734.0,734.0,744.0,744.0,755.0,755.0,765.0,765.0,775.0,775.0,786.0,786.0,796.0,796.0,806.0,806.0,816.0,816.0,827.0,827.0,838.0,838.0,846.0,846.0,857.0,857.0,868.0,868.0,878.0,878.0,889.0,889.0,899.0,899.0,911.0,911.0,921.0,921.0,933.0,933.0,944.0,944.0,953.0,953.0,964.0,964.0,976.0,976.0,986.0,986.0,997.0,997.0,1008.0,1008.0,1018.0,1018.0,1028.0,1028.0,1039.0,1039.0,1048.0,1048.0,1058.0,1058.0,1070.0,1070.0,1082.0,1082.0,1095.0,1095.0,1105.0,1105.0,1116.0,1116.0,1125.0,1125.0,1135.0,train
629,push_up,stu4_49.mp4,8.0,228.0,294.0,296.0,369.0,380.0,450.0,464.0,531.0,543.0,617.0,636.0,704.0,722.0,791.0,809.0,879.0,,,,,,,,,,,,,,,,,,,,,,,,,,,,,,,,,,,,,,,,,,,,,,,,,,,,,,,,,,,,,,,,,,,,,,,,,,,,,,,,,,,,,,,,,,,,,,,,,,,,,,,,,,,,,,,,,,,,,,,,,,,,,,,,,,,,,,,,,,,,,,,,,,,,,,,,,,,,,,,,,,,,,,,,,,,,,,,,,,,,,,,,,train
631,jump_jacks,stu10_26.mp4,33.0,52.0,90.0,90.0,124.0,125.0,159.0,159.0,192.0,192.0,227.0,227.0,263.0,263.0,298.0,298.0,333.0,333.0,369.0,369.0,401.0,402.0,439.0,439.0,475.0,475.0,511.0,511.0,548.0,548.0,583.0,583.0,619.0,619.0,654.0,654.0,690.0,690.0,719.0,719.0,756.0,757.0,793.0,793.0,833.0,833.0,865.0,865.0,903.0,903.0,938.0,938.0,972.0,972.0,1008.0,1008.0,1043.0,1043.0,1078.0,1078.0,1114.0,1114.0,1149.0,1149.0,1183.0,1183.0,1218.0,,,,,,,,,,,,,,,,,,,,,,,,,,,,,,,,,,,,,,,,,,,,,,,,,,,,,,,,,,,,,,,,,,,,,,,,,,,,,,,,,,,,,,,,,,,,,,,,,,,,,,,,,,,,,,,,,,,,,,,,,,,,,,,,,,,,,,,train
632,pull_up,stu9_37.mp4,15.0,92.0,178.0,178.0,271.0,271.0,359.0,359.0,439.0,439.0,524.0,524.0,615.0,616.0,707.0,707.0,806.0,806.0,900.0,900.0,990.0,990.0,1072.0,1072.0,1155.0,1155.0,1233.0,1233.0,1324.0,1324.0,1437.0,,,,,,,,,,,,,,,,,,,,,,,,,,,,,,,,,,,,,,,,,,,,,,,,,,,,,,,,,,,,,,,,,,,,,,,,,,,,,,,,,,,,,,,,,,,,,,,,,,,,,,,,,,,,,,,,,,,,,,,,,,,,,,,,,,,,,,,,,,,,,,,,,,,,,,,,,,,,,,,,,,,,,,,,,,,train
633,bench_pressing,stu3_4.mp4,4.0,32.0,94.0,94.0,138.0,138.0,188.0,188.0,242.0,,,,,,,,,,,,,,,,,,,,,,,,,,,,,,,,,,,,,,,,,,,,,,,,,,,,,,,,,,,,,,,,,,,,,,,,,,,,,,,,,,,,,,,,,,,,,,,,,,,,,,,,,,,,,,,,,,,,,,,,,,,,,,,,,,,,,,,,,,,,,,,,,,,,,,,,,,,,,,,,,,,,,,,,,,,,,,,,,,,,,,,,,,,,,,,,,train
634,push_up,val914.mp4,2.0,0.0,22.0,23.0,46.0,,,,,,,,,,,,,,,,,,,,,,,,,,,,,,,,,,,,,,,,,,,,,,,,,,,,,,,,,,,,,,,,,,,,,,,,,,,,,,,,,,,,,,,,,,,,,,,,,,,,,,,,,,,,,,,,,,,,,,,,,,,,,,,,,,,,,,,,,,,,,,,,,,,,,,,,,,,,,,,,,,,,,,,,,,,,,,,,,,,,,,,,,,,,,,,,,,,,,train
635,squat,stu6_66.mp4,21.0,112.0,201.0,206.0,265.0,269.0,315.0,317.0,359.0,360.0,411.0,413.0,467.0,468.0,514.0,514.0,557.0,560.0,608.0,611.0,664.0,750.0,818.0,826.0,899.0,904.0,974.0,979.0,1045.0,1049.0,1108.0,1110.0,1176.0,1178.0,1238.0,1240.0,1309.0,1314.0,1384.0,1385.0,1447.0,1449.0,1512.0,,,,,,,,,,,,,,,,,,,,,,,,,,,,,,,,,,,,,,,,,,,,,,,,,,,,,,,,,,,,,,,,,,,,,,,,,,,,,,,,,,,,,,,,,,,,,,,,,,,,,,,,,,,,,,,,,,,,,,,,,,,,,,,,,,,,,,,,,,,,,,,,,,,,,,,,,,,,,,,train
636,jump_jacks,stu3_19.mp4,5.0,1.0,111.0,111.0,224.0,224.0,337.0,337.0,451.0,451.0,559.0,,,,,,,,,,,,,,,,,,,,,,,,,,,,,,,,,,,,,,,,,,,,,,,,,,,,,,,,,,,,,,,,,,,,,,,,,,,,,,,,,,,,,,,,,,,,,,,,,,,,,,,,,,,,,,,,,,,,,,,,,,,,,,,,,,,,,,,,,,,,,,,,,,,,,,,,,,,,,,,,,,,,,,,,,,,,,,,,,,,,,,,,,,,,,,,train
637,bench_pressing,test142.mp4,2.0,5.0,93.0,93.0,243.0,,,,,,,,,,,,,,,,,,,,,,,,,,,,,,,,,,,,,,,,,,,,,,,,,,,,,,,,,,,,,,,,,,,,,,,,,,,,,,,,,,,,,,,,,,,,,,,,,,,,,,,,,,,,,,,,,,,,,,,,,,,,,,,,,,,,,,,,,,,,,,,,,,,,,,,,,,,,,,,,,,,,,,,,,,,,,,,,,,,,,,,,,,,,,,,,,,,,,train
638,pull_up,stu6_31.mp4,20.0,30.0,65.0,65.0,95.0,95.0,123.0,123.0,158.0,159.0,186.0,186.0,217.0,218.0,252.0,252.0,283.0,283.0,314.0,315.0,343.0,343.0,374.0,374.0,406.0,406.0,436.0,436.0,473.0,474.0,503.0,503.0,536.0,536.0,568.0,568.0,600.0,600.0,636.0,636.0,672.0,,,,,,,,,,,,,,,,,,,,,,,,,,,,,,,,,,,,,,,,,,,,,,,,,,,,,,,,,,,,,,,,,,,,,,,,,,,,,,,,,,,,,,,,,,,,,,,,,,,,,,,,,,,,,,,,,,,,,,,,,,,,,,,,,,,,,,,,,,,,,,,,,,,,,,,,,,,,,,,,,train
639,front_raise,stu9_15.mp4,3.0,0.0,184.0,184.0,362.0,363.0,529.0,,,,,,,,,,,,,,,,,,,,,,,,,,,,,,,,,,,,,,,,,,,,,,,,,,,,,,,,,,,,,,,,,,,,,,,,,,,,,,,,,,,,,,,,,,,,,,,,,,,,,,,,,,,,,,,,,,,,,,,,,,,,,,,,,,,,,,,,,,,,,,,,,,,,,,,,,,,,,,,,,,,,,,,,,,,,,,,,,,,,,,,,,,,,,,,,,,,train
640,front_raise,test587.mp4,3.0,7.0,115.0,115.0,217.0,217.0,299.0,,,,,,,,,,,,,,,,,,,,,,,,,,,,,,,,,,,,,,,,,,,,,,,,,,,,,,,,,,,,,,,,,,,,,,,,,,,,,,,,,,,,,,,,,,,,,,,,,,,,,,,,,,,,,,,,,,,,,,,,,,,,,,,,,,,,,,,,,,,,,,,,,,,,,,,,,,,,,,,,,,,,,,,,,,,,,,,,,,,,,,,,,,,,,,,,,,,train
641,bench_pressing,train168.mp4,4.0,14.0,37.0,37.0,61.0,61.0,89.0,89.0,124.0,,,,,,,,,,,,,,,,,,,,,,,,,,,,,,,,,,,,,,,,,,,,,,,,,,,,,,,,,,,,,,,,,,,,,,,,,,,,,,,,,,,,,,,,,,,,,,,,,,,,,,,,,,,,,,,,,,,,,,,,,,,,,,,,,,,,,,,,,,,,,,,,,,,,,,,,,,,,,,,,,,,,,,,,,,,,,,,,,,,,,,,,,,,,,,,,,train
642,bench_pressing,stu7_12.mp4,15.0,30.0,100.0,102.0,161.0,164.0,231.0,232.0,289.0,292.0,365.0,530.0,598.0,599.0,647.0,647.0,696.0,697.0,761.0,762.0,812.0,943.0,1015.0,1016.0,1064.0,1064.0,1109.0,1172.0,1232.0,1234.0,1305.0,,,,,,,,,,,,,,,,,,,,,,,,,,,,,,,,,,,,,,,,,,,,,,,,,,,,,,,,,,,,,,,,,,,,,,,,,,,,,,,,,,,,,,,,,,,,,,,,,,,,,,,,,,,,,,,,,,,,,,,,,,,,,,,,,,,,,,,,,,,,,,,,,,,,,,,,,,,,,,,,,,,,,,,,,,,train
643,battle_rope,stu4_1.mp4,14.0,41.0,51.0,55.0,66.0,71.0,82.0,84.0,96.0,100.0,112.0,115.0,127.0,131.0,142.0,145.0,156.0,159.0,171.0,179.0,191.0,192.0,201.0,201.0,213.0,214.0,226.0,226.0,237.0,,,,,,,,,,,,,,,,,,,,,,,,,,,,,,,,,,,,,,,,,,,,,,,,,,,,,,,,,,,,,,,,,,,,,,,,,,,,,,,,,,,,,,,,,,,,,,,,,,,,,,,,,,,,,,,,,,,,,,,,,,,,,,,,,,,,,,,,,,,,,,,,,,,,,,,,,,,,,,,,,,,,,,,,,,,,,train
644,jump_jacks,train1604.mp4,10.0,2.0,17.0,18.0,41.0,42.0,64.0,65.0,87.0,87.0,110.0,111.0,134.0,134.0,157.0,158.0,180.0,182.0,202.0,205.0,226.0,,,,,,,,,,,,,,,,,,,,,,,,,,,,,,,,,,,,,,,,,,,,,,,,,,,,,,,,,,,,,,,,,,,,,,,,,,,,,,,,,,,,,,,,,,,,,,,,,,,,,,,,,,,,,,,,,,,,,,,,,,,,,,,,,,,,,,,,,,,,,,,,,,,,,,,,,,,,,,,,,,,,,,,,,,,,,,,,,,,,,train
645,jump_jacks,stu10_29.mp4,34.0,9.0,41.0,41.0,74.0,74.0,108.0,108.0,138.0,138.0,170.0,170.0,203.0,203.0,236.0,236.0,268.0,268.0,301.0,301.0,333.0,333.0,367.0,367.0,400.0,400.0,433.0,434.0,466.0,466.0,502.0,502.0,534.0,534.0,568.0,568.0,602.0,602.0,635.0,635.0,668.0,668.0,702.0,702.0,737.0,737.0,771.0,771.0,804.0,804.0,837.0,838.0,871.0,871.0,903.0,903.0,938.0,939.0,972.0,972.0,1006.0,1006.0,1040.0,1041.0,1073.0,1073.0,1107.0,1108.0,1142.0,,,,,,,,,,,,,,,,,,,,,,,,,,,,,,,,,,,,,,,,,,,,,,,,,,,,,,,,,,,,,,,,,,,,,,,,,,,,,,,,,,,,,,,,,,,,,,,,,,,,,,,,,,,,,,,,,,,,,,,,,,,,,,,,,,,,,train
646,front_raise,stu3_12.mp4,2.0,155.0,389.0,389.0,548.0,,,,,,,,,,,,,,,,,,,,,,,,,,,,,,,,,,,,,,,,,,,,,,,,,,,,,,,,,,,,,,,,,,,,,,,,,,,,,,,,,,,,,,,,,,,,,,,,,,,,,,,,,,,,,,,,,,,,,,,,,,,,,,,,,,,,,,,,,,,,,,,,,,,,,,,,,,,,,,,,,,,,,,,,,,,,,,,,,,,,,,,,,,,,,,,,,,,,,train
647,front_raise,stu4_8.mp4,3.0,40.0,134.0,137.0,271.0,304.0,424.0,,,,,,,,,,,,,,,,,,,,,,,,,,,,,,,,,,,,,,,,,,,,,,,,,,,,,,,,,,,,,,,,,,,,,,,,,,,,,,,,,,,,,,,,,,,,,,,,,,,,,,,,,,,,,,,,,,,,,,,,,,,,,,,,,,,,,,,,,,,,,,,,,,,,,,,,,,,,,,,,,,,,,,,,,,,,,,,,,,,,,,,,,,,,,,,,,,,train
648,squat,stu10_68.mp4,20.0,121.0,208.0,208.0,273.0,273.0,342.0,343.0,419.0,419.0,491.0,492.0,568.0,569.0,642.0,643.0,709.0,709.0,779.0,779.0,856.0,856.0,930.0,930.0,1018.0,1019.0,1100.0,1100.0,1176.0,1176.0,1250.0,1250.0,1332.0,1332.0,1406.0,1407.0,1478.0,1479.0,1549.0,1549.0,1632.0,,,,,,,,,,,,,,,,,,,,,,,,,,,,,,,,,,,,,,,,,,,,,,,,,,,,,,,,,,,,,,,,,,,,,,,,,,,,,,,,,,,,,,,,,,,,,,,,,,,,,,,,,,,,,,,,,,,,,,,,,,,,,,,,,,,,,,,,,,,,,,,,,,,,,,,,,,,,,,,,,train
649,jump_jacks,train1715.mp4,10.0,1.0,29.0,31.0,60.0,61.0,85.0,87.0,111.0,113.0,142.0,143.0,173.0,175.0,199.0,201.0,227.0,228.0,254.0,255.0,281.0,,,,,,,,,,,,,,,,,,,,,,,,,,,,,,,,,,,,,,,,,,,,,,,,,,,,,,,,,,,,,,,,,,,,,,,,,,,,,,,,,,,,,,,,,,,,,,,,,,,,,,,,,,,,,,,,,,,,,,,,,,,,,,,,,,,,,,,,,,,,,,,,,,,,,,,,,,,,,,,,,,,,,,,,,,,,,,,,,,,,,train
650,bench_pressing,stu9_11.mp4,15.0,368.0,430.0,431.0,474.0,474.0,525.0,525.0,583.0,583.0,640.0,814.0,871.0,871.0,923.0,924.0,971.0,971.0,1023.0,1023.0,1082.0,1335.0,1388.0,1388.0,1434.0,1434.0,1484.0,1484.0,1533.0,1533.0,1591.0,,,,,,,,,,,,,,,,,,,,,,,,,,,,,,,,,,,,,,,,,,,,,,,,,,,,,,,,,,,,,,,,,,,,,,,,,,,,,,,,,,,,,,,,,,,,,,,,,,,,,,,,,,,,,,,,,,,,,,,,,,,,,,,,,,,,,,,,,,,,,,,,,,,,,,,,,,,,,,,,,,,,,,,,,,,train
651,push_up,stu1_44.mp4,6.0,172.0,236.0,236.0,303.0,303.0,396.0,396.0,478.0,478.0,557.0,557.0,638.0,,,,,,,,,,,,,,,,,,,,,,,,,,,,,,,,,,,,,,,,,,,,,,,,,,,,,,,,,,,,,,,,,,,,,,,,,,,,,,,,,,,,,,,,,,,,,,,,,,,,,,,,,,,,,,,,,,,,,,,,,,,,,,,,,,,,,,,,,,,,,,,,,,,,,,,,,,,,,,,,,,,,,,,,,,,,,,,,,,,,,,,,,,,,,train
652,squat,stu9_66.mp4,35.0,9.0,55.0,55.0,103.0,103.0,150.0,150.0,197.0,197.0,248.0,248.0,297.0,297.0,342.0,342.0,391.0,391.0,442.0,442.0,492.0,492.0,537.0,537.0,586.0,586.0,636.0,636.0,682.0,682.0,733.0,733.0,781.0,781.0,835.0,835.0,885.0,886.0,938.0,938.0,989.0,989.0,1036.0,1036.0,1089.0,1089.0,1144.0,1144.0,1196.0,1196.0,1247.0,1247.0,1303.0,1303.0,1356.0,1356.0,1404.0,1404.0,1460.0,1460.0,1513.0,1513.0,1565.0,1565.0,1617.0,1617.0,1668.0,1668.0,1720.0,1720.0,1777.0,,,,,,,,,,,,,,,,,,,,,,,,,,,,,,,,,,,,,,,,,,,,,,,,,,,,,,,,,,,,,,,,,,,,,,,,,,,,,,,,,,,,,,,,,,,,,,,,,,,,,,,,,,,,,,,,,,,,,,,,,,,,,,,,,,,train
653,squat,train3912.mp4,4.0,5.0,87.0,87.0,137.0,137.0,202.0,203.0,249.0,,,,,,,,,,,,,,,,,,,,,,,,,,,,,,,,,,,,,,,,,,,,,,,,,,,,,,,,,,,,,,,,,,,,,,,,,,,,,,,,,,,,,,,,,,,,,,,,,,,,,,,,,,,,,,,,,,,,,,,,,,,,,,,,,,,,,,,,,,,,,,,,,,,,,,,,,,,,,,,,,,,,,,,,,,,,,,,,,,,,,,,,,,,,,,,,,train
654,push_up,stu6_40.mp4,8.0,59.0,151.0,155.0,262.0,265.0,364.0,364.0,463.0,891.0,978.0,981.0,1085.0,1092.0,1187.0,1196.0,1300.0,,,,,,,,,,,,,,,,,,,,,,,,,,,,,,,,,,,,,,,,,,,,,,,,,,,,,,,,,,,,,,,,,,,,,,,,,,,,,,,,,,,,,,,,,,,,,,,,,,,,,,,,,,,,,,,,,,,,,,,,,,,,,,,,,,,,,,,,,,,,,,,,,,,,,,,,,,,,,,,,,,,,,,,,,,,,,,,,,,,,,,,,,train
655,squat,test2298.mp4,2.0,22.0,94.0,149.0,220.0,,,,,,,,,,,,,,,,,,,,,,,,,,,,,,,,,,,,,,,,,,,,,,,,,,,,,,,,,,,,,,,,,,,,,,,,,,,,,,,,,,,,,,,,,,,,,,,,,,,,,,,,,,,,,,,,,,,,,,,,,,,,,,,,,,,,,,,,,,,,,,,,,,,,,,,,,,,,,,,,,,,,,,,,,,,,,,,,,,,,,,,,,,,,,,,,,,,,,train
656,battle_rope,stu3_0.mp4,12.0,86.0,125.0,126.0,147.0,147.0,169.0,169.0,190.0,190.0,211.0,211.0,230.0,230.0,251.0,251.0,270.0,270.0,289.0,290.0,309.0,309.0,329.0,329.0,348.0,,,,,,,,,,,,,,,,,,,,,,,,,,,,,,,,,,,,,,,,,,,,,,,,,,,,,,,,,,,,,,,,,,,,,,,,,,,,,,,,,,,,,,,,,,,,,,,,,,,,,,,,,,,,,,,,,,,,,,,,,,,,,,,,,,,,,,,,,,,,,,,,,,,,,,,,,,,,,,,,,,,,,,,,,,,,,,,,,train
659,rowing_erg,stu11_10.mp4,4.0,69.0,139.0,139.0,193.0,193.0,243.0,243.0,298.0,,,,,,,,,,,,,,,,,,,,,,,,,,,,,,,,,,,,,,,,,,,,,,,,,,,,,,,,,,,,,,,,,,,,,,,,,,,,,,,,,,,,,,,,,,,,,,,,,,,,,,,,,,,,,,,,,,,,,,,,,,,,,,,,,,,,,,,,,,,,,,,,,,,,,,,,,,,,,,,,,,,,,,,,,,,,,,,,,,,,,,,,,,,,,,,,,train
660,rowing_erg,stu11_11.mp4,12.0,106.0,193.0,193.0,288.0,288.0,381.0,381.0,472.0,472.0,568.0,568.0,655.0,655.0,747.0,770.0,856.0,856.0,941.0,941.0,1031.0,1031.0,1121.0,1121.0,1199.0,,,,,,,,,,,,,,,,,,,,,,,,,,,,,,,,,,,,,,,,,,,,,,,,,,,,,,,,,,,,,,,,,,,,,,,,,,,,,,,,,,,,,,,,,,,,,,,,,,,,,,,,,,,,,,,,,,,,,,,,,,,,,,,,,,,,,,,,,,,,,,,,,,,,,,,,,,,,,,,,,,,,,,,,,,,,,,,,,train
661,rowing_erg,stu11_12.mp4,5.0,23.0,101.0,101.0,192.0,192.0,281.0,281.0,364.0,364.0,448.0,,,,,,,,,,,,,,,,,,,,,,,,,,,,,,,,,,,,,,,,,,,,,,,,,,,,,,,,,,,,,,,,,,,,,,,,,,,,,,,,,,,,,,,,,,,,,,,,,,,,,,,,,,,,,,,,,,,,,,,,,,,,,,,,,,,,,,,,,,,,,,,,,,,,,,,,,,,,,,,,,,,,,,,,,,,,,,,,,,,,,,,,,,,,,,,train
662,rowing_erg,stu11_13.mp4,42.0,72.0,121.0,121.0,159.0,159.0,196.0,196.0,234.0,234.0,275.0,275.0,313.0,313.0,354.0,354.0,395.0,395.0,436.0,436.0,478.0,478.0,520.0,520.0,562.0,562.0,599.0,599.0,643.0,643.0,683.0,683.0,727.0,727.0,767.0,767.0,809.0,809.0,850.0,850.0,892.0,892.0,932.0,932.0,972.0,972.0,1014.0,1014.0,1055.0,1055.0,1094.0,1094.0,1135.0,1135.0,1176.0,1176.0,1215.0,1215.0,1254.0,1254.0,1292.0,1292.0,1333.0,1333.0,1374.0,1374.0,1413.0,1413.0,1451.0,1451.0,1488.0,1488.0,1528.0,1528.0,1567.0,1567.0,1606.0,1606.0,1643.0,1643.0,1682.0,1682.0,1720.0,1720.0,1763.0,,,,,,,,,,,,,,,,,,,,,,,,,,,,,,,,,,,,,,,,,,,,,,,,,,,,,,,,,,,,,,,,,,,,,,,,,,,,,,,,,,,,,,,,,,,,,,,,,,,,,,,,,,,,,,,,,,,,,train
663,pommelhorse,stu11_14.mp4,27.0,27.0,51.0,51.0,72.0,72.0,96.0,96.0,121.0,121.0,143.0,143.0,166.0,166.0,188.0,188.0,212.0,212.0,236.0,236.0,261.0,261.0,284.0,284.0,305.0,305.0,327.0,327.0,350.0,350.0,375.0,375.0,398.0,398.0,421.0,421.0,445.0,445.0,469.0,469.0,493.0,493.0,521.0,521.0,546.0,546.0,572.0,572.0,597.0,597.0,626.0,626.0,652.0,652.0,679.0,,,,,,,,,,,,,,,,,,,,,,,,,,,,,,,,,,,,,,,,,,,,,,,,,,,,,,,,,,,,,,,,,,,,,,,,,,,,,,,,,,,,,,,,,,,,,,,,,,,,,,,,,,,,,,,,,,,,,,,,,,,,,,,,,,,,,,,,,,,,,,,,,,,train
664,pommelhorse,stu11_15.mp4,18.0,19.0,48.0,48.0,72.0,72.0,101.0,101.0,129.0,129.0,156.0,156.0,183.0,183.0,209.0,209.0,235.0,235.0,264.0,264.0,292.0,300.0,332.0,332.0,370.0,370.0,403.0,403.0,434.0,434.0,467.0,467.0,503.0,503.0,535.0,535.0,561.0,,,,,,,,,,,,,,,,,,,,,,,,,,,,,,,,,,,,,,,,,,,,,,,,,,,,,,,,,,,,,,,,,,,,,,,,,,,,,,,,,,,,,,,,,,,,,,,,,,,,,,,,,,,,,,,,,,,,,,,,,,,,,,,,,,,,,,,,,,,,,,,,,,,,,,,,,,,,,,,,,,,,,train
665,pommelhorse,stu11_16.mp4,16.0,48.0,75.0,75.0,103.0,103.0,128.0,128.0,156.0,279.0,313.0,313.0,339.0,339.0,372.0,372.0,395.0,395.0,432.0,432.0,463.0,463.0,494.0,494.0,525.0,525.0,559.0,559.0,595.0,595.0,631.0,631.0,665.0,,,,,,,,,,,,,,,,,,,,,,,,,,,,,,,,,,,,,,,,,,,,,,,,,,,,,,,,,,,,,,,,,,,,,,,,,,,,,,,,,,,,,,,,,,,,,,,,,,,,,,,,,,,,,,,,,,,,,,,,,,,,,,,,,,,,,,,,,,,,,,,,,,,,,,,,,,,,,,,,,,,,,,,,,train
666,pommelhorse,stu11_17.mp4,20.0,25.0,54.0,54.0,85.0,85.0,113.0,113.0,141.0,141.0,166.0,166.0,197.0,197.0,222.0,222.0,250.0,250.0,281.0,281.0,308.0,308.0,344.0,344.0,374.0,374.0,403.0,403.0,430.0,430.0,459.0,459.0,500.0,500.0,530.0,530.0,559.0,559.0,587.0,587.0,617.0,,,,,,,,,,,,,,,,,,,,,,,,,,,,,,,,,,,,,,,,,,,,,,,,,,,,,,,,,,,,,,,,,,,,,,,,,,,,,,,,,,,,,,,,,,,,,,,,,,,,,,,,,,,,,,,,,,,,,,,,,,,,,,,,,,,,,,,,,,,,,,,,,,,,,,,,,,,,,,,,,train
667,pommelhorse,stu11_18.mp4,21.0,2.0,30.0,30.0,57.0,57.0,85.0,85.0,111.0,111.0,140.0,140.0,170.0,170.0,199.0,199.0,231.0,231.0,259.0,259.0,290.0,290.0,318.0,334.0,359.0,359.0,387.0,387.0,416.0,416.0,442.0,442.0,469.0,469.0,494.0,494.0,523.0,523.0,554.0,554.0,584.0,584.0,615.0,,,,,,,,,,,,,,,,,,,,,,,,,,,,,,,,,,,,,,,,,,,,,,,,,,,,,,,,,,,,,,,,,,,,,,,,,,,,,,,,,,,,,,,,,,,,,,,,,,,,,,,,,,,,,,,,,,,,,,,,,,,,,,,,,,,,,,,,,,,,,,,,,,,,,,,,,,,,,,,train
668,pommelhorse,stu11_19.mp4,15.0,40.0,68.0,68.0,97.0,97.0,127.0,127.0,155.0,155.0,183.0,183.0,210.0,210.0,235.0,235.0,264.0,264.0,292.0,292.0,320.0,320.0,349.0,349.0,378.0,378.0,409.0,409.0,437.0,437.0,466.0,,,,,,,,,,,,,,,,,,,,,,,,,,,,,,,,,,,,,,,,,,,,,,,,,,,,,,,,,,,,,,,,,,,,,,,,,,,,,,,,,,,,,,,,,,,,,,,,,,,,,,,,,,,,,,,,,,,,,,,,,,,,,,,,,,,,,,,,,,,,,,,,,,,,,,,,,,,,,,,,,,,,,,,,,,,train
670,pommelhorse,stu11_20.mp4,16.0,0.0,32.0,32.0,63.0,63.0,90.0,90.0,114.0,114.0,142.0,142.0,171.0,292.0,324.0,324.0,355.0,355.0,383.0,383.0,413.0,413.0,445.0,445.0,476.0,476.0,511.0,511.0,546.0,546.0,575.0,575.0,600.0,,,,,,,,,,,,,,,,,,,,,,,,,,,,,,,,,,,,,,,,,,,,,,,,,,,,,,,,,,,,,,,,,,,,,,,,,,,,,,,,,,,,,,,,,,,,,,,,,,,,,,,,,,,,,,,,,,,,,,,,,,,,,,,,,,,,,,,,,,,,,,,,,,,,,,,,,,,,,,,,,,,,,,,,,train
671,pommelhorse,stu11_21.mp4,18.0,23.0,47.0,47.0,72.0,72.0,99.0,99.0,124.0,124.0,150.0,150.0,177.0,177.0,202.0,202.0,230.0,230.0,259.0,259.0,286.0,286.0,311.0,311.0,338.0,338.0,364.0,364.0,389.0,389.0,415.0,415.0,442.0,442.0,469.0,469.0,495.0,,,,,,,,,,,,,,,,,,,,,,,,,,,,,,,,,,,,,,,,,,,,,,,,,,,,,,,,,,,,,,,,,,,,,,,,,,,,,,,,,,,,,,,,,,,,,,,,,,,,,,,,,,,,,,,,,,,,,,,,,,,,,,,,,,,,,,,,,,,,,,,,,,,,,,,,,,,,,,,,,,,,,train
672,pommelhorse,stu11_22.mp4,23.0,16.0,45.0,45.0,75.0,75.0,105.0,141.0,175.0,175.0,211.0,211.0,245.0,245.0,280.0,280.0,315.0,315.0,353.0,353.0,388.0,388.0,417.0,417.0,446.0,446.0,467.0,467.0,496.0,496.0,527.0,527.0,559.0,559.0,590.0,590.0,616.0,616.0,644.0,644.0,675.0,675.0,709.0,709.0,735.0,735.0,764.0,,,,,,,,,,,,,,,,,,,,,,,,,,,,,,,,,,,,,,,,,,,,,,,,,,,,,,,,,,,,,,,,,,,,,,,,,,,,,,,,,,,,,,,,,,,,,,,,,,,,,,,,,,,,,,,,,,,,,,,,,,,,,,,,,,,,,,,,,,,,,,,,,,,,,,,,,,,train
673,pommelhorse,stu11_23.mp4,32.0,14.0,35.0,35.0,56.0,56.0,78.0,78.0,99.0,99.0,121.0,121.0,147.0,147.0,170.0,170.0,192.0,192.0,214.0,214.0,236.0,236.0,261.0,261.0,283.0,283.0,304.0,304.0,329.0,329.0,351.0,351.0,371.0,371.0,393.0,393.0,415.0,415.0,437.0,437.0,461.0,461.0,486.0,486.0,510.0,510.0,532.0,532.0,553.0,553.0,576.0,576.0,598.0,598.0,618.0,618.0,640.0,640.0,663.0,663.0,685.0,685.0,707.0,707.0,733.0,,,,,,,,,,,,,,,,,,,,,,,,,,,,,,,,,,,,,,,,,,,,,,,,,,,,,,,,,,,,,,,,,,,,,,,,,,,,,,,,,,,,,,,,,,,,,,,,,,,,,,,,,,,,,,,,,,,,,,,,,,,,,,,,,,,,,,,,,train
674,pommelhorse,stu11_24.mp4,40.0,0.0,25.0,25.0,44.0,44.0,70.0,70.0,95.0,95.0,121.0,121.0,147.0,147.0,169.0,169.0,192.0,192.0,216.0,216.0,241.0,241.0,263.0,263.0,287.0,287.0,310.0,310.0,334.0,334.0,357.0,357.0,381.0,381.0,404.0,404.0,426.0,426.0,449.0,449.0,475.0,475.0,498.0,498.0,521.0,521.0,547.0,547.0,576.0,576.0,599.0,599.0,620.0,620.0,643.0,643.0,664.0,664.0,687.0,687.0,711.0,711.0,737.0,737.0,762.0,762.0,784.0,784.0,808.0,808.0,829.0,829.0,855.0,855.0,879.0,879.0,905.0,905.0,930.0,930.0,956.0,,,,,,,,,,,,,,,,,,,,,,,,,,,,,,,,,,,,,,,,,,,,,,,,,,,,,,,,,,,,,,,,,,,,,,,,,,,,,,,,,,,,,,,,,,,,,,,,,,,,,,,,,,,,,,,,,,,,,,,,,train
675,pommelhorse,stu11_25.mp4,39.0,0.0,25.0,25.0,54.0,54.0,83.0,83.0,113.0,113.0,144.0,144.0,175.0,175.0,203.0,203.0,230.0,230.0,256.0,256.0,285.0,285.0,313.0,313.0,339.0,339.0,367.0,367.0,397.0,397.0,427.0,427.0,457.0,457.0,483.0,483.0,510.0,510.0,537.0,537.0,570.0,570.0,597.0,597.0,624.0,624.0,651.0,651.0,680.0,680.0,709.0,709.0,735.0,735.0,763.0,763.0,789.0,789.0,814.0,814.0,842.0,842.0,871.0,871.0,903.0,903.0,935.0,935.0,970.0,970.0,1000.0,1000.0,1033.0,1033.0,1066.0,1066.0,1091.0,1091.0,1124.0,,,,,,,,,,,,,,,,,,,,,,,,,,,,,,,,,,,,,,,,,,,,,,,,,,,,,,,,,,,,,,,,,,,,,,,,,,,,,,,,,,,,,,,,,,,,,,,,,,,,,,,,,,,,,,,,,,,,,,,,,,,train
676,pommelhorse,stu11_26.mp4,32.0,33.0,56.0,56.0,79.0,79.0,104.0,104.0,126.0,126.0,151.0,151.0,173.0,173.0,197.0,197.0,222.0,222.0,247.0,247.0,276.0,276.0,301.0,301.0,325.0,325.0,349.0,349.0,375.0,375.0,403.0,403.0,429.0,429.0,456.0,456.0,481.0,481.0,504.0,504.0,526.0,526.0,550.0,550.0,572.0,572.0,598.0,598.0,623.0,623.0,649.0,649.0,673.0,673.0,698.0,698.0,726.0,726.0,754.0,754.0,780.0,780.0,805.0,805.0,830.0,,,,,,,,,,,,,,,,,,,,,,,,,,,,,,,,,,,,,,,,,,,,,,,,,,,,,,,,,,,,,,,,,,,,,,,,,,,,,,,,,,,,,,,,,,,,,,,,,,,,,,,,,,,,,,,,,,,,,,,,,,,,,,,,,,,,,,,,,train
677,pommelhorse,stu11_27.mp4,30.0,15.0,45.0,45.0,73.0,73.0,103.0,103.0,128.0,128.0,155.0,155.0,184.0,184.0,212.0,212.0,239.0,239.0,271.0,271.0,301.0,301.0,324.0,324.0,357.0,357.0,385.0,385.0,416.0,416.0,444.0,444.0,471.0,471.0,497.0,497.0,524.0,524.0,552.0,552.0,579.0,579.0,606.0,606.0,633.0,633.0,661.0,661.0,689.0,689.0,723.0,723.0,756.0,756.0,786.0,786.0,815.0,815.0,844.0,844.0,871.0,,,,,,,,,,,,,,,,,,,,,,,,,,,,,,,,,,,,,,,,,,,,,,,,,,,,,,,,,,,,,,,,,,,,,,,,,,,,,,,,,,,,,,,,,,,,,,,,,,,,,,,,,,,,,,,,,,,,,,,,,,,,,,,,,,,,,,,,,,,,,train
678,pommelhorse,stu11_28.mp4,22.0,0.0,25.0,25.0,48.0,48.0,71.0,71.0,94.0,94.0,116.0,116.0,139.0,139.0,163.0,163.0,185.0,185.0,208.0,208.0,233.0,233.0,253.0,253.0,277.0,277.0,300.0,300.0,324.0,324.0,347.0,347.0,370.0,370.0,394.0,394.0,418.0,418.0,443.0,443.0,466.0,466.0,489.0,489.0,514.0,,,,,,,,,,,,,,,,,,,,,,,,,,,,,,,,,,,,,,,,,,,,,,,,,,,,,,,,,,,,,,,,,,,,,,,,,,,,,,,,,,,,,,,,,,,,,,,,,,,,,,,,,,,,,,,,,,,,,,,,,,,,,,,,,,,,,,,,,,,,,,,,,,,,,,,,,,,,,train
679,pommelhorse,stu11_29.mp4,23.0,12.0,36.0,36.0,61.0,61.0,83.0,83.0,109.0,109.0,131.0,131.0,156.0,156.0,180.0,180.0,204.0,204.0,229.0,229.0,251.0,251.0,275.0,275.0,301.0,301.0,324.0,324.0,348.0,348.0,372.0,372.0,397.0,397.0,420.0,420.0,445.0,445.0,468.0,468.0,491.0,491.0,515.0,515.0,540.0,540.0,564.0,,,,,,,,,,,,,,,,,,,,,,,,,,,,,,,,,,,,,,,,,,,,,,,,,,,,,,,,,,,,,,,,,,,,,,,,,,,,,,,,,,,,,,,,,,,,,,,,,,,,,,,,,,,,,,,,,,,,,,,,,,,,,,,,,,,,,,,,,,,,,,,,,,,,,,,,,,,train
682,pommelhorse,stu11_40.mp4,32.0,32.0,54.0,54.0,78.0,78.0,101.0,101.0,124.0,124.0,151.0,151.0,175.0,175.0,199.0,199.0,223.0,223.0,247.0,247.0,271.0,271.0,294.0,294.0,316.0,316.0,340.0,340.0,362.0,362.0,387.0,387.0,411.0,411.0,435.0,435.0,459.0,459.0,482.0,482.0,507.0,507.0,532.0,532.0,554.0,554.0,578.0,578.0,602.0,602.0,625.0,625.0,648.0,648.0,670.0,670.0,693.0,693.0,716.0,716.0,739.0,739.0,764.0,764.0,787.0,,,,,,,,,,,,,,,,,,,,,,,,,,,,,,,,,,,,,,,,,,,,,,,,,,,,,,,,,,,,,,,,,,,,,,,,,,,,,,,,,,,,,,,,,,,,,,,,,,,,,,,,,,,,,,,,,,,,,,,,,,,,,,,,,,,,,,,,,train
683,pommelhorse,stu11_41.mp4,35.0,0.0,21.0,21.0,47.0,47.0,71.0,71.0,92.0,92.0,116.0,116.0,141.0,141.0,164.0,164.0,187.0,187.0,213.0,213.0,236.0,236.0,261.0,261.0,284.0,284.0,305.0,305.0,330.0,330.0,352.0,352.0,375.0,375.0,399.0,399.0,422.0,422.0,447.0,447.0,471.0,471.0,496.0,496.0,519.0,519.0,542.0,542.0,567.0,567.0,588.0,588.0,612.0,612.0,636.0,636.0,659.0,659.0,682.0,682.0,708.0,708.0,732.0,732.0,756.0,756.0,781.0,781.0,806.0,806.0,832.0,,,,,,,,,,,,,,,,,,,,,,,,,,,,,,,,,,,,,,,,,,,,,,,,,,,,,,,,,,,,,,,,,,,,,,,,,,,,,,,,,,,,,,,,,,,,,,,,,,,,,,,,,,,,,,,,,,,,,,,,,,,,,,,,,,,train
684,pommelhorse,stu11_42.mp4,31.0,28.0,50.0,50.0,72.0,72.0,95.0,95.0,117.0,117.0,141.0,141.0,165.0,165.0,190.0,190.0,214.0,214.0,237.0,237.0,262.0,262.0,289.0,289.0,313.0,313.0,334.0,334.0,360.0,360.0,384.0,384.0,407.0,407.0,433.0,433.0,456.0,456.0,482.0,482.0,509.0,509.0,531.0,531.0,553.0,553.0,578.0,578.0,601.0,601.0,624.0,624.0,646.0,646.0,669.0,669.0,692.0,692.0,715.0,715.0,739.0,739.0,763.0,,,,,,,,,,,,,,,,,,,,,,,,,,,,,,,,,,,,,,,,,,,,,,,,,,,,,,,,,,,,,,,,,,,,,,,,,,,,,,,,,,,,,,,,,,,,,,,,,,,,,,,,,,,,,,,,,,,,,,,,,,,,,,,,,,,,,,,,,,,train
685,pommelhorse,stu11_43.mp4,22.0,6.0,29.0,29.0,52.0,52.0,75.0,75.0,97.0,97.0,120.0,120.0,143.0,143.0,166.0,166.0,188.0,188.0,210.0,210.0,232.0,232.0,258.0,258.0,283.0,283.0,306.0,306.0,330.0,425.0,458.0,458.0,488.0,488.0,518.0,518.0,546.0,546.0,575.0,575.0,604.0,604.0,630.0,630.0,659.0,,,,,,,,,,,,,,,,,,,,,,,,,,,,,,,,,,,,,,,,,,,,,,,,,,,,,,,,,,,,,,,,,,,,,,,,,,,,,,,,,,,,,,,,,,,,,,,,,,,,,,,,,,,,,,,,,,,,,,,,,,,,,,,,,,,,,,,,,,,,,,,,,,,,,,,,,,,,,train
688,rowing_erg,stu11_7.mp4,32.0,21.0,91.0,91.0,128.0,128.0,169.0,169.0,210.0,210.0,257.0,257.0,304.0,304.0,350.0,350.0,397.0,397.0,442.0,442.0,489.0,489.0,535.0,535.0,585.0,585.0,634.0,634.0,675.0,675.0,723.0,723.0,771.0,771.0,825.0,825.0,870.0,870.0,918.0,918.0,968.0,968.0,1014.0,1014.0,1061.0,1061.0,1112.0,1112.0,1157.0,1157.0,1207.0,1207.0,1256.0,1256.0,1304.0,1304.0,1351.0,1351.0,1402.0,1402.0,1452.0,1452.0,1503.0,1503.0,1549.0,,,,,,,,,,,,,,,,,,,,,,,,,,,,,,,,,,,,,,,,,,,,,,,,,,,,,,,,,,,,,,,,,,,,,,,,,,,,,,,,,,,,,,,,,,,,,,,,,,,,,,,,,,,,,,,,,,,,,,,,,,,,,,,,,,,,,,,,,train
689,rowing_erg,stu11_8.mp4,3.0,35.0,662.0,662.0,1328.0,1328.0,1799.0,,,,,,,,,,,,,,,,,,,,,,,,,,,,,,,,,,,,,,,,,,,,,,,,,,,,,,,,,,,,,,,,,,,,,,,,,,,,,,,,,,,,,,,,,,,,,,,,,,,,,,,,,,,,,,,,,,,,,,,,,,,,,,,,,,,,,,,,,,,,,,,,,,,,,,,,,,,,,,,,,,,,,,,,,,,,,,,,,,,,,,,,,,,,,,,,,,,train
690,rowing_erg,stu11_9.mp4,10.0,112.0,206.0,206.0,287.0,287.0,363.0,363.0,445.0,445.0,523.0,523.0,605.0,605.0,685.0,685.0,763.0,763.0,839.0,839.0,910.0,,,,,,,,,,,,,,,,,,,,,,,,,,,,,,,,,,,,,,,,,,,,,,,,,,,,,,,,,,,,,,,,,,,,,,,,,,,,,,,,,,,,,,,,,,,,,,,,,,,,,,,,,,,,,,,,,,,,,,,,,,,,,,,,,,,,,,,,,,,,,,,,,,,,,,,,,,,,,,,,,,,,,,,,,,,,,,,,,,,,,train
691,rowing_erg,stu12_0.mp4,17.0,0.0,76.0,76.0,152.0,152.0,225.0,225.0,296.0,296.0,368.0,368.0,440.0,440.0,512.0,512.0,587.0,587.0,662.0,662.0,736.0,736.0,808.0,808.0,876.0,876.0,946.0,946.0,1018.0,1018.0,1093.0,1093.0,1171.0,1171.0,1247.0,,,,,,,,,,,,,,,,,,,,,,,,,,,,,,,,,,,,,,,,,,,,,,,,,,,,,,,,,,,,,,,,,,,,,,,,,,,,,,,,,,,,,,,,,,,,,,,,,,,,,,,,,,,,,,,,,,,,,,,,,,,,,,,,,,,,,,,,,,,,,,,,,,,,,,,,,,,,,,,,,,,,,,,train
694,pommelhorse,stu12_11.mp4,18.0,36.0,66.0,66.0,92.0,92.0,118.0,118.0,144.0,144.0,172.0,172.0,198.0,198.0,225.0,225.0,253.0,253.0,278.0,278.0,305.0,305.0,332.0,332.0,359.0,359.0,387.0,387.0,414.0,414.0,442.0,442.0,470.0,470.0,499.0,499.0,529.0,,,,,,,,,,,,,,,,,,,,,,,,,,,,,,,,,,,,,,,,,,,,,,,,,,,,,,,,,,,,,,,,,,,,,,,,,,,,,,,,,,,,,,,,,,,,,,,,,,,,,,,,,,,,,,,,,,,,,,,,,,,,,,,,,,,,,,,,,,,,,,,,,,,,,,,,,,,,,,,,,,,,,train
695,pommelhorse,stu12_12.mp4,35.0,3.0,24.0,24.0,44.0,44.0,70.0,70.0,96.0,96.0,120.0,120.0,140.0,140.0,159.0,159.0,179.0,180.0,197.0,197.0,216.0,216.0,235.0,235.0,254.0,254.0,273.0,273.0,293.0,293.0,310.0,310.0,330.0,330.0,350.0,351.0,369.0,369.0,390.0,390.0,408.0,408.0,428.0,428.0,449.0,449.0,470.0,470.0,490.0,490.0,508.0,508.0,526.0,526.0,547.0,547.0,564.0,564.0,585.0,585.0,602.0,602.0,622.0,622.0,642.0,642.0,660.0,660.0,681.0,681.0,703.0,,,,,,,,,,,,,,,,,,,,,,,,,,,,,,,,,,,,,,,,,,,,,,,,,,,,,,,,,,,,,,,,,,,,,,,,,,,,,,,,,,,,,,,,,,,,,,,,,,,,,,,,,,,,,,,,,,,,,,,,,,,,,,,,,,,train
696,pommelhorse,stu12_14.mp4,31.0,234.0,257.0,257.0,280.0,280.0,304.0,304.0,327.0,327.0,351.0,351.0,375.0,375.0,398.0,398.0,421.0,421.0,444.0,444.0,468.0,468.0,493.0,493.0,515.0,515.0,539.0,539.0,560.0,560.0,585.0,585.0,607.0,607.0,630.0,631.0,654.0,654.0,679.0,679.0,704.0,704.0,729.0,729.0,752.0,752.0,776.0,776.0,798.0,798.0,821.0,821.0,844.0,844.0,867.0,867.0,890.0,890.0,912.0,912.0,936.0,936.0,961.0,,,,,,,,,,,,,,,,,,,,,,,,,,,,,,,,,,,,,,,,,,,,,,,,,,,,,,,,,,,,,,,,,,,,,,,,,,,,,,,,,,,,,,,,,,,,,,,,,,,,,,,,,,,,,,,,,,,,,,,,,,,,,,,,,,,,,,,,,,,train
697,pommelhorse,stu12_15.mp4,34.0,27.0,51.0,51.0,74.0,74.0,96.0,96.0,121.0,121.0,145.0,145.0,169.0,169.0,193.0,193.0,216.0,216.0,238.0,238.0,262.0,262.0,287.0,287.0,312.0,312.0,333.0,333.0,356.0,356.0,378.0,378.0,402.0,402.0,426.0,426.0,451.0,451.0,474.0,474.0,499.0,499.0,523.0,523.0,546.0,546.0,571.0,571.0,593.0,593.0,620.0,620.0,643.0,644.0,666.0,666.0,690.0,690.0,712.0,712.0,734.0,734.0,757.0,757.0,781.0,781.0,804.0,804.0,827.0,,,,,,,,,,,,,,,,,,,,,,,,,,,,,,,,,,,,,,,,,,,,,,,,,,,,,,,,,,,,,,,,,,,,,,,,,,,,,,,,,,,,,,,,,,,,,,,,,,,,,,,,,,,,,,,,,,,,,,,,,,,,,,,,,,,,,train
698,pommelhorse,stu12_16.mp4,19.0,43.0,66.0,66.0,89.0,89.0,112.0,112.0,139.0,139.0,162.0,162.0,185.0,185.0,209.0,209.0,236.0,236.0,260.0,260.0,287.0,287.0,310.0,310.0,334.0,334.0,364.0,364.0,391.0,391.0,416.0,416.0,444.0,444.0,467.0,467.0,490.0,490.0,514.0,,,,,,,,,,,,,,,,,,,,,,,,,,,,,,,,,,,,,,,,,,,,,,,,,,,,,,,,,,,,,,,,,,,,,,,,,,,,,,,,,,,,,,,,,,,,,,,,,,,,,,,,,,,,,,,,,,,,,,,,,,,,,,,,,,,,,,,,,,,,,,,,,,,,,,,,,,,,,,,,,,,train
699,pommelhorse,stu12_17.mp4,30.0,25.0,49.0,49.0,71.0,71.0,93.0,93.0,116.0,116.0,139.0,139.0,161.0,161.0,184.0,185.0,206.0,206.0,230.0,230.0,251.0,251.0,274.0,274.0,297.0,297.0,318.0,318.0,341.0,341.0,364.0,364.0,386.0,386.0,409.0,409.0,435.0,435.0,457.0,457.0,479.0,479.0,502.0,502.0,524.0,524.0,549.0,549.0,570.0,570.0,593.0,593.0,615.0,615.0,637.0,637.0,659.0,659.0,681.0,681.0,708.0,,,,,,,,,,,,,,,,,,,,,,,,,,,,,,,,,,,,,,,,,,,,,,,,,,,,,,,,,,,,,,,,,,,,,,,,,,,,,,,,,,,,,,,,,,,,,,,,,,,,,,,,,,,,,,,,,,,,,,,,,,,,,,,,,,,,,,,,,,,,,train
700,pommelhorse,stu12_18.mp4,19.0,49.0,72.0,72.0,96.0,96.0,119.0,119.0,141.0,141.0,166.0,166.0,191.0,191.0,215.0,215.0,237.0,237.0,260.0,260.0,284.0,284.0,311.0,311.0,335.0,335.0,357.0,357.0,384.0,384.0,408.0,408.0,431.0,431.0,454.0,454.0,478.0,478.0,501.0,,,,,,,,,,,,,,,,,,,,,,,,,,,,,,,,,,,,,,,,,,,,,,,,,,,,,,,,,,,,,,,,,,,,,,,,,,,,,,,,,,,,,,,,,,,,,,,,,,,,,,,,,,,,,,,,,,,,,,,,,,,,,,,,,,,,,,,,,,,,,,,,,,,,,,,,,,,,,,,,,,,train
701,pommelhorse,stu12_19.mp4,37.0,15.0,40.0,40.0,64.0,64.0,90.0,90.0,117.0,117.0,142.0,142.0,166.0,166.0,189.0,189.0,213.0,213.0,237.0,237.0,262.0,262.0,286.0,286.0,312.0,312.0,335.0,335.0,361.0,361.0,384.0,384.0,409.0,409.0,433.0,433.0,458.0,458.0,482.0,482.0,504.0,504.0,530.0,530.0,553.0,553.0,576.0,576.0,600.0,600.0,624.0,624.0,650.0,650.0,673.0,674.0,697.0,697.0,722.0,722.0,746.0,746.0,768.0,768.0,794.0,794.0,816.0,816.0,840.0,840.0,865.0,865.0,888.0,888.0,913.0,,,,,,,,,,,,,,,,,,,,,,,,,,,,,,,,,,,,,,,,,,,,,,,,,,,,,,,,,,,,,,,,,,,,,,,,,,,,,,,,,,,,,,,,,,,,,,,,,,,,,,,,,,,,,,,,,,,,,,,,,,,,,,,train
703,pommelhorse,stu12_20.mp4,35.0,35.0,56.0,190.0,212.0,212.0,233.0,233.0,256.0,256.0,279.0,279.0,301.0,301.0,322.0,322.0,342.0,342.0,365.0,365.0,385.0,385.0,407.0,407.0,429.0,429.0,452.0,452.0,473.0,473.0,496.0,496.0,519.0,519.0,541.0,541.0,563.0,563.0,586.0,586.0,609.0,609.0,631.0,631.0,654.0,654.0,678.0,678.0,703.0,703.0,724.0,724.0,745.0,745.0,765.0,765.0,787.0,787.0,807.0,807.0,829.0,829.0,852.0,852.0,873.0,873.0,896.0,896.0,916.0,916.0,939.0,,,,,,,,,,,,,,,,,,,,,,,,,,,,,,,,,,,,,,,,,,,,,,,,,,,,,,,,,,,,,,,,,,,,,,,,,,,,,,,,,,,,,,,,,,,,,,,,,,,,,,,,,,,,,,,,,,,,,,,,,,,,,,,,,,,train
704,pommelhorse,stu12_21.mp4,11.0,20.0,44.0,44.0,67.0,67.0,92.0,92.0,114.0,114.0,137.0,137.0,159.0,159.0,184.0,184.0,207.0,207.0,232.0,232.0,255.0,255.0,280.0,,,,,,,,,,,,,,,,,,,,,,,,,,,,,,,,,,,,,,,,,,,,,,,,,,,,,,,,,,,,,,,,,,,,,,,,,,,,,,,,,,,,,,,,,,,,,,,,,,,,,,,,,,,,,,,,,,,,,,,,,,,,,,,,,,,,,,,,,,,,,,,,,,,,,,,,,,,,,,,,,,,,,,,,,,,,,,,,,,,train
705,pommelhorse,stu12_22.mp4,32.0,5.0,31.0,31.0,57.0,57.0,82.0,82.0,108.0,108.0,134.0,134.0,159.0,159.0,185.0,185.0,212.0,212.0,242.0,242.0,270.0,270.0,296.0,296.0,321.0,321.0,347.0,347.0,375.0,375.0,402.0,402.0,429.0,429.0,460.0,460.0,489.0,489.0,517.0,517.0,547.0,547.0,577.0,577.0,601.0,601.0,626.0,626.0,651.0,651.0,675.0,675.0,700.0,700.0,726.0,726.0,750.0,750.0,776.0,776.0,801.0,801.0,826.0,826.0,850.0,,,,,,,,,,,,,,,,,,,,,,,,,,,,,,,,,,,,,,,,,,,,,,,,,,,,,,,,,,,,,,,,,,,,,,,,,,,,,,,,,,,,,,,,,,,,,,,,,,,,,,,,,,,,,,,,,,,,,,,,,,,,,,,,,,,,,,,,,train
706,pommelhorse,stu12_23.mp4,35.0,0.0,26.0,26.0,48.0,48.0,70.0,70.0,92.0,92.0,116.0,116.0,142.0,142.0,163.0,163.0,186.0,186.0,208.0,208.0,231.0,231.0,257.0,257.0,281.0,281.0,306.0,306.0,327.0,327.0,350.0,350.0,373.0,373.0,397.0,397.0,419.0,419.0,441.0,441.0,466.0,466.0,491.0,491.0,514.0,514.0,535.0,535.0,559.0,559.0,583.0,583.0,605.0,605.0,629.0,629.0,653.0,653.0,675.0,676.0,699.0,699.0,721.0,721.0,745.0,745.0,769.0,769.0,793.0,793.0,818.0,,,,,,,,,,,,,,,,,,,,,,,,,,,,,,,,,,,,,,,,,,,,,,,,,,,,,,,,,,,,,,,,,,,,,,,,,,,,,,,,,,,,,,,,,,,,,,,,,,,,,,,,,,,,,,,,,,,,,,,,,,,,,,,,,,,train
707,pommelhorse,stu12_24.mp4,35.0,5.0,29.0,29.0,55.0,55.0,80.0,80.0,107.0,107.0,134.0,134.0,160.0,160.0,183.0,183.0,207.0,207.0,232.0,232.0,257.0,257.0,281.0,281.0,304.0,304.0,330.0,330.0,355.0,444.0,474.0,474.0,503.0,503.0,527.0,527.0,553.0,553.0,578.0,578.0,603.0,603.0,625.0,625.0,650.0,650.0,673.0,673.0,699.0,699.0,722.0,722.0,746.0,746.0,772.0,772.0,798.0,798.0,822.0,822.0,849.0,849.0,875.0,875.0,904.0,904.0,928.0,928.0,952.0,952.0,977.0,,,,,,,,,,,,,,,,,,,,,,,,,,,,,,,,,,,,,,,,,,,,,,,,,,,,,,,,,,,,,,,,,,,,,,,,,,,,,,,,,,,,,,,,,,,,,,,,,,,,,,,,,,,,,,,,,,,,,,,,,,,,,,,,,,,train
708,pommelhorse,stu12_25.mp4,30.0,42.0,67.0,67.0,90.0,90.0,114.0,114.0,138.0,138.0,162.0,162.0,184.0,184.0,208.0,208.0,232.0,232.0,257.0,257.0,283.0,283.0,306.0,306.0,328.0,328.0,353.0,353.0,377.0,377.0,400.0,400.0,423.0,423.0,447.0,447.0,472.0,472.0,503.0,503.0,530.0,530.0,557.0,557.0,583.0,583.0,608.0,608.0,630.0,630.0,653.0,653.0,675.0,675.0,696.0,696.0,720.0,720.0,743.0,743.0,769.0,,,,,,,,,,,,,,,,,,,,,,,,,,,,,,,,,,,,,,,,,,,,,,,,,,,,,,,,,,,,,,,,,,,,,,,,,,,,,,,,,,,,,,,,,,,,,,,,,,,,,,,,,,,,,,,,,,,,,,,,,,,,,,,,,,,,,,,,,,,,,train
709,pommelhorse,stu12_26.mp4,33.0,8.0,32.0,32.0,56.0,56.0,84.0,84.0,111.0,111.0,135.0,135.0,159.0,159.0,181.0,181.0,206.0,206.0,229.0,229.0,253.0,253.0,279.0,279.0,301.0,301.0,324.0,324.0,349.0,349.0,372.0,372.0,395.0,395.0,418.0,418.0,443.0,443.0,467.0,467.0,492.0,492.0,519.0,519.0,540.0,540.0,564.0,564.0,588.0,588.0,611.0,611.0,633.0,633.0,657.0,657.0,680.0,680.0,704.0,704.0,728.0,728.0,752.0,752.0,773.0,773.0,798.0,,,,,,,,,,,,,,,,,,,,,,,,,,,,,,,,,,,,,,,,,,,,,,,,,,,,,,,,,,,,,,,,,,,,,,,,,,,,,,,,,,,,,,,,,,,,,,,,,,,,,,,,,,,,,,,,,,,,,,,,,,,,,,,,,,,,,,,train
710,pommelhorse,stu12_27.mp4,16.0,21.0,45.0,45.0,69.0,69.0,92.0,92.0,116.0,116.0,140.0,140.0,165.0,165.0,187.0,187.0,212.0,212.0,237.0,237.0,262.0,262.0,287.0,287.0,310.0,310.0,335.0,335.0,362.0,362.0,391.0,391.0,425.0,,,,,,,,,,,,,,,,,,,,,,,,,,,,,,,,,,,,,,,,,,,,,,,,,,,,,,,,,,,,,,,,,,,,,,,,,,,,,,,,,,,,,,,,,,,,,,,,,,,,,,,,,,,,,,,,,,,,,,,,,,,,,,,,,,,,,,,,,,,,,,,,,,,,,,,,,,,,,,,,,,,,,,,,,train
711,pommelhorse,stu12_28.mp4,34.0,14.0,39.0,39.0,60.0,60.0,83.0,83.0,106.0,106.0,127.0,127.0,151.0,151.0,176.0,176.0,198.0,198.0,222.0,222.0,245.0,245.0,269.0,269.0,293.0,293.0,318.0,318.0,337.0,337.0,363.0,363.0,385.0,385.0,408.0,408.0,430.0,430.0,454.0,454.0,477.0,477.0,499.0,499.0,520.0,520.0,545.0,545.0,568.0,568.0,590.0,590.0,613.0,613.0,635.0,635.0,658.0,658.0,680.0,680.0,704.0,704.0,727.0,727.0,749.0,749.0,772.0,772.0,796.0,,,,,,,,,,,,,,,,,,,,,,,,,,,,,,,,,,,,,,,,,,,,,,,,,,,,,,,,,,,,,,,,,,,,,,,,,,,,,,,,,,,,,,,,,,,,,,,,,,,,,,,,,,,,,,,,,,,,,,,,,,,,,,,,,,,,,train
712,pommelhorse,stu12_29.mp4,37.0,41.0,65.0,65.0,90.0,90.0,115.0,115.0,141.0,141.0,167.0,167.0,193.0,193.0,216.0,216.0,241.0,241.0,265.0,265.0,290.0,290.0,315.0,315.0,338.0,338.0,363.0,363.0,386.0,386.0,411.0,411.0,439.0,439.0,462.0,462.0,489.0,489.0,511.0,511.0,534.0,534.0,558.0,558.0,581.0,581.0,605.0,605.0,629.0,629.0,653.0,653.0,680.0,680.0,705.0,705.0,728.0,729.0,751.0,752.0,776.0,776.0,799.0,799.0,823.0,823.0,846.0,846.0,870.0,870.0,894.0,894.0,919.0,919.0,944.0,,,,,,,,,,,,,,,,,,,,,,,,,,,,,,,,,,,,,,,,,,,,,,,,,,,,,,,,,,,,,,,,,,,,,,,,,,,,,,,,,,,,,,,,,,,,,,,,,,,,,,,,,,,,,,,,,,,,,,,,,,,,,,,train
715,pommelhorse,stu12_40.mp4,16.0,22.0,46.0,46.0,69.0,69.0,92.0,92.0,115.0,115.0,137.0,137.0,162.0,162.0,187.0,187.0,210.0,210.0,232.0,232.0,254.0,254.0,278.0,278.0,302.0,302.0,326.0,326.0,351.0,351.0,373.0,373.0,402.0,,,,,,,,,,,,,,,,,,,,,,,,,,,,,,,,,,,,,,,,,,,,,,,,,,,,,,,,,,,,,,,,,,,,,,,,,,,,,,,,,,,,,,,,,,,,,,,,,,,,,,,,,,,,,,,,,,,,,,,,,,,,,,,,,,,,,,,,,,,,,,,,,,,,,,,,,,,,,,,,,,,,,,,,,train
716,pommelhorse,stu12_41.mp4,38.0,33.0,58.0,58.0,83.0,83.0,108.0,108.0,134.0,134.0,161.0,161.0,187.0,187.0,209.0,209.0,232.0,232.0,254.0,254.0,277.0,277.0,300.0,300.0,325.0,325.0,346.0,346.0,370.0,370.0,394.0,394.0,418.0,418.0,439.0,439.0,463.0,463.0,487.0,487.0,512.0,512.0,535.0,535.0,556.0,556.0,581.0,581.0,605.0,605.0,627.0,627.0,651.0,651.0,673.0,673.0,695.0,695.0,719.0,719.0,741.0,741.0,765.0,765.0,791.0,791.0,816.0,816.0,839.0,839.0,865.0,865.0,892.0,892.0,914.0,914.0,938.0,,,,,,,,,,,,,,,,,,,,,,,,,,,,,,,,,,,,,,,,,,,,,,,,,,,,,,,,,,,,,,,,,,,,,,,,,,,,,,,,,,,,,,,,,,,,,,,,,,,,,,,,,,,,,,,,,,,,,,,,,,,,,train
717,pommelhorse,stu12_42.mp4,28.0,38.0,59.0,59.0,83.0,83.0,105.0,105.0,128.0,128.0,152.0,152.0,173.0,173.0,198.0,198.0,221.0,222.0,244.0,244.0,266.0,266.0,289.0,289.0,312.0,312.0,335.0,335.0,359.0,359.0,385.0,385.0,411.0,411.0,434.0,435.0,456.0,456.0,480.0,480.0,500.0,500.0,522.0,522.0,546.0,546.0,568.0,568.0,590.0,590.0,612.0,612.0,636.0,636.0,660.0,660.0,685.0,,,,,,,,,,,,,,,,,,,,,,,,,,,,,,,,,,,,,,,,,,,,,,,,,,,,,,,,,,,,,,,,,,,,,,,,,,,,,,,,,,,,,,,,,,,,,,,,,,,,,,,,,,,,,,,,,,,,,,,,,,,,,,,,,,,,,,,,,,,,,,,,,train
718,pommelhorse,stu12_43.mp4,26.0,29.0,52.0,52.0,76.0,76.0,99.0,99.0,125.0,125.0,148.0,148.0,170.0,170.0,194.0,194.0,218.0,218.0,241.0,241.0,265.0,265.0,290.0,290.0,315.0,315.0,339.0,339.0,361.0,361.0,388.0,388.0,412.0,412.0,435.0,435.0,459.0,459.0,481.0,481.0,504.0,504.0,527.0,527.0,550.0,550.0,573.0,573.0,597.0,597.0,619.0,619.0,646.0,,,,,,,,,,,,,,,,,,,,,,,,,,,,,,,,,,,,,,,,,,,,,,,,,,,,,,,,,,,,,,,,,,,,,,,,,,,,,,,,,,,,,,,,,,,,,,,,,,,,,,,,,,,,,,,,,,,,,,,,,,,,,,,,,,,,,,,,,,,,,,,,,,,,,train
721,rowing_erg,stu12_7.mp4,17.0,22.0,99.0,99.0,171.0,171.0,242.0,242.0,318.0,318.0,390.0,390.0,460.0,460.0,529.0,529.0,598.0,598.0,668.0,668.0,737.0,737.0,808.0,808.0,881.0,881.0,950.0,950.0,1022.0,1022.0,1096.0,1096.0,1167.0,1167.0,1242.0,,,,,,,,,,,,,,,,,,,,,,,,,,,,,,,,,,,,,,,,,,,,,,,,,,,,,,,,,,,,,,,,,,,,,,,,,,,,,,,,,,,,,,,,,,,,,,,,,,,,,,,,,,,,,,,,,,,,,,,,,,,,,,,,,,,,,,,,,,,,,,,,,,,,,,,,,,,,,,,,,,,,,,,train
724,rowing_erg,stu13_0.mp4,13.0,2.0,88.0,91.0,177.0,179.0,245.0,246.0,323.0,327.0,397.0,401.0,471.0,473.0,553.0,555.0,619.0,620.0,695.0,695.0,767.0,769.0,838.0,839.0,913.0,914.0,978.0,,,,,,,,,,,,,,,,,,,,,,,,,,,,,,,,,,,,,,,,,,,,,,,,,,,,,,,,,,,,,,,,,,,,,,,,,,,,,,,,,,,,,,,,,,,,,,,,,,,,,,,,,,,,,,,,,,,,,,,,,,,,,,,,,,,,,,,,,,,,,,,,,,,,,,,,,,,,,,,,,,,,,,,,,,,,,,,train
726,pommelhorse,stu13_10.mp4,27.0,12.0,51.0,56.0,83.0,86.0,114.0,115.0,143.0,144.0,173.0,173.0,202.0,202.0,235.0,237.0,265.0,266.0,297.0,299.0,329.0,330.0,362.0,362.0,392.0,393.0,429.0,430.0,456.0,457.0,489.0,491.0,508.0,509.0,535.0,537.0,563.0,565.0,591.0,592.0,622.0,624.0,652.0,653.0,679.0,680.0,709.0,711.0,738.0,738.0,770.0,772.0,808.0,811.0,847.0,,,,,,,,,,,,,,,,,,,,,,,,,,,,,,,,,,,,,,,,,,,,,,,,,,,,,,,,,,,,,,,,,,,,,,,,,,,,,,,,,,,,,,,,,,,,,,,,,,,,,,,,,,,,,,,,,,,,,,,,,,,,,,,,,,,,,,,,,,,,,,,,,,,train
727,pommelhorse,stu13_11.mp4,22.0,16.0,48.0,50.0,78.0,80.0,108.0,109.0,139.0,141.0,168.0,170.0,199.0,200.0,236.0,240.0,279.0,279.0,305.0,306.0,337.0,339.0,363.0,364.0,394.0,394.0,417.0,417.0,446.0,447.0,476.0,478.0,504.0,505.0,534.0,534.0,561.0,561.0,592.0,592.0,619.0,619.0,650.0,651.0,691.0,,,,,,,,,,,,,,,,,,,,,,,,,,,,,,,,,,,,,,,,,,,,,,,,,,,,,,,,,,,,,,,,,,,,,,,,,,,,,,,,,,,,,,,,,,,,,,,,,,,,,,,,,,,,,,,,,,,,,,,,,,,,,,,,,,,,,,,,,,,,,,,,,,,,,,,,,,,,,train
728,pommelhorse,stu13_12.mp4,17.0,53.0,76.0,76.0,101.0,102.0,125.0,127.0,150.0,152.0,173.0,175.0,202.0,203.0,224.0,225.0,247.0,247.0,272.0,273.0,292.0,293.0,316.0,317.0,340.0,342.0,364.0,365.0,386.0,387.0,413.0,413.0,434.0,435.0,457.0,,,,,,,,,,,,,,,,,,,,,,,,,,,,,,,,,,,,,,,,,,,,,,,,,,,,,,,,,,,,,,,,,,,,,,,,,,,,,,,,,,,,,,,,,,,,,,,,,,,,,,,,,,,,,,,,,,,,,,,,,,,,,,,,,,,,,,,,,,,,,,,,,,,,,,,,,,,,,,,,,,,,,,,train
729,pommelhorse,stu13_13.mp4,27.0,329.0,366.0,366.0,394.0,395.0,423.0,424.0,455.0,456.0,485.0,486.0,505.0,506.0,538.0,538.0,568.0,569.0,599.0,600.0,630.0,632.0,659.0,660.0,700.0,700.0,732.0,732.0,764.0,764.0,801.0,802.0,836.0,837.0,863.0,863.0,889.0,890.0,917.0,918.0,946.0,946.0,977.0,977.0,1007.0,1007.0,1035.0,1035.0,1062.0,1063.0,1089.0,1089.0,1116.0,1117.0,1147.0,,,,,,,,,,,,,,,,,,,,,,,,,,,,,,,,,,,,,,,,,,,,,,,,,,,,,,,,,,,,,,,,,,,,,,,,,,,,,,,,,,,,,,,,,,,,,,,,,,,,,,,,,,,,,,,,,,,,,,,,,,,,,,,,,,,,,,,,,,,,,,,,,,,train
730,pommelhorse,stu13_14.mp4,11.0,33.0,59.0,59.0,88.0,89.0,109.0,110.0,132.0,133.0,159.0,160.0,181.0,183.0,206.0,208.0,233.0,234.0,257.0,258.0,284.0,285.0,311.0,,,,,,,,,,,,,,,,,,,,,,,,,,,,,,,,,,,,,,,,,,,,,,,,,,,,,,,,,,,,,,,,,,,,,,,,,,,,,,,,,,,,,,,,,,,,,,,,,,,,,,,,,,,,,,,,,,,,,,,,,,,,,,,,,,,,,,,,,,,,,,,,,,,,,,,,,,,,,,,,,,,,,,,,,,,,,,,,,,,train
731,pommelhorse,stu13_15.mp4,30.0,21.0,46.0,46.0,70.0,70.0,91.0,91.0,112.0,113.0,133.0,134.0,159.0,159.0,180.0,180.0,202.0,203.0,226.0,226.0,249.0,249.0,271.0,271.0,293.0,293.0,314.0,314.0,341.0,342.0,364.0,364.0,386.0,387.0,409.0,410.0,433.0,434.0,453.0,453.0,478.0,478.0,507.0,507.0,531.0,531.0,559.0,559.0,587.0,587.0,614.0,614.0,640.0,640.0,668.0,668.0,689.0,689.0,713.0,713.0,738.0,,,,,,,,,,,,,,,,,,,,,,,,,,,,,,,,,,,,,,,,,,,,,,,,,,,,,,,,,,,,,,,,,,,,,,,,,,,,,,,,,,,,,,,,,,,,,,,,,,,,,,,,,,,,,,,,,,,,,,,,,,,,,,,,,,,,,,,,,,,,,train
732,pommelhorse,stu13_16.mp4,28.0,13.0,30.0,30.0,61.0,61.0,89.0,89.0,111.0,111.0,138.0,138.0,165.0,165.0,187.0,187.0,212.0,212.0,234.0,234.0,259.0,259.0,287.0,287.0,312.0,312.0,335.0,335.0,358.0,358.0,388.0,388.0,415.0,416.0,441.0,441.0,464.0,464.0,492.0,492.0,512.0,512.0,539.0,539.0,557.0,557.0,586.0,586.0,608.0,608.0,637.0,637.0,653.0,653.0,679.0,679.0,712.0,,,,,,,,,,,,,,,,,,,,,,,,,,,,,,,,,,,,,,,,,,,,,,,,,,,,,,,,,,,,,,,,,,,,,,,,,,,,,,,,,,,,,,,,,,,,,,,,,,,,,,,,,,,,,,,,,,,,,,,,,,,,,,,,,,,,,,,,,,,,,,,,,train
733,pommelhorse,stu13_17.mp4,27.0,22.0,38.0,38.0,60.0,60.0,80.0,80.0,109.0,109.0,131.0,131.0,150.0,150.0,181.0,181.0,202.0,202.0,229.0,229.0,251.0,252.0,272.0,273.0,293.0,294.0,318.0,318.0,338.0,338.0,363.0,364.0,386.0,386.0,406.0,406.0,431.0,431.0,451.0,451.0,474.0,475.0,498.0,498.0,519.0,519.0,546.0,546.0,569.0,569.0,590.0,590.0,612.0,612.0,637.0,,,,,,,,,,,,,,,,,,,,,,,,,,,,,,,,,,,,,,,,,,,,,,,,,,,,,,,,,,,,,,,,,,,,,,,,,,,,,,,,,,,,,,,,,,,,,,,,,,,,,,,,,,,,,,,,,,,,,,,,,,,,,,,,,,,,,,,,,,,,,,,,,,,train
734,pommelhorse,stu13_18.mp4,36.0,5.0,43.0,43.0,67.0,67.0,101.0,101.0,124.0,124.0,144.0,144.0,173.0,174.0,199.0,200.0,226.0,226.0,249.0,250.0,268.0,268.0,290.0,290.0,325.0,325.0,346.0,346.0,370.0,370.0,396.0,397.0,421.0,422.0,445.0,445.0,470.0,471.0,496.0,497.0,522.0,523.0,549.0,549.0,575.0,576.0,599.0,600.0,627.0,628.0,650.0,651.0,673.0,674.0,695.0,696.0,720.0,721.0,743.0,745.0,769.0,771.0,796.0,797.0,821.0,821.0,848.0,848.0,871.0,872.0,896.0,897.0,919.0,,,,,,,,,,,,,,,,,,,,,,,,,,,,,,,,,,,,,,,,,,,,,,,,,,,,,,,,,,,,,,,,,,,,,,,,,,,,,,,,,,,,,,,,,,,,,,,,,,,,,,,,,,,,,,,,,,,,,,,,,,,,,,,,,train
735,pommelhorse,stu13_19.mp4,39.0,7.0,33.0,34.0,56.0,57.0,80.0,82.0,104.0,105.0,130.0,130.0,156.0,157.0,181.0,182.0,205.0,206.0,230.0,230.0,252.0,254.0,278.0,278.0,303.0,305.0,329.0,329.0,353.0,353.0,376.0,376.0,405.0,405.0,428.0,429.0,453.0,454.0,476.0,477.0,502.0,503.0,525.0,525.0,549.0,550.0,572.0,573.0,595.0,596.0,619.0,620.0,644.0,645.0,671.0,672.0,694.0,694.0,720.0,720.0,742.0,743.0,766.0,767.0,793.0,794.0,815.0,816.0,840.0,840.0,863.0,864.0,886.0,887.0,911.0,911.0,935.0,936.0,961.0,,,,,,,,,,,,,,,,,,,,,,,,,,,,,,,,,,,,,,,,,,,,,,,,,,,,,,,,,,,,,,,,,,,,,,,,,,,,,,,,,,,,,,,,,,,,,,,,,,,,,,,,,,,,,,,,,,,,,,,,,,,train
737,pommelhorse,stu13_20.mp4,30.0,8.0,34.0,35.0,57.0,58.0,80.0,80.0,105.0,105.0,126.0,127.0,151.0,151.0,175.0,175.0,197.0,197.0,221.0,221.0,245.0,245.0,268.0,269.0,292.0,293.0,318.0,318.0,342.0,343.0,365.0,366.0,390.0,390.0,415.0,415.0,439.0,439.0,462.0,462.0,490.0,490.0,512.0,512.0,537.0,537.0,559.0,559.0,583.0,583.0,604.0,604.0,631.0,631.0,653.0,653.0,679.0,679.0,703.0,703.0,722.0,,,,,,,,,,,,,,,,,,,,,,,,,,,,,,,,,,,,,,,,,,,,,,,,,,,,,,,,,,,,,,,,,,,,,,,,,,,,,,,,,,,,,,,,,,,,,,,,,,,,,,,,,,,,,,,,,,,,,,,,,,,,,,,,,,,,,,,,,,,,,train
738,pommelhorse,stu13_21.mp4,23.0,67.0,97.0,97.0,126.0,126.0,150.0,150.0,178.0,178.0,205.0,205.0,237.0,237.0,267.0,267.0,292.0,293.0,323.0,324.0,355.0,356.0,388.0,390.0,436.0,437.0,522.0,525.0,571.0,573.0,601.0,602.0,636.0,636.0,665.0,666.0,699.0,700.0,732.0,732.0,766.0,767.0,803.0,805.0,839.0,840.0,867.0,,,,,,,,,,,,,,,,,,,,,,,,,,,,,,,,,,,,,,,,,,,,,,,,,,,,,,,,,,,,,,,,,,,,,,,,,,,,,,,,,,,,,,,,,,,,,,,,,,,,,,,,,,,,,,,,,,,,,,,,,,,,,,,,,,,,,,,,,,,,,,,,,,,,,,,,,,,train
739,pommelhorse,stu13_22.mp4,25.0,8.0,50.0,51.0,88.0,88.0,186.0,186.0,209.0,211.0,232.0,233.0,256.0,257.0,280.0,280.0,304.0,304.0,326.0,327.0,350.0,350.0,373.0,374.0,397.0,398.0,421.0,422.0,446.0,446.0,471.0,471.0,499.0,500.0,532.0,533.0,561.0,562.0,585.0,586.0,609.0,610.0,633.0,633.0,657.0,658.0,682.0,683.0,706.0,708.0,726.0,,,,,,,,,,,,,,,,,,,,,,,,,,,,,,,,,,,,,,,,,,,,,,,,,,,,,,,,,,,,,,,,,,,,,,,,,,,,,,,,,,,,,,,,,,,,,,,,,,,,,,,,,,,,,,,,,,,,,,,,,,,,,,,,,,,,,,,,,,,,,,,,,,,,,,,train
740,pommelhorse,stu13_23.mp4,27.0,11.0,41.0,42.0,66.0,66.0,75.0,75.0,96.0,96.0,119.0,119.0,145.0,146.0,170.0,171.0,193.0,194.0,218.0,219.0,242.0,242.0,265.0,266.0,291.0,291.0,313.0,314.0,337.0,339.0,360.0,361.0,387.0,387.0,410.0,411.0,435.0,435.0,459.0,460.0,481.0,482.0,506.0,506.0,529.0,530.0,552.0,553.0,583.0,584.0,605.0,605.0,631.0,631.0,650.0,,,,,,,,,,,,,,,,,,,,,,,,,,,,,,,,,,,,,,,,,,,,,,,,,,,,,,,,,,,,,,,,,,,,,,,,,,,,,,,,,,,,,,,,,,,,,,,,,,,,,,,,,,,,,,,,,,,,,,,,,,,,,,,,,,,,,,,,,,,,,,,,,,,train
741,pommelhorse,stu13_24.mp4,18.0,16.0,39.0,39.0,64.0,64.0,89.0,89.0,118.0,118.0,142.0,142.0,167.0,167.0,190.0,190.0,217.0,218.0,242.0,242.0,269.0,368.0,401.0,401.0,430.0,431.0,466.0,545.0,585.0,586.0,615.0,616.0,649.0,649.0,673.0,674.0,698.0,,,,,,,,,,,,,,,,,,,,,,,,,,,,,,,,,,,,,,,,,,,,,,,,,,,,,,,,,,,,,,,,,,,,,,,,,,,,,,,,,,,,,,,,,,,,,,,,,,,,,,,,,,,,,,,,,,,,,,,,,,,,,,,,,,,,,,,,,,,,,,,,,,,,,,,,,,,,,,,,,,,,,train
742,pommelhorse,stu13_25.mp4,16.0,17.0,42.0,42.0,64.0,64.0,88.0,89.0,110.0,111.0,133.0,133.0,155.0,156.0,174.0,174.0,194.0,194.0,215.0,215.0,239.0,239.0,259.0,260.0,281.0,282.0,303.0,304.0,326.0,326.0,347.0,348.0,369.0,,,,,,,,,,,,,,,,,,,,,,,,,,,,,,,,,,,,,,,,,,,,,,,,,,,,,,,,,,,,,,,,,,,,,,,,,,,,,,,,,,,,,,,,,,,,,,,,,,,,,,,,,,,,,,,,,,,,,,,,,,,,,,,,,,,,,,,,,,,,,,,,,,,,,,,,,,,,,,,,,,,,,,,,,train
743,pommelhorse,stu13_26.mp4,29.0,8.0,49.0,49.0,76.0,77.0,97.0,98.0,121.0,122.0,143.0,144.0,164.0,165.0,190.0,190.0,212.0,212.0,235.0,236.0,260.0,260.0,282.0,283.0,307.0,307.0,331.0,332.0,356.0,357.0,378.0,378.0,402.0,403.0,427.0,427.0,450.0,450.0,476.0,477.0,500.0,501.0,524.0,524.0,545.0,546.0,570.0,571.0,591.0,592.0,616.0,617.0,638.0,638.0,663.0,663.0,685.0,685.0,709.0,,,,,,,,,,,,,,,,,,,,,,,,,,,,,,,,,,,,,,,,,,,,,,,,,,,,,,,,,,,,,,,,,,,,,,,,,,,,,,,,,,,,,,,,,,,,,,,,,,,,,,,,,,,,,,,,,,,,,,,,,,,,,,,,,,,,,,,,,,,,,,,train
744,pommelhorse,stu13_27.mp4,31.0,18.0,45.0,45.0,71.0,71.0,97.0,97.0,120.0,121.0,147.0,147.0,170.0,170.0,196.0,197.0,223.0,223.0,247.0,248.0,268.0,268.0,295.0,296.0,320.0,320.0,349.0,350.0,376.0,376.0,397.0,488.0,522.0,523.0,560.0,646.0,685.0,686.0,717.0,718.0,749.0,750.0,774.0,775.0,800.0,800.0,823.0,823.0,848.0,849.0,874.0,874.0,899.0,899.0,922.0,923.0,946.0,946.0,970.0,970.0,996.0,996.0,1019.0,,,,,,,,,,,,,,,,,,,,,,,,,,,,,,,,,,,,,,,,,,,,,,,,,,,,,,,,,,,,,,,,,,,,,,,,,,,,,,,,,,,,,,,,,,,,,,,,,,,,,,,,,,,,,,,,,,,,,,,,,,,,,,,,,,,,,,,,,,,train
745,pommelhorse,stu13_28.mp4,33.0,7.0,38.0,39.0,61.0,62.0,82.0,83.0,105.0,106.0,128.0,128.0,151.0,152.0,176.0,177.0,196.0,198.0,220.0,220.0,243.0,244.0,265.0,265.0,290.0,290.0,315.0,316.0,339.0,340.0,371.0,371.0,396.0,397.0,416.0,417.0,439.0,440.0,462.0,463.0,484.0,484.0,506.0,506.0,528.0,528.0,551.0,551.0,572.0,572.0,600.0,601.0,622.0,623.0,645.0,645.0,665.0,666.0,689.0,690.0,710.0,710.0,734.0,734.0,759.0,759.0,781.0,,,,,,,,,,,,,,,,,,,,,,,,,,,,,,,,,,,,,,,,,,,,,,,,,,,,,,,,,,,,,,,,,,,,,,,,,,,,,,,,,,,,,,,,,,,,,,,,,,,,,,,,,,,,,,,,,,,,,,,,,,,,,,,,,,,,,,,train
746,pommelhorse,stu13_29.mp4,28.0,53.0,76.0,76.0,106.0,106.0,130.0,130.0,152.0,153.0,175.0,175.0,198.0,198.0,223.0,223.0,252.0,253.0,287.0,411.0,438.0,439.0,460.0,461.0,486.0,486.0,511.0,512.0,533.0,534.0,563.0,564.0,589.0,590.0,612.0,612.0,636.0,636.0,660.0,661.0,688.0,689.0,719.0,720.0,745.0,746.0,773.0,774.0,803.0,804.0,826.0,827.0,849.0,850.0,871.0,871.0,896.0,,,,,,,,,,,,,,,,,,,,,,,,,,,,,,,,,,,,,,,,,,,,,,,,,,,,,,,,,,,,,,,,,,,,,,,,,,,,,,,,,,,,,,,,,,,,,,,,,,,,,,,,,,,,,,,,,,,,,,,,,,,,,,,,,,,,,,,,,,,,,,,,,train
748,rowing_erg,stu13_4.mp4,45.0,55.0,104.0,105.0,145.0,146.0,175.0,175.0,210.0,211.0,247.0,247.0,278.0,279.0,312.0,313.0,346.0,347.0,376.0,377.0,415.0,416.0,449.0,451.0,486.0,487.0,521.0,522.0,556.0,558.0,593.0,597.0,637.0,638.0,674.0,676.0,716.0,719.0,757.0,759.0,795.0,798.0,831.0,834.0,872.0,876.0,915.0,918.0,953.0,954.0,995.0,997.0,1034.0,1037.0,1074.0,1074.0,1109.0,1110.0,1146.0,1148.0,1185.0,1187.0,1224.0,1226.0,1259.0,1260.0,1297.0,1299.0,1336.0,1338.0,1372.0,1373.0,1407.0,1408.0,1446.0,1447.0,1480.0,1482.0,1517.0,1519.0,1550.0,1552.0,1588.0,1591.0,1623.0,1626.0,1657.0,1659.0,1693.0,1696.0,1726.0,,,,,,,,,,,,,,,,,,,,,,,,,,,,,,,,,,,,,,,,,,,,,,,,,,,,,,,,,,,,,,,,,,,,,,,,,,,,,,,,,,,,,,,,,,,,,,,,,,,,,,,,,,,,,,,train
749,pommelhorse,stu13_40.mp4,25.0,21.0,45.0,46.0,68.0,68.0,96.0,97.0,120.0,122.0,145.0,145.0,168.0,168.0,190.0,191.0,213.0,213.0,241.0,242.0,262.0,264.0,287.0,287.0,309.0,310.0,332.0,333.0,357.0,357.0,380.0,382.0,404.0,405.0,424.0,424.0,453.0,454.0,475.0,476.0,499.0,501.0,524.0,526.0,548.0,549.0,572.0,572.0,596.0,597.0,621.0,,,,,,,,,,,,,,,,,,,,,,,,,,,,,,,,,,,,,,,,,,,,,,,,,,,,,,,,,,,,,,,,,,,,,,,,,,,,,,,,,,,,,,,,,,,,,,,,,,,,,,,,,,,,,,,,,,,,,,,,,,,,,,,,,,,,,,,,,,,,,,,,,,,,,,,train
750,pommelhorse,stu13_41.mp4,16.0,19.0,50.0,50.0,88.0,88.0,116.0,116.0,146.0,247.0,291.0,292.0,327.0,329.0,352.0,354.0,377.0,379.0,398.0,399.0,424.0,424.0,448.0,448.0,475.0,476.0,501.0,501.0,525.0,525.0,551.0,552.0,576.0,,,,,,,,,,,,,,,,,,,,,,,,,,,,,,,,,,,,,,,,,,,,,,,,,,,,,,,,,,,,,,,,,,,,,,,,,,,,,,,,,,,,,,,,,,,,,,,,,,,,,,,,,,,,,,,,,,,,,,,,,,,,,,,,,,,,,,,,,,,,,,,,,,,,,,,,,,,,,,,,,,,,,,,,,train
751,pommelhorse,stu13_42.mp4,37.0,25.0,48.0,49.0,72.0,73.0,95.0,96.0,124.0,126.0,151.0,152.0,178.0,179.0,202.0,202.0,225.0,225.0,248.0,248.0,272.0,273.0,298.0,298.0,319.0,320.0,344.0,345.0,367.0,368.0,392.0,393.0,416.0,417.0,439.0,439.0,465.0,465.0,491.0,492.0,516.0,516.0,538.0,539.0,562.0,562.0,586.0,586.0,601.0,601.0,630.0,630.0,653.0,654.0,676.0,677.0,700.0,701.0,724.0,724.0,747.0,748.0,770.0,771.0,799.0,801.0,827.0,827.0,853.0,854.0,876.0,877.0,899.0,900.0,923.0,,,,,,,,,,,,,,,,,,,,,,,,,,,,,,,,,,,,,,,,,,,,,,,,,,,,,,,,,,,,,,,,,,,,,,,,,,,,,,,,,,,,,,,,,,,,,,,,,,,,,,,,,,,,,,,,,,,,,,,,,,,,,,,train
752,pommelhorse,stu13_43.mp4,34.0,30.0,55.0,55.0,77.0,78.0,101.0,102.0,120.0,120.0,143.0,144.0,166.0,166.0,188.0,189.0,212.0,213.0,235.0,235.0,257.0,257.0,281.0,281.0,308.0,309.0,328.0,329.0,352.0,354.0,376.0,377.0,400.0,401.0,423.0,423.0,445.0,446.0,469.0,470.0,494.0,496.0,517.0,518.0,539.0,540.0,564.0,565.0,583.0,583.0,607.0,607.0,628.0,629.0,649.0,649.0,670.0,670.0,694.0,694.0,719.0,719.0,741.0,741.0,762.0,762.0,777.0,777.0,810.0,,,,,,,,,,,,,,,,,,,,,,,,,,,,,,,,,,,,,,,,,,,,,,,,,,,,,,,,,,,,,,,,,,,,,,,,,,,,,,,,,,,,,,,,,,,,,,,,,,,,,,,,,,,,,,,,,,,,,,,,,,,,,,,,,,,,,train
755,pommelhorse,stu13_7.mp4,30.0,17.0,44.0,44.0,69.0,69.0,96.0,96.0,121.0,121.0,149.0,149.0,174.0,175.0,201.0,201.0,227.0,227.0,250.0,251.0,277.0,277.0,301.0,301.0,326.0,327.0,353.0,354.0,377.0,377.0,401.0,401.0,428.0,428.0,453.0,453.0,479.0,479.0,504.0,505.0,531.0,532.0,556.0,557.0,581.0,581.0,606.0,606.0,631.0,632.0,655.0,655.0,679.0,679.0,703.0,703.0,728.0,728.0,753.0,753.0,779.0,,,,,,,,,,,,,,,,,,,,,,,,,,,,,,,,,,,,,,,,,,,,,,,,,,,,,,,,,,,,,,,,,,,,,,,,,,,,,,,,,,,,,,,,,,,,,,,,,,,,,,,,,,,,,,,,,,,,,,,,,,,,,,,,,,,,,,,,,,,,,train
756,pommelhorse,stu13_8.mp4,16.0,0.0,24.0,24.0,47.0,47.0,68.0,69.0,91.0,92.0,114.0,115.0,140.0,140.0,164.0,164.0,184.0,185.0,207.0,207.0,230.0,230.0,256.0,257.0,285.0,285.0,310.0,310.0,332.0,332.0,356.0,356.0,376.0,,,,,,,,,,,,,,,,,,,,,,,,,,,,,,,,,,,,,,,,,,,,,,,,,,,,,,,,,,,,,,,,,,,,,,,,,,,,,,,,,,,,,,,,,,,,,,,,,,,,,,,,,,,,,,,,,,,,,,,,,,,,,,,,,,,,,,,,,,,,,,,,,,,,,,,,,,,,,,,,,,,,,,,,,train
757,pommelhorse,stu13_9.mp4,34.0,6.0,35.0,35.0,62.0,62.0,99.0,100.0,129.0,129.0,160.0,160.0,187.0,187.0,214.0,215.0,239.0,239.0,268.0,268.0,296.0,296.0,323.0,323.0,353.0,353.0,379.0,379.0,408.0,408.0,436.0,436.0,462.0,462.0,488.0,488.0,518.0,518.0,550.0,550.0,580.0,580.0,610.0,610.0,639.0,640.0,666.0,667.0,694.0,695.0,723.0,724.0,752.0,752.0,777.0,778.0,804.0,804.0,830.0,830.0,858.0,859.0,886.0,886.0,916.0,917.0,943.0,944.0,972.0,,,,,,,,,,,,,,,,,,,,,,,,,,,,,,,,,,,,,,,,,,,,,,,,,,,,,,,,,,,,,,,,,,,,,,,,,,,,,,,,,,,,,,,,,,,,,,,,,,,,,,,,,,,,,,,,,,,,,,,,,,,,,,,,,,,,,train
